2026-09-29T13:28:14Z INFO experiment_started output_dir=D:\UGM\Skripsi\FoodGrocery_Ride_Hailing_Integration_ABMS\output\experiments\experiment_20260929T132814_e0eba065 replications=10 conditions=28 model_runs=280 seed_start=42 daily_customers=300 num_drivers=12 p_integrated=0.44 sensitivity=True summary_only=True demand_csv=D:\UGM\Skripsi\FoodGrocery_Ride_Hailing_Integration_ABMS\dataset\food_hourly_demand_profile.csv demand_sha256=04feff3a2417f606d3d9204bf5400cf0e4da350b9f3aff15a85722b660517333
2026-09-29T13:28:14Z INFO replication_started replication=1 seed=42
2026-09-29T13:28:14Z INFO condition_started replication=1 seed=42 condition_id=baseline factor=baseline p_integration=0 food_multiplier=1 grocery_multiplier=1 store_selection=uniform
2026-09-29T13:28:15Z INFO condition_completed replication=1 seed=42 condition_id=baseline generated=300 integrated=0 completed=130 cancelled=166 unfinished=4 service_units=130 productivity=0.4513888888888889 emission_g_co2=259080 emission_intensity=1992.923076923077 run_dir=summary-only
2026-09-29T13:28:15Z INFO condition_started replication=1 seed=42 condition_id=p_0.22_stores_10_uniform factor=factorial_cell p_integration=0.22 food_multiplier=1 grocery_multiplier=1 store_selection=uniform
2026-09-29T13:28:17Z INFO condition_completed replication=1 seed=42 condition_id=p_0.22_stores_10_uniform generated=300 integrated=71 completed=101 cancelled=195 unfinished=4 service_units=102 productivity=0.3541666666666667 emission_g_co2=238260 emission_intensity=2335.8823529411766 run_dir=summary-only
2026-09-29T13:28:17Z INFO condition_started replication=1 seed=42 condition_id=p_0.22_stores_10_nearest_restaurant factor=factorial_cell p_integration=0.22 food_multiplier=1 grocery_multiplier=1 store_selection=nearest_restaurant
2026-09-29T13:28:19Z INFO condition_completed replication=1 seed=42 condition_id=p_0.22_stores_10_nearest_restaurant generated=300 integrated=71 completed=110 cancelled=187 unfinished=3 service_units=119 productivity=0.4131944444444444 emission_g_co2=239970 emission_intensity=2016.5546218487395 run_dir=summary-only
2026-09-29T13:28:19Z INFO condition_started replication=1 seed=42 condition_id=p_0.22_stores_10_nearest_customer factor=factorial_cell p_integration=0.22 food_multiplier=1 grocery_multiplier=1 store_selection=nearest_customer
2026-09-29T13:28:20Z INFO condition_completed replication=1 seed=42 condition_id=p_0.22_stores_10_nearest_customer generated=300 integrated=71 completed=110 cancelled=186 unfinished=4 service_units=112 productivity=0.3888888888888889 emission_g_co2=239010 emission_intensity=2134.0178571428573 run_dir=summary-only
2026-09-29T13:28:20Z INFO condition_started replication=1 seed=42 condition_id=p_0.22_stores_15_uniform factor=factorial_cell p_integration=0.22 food_multiplier=1 grocery_multiplier=1 store_selection=uniform
2026-09-29T13:28:22Z INFO condition_completed replication=1 seed=42 condition_id=p_0.22_stores_15_uniform generated=300 integrated=71 completed=109 cancelled=187 unfinished=4 service_units=111 productivity=0.3854166666666667 emission_g_co2=235530 emission_intensity=2121.891891891892 run_dir=summary-only
2026-09-29T13:28:22Z INFO condition_started replication=1 seed=42 condition_id=p_0.22_stores_15_nearest_restaurant factor=factorial_cell p_integration=0.22 food_multiplier=1 grocery_multiplier=1 store_selection=nearest_restaurant
2026-09-29T13:28:24Z INFO condition_completed replication=1 seed=42 condition_id=p_0.22_stores_15_nearest_restaurant generated=300 integrated=71 completed=110 cancelled=186 unfinished=4 service_units=118 productivity=0.4097222222222222 emission_g_co2=240510 emission_intensity=2038.2203389830509 run_dir=summary-only
2026-09-29T13:28:24Z INFO condition_started replication=1 seed=42 condition_id=p_0.22_stores_15_nearest_customer factor=factorial_cell p_integration=0.22 food_multiplier=1 grocery_multiplier=1 store_selection=nearest_customer
2026-09-29T13:28:25Z INFO condition_completed replication=1 seed=42 condition_id=p_0.22_stores_15_nearest_customer generated=300 integrated=71 completed=114 cancelled=182 unfinished=4 service_units=117 productivity=0.40625 emission_g_co2=238800 emission_intensity=2041.025641025641 run_dir=summary-only
2026-09-29T13:28:25Z INFO condition_started replication=1 seed=42 condition_id=p_0.22_stores_20_uniform factor=factorial_cell p_integration=0.22 food_multiplier=1 grocery_multiplier=1 store_selection=uniform
2026-09-29T13:28:27Z INFO condition_completed replication=1 seed=42 condition_id=p_0.22_stores_20_uniform generated=300 integrated=71 completed=107 cancelled=190 unfinished=3 service_units=108 productivity=0.375 emission_g_co2=237540 emission_intensity=2199.4444444444443 run_dir=summary-only
2026-09-29T13:28:27Z INFO condition_started replication=1 seed=42 condition_id=p_0.22_stores_20_nearest_restaurant factor=factorial_cell p_integration=0.22 food_multiplier=1 grocery_multiplier=1 store_selection=nearest_restaurant
2026-09-29T13:28:29Z INFO condition_completed replication=1 seed=42 condition_id=p_0.22_stores_20_nearest_restaurant generated=300 integrated=71 completed=114 cancelled=182 unfinished=4 service_units=123 productivity=0.4270833333333333 emission_g_co2=241380 emission_intensity=1962.439024390244 run_dir=summary-only
2026-09-29T13:28:29Z INFO condition_started replication=1 seed=42 condition_id=p_0.22_stores_20_nearest_customer factor=factorial_cell p_integration=0.22 food_multiplier=1 grocery_multiplier=1 store_selection=nearest_customer
2026-09-29T13:28:30Z INFO condition_completed replication=1 seed=42 condition_id=p_0.22_stores_20_nearest_customer generated=300 integrated=71 completed=106 cancelled=190 unfinished=4 service_units=107 productivity=0.3715277777777778 emission_g_co2=239100 emission_intensity=2234.5794392523367 run_dir=summary-only
2026-09-29T13:28:30Z INFO condition_started replication=1 seed=42 condition_id=p_0.44_stores_10_uniform factor=factorial_cell p_integration=0.44 food_multiplier=1 grocery_multiplier=1 store_selection=uniform
2026-09-29T13:28:32Z INFO condition_completed replication=1 seed=42 condition_id=p_0.44_stores_10_uniform generated=300 integrated=137 completed=73 cancelled=224 unfinished=3 service_units=74 productivity=0.2569444444444444 emission_g_co2=213390 emission_intensity=2883.6486486486488 run_dir=summary-only
2026-09-29T13:28:32Z INFO condition_started replication=1 seed=42 condition_id=p_0.44_stores_10_nearest_restaurant factor=factorial_cell p_integration=0.44 food_multiplier=1 grocery_multiplier=1 store_selection=nearest_restaurant
2026-09-29T13:28:34Z INFO condition_completed replication=1 seed=42 condition_id=p_0.44_stores_10_nearest_restaurant generated=300 integrated=137 completed=86 cancelled=211 unfinished=3 service_units=92 productivity=0.3194444444444444 emission_g_co2=219420 emission_intensity=2385.0 run_dir=summary-only
2026-09-29T13:28:34Z INFO condition_started replication=1 seed=42 condition_id=p_0.44_stores_10_nearest_customer factor=factorial_cell p_integration=0.44 food_multiplier=1 grocery_multiplier=1 store_selection=nearest_customer
2026-09-29T13:28:36Z INFO condition_completed replication=1 seed=42 condition_id=p_0.44_stores_10_nearest_customer generated=300 integrated=137 completed=82 cancelled=214 unfinished=4 service_units=85 productivity=0.2951388888888889 emission_g_co2=217380 emission_intensity=2557.4117647058824 run_dir=summary-only
2026-09-29T13:28:36Z INFO condition_started replication=1 seed=42 condition_id=p_0.44_stores_15_uniform factor=factorial_cell p_integration=0.44 food_multiplier=1 grocery_multiplier=1 store_selection=uniform
2026-09-29T13:28:39Z INFO condition_completed replication=1 seed=42 condition_id=p_0.44_stores_15_uniform generated=300 integrated=137 completed=88 cancelled=208 unfinished=4 service_units=91 productivity=0.3159722222222222 emission_g_co2=217020 emission_intensity=2384.835164835165 run_dir=summary-only
2026-09-29T13:28:39Z INFO condition_started replication=1 seed=42 condition_id=p_0.44_stores_15_nearest_restaurant factor=factorial_cell p_integration=0.44 food_multiplier=1 grocery_multiplier=1 store_selection=nearest_restaurant
2026-09-29T13:28:41Z INFO condition_completed replication=1 seed=42 condition_id=p_0.44_stores_15_nearest_restaurant generated=300 integrated=137 completed=94 cancelled=203 unfinished=3 service_units=104 productivity=0.3611111111111111 emission_g_co2=235230 emission_intensity=2261.826923076923 run_dir=summary-only
2026-09-29T13:28:41Z INFO condition_started replication=1 seed=42 condition_id=p_0.44_stores_15_nearest_customer factor=factorial_cell p_integration=0.44 food_multiplier=1 grocery_multiplier=1 store_selection=nearest_customer
2026-09-29T13:28:42Z INFO condition_completed replication=1 seed=42 condition_id=p_0.44_stores_15_nearest_customer generated=300 integrated=137 completed=87 cancelled=209 unfinished=4 service_units=91 productivity=0.3159722222222222 emission_g_co2=224220 emission_intensity=2463.956043956044 run_dir=summary-only
2026-09-29T13:28:42Z INFO condition_started replication=1 seed=42 condition_id=p_0.44_stores_20_uniform factor=factorial_cell p_integration=0.44 food_multiplier=1 grocery_multiplier=1 store_selection=uniform
2026-09-29T13:28:44Z INFO condition_completed replication=1 seed=42 condition_id=p_0.44_stores_20_uniform generated=300 integrated=137 completed=80 cancelled=216 unfinished=4 service_units=81 productivity=0.28125 emission_g_co2=220350 emission_intensity=2720.3703703703704 run_dir=summary-only
2026-09-29T13:28:44Z INFO condition_started replication=1 seed=42 condition_id=p_0.44_stores_20_nearest_restaurant factor=factorial_cell p_integration=0.44 food_multiplier=1 grocery_multiplier=1 store_selection=nearest_restaurant
2026-09-29T13:28:46Z INFO condition_completed replication=1 seed=42 condition_id=p_0.44_stores_20_nearest_restaurant generated=300 integrated=137 completed=86 cancelled=210 unfinished=4 service_units=102 productivity=0.3541666666666667 emission_g_co2=226260 emission_intensity=2218.235294117647 run_dir=summary-only
2026-09-29T13:28:46Z INFO condition_started replication=1 seed=42 condition_id=p_0.44_stores_20_nearest_customer factor=factorial_cell p_integration=0.44 food_multiplier=1 grocery_multiplier=1 store_selection=nearest_customer
2026-09-29T13:28:48Z INFO condition_completed replication=1 seed=42 condition_id=p_0.44_stores_20_nearest_customer generated=300 integrated=137 completed=83 cancelled=213 unfinished=4 service_units=86 productivity=0.2986111111111111 emission_g_co2=220440 emission_intensity=2563.2558139534885 run_dir=summary-only
2026-09-29T13:28:48Z INFO condition_started replication=1 seed=42 condition_id=p_0.66_stores_10_uniform factor=factorial_cell p_integration=0.66 food_multiplier=1 grocery_multiplier=1 store_selection=uniform
2026-09-29T13:28:49Z INFO condition_completed replication=1 seed=42 condition_id=p_0.66_stores_10_uniform generated=300 integrated=191 completed=51 cancelled=246 unfinished=3 service_units=51 productivity=0.17708333333333334 emission_g_co2=197550 emission_intensity=3873.529411764706 run_dir=summary-only
2026-09-29T13:28:49Z INFO condition_started replication=1 seed=42 condition_id=p_0.66_stores_10_nearest_restaurant factor=factorial_cell p_integration=0.66 food_multiplier=1 grocery_multiplier=1 store_selection=nearest_restaurant
2026-09-29T13:28:51Z INFO condition_completed replication=1 seed=42 condition_id=p_0.66_stores_10_nearest_restaurant generated=300 integrated=191 completed=67 cancelled=228 unfinished=5 service_units=80 productivity=0.2777777777777778 emission_g_co2=206820 emission_intensity=2585.25 run_dir=summary-only
2026-09-29T13:28:51Z INFO condition_started replication=1 seed=42 condition_id=p_0.66_stores_10_nearest_customer factor=factorial_cell p_integration=0.66 food_multiplier=1 grocery_multiplier=1 store_selection=nearest_customer
2026-09-29T13:28:53Z INFO condition_completed replication=1 seed=42 condition_id=p_0.66_stores_10_nearest_customer generated=300 integrated=191 completed=63 cancelled=233 unfinished=4 service_units=69 productivity=0.23958333333333334 emission_g_co2=202500 emission_intensity=2934.782608695652 run_dir=summary-only
2026-09-29T13:28:53Z INFO condition_started replication=1 seed=42 condition_id=p_0.66_stores_15_uniform factor=factorial_cell p_integration=0.66 food_multiplier=1 grocery_multiplier=1 store_selection=uniform
2026-09-29T13:28:55Z INFO condition_completed replication=1 seed=42 condition_id=p_0.66_stores_15_uniform generated=300 integrated=191 completed=62 cancelled=235 unfinished=3 service_units=66 productivity=0.22916666666666666 emission_g_co2=199260 emission_intensity=3019.090909090909 run_dir=summary-only
2026-09-29T13:28:55Z INFO condition_started replication=1 seed=42 condition_id=p_0.66_stores_15_nearest_restaurant factor=factorial_cell p_integration=0.66 food_multiplier=1 grocery_multiplier=1 store_selection=nearest_restaurant
2026-09-29T13:28:57Z INFO condition_completed replication=1 seed=42 condition_id=p_0.66_stores_15_nearest_restaurant generated=300 integrated=191 completed=73 cancelled=223 unfinished=4 service_units=92 productivity=0.3194444444444444 emission_g_co2=212910 emission_intensity=2314.2391304347825 run_dir=summary-only
2026-09-29T13:28:57Z INFO condition_started replication=1 seed=42 condition_id=p_0.66_stores_15_nearest_customer factor=factorial_cell p_integration=0.66 food_multiplier=1 grocery_multiplier=1 store_selection=nearest_customer
2026-09-29T13:28:59Z INFO condition_completed replication=1 seed=42 condition_id=p_0.66_stores_15_nearest_customer generated=300 integrated=191 completed=60 cancelled=237 unfinished=3 service_units=64 productivity=0.2222222222222222 emission_g_co2=198840 emission_intensity=3106.875 run_dir=summary-only
2026-09-29T13:28:59Z INFO condition_started replication=1 seed=42 condition_id=p_0.66_stores_20_uniform factor=factorial_cell p_integration=0.66 food_multiplier=1 grocery_multiplier=1 store_selection=uniform
2026-09-29T13:29:01Z INFO condition_completed replication=1 seed=42 condition_id=p_0.66_stores_20_uniform generated=300 integrated=191 completed=64 cancelled=232 unfinished=4 service_units=66 productivity=0.22916666666666666 emission_g_co2=207990 emission_intensity=3151.3636363636365 run_dir=summary-only
2026-09-29T13:29:01Z INFO condition_started replication=1 seed=42 condition_id=p_0.66_stores_20_nearest_restaurant factor=factorial_cell p_integration=0.66 food_multiplier=1 grocery_multiplier=1 store_selection=nearest_restaurant
2026-09-29T13:29:02Z INFO condition_completed replication=1 seed=42 condition_id=p_0.66_stores_20_nearest_restaurant generated=300 integrated=191 completed=74 cancelled=223 unfinished=3 service_units=94 productivity=0.3263888888888889 emission_g_co2=218130 emission_intensity=2320.531914893617 run_dir=summary-only
2026-09-29T13:29:02Z INFO condition_started replication=1 seed=42 condition_id=p_0.66_stores_20_nearest_customer factor=factorial_cell p_integration=0.66 food_multiplier=1 grocery_multiplier=1 store_selection=nearest_customer
2026-09-29T13:29:04Z INFO condition_completed replication=1 seed=42 condition_id=p_0.66_stores_20_nearest_customer generated=300 integrated=191 completed=52 cancelled=244 unfinished=4 service_units=54 productivity=0.1875 emission_g_co2=198750 emission_intensity=3680.5555555555557 run_dir=summary-only
2026-09-29T13:29:05Z INFO replication_completed replication=1 seed=42 baseline_completed=130 reference_integrated_completed=88
2026-09-29T13:29:05Z INFO replication_started replication=2 seed=43
2026-09-29T13:29:05Z INFO condition_started replication=2 seed=43 condition_id=baseline factor=baseline p_integration=0 food_multiplier=1 grocery_multiplier=1 store_selection=uniform
2026-09-29T13:29:06Z INFO condition_completed replication=2 seed=43 condition_id=baseline generated=300 integrated=0 completed=130 cancelled=168 unfinished=2 service_units=130 productivity=0.4513888888888889 emission_g_co2=256050 emission_intensity=1969.6153846153845 run_dir=summary-only
2026-09-29T13:29:06Z INFO condition_started replication=2 seed=43 condition_id=p_0.22_stores_10_uniform factor=factorial_cell p_integration=0.22 food_multiplier=1 grocery_multiplier=1 store_selection=uniform
2026-09-29T13:29:08Z INFO condition_completed replication=2 seed=43 condition_id=p_0.22_stores_10_uniform generated=300 integrated=67 completed=112 cancelled=186 unfinished=2 service_units=114 productivity=0.3958333333333333 emission_g_co2=245580 emission_intensity=2154.2105263157896 run_dir=summary-only
2026-09-29T13:29:08Z INFO condition_started replication=2 seed=43 condition_id=p_0.22_stores_10_nearest_restaurant factor=factorial_cell p_integration=0.22 food_multiplier=1 grocery_multiplier=1 store_selection=nearest_restaurant
2026-09-29T13:29:10Z INFO condition_completed replication=2 seed=43 condition_id=p_0.22_stores_10_nearest_restaurant generated=300 integrated=67 completed=110 cancelled=187 unfinished=3 service_units=115 productivity=0.3993055555555556 emission_g_co2=244590 emission_intensity=2126.8695652173915 run_dir=summary-only
2026-09-29T13:29:10Z INFO condition_started replication=2 seed=43 condition_id=p_0.22_stores_10_nearest_customer factor=factorial_cell p_integration=0.22 food_multiplier=1 grocery_multiplier=1 store_selection=nearest_customer
2026-09-29T13:29:11Z INFO condition_completed replication=2 seed=43 condition_id=p_0.22_stores_10_nearest_customer generated=300 integrated=67 completed=107 cancelled=190 unfinished=3 service_units=111 productivity=0.3854166666666667 emission_g_co2=237900 emission_intensity=2143.2432432432433 run_dir=summary-only
2026-09-29T13:29:11Z INFO condition_started replication=2 seed=43 condition_id=p_0.22_stores_15_uniform factor=factorial_cell p_integration=0.22 food_multiplier=1 grocery_multiplier=1 store_selection=uniform
2026-09-29T13:29:13Z INFO condition_completed replication=2 seed=43 condition_id=p_0.22_stores_15_uniform generated=300 integrated=67 completed=105 cancelled=192 unfinished=3 service_units=106 productivity=0.3680555555555556 emission_g_co2=244410 emission_intensity=2305.754716981132 run_dir=summary-only
2026-09-29T13:29:13Z INFO condition_started replication=2 seed=43 condition_id=p_0.22_stores_15_nearest_restaurant factor=factorial_cell p_integration=0.22 food_multiplier=1 grocery_multiplier=1 store_selection=nearest_restaurant
2026-09-29T13:29:14Z INFO condition_completed replication=2 seed=43 condition_id=p_0.22_stores_15_nearest_restaurant generated=300 integrated=67 completed=119 cancelled=178 unfinished=3 service_units=129 productivity=0.4479166666666667 emission_g_co2=242280 emission_intensity=1878.139534883721 run_dir=summary-only
2026-09-29T13:29:14Z INFO condition_started replication=2 seed=43 condition_id=p_0.22_stores_15_nearest_customer factor=factorial_cell p_integration=0.22 food_multiplier=1 grocery_multiplier=1 store_selection=nearest_customer
2026-09-29T13:29:16Z INFO condition_completed replication=2 seed=43 condition_id=p_0.22_stores_15_nearest_customer generated=300 integrated=67 completed=108 cancelled=188 unfinished=4 service_units=111 productivity=0.3854166666666667 emission_g_co2=239850 emission_intensity=2160.810810810811 run_dir=summary-only
2026-09-29T13:29:16Z INFO condition_started replication=2 seed=43 condition_id=p_0.22_stores_20_uniform factor=factorial_cell p_integration=0.22 food_multiplier=1 grocery_multiplier=1 store_selection=uniform
2026-09-29T13:29:18Z INFO condition_completed replication=2 seed=43 condition_id=p_0.22_stores_20_uniform generated=300 integrated=67 completed=105 cancelled=193 unfinished=2 service_units=107 productivity=0.3715277777777778 emission_g_co2=239400 emission_intensity=2237.3831775700933 run_dir=summary-only
2026-09-29T13:29:18Z INFO condition_started replication=2 seed=43 condition_id=p_0.22_stores_20_nearest_restaurant factor=factorial_cell p_integration=0.22 food_multiplier=1 grocery_multiplier=1 store_selection=nearest_restaurant
2026-09-29T13:29:19Z INFO condition_completed replication=2 seed=43 condition_id=p_0.22_stores_20_nearest_restaurant generated=300 integrated=67 completed=112 cancelled=186 unfinished=2 service_units=120 productivity=0.4166666666666667 emission_g_co2=245820 emission_intensity=2048.5 run_dir=summary-only
2026-09-29T13:29:19Z INFO condition_started replication=2 seed=43 condition_id=p_0.22_stores_20_nearest_customer factor=factorial_cell p_integration=0.22 food_multiplier=1 grocery_multiplier=1 store_selection=nearest_customer
2026-09-29T13:29:21Z INFO condition_completed replication=2 seed=43 condition_id=p_0.22_stores_20_nearest_customer generated=300 integrated=67 completed=104 cancelled=194 unfinished=2 service_units=107 productivity=0.3715277777777778 emission_g_co2=235500 emission_intensity=2200.9345794392525 run_dir=summary-only
2026-09-29T13:29:21Z INFO condition_started replication=2 seed=43 condition_id=p_0.44_stores_10_uniform factor=factorial_cell p_integration=0.44 food_multiplier=1 grocery_multiplier=1 store_selection=uniform
2026-09-29T13:29:23Z INFO condition_completed replication=2 seed=43 condition_id=p_0.44_stores_10_uniform generated=300 integrated=130 completed=83 cancelled=215 unfinished=2 service_units=85 productivity=0.2951388888888889 emission_g_co2=224790 emission_intensity=2644.5882352941176 run_dir=summary-only
2026-09-29T13:29:23Z INFO condition_started replication=2 seed=43 condition_id=p_0.44_stores_10_nearest_restaurant factor=factorial_cell p_integration=0.44 food_multiplier=1 grocery_multiplier=1 store_selection=nearest_restaurant
2026-09-29T13:29:24Z INFO condition_completed replication=2 seed=43 condition_id=p_0.44_stores_10_nearest_restaurant generated=300 integrated=130 completed=83 cancelled=215 unfinished=2 service_units=93 productivity=0.3229166666666667 emission_g_co2=222300 emission_intensity=2390.3225806451615 run_dir=summary-only
2026-09-29T13:29:24Z INFO condition_started replication=2 seed=43 condition_id=p_0.44_stores_10_nearest_customer factor=factorial_cell p_integration=0.44 food_multiplier=1 grocery_multiplier=1 store_selection=nearest_customer
2026-09-29T13:29:26Z INFO condition_completed replication=2 seed=43 condition_id=p_0.44_stores_10_nearest_customer generated=300 integrated=130 completed=80 cancelled=217 unfinished=3 service_units=84 productivity=0.2916666666666667 emission_g_co2=217110 emission_intensity=2584.6428571428573 run_dir=summary-only
2026-09-29T13:29:26Z INFO condition_started replication=2 seed=43 condition_id=p_0.44_stores_15_uniform factor=factorial_cell p_integration=0.44 food_multiplier=1 grocery_multiplier=1 store_selection=uniform
2026-09-29T13:29:28Z INFO condition_completed replication=2 seed=43 condition_id=p_0.44_stores_15_uniform generated=300 integrated=130 completed=81 cancelled=217 unfinished=2 service_units=82 productivity=0.2847222222222222 emission_g_co2=222660 emission_intensity=2715.3658536585367 run_dir=summary-only
2026-09-29T13:29:28Z INFO condition_started replication=2 seed=43 condition_id=p_0.44_stores_15_nearest_restaurant factor=factorial_cell p_integration=0.44 food_multiplier=1 grocery_multiplier=1 store_selection=nearest_restaurant
2026-09-29T13:29:29Z INFO condition_completed replication=2 seed=43 condition_id=p_0.44_stores_15_nearest_restaurant generated=300 integrated=130 completed=83 cancelled=215 unfinished=2 service_units=96 productivity=0.3333333333333333 emission_g_co2=219990 emission_intensity=2291.5625 run_dir=summary-only
2026-09-29T13:29:29Z INFO condition_started replication=2 seed=43 condition_id=p_0.44_stores_15_nearest_customer factor=factorial_cell p_integration=0.44 food_multiplier=1 grocery_multiplier=1 store_selection=nearest_customer
2026-09-29T13:29:31Z INFO condition_completed replication=2 seed=43 condition_id=p_0.44_stores_15_nearest_customer generated=300 integrated=130 completed=77 cancelled=221 unfinished=2 service_units=78 productivity=0.2708333333333333 emission_g_co2=221850 emission_intensity=2844.230769230769 run_dir=summary-only
2026-09-29T13:29:31Z INFO condition_started replication=2 seed=43 condition_id=p_0.44_stores_20_uniform factor=factorial_cell p_integration=0.44 food_multiplier=1 grocery_multiplier=1 store_selection=uniform
2026-09-29T13:29:33Z INFO condition_completed replication=2 seed=43 condition_id=p_0.44_stores_20_uniform generated=300 integrated=130 completed=82 cancelled=215 unfinished=3 service_units=85 productivity=0.2951388888888889 emission_g_co2=225390 emission_intensity=2651.6470588235293 run_dir=summary-only
2026-09-29T13:29:33Z INFO condition_started replication=2 seed=43 condition_id=p_0.44_stores_20_nearest_restaurant factor=factorial_cell p_integration=0.44 food_multiplier=1 grocery_multiplier=1 store_selection=nearest_restaurant
2026-09-29T13:29:34Z INFO condition_completed replication=2 seed=43 condition_id=p_0.44_stores_20_nearest_restaurant generated=300 integrated=130 completed=83 cancelled=214 unfinished=3 service_units=98 productivity=0.3402777777777778 emission_g_co2=219330 emission_intensity=2238.061224489796 run_dir=summary-only
2026-09-29T13:29:34Z INFO condition_started replication=2 seed=43 condition_id=p_0.44_stores_20_nearest_customer factor=factorial_cell p_integration=0.44 food_multiplier=1 grocery_multiplier=1 store_selection=nearest_customer
2026-09-29T13:29:36Z INFO condition_completed replication=2 seed=43 condition_id=p_0.44_stores_20_nearest_customer generated=300 integrated=130 completed=78 cancelled=220 unfinished=2 service_units=81 productivity=0.28125 emission_g_co2=223380 emission_intensity=2757.777777777778 run_dir=summary-only
2026-09-29T13:29:36Z INFO condition_started replication=2 seed=43 condition_id=p_0.66_stores_10_uniform factor=factorial_cell p_integration=0.66 food_multiplier=1 grocery_multiplier=1 store_selection=uniform
2026-09-29T13:29:38Z INFO condition_completed replication=2 seed=43 condition_id=p_0.66_stores_10_uniform generated=300 integrated=187 completed=50 cancelled=248 unfinished=2 service_units=55 productivity=0.1909722222222222 emission_g_co2=202170 emission_intensity=3675.818181818182 run_dir=summary-only
2026-09-29T13:29:38Z INFO condition_started replication=2 seed=43 condition_id=p_0.66_stores_10_nearest_restaurant factor=factorial_cell p_integration=0.66 food_multiplier=1 grocery_multiplier=1 store_selection=nearest_restaurant
2026-09-29T13:29:40Z INFO condition_completed replication=2 seed=43 condition_id=p_0.66_stores_10_nearest_restaurant generated=300 integrated=187 completed=65 cancelled=233 unfinished=2 service_units=75 productivity=0.2604166666666667 emission_g_co2=211470 emission_intensity=2819.6 run_dir=summary-only
2026-09-29T13:29:40Z INFO condition_started replication=2 seed=43 condition_id=p_0.66_stores_10_nearest_customer factor=factorial_cell p_integration=0.66 food_multiplier=1 grocery_multiplier=1 store_selection=nearest_customer
2026-09-29T13:29:41Z INFO condition_completed replication=2 seed=43 condition_id=p_0.66_stores_10_nearest_customer generated=300 integrated=187 completed=62 cancelled=235 unfinished=3 service_units=65 productivity=0.22569444444444445 emission_g_co2=200040 emission_intensity=3077.5384615384614 run_dir=summary-only
2026-09-29T13:29:41Z INFO condition_started replication=2 seed=43 condition_id=p_0.66_stores_15_uniform factor=factorial_cell p_integration=0.66 food_multiplier=1 grocery_multiplier=1 store_selection=uniform
2026-09-29T13:29:43Z INFO condition_completed replication=2 seed=43 condition_id=p_0.66_stores_15_uniform generated=300 integrated=187 completed=61 cancelled=237 unfinished=2 service_units=65 productivity=0.22569444444444445 emission_g_co2=210750 emission_intensity=3242.3076923076924 run_dir=summary-only
2026-09-29T13:29:43Z INFO condition_started replication=2 seed=43 condition_id=p_0.66_stores_15_nearest_restaurant factor=factorial_cell p_integration=0.66 food_multiplier=1 grocery_multiplier=1 store_selection=nearest_restaurant
2026-09-29T13:29:45Z INFO condition_completed replication=2 seed=43 condition_id=p_0.66_stores_15_nearest_restaurant generated=300 integrated=187 completed=85 cancelled=212 unfinished=3 service_units=107 productivity=0.3715277777777778 emission_g_co2=223830 emission_intensity=2091.8691588785045 run_dir=summary-only
2026-09-29T13:29:45Z INFO condition_started replication=2 seed=43 condition_id=p_0.66_stores_15_nearest_customer factor=factorial_cell p_integration=0.66 food_multiplier=1 grocery_multiplier=1 store_selection=nearest_customer
2026-09-29T13:29:46Z INFO condition_completed replication=2 seed=43 condition_id=p_0.66_stores_15_nearest_customer generated=300 integrated=187 completed=56 cancelled=241 unfinished=3 service_units=57 productivity=0.19791666666666666 emission_g_co2=199140 emission_intensity=3493.684210526316 run_dir=summary-only
2026-09-29T13:29:46Z INFO condition_started replication=2 seed=43 condition_id=p_0.66_stores_20_uniform factor=factorial_cell p_integration=0.66 food_multiplier=1 grocery_multiplier=1 store_selection=uniform
2026-09-29T13:29:48Z INFO condition_completed replication=2 seed=43 condition_id=p_0.66_stores_20_uniform generated=300 integrated=187 completed=60 cancelled=238 unfinished=2 service_units=63 productivity=0.21875 emission_g_co2=210870 emission_intensity=3347.1428571428573 run_dir=summary-only
2026-09-29T13:29:48Z INFO condition_started replication=2 seed=43 condition_id=p_0.66_stores_20_nearest_restaurant factor=factorial_cell p_integration=0.66 food_multiplier=1 grocery_multiplier=1 store_selection=nearest_restaurant
2026-09-29T13:29:50Z INFO condition_completed replication=2 seed=43 condition_id=p_0.66_stores_20_nearest_restaurant generated=300 integrated=187 completed=74 cancelled=223 unfinished=3 service_units=94 productivity=0.3263888888888889 emission_g_co2=219330 emission_intensity=2333.2978723404253 run_dir=summary-only
2026-09-29T13:29:50Z INFO condition_started replication=2 seed=43 condition_id=p_0.66_stores_20_nearest_customer factor=factorial_cell p_integration=0.66 food_multiplier=1 grocery_multiplier=1 store_selection=nearest_customer
2026-09-29T13:29:52Z INFO condition_completed replication=2 seed=43 condition_id=p_0.66_stores_20_nearest_customer generated=300 integrated=187 completed=53 cancelled=245 unfinished=2 service_units=55 productivity=0.1909722222222222 emission_g_co2=198240 emission_intensity=3604.3636363636365 run_dir=summary-only
2026-09-29T13:29:53Z INFO replication_completed replication=2 seed=43 baseline_completed=130 reference_integrated_completed=81
2026-09-29T13:29:53Z INFO replication_started replication=3 seed=44
2026-09-29T13:29:53Z INFO condition_started replication=3 seed=44 condition_id=baseline factor=baseline p_integration=0 food_multiplier=1 grocery_multiplier=1 store_selection=uniform
2026-09-29T13:29:54Z INFO condition_completed replication=3 seed=44 condition_id=baseline generated=300 integrated=0 completed=139 cancelled=156 unfinished=5 service_units=139 productivity=0.4826388888888889 emission_g_co2=259770 emission_intensity=1868.8489208633093 run_dir=summary-only
2026-09-29T13:29:54Z INFO condition_started replication=3 seed=44 condition_id=p_0.22_stores_10_uniform factor=factorial_cell p_integration=0.22 food_multiplier=1 grocery_multiplier=1 store_selection=uniform
2026-09-29T13:29:56Z INFO condition_completed replication=3 seed=44 condition_id=p_0.22_stores_10_uniform generated=300 integrated=62 completed=115 cancelled=182 unfinished=3 service_units=118 productivity=0.4097222222222222 emission_g_co2=244770 emission_intensity=2074.322033898305 run_dir=summary-only
2026-09-29T13:29:56Z INFO condition_started replication=3 seed=44 condition_id=p_0.22_stores_10_nearest_restaurant factor=factorial_cell p_integration=0.22 food_multiplier=1 grocery_multiplier=1 store_selection=nearest_restaurant
2026-09-29T13:29:57Z INFO condition_completed replication=3 seed=44 condition_id=p_0.22_stores_10_nearest_restaurant generated=300 integrated=62 completed=111 cancelled=185 unfinished=4 service_units=116 productivity=0.4027777777777778 emission_g_co2=241620 emission_intensity=2082.9310344827586 run_dir=summary-only
2026-09-29T13:29:57Z INFO condition_started replication=3 seed=44 condition_id=p_0.22_stores_10_nearest_customer factor=factorial_cell p_integration=0.22 food_multiplier=1 grocery_multiplier=1 store_selection=nearest_customer
2026-09-29T13:29:59Z INFO condition_completed replication=3 seed=44 condition_id=p_0.22_stores_10_nearest_customer generated=300 integrated=62 completed=101 cancelled=193 unfinished=6 service_units=101 productivity=0.3506944444444444 emission_g_co2=234720 emission_intensity=2323.960396039604 run_dir=summary-only
2026-09-29T13:29:59Z INFO condition_started replication=3 seed=44 condition_id=p_0.22_stores_15_uniform factor=factorial_cell p_integration=0.22 food_multiplier=1 grocery_multiplier=1 store_selection=uniform
2026-09-29T13:30:00Z INFO condition_completed replication=3 seed=44 condition_id=p_0.22_stores_15_uniform generated=300 integrated=62 completed=103 cancelled=191 unfinished=6 service_units=105 productivity=0.3645833333333333 emission_g_co2=241980 emission_intensity=2304.5714285714284 run_dir=summary-only
2026-09-29T13:30:00Z INFO condition_started replication=3 seed=44 condition_id=p_0.22_stores_15_nearest_restaurant factor=factorial_cell p_integration=0.22 food_multiplier=1 grocery_multiplier=1 store_selection=nearest_restaurant
2026-09-29T13:30:02Z INFO condition_completed replication=3 seed=44 condition_id=p_0.22_stores_15_nearest_restaurant generated=300 integrated=62 completed=103 cancelled=192 unfinished=5 service_units=109 productivity=0.3784722222222222 emission_g_co2=238500 emission_intensity=2188.0733944954127 run_dir=summary-only
2026-09-29T13:30:02Z INFO condition_started replication=3 seed=44 condition_id=p_0.22_stores_15_nearest_customer factor=factorial_cell p_integration=0.22 food_multiplier=1 grocery_multiplier=1 store_selection=nearest_customer
2026-09-29T13:30:04Z INFO condition_completed replication=3 seed=44 condition_id=p_0.22_stores_15_nearest_customer generated=300 integrated=62 completed=101 cancelled=194 unfinished=5 service_units=101 productivity=0.3506944444444444 emission_g_co2=241200 emission_intensity=2388.1188118811883 run_dir=summary-only
2026-09-29T13:30:04Z INFO condition_started replication=3 seed=44 condition_id=p_0.22_stores_20_uniform factor=factorial_cell p_integration=0.22 food_multiplier=1 grocery_multiplier=1 store_selection=uniform
2026-09-29T13:30:05Z INFO condition_completed replication=3 seed=44 condition_id=p_0.22_stores_20_uniform generated=300 integrated=62 completed=106 cancelled=190 unfinished=4 service_units=107 productivity=0.3715277777777778 emission_g_co2=242460 emission_intensity=2265.9813084112147 run_dir=summary-only
2026-09-29T13:30:05Z INFO condition_started replication=3 seed=44 condition_id=p_0.22_stores_20_nearest_restaurant factor=factorial_cell p_integration=0.22 food_multiplier=1 grocery_multiplier=1 store_selection=nearest_restaurant
2026-09-29T13:30:07Z INFO condition_completed replication=3 seed=44 condition_id=p_0.22_stores_20_nearest_restaurant generated=300 integrated=62 completed=111 cancelled=184 unfinished=5 service_units=118 productivity=0.4097222222222222 emission_g_co2=245820 emission_intensity=2083.2203389830506 run_dir=summary-only
2026-09-29T13:30:07Z INFO condition_started replication=3 seed=44 condition_id=p_0.22_stores_20_nearest_customer factor=factorial_cell p_integration=0.22 food_multiplier=1 grocery_multiplier=1 store_selection=nearest_customer
2026-09-29T13:30:09Z INFO condition_completed replication=3 seed=44 condition_id=p_0.22_stores_20_nearest_customer generated=300 integrated=62 completed=102 cancelled=193 unfinished=5 service_units=103 productivity=0.3576388888888889 emission_g_co2=237630 emission_intensity=2307.0873786407765 run_dir=summary-only
2026-09-29T13:30:09Z INFO condition_started replication=3 seed=44 condition_id=p_0.44_stores_10_uniform factor=factorial_cell p_integration=0.44 food_multiplier=1 grocery_multiplier=1 store_selection=uniform
2026-09-29T13:30:10Z INFO condition_completed replication=3 seed=44 condition_id=p_0.44_stores_10_uniform generated=300 integrated=135 completed=77 cancelled=220 unfinished=3 service_units=80 productivity=0.2777777777777778 emission_g_co2=218490 emission_intensity=2731.125 run_dir=summary-only
2026-09-29T13:30:10Z INFO condition_started replication=3 seed=44 condition_id=p_0.44_stores_10_nearest_restaurant factor=factorial_cell p_integration=0.44 food_multiplier=1 grocery_multiplier=1 store_selection=nearest_restaurant
2026-09-29T13:30:12Z INFO condition_completed replication=3 seed=44 condition_id=p_0.44_stores_10_nearest_restaurant generated=300 integrated=135 completed=85 cancelled=210 unfinished=5 service_units=100 productivity=0.3472222222222222 emission_g_co2=215310 emission_intensity=2153.1 run_dir=summary-only
2026-09-29T13:30:12Z INFO condition_started replication=3 seed=44 condition_id=p_0.44_stores_10_nearest_customer factor=factorial_cell p_integration=0.44 food_multiplier=1 grocery_multiplier=1 store_selection=nearest_customer
2026-09-29T13:30:14Z INFO condition_completed replication=3 seed=44 condition_id=p_0.44_stores_10_nearest_customer generated=300 integrated=135 completed=79 cancelled=217 unfinished=4 service_units=82 productivity=0.2847222222222222 emission_g_co2=217260 emission_intensity=2649.512195121951 run_dir=summary-only
2026-09-29T13:30:14Z INFO condition_started replication=3 seed=44 condition_id=p_0.44_stores_15_uniform factor=factorial_cell p_integration=0.44 food_multiplier=1 grocery_multiplier=1 store_selection=uniform
2026-09-29T13:30:15Z INFO condition_completed replication=3 seed=44 condition_id=p_0.44_stores_15_uniform generated=300 integrated=135 completed=77 cancelled=219 unfinished=4 service_units=81 productivity=0.28125 emission_g_co2=219960 emission_intensity=2715.5555555555557 run_dir=summary-only
2026-09-29T13:30:15Z INFO condition_started replication=3 seed=44 condition_id=p_0.44_stores_15_nearest_restaurant factor=factorial_cell p_integration=0.44 food_multiplier=1 grocery_multiplier=1 store_selection=nearest_restaurant
2026-09-29T13:30:17Z INFO condition_completed replication=3 seed=44 condition_id=p_0.44_stores_15_nearest_restaurant generated=300 integrated=135 completed=86 cancelled=210 unfinished=4 service_units=100 productivity=0.3472222222222222 emission_g_co2=225240 emission_intensity=2252.4 run_dir=summary-only
2026-09-29T13:30:17Z INFO condition_started replication=3 seed=44 condition_id=p_0.44_stores_15_nearest_customer factor=factorial_cell p_integration=0.44 food_multiplier=1 grocery_multiplier=1 store_selection=nearest_customer
2026-09-29T13:30:19Z INFO condition_completed replication=3 seed=44 condition_id=p_0.44_stores_15_nearest_customer generated=300 integrated=135 completed=81 cancelled=214 unfinished=5 service_units=84 productivity=0.2916666666666667 emission_g_co2=222030 emission_intensity=2643.214285714286 run_dir=summary-only
2026-09-29T13:30:19Z INFO condition_started replication=3 seed=44 condition_id=p_0.44_stores_20_uniform factor=factorial_cell p_integration=0.44 food_multiplier=1 grocery_multiplier=1 store_selection=uniform
2026-09-29T13:30:21Z INFO condition_completed replication=3 seed=44 condition_id=p_0.44_stores_20_uniform generated=300 integrated=135 completed=76 cancelled=220 unfinished=4 service_units=77 productivity=0.2673611111111111 emission_g_co2=218640 emission_intensity=2839.4805194805194 run_dir=summary-only
2026-09-29T13:30:21Z INFO condition_started replication=3 seed=44 condition_id=p_0.44_stores_20_nearest_restaurant factor=factorial_cell p_integration=0.44 food_multiplier=1 grocery_multiplier=1 store_selection=nearest_restaurant
2026-09-29T13:30:22Z INFO condition_completed replication=3 seed=44 condition_id=p_0.44_stores_20_nearest_restaurant generated=300 integrated=135 completed=77 cancelled=219 unfinished=4 service_units=90 productivity=0.3125 emission_g_co2=217260 emission_intensity=2414.0 run_dir=summary-only
2026-09-29T13:30:22Z INFO condition_started replication=3 seed=44 condition_id=p_0.44_stores_20_nearest_customer factor=factorial_cell p_integration=0.44 food_multiplier=1 grocery_multiplier=1 store_selection=nearest_customer
2026-09-29T13:30:24Z INFO condition_completed replication=3 seed=44 condition_id=p_0.44_stores_20_nearest_customer generated=300 integrated=135 completed=79 cancelled=216 unfinished=5 service_units=81 productivity=0.28125 emission_g_co2=221190 emission_intensity=2730.740740740741 run_dir=summary-only
2026-09-29T13:30:24Z INFO condition_started replication=3 seed=44 condition_id=p_0.66_stores_10_uniform factor=factorial_cell p_integration=0.66 food_multiplier=1 grocery_multiplier=1 store_selection=uniform
2026-09-29T13:30:26Z INFO condition_completed replication=3 seed=44 condition_id=p_0.66_stores_10_uniform generated=300 integrated=190 completed=50 cancelled=247 unfinished=3 service_units=53 productivity=0.1840277777777778 emission_g_co2=191310 emission_intensity=3609.622641509434 run_dir=summary-only
2026-09-29T13:30:26Z INFO condition_started replication=3 seed=44 condition_id=p_0.66_stores_10_nearest_restaurant factor=factorial_cell p_integration=0.66 food_multiplier=1 grocery_multiplier=1 store_selection=nearest_restaurant
2026-09-29T13:30:28Z INFO condition_completed replication=3 seed=44 condition_id=p_0.66_stores_10_nearest_restaurant generated=300 integrated=190 completed=64 cancelled=232 unfinished=4 service_units=76 productivity=0.2638888888888889 emission_g_co2=200370 emission_intensity=2636.4473684210525 run_dir=summary-only
2026-09-29T13:30:28Z INFO condition_started replication=3 seed=44 condition_id=p_0.66_stores_10_nearest_customer factor=factorial_cell p_integration=0.66 food_multiplier=1 grocery_multiplier=1 store_selection=nearest_customer
2026-09-29T13:30:29Z INFO condition_completed replication=3 seed=44 condition_id=p_0.66_stores_10_nearest_customer generated=300 integrated=190 completed=51 cancelled=246 unfinished=3 service_units=53 productivity=0.1840277777777778 emission_g_co2=191310 emission_intensity=3609.622641509434 run_dir=summary-only
2026-09-29T13:30:29Z INFO condition_started replication=3 seed=44 condition_id=p_0.66_stores_15_uniform factor=factorial_cell p_integration=0.66 food_multiplier=1 grocery_multiplier=1 store_selection=uniform
2026-09-29T13:30:31Z INFO condition_completed replication=3 seed=44 condition_id=p_0.66_stores_15_uniform generated=300 integrated=190 completed=59 cancelled=237 unfinished=4 service_units=60 productivity=0.20833333333333334 emission_g_co2=202830 emission_intensity=3380.5 run_dir=summary-only
2026-09-29T13:30:31Z INFO condition_started replication=3 seed=44 condition_id=p_0.66_stores_15_nearest_restaurant factor=factorial_cell p_integration=0.66 food_multiplier=1 grocery_multiplier=1 store_selection=nearest_restaurant
2026-09-29T13:30:33Z INFO condition_completed replication=3 seed=44 condition_id=p_0.66_stores_15_nearest_restaurant generated=300 integrated=190 completed=70 cancelled=226 unfinished=4 service_units=87 productivity=0.3020833333333333 emission_g_co2=207030 emission_intensity=2379.655172413793 run_dir=summary-only
2026-09-29T13:30:33Z INFO condition_started replication=3 seed=44 condition_id=p_0.66_stores_15_nearest_customer factor=factorial_cell p_integration=0.66 food_multiplier=1 grocery_multiplier=1 store_selection=nearest_customer
2026-09-29T13:30:35Z INFO condition_completed replication=3 seed=44 condition_id=p_0.66_stores_15_nearest_customer generated=300 integrated=190 completed=61 cancelled=235 unfinished=4 service_units=64 productivity=0.2222222222222222 emission_g_co2=200730 emission_intensity=3136.40625 run_dir=summary-only
2026-09-29T13:30:35Z INFO condition_started replication=3 seed=44 condition_id=p_0.66_stores_20_uniform factor=factorial_cell p_integration=0.66 food_multiplier=1 grocery_multiplier=1 store_selection=uniform
2026-09-29T13:30:37Z INFO condition_completed replication=3 seed=44 condition_id=p_0.66_stores_20_uniform generated=300 integrated=190 completed=49 cancelled=248 unfinished=3 service_units=51 productivity=0.17708333333333334 emission_g_co2=195450 emission_intensity=3832.3529411764707 run_dir=summary-only
2026-09-29T13:30:37Z INFO condition_started replication=3 seed=44 condition_id=p_0.66_stores_20_nearest_restaurant factor=factorial_cell p_integration=0.66 food_multiplier=1 grocery_multiplier=1 store_selection=nearest_restaurant
2026-09-29T13:30:38Z INFO condition_completed replication=3 seed=44 condition_id=p_0.66_stores_20_nearest_restaurant generated=300 integrated=190 completed=68 cancelled=228 unfinished=4 service_units=86 productivity=0.2986111111111111 emission_g_co2=207690 emission_intensity=2415.0 run_dir=summary-only
2026-09-29T13:30:38Z INFO condition_started replication=3 seed=44 condition_id=p_0.66_stores_20_nearest_customer factor=factorial_cell p_integration=0.66 food_multiplier=1 grocery_multiplier=1 store_selection=nearest_customer
2026-09-29T13:30:40Z INFO condition_completed replication=3 seed=44 condition_id=p_0.66_stores_20_nearest_customer generated=300 integrated=190 completed=59 cancelled=238 unfinished=3 service_units=61 productivity=0.21180555555555555 emission_g_co2=207660 emission_intensity=3404.2622950819673 run_dir=summary-only
2026-09-29T13:30:41Z INFO replication_completed replication=3 seed=44 baseline_completed=139 reference_integrated_completed=77
2026-09-29T13:30:41Z INFO replication_started replication=4 seed=45
2026-09-29T13:30:41Z INFO condition_started replication=4 seed=45 condition_id=baseline factor=baseline p_integration=0 food_multiplier=1 grocery_multiplier=1 store_selection=uniform
2026-09-29T13:30:42Z INFO condition_completed replication=4 seed=45 condition_id=baseline generated=300 integrated=0 completed=132 cancelled=167 unfinished=1 service_units=132 productivity=0.4583333333333333 emission_g_co2=247410 emission_intensity=1874.3181818181818 run_dir=summary-only
2026-09-29T13:30:42Z INFO condition_started replication=4 seed=45 condition_id=p_0.22_stores_10_uniform factor=factorial_cell p_integration=0.22 food_multiplier=1 grocery_multiplier=1 store_selection=uniform
2026-09-29T13:30:44Z INFO condition_completed replication=4 seed=45 condition_id=p_0.22_stores_10_uniform generated=300 integrated=67 completed=105 cancelled=194 unfinished=1 service_units=105 productivity=0.3645833333333333 emission_g_co2=234300 emission_intensity=2231.4285714285716 run_dir=summary-only
2026-09-29T13:30:44Z INFO condition_started replication=4 seed=45 condition_id=p_0.22_stores_10_nearest_restaurant factor=factorial_cell p_integration=0.22 food_multiplier=1 grocery_multiplier=1 store_selection=nearest_restaurant
2026-09-29T13:30:46Z INFO condition_completed replication=4 seed=45 condition_id=p_0.22_stores_10_nearest_restaurant generated=300 integrated=67 completed=112 cancelled=187 unfinished=1 service_units=117 productivity=0.40625 emission_g_co2=240300 emission_intensity=2053.846153846154 run_dir=summary-only
2026-09-29T13:30:46Z INFO condition_started replication=4 seed=45 condition_id=p_0.22_stores_10_nearest_customer factor=factorial_cell p_integration=0.22 food_multiplier=1 grocery_multiplier=1 store_selection=nearest_customer
2026-09-29T13:30:47Z INFO condition_completed replication=4 seed=45 condition_id=p_0.22_stores_10_nearest_customer generated=300 integrated=67 completed=107 cancelled=192 unfinished=1 service_units=108 productivity=0.375 emission_g_co2=237780 emission_intensity=2201.6666666666665 run_dir=summary-only
2026-09-29T13:30:47Z INFO condition_started replication=4 seed=45 condition_id=p_0.22_stores_15_uniform factor=factorial_cell p_integration=0.22 food_multiplier=1 grocery_multiplier=1 store_selection=uniform
2026-09-29T13:30:49Z INFO condition_completed replication=4 seed=45 condition_id=p_0.22_stores_15_uniform generated=300 integrated=67 completed=107 cancelled=192 unfinished=1 service_units=108 productivity=0.375 emission_g_co2=238230 emission_intensity=2205.8333333333335 run_dir=summary-only
2026-09-29T13:30:49Z INFO condition_started replication=4 seed=45 condition_id=p_0.22_stores_15_nearest_restaurant factor=factorial_cell p_integration=0.22 food_multiplier=1 grocery_multiplier=1 store_selection=nearest_restaurant
2026-09-29T13:30:50Z INFO condition_completed replication=4 seed=45 condition_id=p_0.22_stores_15_nearest_restaurant generated=300 integrated=67 completed=112 cancelled=187 unfinished=1 service_units=116 productivity=0.4027777777777778 emission_g_co2=235620 emission_intensity=2031.2068965517242 run_dir=summary-only
2026-09-29T13:30:50Z INFO condition_started replication=4 seed=45 condition_id=p_0.22_stores_15_nearest_customer factor=factorial_cell p_integration=0.22 food_multiplier=1 grocery_multiplier=1 store_selection=nearest_customer
2026-09-29T13:30:52Z INFO condition_completed replication=4 seed=45 condition_id=p_0.22_stores_15_nearest_customer generated=300 integrated=67 completed=97 cancelled=202 unfinished=1 service_units=97 productivity=0.3368055555555556 emission_g_co2=232920 emission_intensity=2401.237113402062 run_dir=summary-only
2026-09-29T13:30:52Z INFO condition_started replication=4 seed=45 condition_id=p_0.22_stores_20_uniform factor=factorial_cell p_integration=0.22 food_multiplier=1 grocery_multiplier=1 store_selection=uniform
2026-09-29T13:30:54Z INFO condition_completed replication=4 seed=45 condition_id=p_0.22_stores_20_uniform generated=300 integrated=67 completed=107 cancelled=191 unfinished=2 service_units=107 productivity=0.3715277777777778 emission_g_co2=233190 emission_intensity=2179.345794392523 run_dir=summary-only
2026-09-29T13:30:54Z INFO condition_started replication=4 seed=45 condition_id=p_0.22_stores_20_nearest_restaurant factor=factorial_cell p_integration=0.22 food_multiplier=1 grocery_multiplier=1 store_selection=nearest_restaurant
2026-09-29T13:30:55Z INFO condition_completed replication=4 seed=45 condition_id=p_0.22_stores_20_nearest_restaurant generated=300 integrated=67 completed=109 cancelled=190 unfinished=1 service_units=114 productivity=0.3958333333333333 emission_g_co2=240090 emission_intensity=2106.0526315789475 run_dir=summary-only
2026-09-29T13:30:55Z INFO condition_started replication=4 seed=45 condition_id=p_0.22_stores_20_nearest_customer factor=factorial_cell p_integration=0.22 food_multiplier=1 grocery_multiplier=1 store_selection=nearest_customer
2026-09-29T13:30:57Z INFO condition_completed replication=4 seed=45 condition_id=p_0.22_stores_20_nearest_customer generated=300 integrated=67 completed=110 cancelled=189 unfinished=1 service_units=111 productivity=0.3854166666666667 emission_g_co2=242340 emission_intensity=2183.2432432432433 run_dir=summary-only
2026-09-29T13:30:57Z INFO condition_started replication=4 seed=45 condition_id=p_0.44_stores_10_uniform factor=factorial_cell p_integration=0.44 food_multiplier=1 grocery_multiplier=1 store_selection=uniform
2026-09-29T13:30:58Z INFO condition_completed replication=4 seed=45 condition_id=p_0.44_stores_10_uniform generated=300 integrated=133 completed=80 cancelled=218 unfinished=2 service_units=83 productivity=0.2881944444444444 emission_g_co2=217110 emission_intensity=2615.7831325301204 run_dir=summary-only
2026-09-29T13:30:58Z INFO condition_started replication=4 seed=45 condition_id=p_0.44_stores_10_nearest_restaurant factor=factorial_cell p_integration=0.44 food_multiplier=1 grocery_multiplier=1 store_selection=nearest_restaurant
2026-09-29T13:31:00Z INFO condition_completed replication=4 seed=45 condition_id=p_0.44_stores_10_nearest_restaurant generated=300 integrated=133 completed=87 cancelled=212 unfinished=1 service_units=99 productivity=0.34375 emission_g_co2=221730 emission_intensity=2239.6969696969695 run_dir=summary-only
2026-09-29T13:31:00Z INFO condition_started replication=4 seed=45 condition_id=p_0.44_stores_10_nearest_customer factor=factorial_cell p_integration=0.44 food_multiplier=1 grocery_multiplier=1 store_selection=nearest_customer
2026-09-29T13:31:02Z INFO condition_completed replication=4 seed=45 condition_id=p_0.44_stores_10_nearest_customer generated=300 integrated=133 completed=76 cancelled=223 unfinished=1 service_units=76 productivity=0.2638888888888889 emission_g_co2=214350 emission_intensity=2820.3947368421054 run_dir=summary-only
2026-09-29T13:31:02Z INFO condition_started replication=4 seed=45 condition_id=p_0.44_stores_15_uniform factor=factorial_cell p_integration=0.44 food_multiplier=1 grocery_multiplier=1 store_selection=uniform
2026-09-29T13:31:03Z INFO condition_completed replication=4 seed=45 condition_id=p_0.44_stores_15_uniform generated=300 integrated=133 completed=90 cancelled=208 unfinished=2 service_units=92 productivity=0.3194444444444444 emission_g_co2=222630 emission_intensity=2419.891304347826 run_dir=summary-only
2026-09-29T13:31:03Z INFO condition_started replication=4 seed=45 condition_id=p_0.44_stores_15_nearest_restaurant factor=factorial_cell p_integration=0.44 food_multiplier=1 grocery_multiplier=1 store_selection=nearest_restaurant
2026-09-29T13:31:05Z INFO condition_completed replication=4 seed=45 condition_id=p_0.44_stores_15_nearest_restaurant generated=300 integrated=133 completed=100 cancelled=199 unfinished=1 service_units=113 productivity=0.3923611111111111 emission_g_co2=227640 emission_intensity=2014.513274336283 run_dir=summary-only
2026-09-29T13:31:05Z INFO condition_started replication=4 seed=45 condition_id=p_0.44_stores_15_nearest_customer factor=factorial_cell p_integration=0.44 food_multiplier=1 grocery_multiplier=1 store_selection=nearest_customer
2026-09-29T13:31:07Z INFO condition_completed replication=4 seed=45 condition_id=p_0.44_stores_15_nearest_customer generated=300 integrated=133 completed=78 cancelled=221 unfinished=1 service_units=79 productivity=0.2743055555555556 emission_g_co2=216690 emission_intensity=2742.9113924050635 run_dir=summary-only
2026-09-29T13:31:07Z INFO condition_started replication=4 seed=45 condition_id=p_0.44_stores_20_uniform factor=factorial_cell p_integration=0.44 food_multiplier=1 grocery_multiplier=1 store_selection=uniform
2026-09-29T13:31:08Z INFO condition_completed replication=4 seed=45 condition_id=p_0.44_stores_20_uniform generated=300 integrated=133 completed=87 cancelled=212 unfinished=1 service_units=91 productivity=0.3159722222222222 emission_g_co2=218250 emission_intensity=2398.3516483516482 run_dir=summary-only
2026-09-29T13:31:08Z INFO condition_started replication=4 seed=45 condition_id=p_0.44_stores_20_nearest_restaurant factor=factorial_cell p_integration=0.44 food_multiplier=1 grocery_multiplier=1 store_selection=nearest_restaurant
2026-09-29T13:31:10Z INFO condition_completed replication=4 seed=45 condition_id=p_0.44_stores_20_nearest_restaurant generated=300 integrated=133 completed=97 cancelled=202 unfinished=1 service_units=111 productivity=0.3854166666666667 emission_g_co2=222720 emission_intensity=2006.4864864864865 run_dir=summary-only
2026-09-29T13:31:10Z INFO condition_started replication=4 seed=45 condition_id=p_0.44_stores_20_nearest_customer factor=factorial_cell p_integration=0.44 food_multiplier=1 grocery_multiplier=1 store_selection=nearest_customer
2026-09-29T13:31:12Z INFO condition_completed replication=4 seed=45 condition_id=p_0.44_stores_20_nearest_customer generated=300 integrated=133 completed=77 cancelled=222 unfinished=1 service_units=78 productivity=0.2708333333333333 emission_g_co2=222390 emission_intensity=2851.153846153846 run_dir=summary-only
2026-09-29T13:31:12Z INFO condition_started replication=4 seed=45 condition_id=p_0.66_stores_10_uniform factor=factorial_cell p_integration=0.66 food_multiplier=1 grocery_multiplier=1 store_selection=uniform
2026-09-29T13:31:14Z INFO condition_completed replication=4 seed=45 condition_id=p_0.66_stores_10_uniform generated=300 integrated=188 completed=53 cancelled=246 unfinished=1 service_units=55 productivity=0.1909722222222222 emission_g_co2=203130 emission_intensity=3693.2727272727275 run_dir=summary-only
2026-09-29T13:31:14Z INFO condition_started replication=4 seed=45 condition_id=p_0.66_stores_10_nearest_restaurant factor=factorial_cell p_integration=0.66 food_multiplier=1 grocery_multiplier=1 store_selection=nearest_restaurant
2026-09-29T13:31:15Z INFO condition_completed replication=4 seed=45 condition_id=p_0.66_stores_10_nearest_restaurant generated=300 integrated=188 completed=61 cancelled=238 unfinished=1 service_units=74 productivity=0.2569444444444444 emission_g_co2=199350 emission_intensity=2693.9189189189187 run_dir=summary-only
2026-09-29T13:31:15Z INFO condition_started replication=4 seed=45 condition_id=p_0.66_stores_10_nearest_customer factor=factorial_cell p_integration=0.66 food_multiplier=1 grocery_multiplier=1 store_selection=nearest_customer
2026-09-29T13:31:17Z INFO condition_completed replication=4 seed=45 condition_id=p_0.66_stores_10_nearest_customer generated=300 integrated=188 completed=59 cancelled=240 unfinished=1 service_units=62 productivity=0.2152777777777778 emission_g_co2=194040 emission_intensity=3129.6774193548385 run_dir=summary-only
2026-09-29T13:31:17Z INFO condition_started replication=4 seed=45 condition_id=p_0.66_stores_15_uniform factor=factorial_cell p_integration=0.66 food_multiplier=1 grocery_multiplier=1 store_selection=uniform
2026-09-29T13:31:19Z INFO condition_completed replication=4 seed=45 condition_id=p_0.66_stores_15_uniform generated=300 integrated=188 completed=62 cancelled=237 unfinished=1 service_units=66 productivity=0.22916666666666666 emission_g_co2=204210 emission_intensity=3094.090909090909 run_dir=summary-only
2026-09-29T13:31:19Z INFO condition_started replication=4 seed=45 condition_id=p_0.66_stores_15_nearest_restaurant factor=factorial_cell p_integration=0.66 food_multiplier=1 grocery_multiplier=1 store_selection=nearest_restaurant
2026-09-29T13:31:20Z INFO condition_completed replication=4 seed=45 condition_id=p_0.66_stores_15_nearest_restaurant generated=300 integrated=188 completed=73 cancelled=226 unfinished=1 service_units=95 productivity=0.3298611111111111 emission_g_co2=202830 emission_intensity=2135.0526315789475 run_dir=summary-only
2026-09-29T13:31:20Z INFO condition_started replication=4 seed=45 condition_id=p_0.66_stores_15_nearest_customer factor=factorial_cell p_integration=0.66 food_multiplier=1 grocery_multiplier=1 store_selection=nearest_customer
2026-09-29T13:31:22Z INFO condition_completed replication=4 seed=45 condition_id=p_0.66_stores_15_nearest_customer generated=300 integrated=188 completed=61 cancelled=238 unfinished=1 service_units=64 productivity=0.2222222222222222 emission_g_co2=208530 emission_intensity=3258.28125 run_dir=summary-only
2026-09-29T13:31:22Z INFO condition_started replication=4 seed=45 condition_id=p_0.66_stores_20_uniform factor=factorial_cell p_integration=0.66 food_multiplier=1 grocery_multiplier=1 store_selection=uniform
2026-09-29T13:31:24Z INFO condition_completed replication=4 seed=45 condition_id=p_0.66_stores_20_uniform generated=300 integrated=188 completed=52 cancelled=247 unfinished=1 service_units=60 productivity=0.20833333333333334 emission_g_co2=209850 emission_intensity=3497.5 run_dir=summary-only
2026-09-29T13:31:24Z INFO condition_started replication=4 seed=45 condition_id=p_0.66_stores_20_nearest_restaurant factor=factorial_cell p_integration=0.66 food_multiplier=1 grocery_multiplier=1 store_selection=nearest_restaurant
2026-09-29T13:31:26Z INFO condition_completed replication=4 seed=45 condition_id=p_0.66_stores_20_nearest_restaurant generated=300 integrated=188 completed=77 cancelled=222 unfinished=1 service_units=97 productivity=0.3368055555555556 emission_g_co2=203160 emission_intensity=2094.4329896907216 run_dir=summary-only
2026-09-29T13:31:26Z INFO condition_started replication=4 seed=45 condition_id=p_0.66_stores_20_nearest_customer factor=factorial_cell p_integration=0.66 food_multiplier=1 grocery_multiplier=1 store_selection=nearest_customer
2026-09-29T13:31:28Z INFO condition_completed replication=4 seed=45 condition_id=p_0.66_stores_20_nearest_customer generated=300 integrated=188 completed=56 cancelled=243 unfinished=1 service_units=60 productivity=0.20833333333333334 emission_g_co2=199860 emission_intensity=3331.0 run_dir=summary-only
2026-09-29T13:31:28Z INFO replication_completed replication=4 seed=45 baseline_completed=132 reference_integrated_completed=90
2026-09-29T13:31:28Z INFO replication_started replication=5 seed=46
2026-09-29T13:31:28Z INFO condition_started replication=5 seed=46 condition_id=baseline factor=baseline p_integration=0 food_multiplier=1 grocery_multiplier=1 store_selection=uniform
2026-09-29T13:31:30Z INFO condition_completed replication=5 seed=46 condition_id=baseline generated=300 integrated=0 completed=139 cancelled=158 unfinished=3 service_units=139 productivity=0.4826388888888889 emission_g_co2=253710 emission_intensity=1825.2517985611512 run_dir=summary-only
2026-09-29T13:31:30Z INFO condition_started replication=5 seed=46 condition_id=p_0.22_stores_10_uniform factor=factorial_cell p_integration=0.22 food_multiplier=1 grocery_multiplier=1 store_selection=uniform
2026-09-29T13:31:31Z INFO condition_completed replication=5 seed=46 condition_id=p_0.22_stores_10_uniform generated=300 integrated=70 completed=105 cancelled=191 unfinished=4 service_units=105 productivity=0.3645833333333333 emission_g_co2=237150 emission_intensity=2258.5714285714284 run_dir=summary-only
2026-09-29T13:31:31Z INFO condition_started replication=5 seed=46 condition_id=p_0.22_stores_10_nearest_restaurant factor=factorial_cell p_integration=0.22 food_multiplier=1 grocery_multiplier=1 store_selection=nearest_restaurant
2026-09-29T13:31:33Z INFO condition_completed replication=5 seed=46 condition_id=p_0.22_stores_10_nearest_restaurant generated=300 integrated=70 completed=112 cancelled=185 unfinished=3 service_units=116 productivity=0.4027777777777778 emission_g_co2=234840 emission_intensity=2024.4827586206898 run_dir=summary-only
2026-09-29T13:31:33Z INFO condition_started replication=5 seed=46 condition_id=p_0.22_stores_10_nearest_customer factor=factorial_cell p_integration=0.22 food_multiplier=1 grocery_multiplier=1 store_selection=nearest_customer
2026-09-29T13:31:34Z INFO condition_completed replication=5 seed=46 condition_id=p_0.22_stores_10_nearest_customer generated=300 integrated=70 completed=106 cancelled=189 unfinished=5 service_units=108 productivity=0.375 emission_g_co2=233730 emission_intensity=2164.1666666666665 run_dir=summary-only
2026-09-29T13:31:34Z INFO condition_started replication=5 seed=46 condition_id=p_0.22_stores_15_uniform factor=factorial_cell p_integration=0.22 food_multiplier=1 grocery_multiplier=1 store_selection=uniform
2026-09-29T13:31:36Z INFO condition_completed replication=5 seed=46 condition_id=p_0.22_stores_15_uniform generated=300 integrated=70 completed=103 cancelled=192 unfinished=5 service_units=105 productivity=0.3645833333333333 emission_g_co2=238050 emission_intensity=2267.1428571428573 run_dir=summary-only
2026-09-29T13:31:36Z INFO condition_started replication=5 seed=46 condition_id=p_0.22_stores_15_nearest_restaurant factor=factorial_cell p_integration=0.22 food_multiplier=1 grocery_multiplier=1 store_selection=nearest_restaurant
2026-09-29T13:31:38Z INFO condition_completed replication=5 seed=46 condition_id=p_0.22_stores_15_nearest_restaurant generated=300 integrated=70 completed=115 cancelled=180 unfinished=5 service_units=121 productivity=0.4201388888888889 emission_g_co2=237630 emission_intensity=1963.8842975206612 run_dir=summary-only
2026-09-29T13:31:38Z INFO condition_started replication=5 seed=46 condition_id=p_0.22_stores_15_nearest_customer factor=factorial_cell p_integration=0.22 food_multiplier=1 grocery_multiplier=1 store_selection=nearest_customer
2026-09-29T13:31:40Z INFO condition_completed replication=5 seed=46 condition_id=p_0.22_stores_15_nearest_customer generated=300 integrated=70 completed=104 cancelled=192 unfinished=4 service_units=105 productivity=0.3645833333333333 emission_g_co2=233820 emission_intensity=2226.8571428571427 run_dir=summary-only
2026-09-29T13:31:40Z INFO condition_started replication=5 seed=46 condition_id=p_0.22_stores_20_uniform factor=factorial_cell p_integration=0.22 food_multiplier=1 grocery_multiplier=1 store_selection=uniform
2026-09-29T13:31:41Z INFO condition_completed replication=5 seed=46 condition_id=p_0.22_stores_20_uniform generated=300 integrated=70 completed=114 cancelled=183 unfinished=3 service_units=114 productivity=0.3958333333333333 emission_g_co2=237000 emission_intensity=2078.9473684210525 run_dir=summary-only
2026-09-29T13:31:41Z INFO condition_started replication=5 seed=46 condition_id=p_0.22_stores_20_nearest_restaurant factor=factorial_cell p_integration=0.22 food_multiplier=1 grocery_multiplier=1 store_selection=nearest_restaurant
2026-09-29T13:31:43Z INFO condition_completed replication=5 seed=46 condition_id=p_0.22_stores_20_nearest_restaurant generated=300 integrated=70 completed=124 cancelled=173 unfinished=3 service_units=132 productivity=0.4583333333333333 emission_g_co2=243690 emission_intensity=1846.1363636363637 run_dir=summary-only
2026-09-29T13:31:43Z INFO condition_started replication=5 seed=46 condition_id=p_0.22_stores_20_nearest_customer factor=factorial_cell p_integration=0.22 food_multiplier=1 grocery_multiplier=1 store_selection=nearest_customer
2026-09-29T13:31:44Z INFO condition_completed replication=5 seed=46 condition_id=p_0.22_stores_20_nearest_customer generated=300 integrated=70 completed=109 cancelled=187 unfinished=4 service_units=110 productivity=0.3819444444444444 emission_g_co2=233130 emission_intensity=2119.3636363636365 run_dir=summary-only
2026-09-29T13:31:44Z INFO condition_started replication=5 seed=46 condition_id=p_0.44_stores_10_uniform factor=factorial_cell p_integration=0.44 food_multiplier=1 grocery_multiplier=1 store_selection=uniform
2026-09-29T13:31:46Z INFO condition_completed replication=5 seed=46 condition_id=p_0.44_stores_10_uniform generated=300 integrated=129 completed=88 cancelled=209 unfinished=3 service_units=89 productivity=0.3090277777777778 emission_g_co2=218640 emission_intensity=2456.629213483146 run_dir=summary-only
2026-09-29T13:31:46Z INFO condition_started replication=5 seed=46 condition_id=p_0.44_stores_10_nearest_restaurant factor=factorial_cell p_integration=0.44 food_multiplier=1 grocery_multiplier=1 store_selection=nearest_restaurant
2026-09-29T13:31:48Z INFO condition_completed replication=5 seed=46 condition_id=p_0.44_stores_10_nearest_restaurant generated=300 integrated=129 completed=84 cancelled=213 unfinished=3 service_units=94 productivity=0.3263888888888889 emission_g_co2=218970 emission_intensity=2329.468085106383 run_dir=summary-only
2026-09-29T13:31:48Z INFO condition_started replication=5 seed=46 condition_id=p_0.44_stores_10_nearest_customer factor=factorial_cell p_integration=0.44 food_multiplier=1 grocery_multiplier=1 store_selection=nearest_customer
2026-09-29T13:31:49Z INFO condition_completed replication=5 seed=46 condition_id=p_0.44_stores_10_nearest_customer generated=300 integrated=129 completed=90 cancelled=207 unfinished=3 service_units=92 productivity=0.3194444444444444 emission_g_co2=221190 emission_intensity=2404.2391304347825 run_dir=summary-only
2026-09-29T13:31:49Z INFO condition_started replication=5 seed=46 condition_id=p_0.44_stores_15_uniform factor=factorial_cell p_integration=0.44 food_multiplier=1 grocery_multiplier=1 store_selection=uniform
2026-09-29T13:31:51Z INFO condition_completed replication=5 seed=46 condition_id=p_0.44_stores_15_uniform generated=300 integrated=129 completed=80 cancelled=216 unfinished=4 service_units=82 productivity=0.2847222222222222 emission_g_co2=218730 emission_intensity=2667.439024390244 run_dir=summary-only
2026-09-29T13:31:51Z INFO condition_started replication=5 seed=46 condition_id=p_0.44_stores_15_nearest_restaurant factor=factorial_cell p_integration=0.44 food_multiplier=1 grocery_multiplier=1 store_selection=nearest_restaurant
2026-09-29T13:31:53Z INFO condition_completed replication=5 seed=46 condition_id=p_0.44_stores_15_nearest_restaurant generated=300 integrated=129 completed=98 cancelled=199 unfinished=3 service_units=109 productivity=0.3784722222222222 emission_g_co2=230700 emission_intensity=2116.5137614678897 run_dir=summary-only
2026-09-29T13:31:53Z INFO condition_started replication=5 seed=46 condition_id=p_0.44_stores_15_nearest_customer factor=factorial_cell p_integration=0.44 food_multiplier=1 grocery_multiplier=1 store_selection=nearest_customer
2026-09-29T13:31:54Z INFO condition_completed replication=5 seed=46 condition_id=p_0.44_stores_15_nearest_customer generated=300 integrated=129 completed=83 cancelled=215 unfinished=2 service_units=84 productivity=0.2916666666666667 emission_g_co2=214890 emission_intensity=2558.214285714286 run_dir=summary-only
2026-09-29T13:31:54Z INFO condition_started replication=5 seed=46 condition_id=p_0.44_stores_20_uniform factor=factorial_cell p_integration=0.44 food_multiplier=1 grocery_multiplier=1 store_selection=uniform
2026-09-29T13:31:56Z INFO condition_completed replication=5 seed=46 condition_id=p_0.44_stores_20_uniform generated=300 integrated=129 completed=84 cancelled=213 unfinished=3 service_units=84 productivity=0.2916666666666667 emission_g_co2=224430 emission_intensity=2671.785714285714 run_dir=summary-only
2026-09-29T13:31:56Z INFO condition_started replication=5 seed=46 condition_id=p_0.44_stores_20_nearest_restaurant factor=factorial_cell p_integration=0.44 food_multiplier=1 grocery_multiplier=1 store_selection=nearest_restaurant
2026-09-29T13:31:58Z INFO condition_completed replication=5 seed=46 condition_id=p_0.44_stores_20_nearest_restaurant generated=300 integrated=129 completed=95 cancelled=203 unfinished=2 service_units=107 productivity=0.3715277777777778 emission_g_co2=224790 emission_intensity=2100.841121495327 run_dir=summary-only
2026-09-29T13:31:58Z INFO condition_started replication=5 seed=46 condition_id=p_0.44_stores_20_nearest_customer factor=factorial_cell p_integration=0.44 food_multiplier=1 grocery_multiplier=1 store_selection=nearest_customer
2026-09-29T13:31:59Z INFO condition_completed replication=5 seed=46 condition_id=p_0.44_stores_20_nearest_customer generated=300 integrated=129 completed=88 cancelled=210 unfinished=2 service_units=90 productivity=0.3125 emission_g_co2=219270 emission_intensity=2436.3333333333335 run_dir=summary-only
2026-09-29T13:31:59Z INFO condition_started replication=5 seed=46 condition_id=p_0.66_stores_10_uniform factor=factorial_cell p_integration=0.66 food_multiplier=1 grocery_multiplier=1 store_selection=uniform
2026-09-29T13:32:01Z INFO condition_completed replication=5 seed=46 condition_id=p_0.66_stores_10_uniform generated=300 integrated=198 completed=56 cancelled=242 unfinished=2 service_units=60 productivity=0.20833333333333334 emission_g_co2=197730 emission_intensity=3295.5 run_dir=summary-only
2026-09-29T13:32:01Z INFO condition_started replication=5 seed=46 condition_id=p_0.66_stores_10_nearest_restaurant factor=factorial_cell p_integration=0.66 food_multiplier=1 grocery_multiplier=1 store_selection=nearest_restaurant
2026-09-29T13:32:03Z INFO condition_completed replication=5 seed=46 condition_id=p_0.66_stores_10_nearest_restaurant generated=300 integrated=198 completed=52 cancelled=246 unfinished=2 service_units=57 productivity=0.19791666666666666 emission_g_co2=185970 emission_intensity=3262.6315789473683 run_dir=summary-only
2026-09-29T13:32:03Z INFO condition_started replication=5 seed=46 condition_id=p_0.66_stores_10_nearest_customer factor=factorial_cell p_integration=0.66 food_multiplier=1 grocery_multiplier=1 store_selection=nearest_customer
2026-09-29T13:32:05Z INFO condition_completed replication=5 seed=46 condition_id=p_0.66_stores_10_nearest_customer generated=300 integrated=198 completed=60 cancelled=238 unfinished=2 service_units=62 productivity=0.2152777777777778 emission_g_co2=196230 emission_intensity=3165.0 run_dir=summary-only
2026-09-29T13:32:05Z INFO condition_started replication=5 seed=46 condition_id=p_0.66_stores_15_uniform factor=factorial_cell p_integration=0.66 food_multiplier=1 grocery_multiplier=1 store_selection=uniform
2026-09-29T13:32:06Z INFO condition_completed replication=5 seed=46 condition_id=p_0.66_stores_15_uniform generated=300 integrated=198 completed=53 cancelled=245 unfinished=2 service_units=55 productivity=0.1909722222222222 emission_g_co2=198060 emission_intensity=3601.090909090909 run_dir=summary-only
2026-09-29T13:32:06Z INFO condition_started replication=5 seed=46 condition_id=p_0.66_stores_15_nearest_restaurant factor=factorial_cell p_integration=0.66 food_multiplier=1 grocery_multiplier=1 store_selection=nearest_restaurant
2026-09-29T13:32:08Z INFO condition_completed replication=5 seed=46 condition_id=p_0.66_stores_15_nearest_restaurant generated=300 integrated=198 completed=63 cancelled=234 unfinished=3 service_units=71 productivity=0.2465277777777778 emission_g_co2=200460 emission_intensity=2823.3802816901407 run_dir=summary-only
2026-09-29T13:32:08Z INFO condition_started replication=5 seed=46 condition_id=p_0.66_stores_15_nearest_customer factor=factorial_cell p_integration=0.66 food_multiplier=1 grocery_multiplier=1 store_selection=nearest_customer
2026-09-29T13:32:10Z INFO condition_completed replication=5 seed=46 condition_id=p_0.66_stores_15_nearest_customer generated=300 integrated=198 completed=52 cancelled=245 unfinished=3 service_units=53 productivity=0.1840277777777778 emission_g_co2=187350 emission_intensity=3534.9056603773583 run_dir=summary-only
2026-09-29T13:32:10Z INFO condition_started replication=5 seed=46 condition_id=p_0.66_stores_20_uniform factor=factorial_cell p_integration=0.66 food_multiplier=1 grocery_multiplier=1 store_selection=uniform
2026-09-29T13:32:12Z INFO condition_completed replication=5 seed=46 condition_id=p_0.66_stores_20_uniform generated=300 integrated=198 completed=53 cancelled=245 unfinished=2 service_units=55 productivity=0.1909722222222222 emission_g_co2=192090 emission_intensity=3492.5454545454545 run_dir=summary-only
2026-09-29T13:32:12Z INFO condition_started replication=5 seed=46 condition_id=p_0.66_stores_20_nearest_restaurant factor=factorial_cell p_integration=0.66 food_multiplier=1 grocery_multiplier=1 store_selection=nearest_restaurant
2026-09-29T13:32:14Z INFO condition_completed replication=5 seed=46 condition_id=p_0.66_stores_20_nearest_restaurant generated=300 integrated=198 completed=64 cancelled=234 unfinished=2 service_units=77 productivity=0.2673611111111111 emission_g_co2=196290 emission_intensity=2549.220779220779 run_dir=summary-only
2026-09-29T13:32:14Z INFO condition_started replication=5 seed=46 condition_id=p_0.66_stores_20_nearest_customer factor=factorial_cell p_integration=0.66 food_multiplier=1 grocery_multiplier=1 store_selection=nearest_customer
2026-09-29T13:32:16Z INFO condition_completed replication=5 seed=46 condition_id=p_0.66_stores_20_nearest_customer generated=300 integrated=198 completed=50 cancelled=248 unfinished=2 service_units=51 productivity=0.17708333333333334 emission_g_co2=192240 emission_intensity=3769.4117647058824 run_dir=summary-only
2026-09-29T13:32:17Z INFO replication_completed replication=5 seed=46 baseline_completed=139 reference_integrated_completed=80
2026-09-29T13:32:17Z INFO replication_started replication=6 seed=47
2026-09-29T13:32:17Z INFO condition_started replication=6 seed=47 condition_id=baseline factor=baseline p_integration=0 food_multiplier=1 grocery_multiplier=1 store_selection=uniform
2026-09-29T13:32:19Z INFO condition_completed replication=6 seed=47 condition_id=baseline generated=300 integrated=0 completed=130 cancelled=165 unfinished=5 service_units=130 productivity=0.4513888888888889 emission_g_co2=259080 emission_intensity=1992.923076923077 run_dir=summary-only
2026-09-29T13:32:19Z INFO condition_started replication=6 seed=47 condition_id=p_0.22_stores_10_uniform factor=factorial_cell p_integration=0.22 food_multiplier=1 grocery_multiplier=1 store_selection=uniform
2026-09-29T13:32:20Z INFO condition_completed replication=6 seed=47 condition_id=p_0.22_stores_10_uniform generated=300 integrated=63 completed=105 cancelled=193 unfinished=2 service_units=106 productivity=0.3680555555555556 emission_g_co2=238920 emission_intensity=2253.9622641509436 run_dir=summary-only
2026-09-29T13:32:20Z INFO condition_started replication=6 seed=47 condition_id=p_0.22_stores_10_nearest_restaurant factor=factorial_cell p_integration=0.22 food_multiplier=1 grocery_multiplier=1 store_selection=nearest_restaurant
2026-09-29T13:32:22Z INFO condition_completed replication=6 seed=47 condition_id=p_0.22_stores_10_nearest_restaurant generated=300 integrated=63 completed=116 cancelled=182 unfinished=2 service_units=121 productivity=0.4201388888888889 emission_g_co2=240330 emission_intensity=1986.198347107438 run_dir=summary-only
2026-09-29T13:32:22Z INFO condition_started replication=6 seed=47 condition_id=p_0.22_stores_10_nearest_customer factor=factorial_cell p_integration=0.22 food_multiplier=1 grocery_multiplier=1 store_selection=nearest_customer
2026-09-29T13:32:23Z INFO condition_completed replication=6 seed=47 condition_id=p_0.22_stores_10_nearest_customer generated=300 integrated=63 completed=104 cancelled=192 unfinished=4 service_units=105 productivity=0.3645833333333333 emission_g_co2=243990 emission_intensity=2323.714285714286 run_dir=summary-only
2026-09-29T13:32:23Z INFO condition_started replication=6 seed=47 condition_id=p_0.22_stores_15_uniform factor=factorial_cell p_integration=0.22 food_multiplier=1 grocery_multiplier=1 store_selection=uniform
2026-09-29T13:32:25Z INFO condition_completed replication=6 seed=47 condition_id=p_0.22_stores_15_uniform generated=300 integrated=63 completed=114 cancelled=183 unfinished=3 service_units=117 productivity=0.40625 emission_g_co2=243930 emission_intensity=2084.871794871795 run_dir=summary-only
2026-09-29T13:32:25Z INFO condition_started replication=6 seed=47 condition_id=p_0.22_stores_15_nearest_restaurant factor=factorial_cell p_integration=0.22 food_multiplier=1 grocery_multiplier=1 store_selection=nearest_restaurant
2026-09-29T13:32:26Z INFO condition_completed replication=6 seed=47 condition_id=p_0.22_stores_15_nearest_restaurant generated=300 integrated=63 completed=114 cancelled=184 unfinished=2 service_units=116 productivity=0.4027777777777778 emission_g_co2=245460 emission_intensity=2116.0344827586205 run_dir=summary-only
2026-09-29T13:32:26Z INFO condition_started replication=6 seed=47 condition_id=p_0.22_stores_15_nearest_customer factor=factorial_cell p_integration=0.22 food_multiplier=1 grocery_multiplier=1 store_selection=nearest_customer
2026-09-29T13:32:28Z INFO condition_completed replication=6 seed=47 condition_id=p_0.22_stores_15_nearest_customer generated=300 integrated=63 completed=101 cancelled=197 unfinished=2 service_units=101 productivity=0.3506944444444444 emission_g_co2=245430 emission_intensity=2430.0 run_dir=summary-only
2026-09-29T13:32:28Z INFO condition_started replication=6 seed=47 condition_id=p_0.22_stores_20_uniform factor=factorial_cell p_integration=0.22 food_multiplier=1 grocery_multiplier=1 store_selection=uniform
2026-09-29T13:32:30Z INFO condition_completed replication=6 seed=47 condition_id=p_0.22_stores_20_uniform generated=300 integrated=63 completed=113 cancelled=184 unfinished=3 service_units=115 productivity=0.3993055555555556 emission_g_co2=240390 emission_intensity=2090.3478260869565 run_dir=summary-only
2026-09-29T13:32:30Z INFO condition_started replication=6 seed=47 condition_id=p_0.22_stores_20_nearest_restaurant factor=factorial_cell p_integration=0.22 food_multiplier=1 grocery_multiplier=1 store_selection=nearest_restaurant
2026-09-29T13:32:31Z INFO condition_completed replication=6 seed=47 condition_id=p_0.22_stores_20_nearest_restaurant generated=300 integrated=63 completed=116 cancelled=182 unfinished=2 service_units=119 productivity=0.4131944444444444 emission_g_co2=244170 emission_intensity=2051.8487394957983 run_dir=summary-only
2026-09-29T13:32:31Z INFO condition_started replication=6 seed=47 condition_id=p_0.22_stores_20_nearest_customer factor=factorial_cell p_integration=0.22 food_multiplier=1 grocery_multiplier=1 store_selection=nearest_customer
2026-09-29T13:32:33Z INFO condition_completed replication=6 seed=47 condition_id=p_0.22_stores_20_nearest_customer generated=300 integrated=63 completed=104 cancelled=192 unfinished=4 service_units=107 productivity=0.3715277777777778 emission_g_co2=241830 emission_intensity=2260.0934579439254 run_dir=summary-only
2026-09-29T13:32:33Z INFO condition_started replication=6 seed=47 condition_id=p_0.44_stores_10_uniform factor=factorial_cell p_integration=0.44 food_multiplier=1 grocery_multiplier=1 store_selection=uniform
2026-09-29T13:32:35Z INFO condition_completed replication=6 seed=47 condition_id=p_0.44_stores_10_uniform generated=300 integrated=125 completed=81 cancelled=217 unfinished=2 service_units=82 productivity=0.2847222222222222 emission_g_co2=218640 emission_intensity=2666.3414634146343 run_dir=summary-only
2026-09-29T13:32:35Z INFO condition_started replication=6 seed=47 condition_id=p_0.44_stores_10_nearest_restaurant factor=factorial_cell p_integration=0.44 food_multiplier=1 grocery_multiplier=1 store_selection=nearest_restaurant
2026-09-29T13:32:36Z INFO condition_completed replication=6 seed=47 condition_id=p_0.44_stores_10_nearest_restaurant generated=300 integrated=125 completed=81 cancelled=217 unfinished=2 service_units=85 productivity=0.2951388888888889 emission_g_co2=214680 emission_intensity=2525.6470588235293 run_dir=summary-only
2026-09-29T13:32:36Z INFO condition_started replication=6 seed=47 condition_id=p_0.44_stores_10_nearest_customer factor=factorial_cell p_integration=0.44 food_multiplier=1 grocery_multiplier=1 store_selection=nearest_customer
2026-09-29T13:32:38Z INFO condition_completed replication=6 seed=47 condition_id=p_0.44_stores_10_nearest_customer generated=300 integrated=125 completed=78 cancelled=220 unfinished=2 service_units=78 productivity=0.2708333333333333 emission_g_co2=215550 emission_intensity=2763.4615384615386 run_dir=summary-only
2026-09-29T13:32:38Z INFO condition_started replication=6 seed=47 condition_id=p_0.44_stores_15_uniform factor=factorial_cell p_integration=0.44 food_multiplier=1 grocery_multiplier=1 store_selection=uniform
2026-09-29T13:32:40Z INFO condition_completed replication=6 seed=47 condition_id=p_0.44_stores_15_uniform generated=300 integrated=125 completed=82 cancelled=215 unfinished=3 service_units=85 productivity=0.2951388888888889 emission_g_co2=233820 emission_intensity=2750.823529411765 run_dir=summary-only
2026-09-29T13:32:40Z INFO condition_started replication=6 seed=47 condition_id=p_0.44_stores_15_nearest_restaurant factor=factorial_cell p_integration=0.44 food_multiplier=1 grocery_multiplier=1 store_selection=nearest_restaurant
2026-09-29T13:32:42Z INFO condition_completed replication=6 seed=47 condition_id=p_0.44_stores_15_nearest_restaurant generated=300 integrated=125 completed=92 cancelled=206 unfinished=2 service_units=98 productivity=0.3402777777777778 emission_g_co2=221940 emission_intensity=2264.6938775510203 run_dir=summary-only
2026-09-29T13:32:42Z INFO condition_started replication=6 seed=47 condition_id=p_0.44_stores_15_nearest_customer factor=factorial_cell p_integration=0.44 food_multiplier=1 grocery_multiplier=1 store_selection=nearest_customer
2026-09-29T13:32:46Z INFO condition_completed replication=6 seed=47 condition_id=p_0.44_stores_15_nearest_customer generated=300 integrated=125 completed=70 cancelled=227 unfinished=3 service_units=71 productivity=0.2465277777777778 emission_g_co2=218340 emission_intensity=3075.211267605634 run_dir=summary-only
2026-09-29T13:32:46Z INFO condition_started replication=6 seed=47 condition_id=p_0.44_stores_20_uniform factor=factorial_cell p_integration=0.44 food_multiplier=1 grocery_multiplier=1 store_selection=uniform
2026-09-29T13:32:50Z INFO condition_completed replication=6 seed=47 condition_id=p_0.44_stores_20_uniform generated=300 integrated=125 completed=88 cancelled=209 unfinished=3 service_units=92 productivity=0.3194444444444444 emission_g_co2=231720 emission_intensity=2518.695652173913 run_dir=summary-only
2026-09-29T13:32:50Z INFO condition_started replication=6 seed=47 condition_id=p_0.44_stores_20_nearest_restaurant factor=factorial_cell p_integration=0.44 food_multiplier=1 grocery_multiplier=1 store_selection=nearest_restaurant
2026-09-29T13:32:54Z INFO condition_completed replication=6 seed=47 condition_id=p_0.44_stores_20_nearest_restaurant generated=300 integrated=125 completed=91 cancelled=206 unfinished=3 service_units=97 productivity=0.3368055555555556 emission_g_co2=222630 emission_intensity=2295.1546391752577 run_dir=summary-only
2026-09-29T13:32:54Z INFO condition_started replication=6 seed=47 condition_id=p_0.44_stores_20_nearest_customer factor=factorial_cell p_integration=0.44 food_multiplier=1 grocery_multiplier=1 store_selection=nearest_customer
2026-09-29T13:32:58Z INFO condition_completed replication=6 seed=47 condition_id=p_0.44_stores_20_nearest_customer generated=300 integrated=125 completed=80 cancelled=216 unfinished=4 service_units=82 productivity=0.2847222222222222 emission_g_co2=227100 emission_intensity=2769.512195121951 run_dir=summary-only
2026-09-29T13:32:58Z INFO condition_started replication=6 seed=47 condition_id=p_0.66_stores_10_uniform factor=factorial_cell p_integration=0.66 food_multiplier=1 grocery_multiplier=1 store_selection=uniform
2026-09-29T13:33:02Z INFO condition_completed replication=6 seed=47 condition_id=p_0.66_stores_10_uniform generated=300 integrated=187 completed=51 cancelled=246 unfinished=3 service_units=54 productivity=0.1875 emission_g_co2=199890 emission_intensity=3701.6666666666665 run_dir=summary-only
2026-09-29T13:33:02Z INFO condition_started replication=6 seed=47 condition_id=p_0.66_stores_10_nearest_restaurant factor=factorial_cell p_integration=0.66 food_multiplier=1 grocery_multiplier=1 store_selection=nearest_restaurant
2026-09-29T13:33:05Z INFO condition_completed replication=6 seed=47 condition_id=p_0.66_stores_10_nearest_restaurant generated=300 integrated=187 completed=62 cancelled=236 unfinished=2 service_units=68 productivity=0.2361111111111111 emission_g_co2=191130 emission_intensity=2810.735294117647 run_dir=summary-only
2026-09-29T13:33:05Z INFO condition_started replication=6 seed=47 condition_id=p_0.66_stores_10_nearest_customer factor=factorial_cell p_integration=0.66 food_multiplier=1 grocery_multiplier=1 store_selection=nearest_customer
2026-09-29T13:33:09Z INFO condition_completed replication=6 seed=47 condition_id=p_0.66_stores_10_nearest_customer generated=300 integrated=187 completed=60 cancelled=238 unfinished=2 service_units=61 productivity=0.21180555555555555 emission_g_co2=202320 emission_intensity=3316.72131147541 run_dir=summary-only
2026-09-29T13:33:09Z INFO condition_started replication=6 seed=47 condition_id=p_0.66_stores_15_uniform factor=factorial_cell p_integration=0.66 food_multiplier=1 grocery_multiplier=1 store_selection=uniform
2026-09-29T13:33:13Z INFO condition_completed replication=6 seed=47 condition_id=p_0.66_stores_15_uniform generated=300 integrated=187 completed=54 cancelled=244 unfinished=2 service_units=55 productivity=0.1909722222222222 emission_g_co2=204750 emission_intensity=3722.7272727272725 run_dir=summary-only
2026-09-29T13:33:13Z INFO condition_started replication=6 seed=47 condition_id=p_0.66_stores_15_nearest_restaurant factor=factorial_cell p_integration=0.66 food_multiplier=1 grocery_multiplier=1 store_selection=nearest_restaurant
2026-09-29T13:33:14Z INFO condition_completed replication=6 seed=47 condition_id=p_0.66_stores_15_nearest_restaurant generated=300 integrated=187 completed=66 cancelled=232 unfinished=2 service_units=74 productivity=0.2569444444444444 emission_g_co2=203460 emission_intensity=2749.4594594594596 run_dir=summary-only
2026-09-29T13:33:14Z INFO condition_started replication=6 seed=47 condition_id=p_0.66_stores_15_nearest_customer factor=factorial_cell p_integration=0.66 food_multiplier=1 grocery_multiplier=1 store_selection=nearest_customer
2026-09-29T13:33:16Z INFO condition_completed replication=6 seed=47 condition_id=p_0.66_stores_15_nearest_customer generated=300 integrated=187 completed=57 cancelled=241 unfinished=2 service_units=58 productivity=0.2013888888888889 emission_g_co2=206640 emission_intensity=3562.7586206896553 run_dir=summary-only
2026-09-29T13:33:16Z INFO condition_started replication=6 seed=47 condition_id=p_0.66_stores_20_uniform factor=factorial_cell p_integration=0.66 food_multiplier=1 grocery_multiplier=1 store_selection=uniform
2026-09-29T13:33:18Z INFO condition_completed replication=6 seed=47 condition_id=p_0.66_stores_20_uniform generated=300 integrated=187 completed=63 cancelled=234 unfinished=3 service_units=64 productivity=0.2222222222222222 emission_g_co2=220830 emission_intensity=3450.46875 run_dir=summary-only
2026-09-29T13:33:18Z INFO condition_started replication=6 seed=47 condition_id=p_0.66_stores_20_nearest_restaurant factor=factorial_cell p_integration=0.66 food_multiplier=1 grocery_multiplier=1 store_selection=nearest_restaurant
2026-09-29T13:33:20Z INFO condition_completed replication=6 seed=47 condition_id=p_0.66_stores_20_nearest_restaurant generated=300 integrated=187 completed=68 cancelled=230 unfinished=2 service_units=77 productivity=0.2673611111111111 emission_g_co2=197580 emission_intensity=2565.974025974026 run_dir=summary-only
2026-09-29T13:33:20Z INFO condition_started replication=6 seed=47 condition_id=p_0.66_stores_20_nearest_customer factor=factorial_cell p_integration=0.66 food_multiplier=1 grocery_multiplier=1 store_selection=nearest_customer
2026-09-29T13:33:21Z INFO condition_completed replication=6 seed=47 condition_id=p_0.66_stores_20_nearest_customer generated=300 integrated=187 completed=57 cancelled=241 unfinished=2 service_units=59 productivity=0.2048611111111111 emission_g_co2=204810 emission_intensity=3471.35593220339 run_dir=summary-only
2026-09-29T13:33:22Z INFO replication_completed replication=6 seed=47 baseline_completed=130 reference_integrated_completed=82
2026-09-29T13:33:22Z INFO replication_started replication=7 seed=48
2026-09-29T13:33:22Z INFO condition_started replication=7 seed=48 condition_id=baseline factor=baseline p_integration=0 food_multiplier=1 grocery_multiplier=1 store_selection=uniform
2026-09-29T13:33:24Z INFO condition_completed replication=7 seed=48 condition_id=baseline generated=300 integrated=0 completed=134 cancelled=164 unfinished=2 service_units=134 productivity=0.4652777777777778 emission_g_co2=255480 emission_intensity=1906.5671641791046 run_dir=summary-only
2026-09-29T13:33:24Z INFO condition_started replication=7 seed=48 condition_id=p_0.22_stores_10_uniform factor=factorial_cell p_integration=0.22 food_multiplier=1 grocery_multiplier=1 store_selection=uniform
2026-09-29T13:33:25Z INFO condition_completed replication=7 seed=48 condition_id=p_0.22_stores_10_uniform generated=300 integrated=72 completed=108 cancelled=189 unfinished=3 service_units=109 productivity=0.3784722222222222 emission_g_co2=236940 emission_intensity=2173.761467889908 run_dir=summary-only
2026-09-29T13:33:25Z INFO condition_started replication=7 seed=48 condition_id=p_0.22_stores_10_nearest_restaurant factor=factorial_cell p_integration=0.22 food_multiplier=1 grocery_multiplier=1 store_selection=nearest_restaurant
2026-09-29T13:33:27Z INFO condition_completed replication=7 seed=48 condition_id=p_0.22_stores_10_nearest_restaurant generated=300 integrated=72 completed=108 cancelled=190 unfinished=2 service_units=115 productivity=0.3993055555555556 emission_g_co2=237360 emission_intensity=2064.0 run_dir=summary-only
2026-09-29T13:33:27Z INFO condition_started replication=7 seed=48 condition_id=p_0.22_stores_10_nearest_customer factor=factorial_cell p_integration=0.22 food_multiplier=1 grocery_multiplier=1 store_selection=nearest_customer
2026-09-29T13:33:28Z INFO condition_completed replication=7 seed=48 condition_id=p_0.22_stores_10_nearest_customer generated=300 integrated=72 completed=113 cancelled=185 unfinished=2 service_units=113 productivity=0.3923611111111111 emission_g_co2=233370 emission_intensity=2065.221238938053 run_dir=summary-only
2026-09-29T13:33:28Z INFO condition_started replication=7 seed=48 condition_id=p_0.22_stores_15_uniform factor=factorial_cell p_integration=0.22 food_multiplier=1 grocery_multiplier=1 store_selection=uniform
2026-09-29T13:33:30Z INFO condition_completed replication=7 seed=48 condition_id=p_0.22_stores_15_uniform generated=300 integrated=72 completed=109 cancelled=188 unfinished=3 service_units=109 productivity=0.3784722222222222 emission_g_co2=242160 emission_intensity=2221.651376146789 run_dir=summary-only
2026-09-29T13:33:30Z INFO condition_started replication=7 seed=48 condition_id=p_0.22_stores_15_nearest_restaurant factor=factorial_cell p_integration=0.22 food_multiplier=1 grocery_multiplier=1 store_selection=nearest_restaurant
2026-09-29T13:33:32Z INFO condition_completed replication=7 seed=48 condition_id=p_0.22_stores_15_nearest_restaurant generated=300 integrated=72 completed=110 cancelled=187 unfinished=3 service_units=116 productivity=0.4027777777777778 emission_g_co2=233760 emission_intensity=2015.1724137931035 run_dir=summary-only
2026-09-29T13:33:32Z INFO condition_started replication=7 seed=48 condition_id=p_0.22_stores_15_nearest_customer factor=factorial_cell p_integration=0.22 food_multiplier=1 grocery_multiplier=1 store_selection=nearest_customer
2026-09-29T13:33:33Z INFO condition_completed replication=7 seed=48 condition_id=p_0.22_stores_15_nearest_customer generated=300 integrated=72 completed=110 cancelled=187 unfinished=3 service_units=110 productivity=0.3819444444444444 emission_g_co2=236130 emission_intensity=2146.6363636363635 run_dir=summary-only
2026-09-29T13:33:33Z INFO condition_started replication=7 seed=48 condition_id=p_0.22_stores_20_uniform factor=factorial_cell p_integration=0.22 food_multiplier=1 grocery_multiplier=1 store_selection=uniform
2026-09-29T13:33:35Z INFO condition_completed replication=7 seed=48 condition_id=p_0.22_stores_20_uniform generated=300 integrated=72 completed=108 cancelled=189 unfinished=3 service_units=109 productivity=0.3784722222222222 emission_g_co2=239070 emission_intensity=2193.302752293578 run_dir=summary-only
2026-09-29T13:33:35Z INFO condition_started replication=7 seed=48 condition_id=p_0.22_stores_20_nearest_restaurant factor=factorial_cell p_integration=0.22 food_multiplier=1 grocery_multiplier=1 store_selection=nearest_restaurant
2026-09-29T13:33:36Z INFO condition_completed replication=7 seed=48 condition_id=p_0.22_stores_20_nearest_restaurant generated=300 integrated=72 completed=112 cancelled=185 unfinished=3 service_units=117 productivity=0.40625 emission_g_co2=239460 emission_intensity=2046.6666666666667 run_dir=summary-only
2026-09-29T13:33:36Z INFO condition_started replication=7 seed=48 condition_id=p_0.22_stores_20_nearest_customer factor=factorial_cell p_integration=0.22 food_multiplier=1 grocery_multiplier=1 store_selection=nearest_customer
2026-09-29T13:33:38Z INFO condition_completed replication=7 seed=48 condition_id=p_0.22_stores_20_nearest_customer generated=300 integrated=72 completed=107 cancelled=190 unfinished=3 service_units=107 productivity=0.3715277777777778 emission_g_co2=233910 emission_intensity=2186.07476635514 run_dir=summary-only
2026-09-29T13:33:38Z INFO condition_started replication=7 seed=48 condition_id=p_0.44_stores_10_uniform factor=factorial_cell p_integration=0.44 food_multiplier=1 grocery_multiplier=1 store_selection=uniform
2026-09-29T13:33:40Z INFO condition_completed replication=7 seed=48 condition_id=p_0.44_stores_10_uniform generated=300 integrated=123 completed=87 cancelled=211 unfinished=2 service_units=91 productivity=0.3159722222222222 emission_g_co2=221190 emission_intensity=2430.6593406593406 run_dir=summary-only
2026-09-29T13:33:40Z INFO condition_started replication=7 seed=48 condition_id=p_0.44_stores_10_nearest_restaurant factor=factorial_cell p_integration=0.44 food_multiplier=1 grocery_multiplier=1 store_selection=nearest_restaurant
2026-09-29T13:33:41Z INFO condition_completed replication=7 seed=48 condition_id=p_0.44_stores_10_nearest_restaurant generated=300 integrated=123 completed=99 cancelled=199 unfinished=2 service_units=110 productivity=0.3819444444444444 emission_g_co2=216510 emission_intensity=1968.2727272727273 run_dir=summary-only
2026-09-29T13:33:41Z INFO condition_started replication=7 seed=48 condition_id=p_0.44_stores_10_nearest_customer factor=factorial_cell p_integration=0.44 food_multiplier=1 grocery_multiplier=1 store_selection=nearest_customer
2026-09-29T13:33:43Z INFO condition_completed replication=7 seed=48 condition_id=p_0.44_stores_10_nearest_customer generated=300 integrated=123 completed=85 cancelled=213 unfinished=2 service_units=86 productivity=0.2986111111111111 emission_g_co2=220710 emission_intensity=2566.3953488372094 run_dir=summary-only
2026-09-29T13:33:43Z INFO condition_started replication=7 seed=48 condition_id=p_0.44_stores_15_uniform factor=factorial_cell p_integration=0.44 food_multiplier=1 grocery_multiplier=1 store_selection=uniform
2026-09-29T13:33:45Z INFO condition_completed replication=7 seed=48 condition_id=p_0.44_stores_15_uniform generated=300 integrated=123 completed=83 cancelled=215 unfinished=2 service_units=83 productivity=0.2881944444444444 emission_g_co2=216390 emission_intensity=2607.10843373494 run_dir=summary-only
2026-09-29T13:33:45Z INFO condition_started replication=7 seed=48 condition_id=p_0.44_stores_15_nearest_restaurant factor=factorial_cell p_integration=0.44 food_multiplier=1 grocery_multiplier=1 store_selection=nearest_restaurant
2026-09-29T13:33:47Z INFO condition_completed replication=7 seed=48 condition_id=p_0.44_stores_15_nearest_restaurant generated=300 integrated=123 completed=101 cancelled=196 unfinished=3 service_units=111 productivity=0.3854166666666667 emission_g_co2=224610 emission_intensity=2023.5135135135135 run_dir=summary-only
2026-09-29T13:33:47Z INFO condition_started replication=7 seed=48 condition_id=p_0.44_stores_15_nearest_customer factor=factorial_cell p_integration=0.44 food_multiplier=1 grocery_multiplier=1 store_selection=nearest_customer
2026-09-29T13:33:48Z INFO condition_completed replication=7 seed=48 condition_id=p_0.44_stores_15_nearest_customer generated=300 integrated=123 completed=87 cancelled=211 unfinished=2 service_units=88 productivity=0.3055555555555556 emission_g_co2=213660 emission_intensity=2427.9545454545455 run_dir=summary-only
2026-09-29T13:33:48Z INFO condition_started replication=7 seed=48 condition_id=p_0.44_stores_20_uniform factor=factorial_cell p_integration=0.44 food_multiplier=1 grocery_multiplier=1 store_selection=uniform
2026-09-29T13:33:50Z INFO condition_completed replication=7 seed=48 condition_id=p_0.44_stores_20_uniform generated=300 integrated=123 completed=84 cancelled=214 unfinished=2 service_units=86 productivity=0.2986111111111111 emission_g_co2=226530 emission_intensity=2634.0697674418607 run_dir=summary-only
2026-09-29T13:33:50Z INFO condition_started replication=7 seed=48 condition_id=p_0.44_stores_20_nearest_restaurant factor=factorial_cell p_integration=0.44 food_multiplier=1 grocery_multiplier=1 store_selection=nearest_restaurant
2026-09-29T13:33:52Z INFO condition_completed replication=7 seed=48 condition_id=p_0.44_stores_20_nearest_restaurant generated=300 integrated=123 completed=93 cancelled=205 unfinished=2 service_units=104 productivity=0.3611111111111111 emission_g_co2=220230 emission_intensity=2117.596153846154 run_dir=summary-only
2026-09-29T13:33:52Z INFO condition_started replication=7 seed=48 condition_id=p_0.44_stores_20_nearest_customer factor=factorial_cell p_integration=0.44 food_multiplier=1 grocery_multiplier=1 store_selection=nearest_customer
2026-09-29T13:33:54Z INFO condition_completed replication=7 seed=48 condition_id=p_0.44_stores_20_nearest_customer generated=300 integrated=123 completed=88 cancelled=210 unfinished=2 service_units=89 productivity=0.3090277777777778 emission_g_co2=214590 emission_intensity=2411.123595505618 run_dir=summary-only
2026-09-29T13:33:54Z INFO condition_started replication=7 seed=48 condition_id=p_0.66_stores_10_uniform factor=factorial_cell p_integration=0.66 food_multiplier=1 grocery_multiplier=1 store_selection=uniform
2026-09-29T13:33:55Z INFO condition_completed replication=7 seed=48 condition_id=p_0.66_stores_10_uniform generated=300 integrated=196 completed=57 cancelled=241 unfinished=2 service_units=58 productivity=0.2013888888888889 emission_g_co2=197460 emission_intensity=3404.4827586206898 run_dir=summary-only
2026-09-29T13:33:55Z INFO condition_started replication=7 seed=48 condition_id=p_0.66_stores_10_nearest_restaurant factor=factorial_cell p_integration=0.66 food_multiplier=1 grocery_multiplier=1 store_selection=nearest_restaurant
2026-09-29T13:33:57Z INFO condition_completed replication=7 seed=48 condition_id=p_0.66_stores_10_nearest_restaurant generated=300 integrated=196 completed=63 cancelled=234 unfinished=3 service_units=74 productivity=0.2569444444444444 emission_g_co2=190320 emission_intensity=2571.891891891892 run_dir=summary-only
2026-09-29T13:33:57Z INFO condition_started replication=7 seed=48 condition_id=p_0.66_stores_10_nearest_customer factor=factorial_cell p_integration=0.66 food_multiplier=1 grocery_multiplier=1 store_selection=nearest_customer
2026-09-29T13:33:59Z INFO condition_completed replication=7 seed=48 condition_id=p_0.66_stores_10_nearest_customer generated=300 integrated=196 completed=52 cancelled=246 unfinished=2 service_units=52 productivity=0.18055555555555555 emission_g_co2=193380 emission_intensity=3718.846153846154 run_dir=summary-only
2026-09-29T13:33:59Z INFO condition_started replication=7 seed=48 condition_id=p_0.66_stores_15_uniform factor=factorial_cell p_integration=0.66 food_multiplier=1 grocery_multiplier=1 store_selection=uniform
2026-09-29T13:34:01Z INFO condition_completed replication=7 seed=48 condition_id=p_0.66_stores_15_uniform generated=300 integrated=196 completed=56 cancelled=242 unfinished=2 service_units=60 productivity=0.20833333333333334 emission_g_co2=193920 emission_intensity=3232.0 run_dir=summary-only
2026-09-29T13:34:01Z INFO condition_started replication=7 seed=48 condition_id=p_0.66_stores_15_nearest_restaurant factor=factorial_cell p_integration=0.66 food_multiplier=1 grocery_multiplier=1 store_selection=nearest_restaurant
2026-09-29T13:34:03Z INFO condition_completed replication=7 seed=48 condition_id=p_0.66_stores_15_nearest_restaurant generated=300 integrated=196 completed=69 cancelled=229 unfinished=2 service_units=85 productivity=0.2951388888888889 emission_g_co2=189600 emission_intensity=2230.5882352941176 run_dir=summary-only
2026-09-29T13:34:03Z INFO condition_started replication=7 seed=48 condition_id=p_0.66_stores_15_nearest_customer factor=factorial_cell p_integration=0.66 food_multiplier=1 grocery_multiplier=1 store_selection=nearest_customer
2026-09-29T13:34:05Z INFO condition_completed replication=7 seed=48 condition_id=p_0.66_stores_15_nearest_customer generated=300 integrated=196 completed=55 cancelled=243 unfinished=2 service_units=56 productivity=0.19444444444444445 emission_g_co2=190440 emission_intensity=3400.714285714286 run_dir=summary-only
2026-09-29T13:34:05Z INFO condition_started replication=7 seed=48 condition_id=p_0.66_stores_20_uniform factor=factorial_cell p_integration=0.66 food_multiplier=1 grocery_multiplier=1 store_selection=uniform
2026-09-29T13:34:07Z INFO condition_completed replication=7 seed=48 condition_id=p_0.66_stores_20_uniform generated=300 integrated=196 completed=51 cancelled=246 unfinished=3 service_units=53 productivity=0.1840277777777778 emission_g_co2=201630 emission_intensity=3804.3396226415093 run_dir=summary-only
2026-09-29T13:34:07Z INFO condition_started replication=7 seed=48 condition_id=p_0.66_stores_20_nearest_restaurant factor=factorial_cell p_integration=0.66 food_multiplier=1 grocery_multiplier=1 store_selection=nearest_restaurant
2026-09-29T13:34:09Z INFO condition_completed replication=7 seed=48 condition_id=p_0.66_stores_20_nearest_restaurant generated=300 integrated=196 completed=71 cancelled=227 unfinished=2 service_units=89 productivity=0.3090277777777778 emission_g_co2=202260 emission_intensity=2272.5842696629215 run_dir=summary-only
2026-09-29T13:34:09Z INFO condition_started replication=7 seed=48 condition_id=p_0.66_stores_20_nearest_customer factor=factorial_cell p_integration=0.66 food_multiplier=1 grocery_multiplier=1 store_selection=nearest_customer
2026-09-29T13:34:11Z INFO condition_completed replication=7 seed=48 condition_id=p_0.66_stores_20_nearest_customer generated=300 integrated=196 completed=55 cancelled=243 unfinished=2 service_units=57 productivity=0.19791666666666666 emission_g_co2=195690 emission_intensity=3433.157894736842 run_dir=summary-only
2026-09-29T13:34:11Z INFO replication_completed replication=7 seed=48 baseline_completed=134 reference_integrated_completed=83
2026-09-29T13:34:11Z INFO replication_started replication=8 seed=49
2026-09-29T13:34:11Z INFO condition_started replication=8 seed=49 condition_id=baseline factor=baseline p_integration=0 food_multiplier=1 grocery_multiplier=1 store_selection=uniform
2026-09-29T13:34:13Z INFO condition_completed replication=8 seed=49 condition_id=baseline generated=300 integrated=0 completed=122 cancelled=175 unfinished=3 service_units=122 productivity=0.4236111111111111 emission_g_co2=256050 emission_intensity=2098.7704918032787 run_dir=summary-only
2026-09-29T13:34:13Z INFO condition_started replication=8 seed=49 condition_id=p_0.22_stores_10_uniform factor=factorial_cell p_integration=0.22 food_multiplier=1 grocery_multiplier=1 store_selection=uniform
2026-09-29T13:34:14Z INFO condition_completed replication=8 seed=49 condition_id=p_0.22_stores_10_uniform generated=300 integrated=45 completed=106 cancelled=191 unfinished=3 service_units=106 productivity=0.3680555555555556 emission_g_co2=237150 emission_intensity=2237.264150943396 run_dir=summary-only
2026-09-29T13:34:14Z INFO condition_started replication=8 seed=49 condition_id=p_0.22_stores_10_nearest_restaurant factor=factorial_cell p_integration=0.22 food_multiplier=1 grocery_multiplier=1 store_selection=nearest_restaurant
2026-09-29T13:34:16Z INFO condition_completed replication=8 seed=49 condition_id=p_0.22_stores_10_nearest_restaurant generated=300 integrated=45 completed=111 cancelled=185 unfinished=4 service_units=113 productivity=0.3923611111111111 emission_g_co2=243210 emission_intensity=2152.3008849557523 run_dir=summary-only
2026-09-29T13:34:16Z INFO condition_started replication=8 seed=49 condition_id=p_0.22_stores_10_nearest_customer factor=factorial_cell p_integration=0.22 food_multiplier=1 grocery_multiplier=1 store_selection=nearest_customer
2026-09-29T13:34:18Z INFO condition_completed replication=8 seed=49 condition_id=p_0.22_stores_10_nearest_customer generated=300 integrated=45 completed=106 cancelled=191 unfinished=3 service_units=108 productivity=0.375 emission_g_co2=244500 emission_intensity=2263.8888888888887 run_dir=summary-only
2026-09-29T13:34:18Z INFO condition_started replication=8 seed=49 condition_id=p_0.22_stores_15_uniform factor=factorial_cell p_integration=0.22 food_multiplier=1 grocery_multiplier=1 store_selection=uniform
2026-09-29T13:34:19Z INFO condition_completed replication=8 seed=49 condition_id=p_0.22_stores_15_uniform generated=300 integrated=45 completed=106 cancelled=191 unfinished=3 service_units=106 productivity=0.3680555555555556 emission_g_co2=245340 emission_intensity=2314.5283018867926 run_dir=summary-only
2026-09-29T13:34:19Z INFO condition_started replication=8 seed=49 condition_id=p_0.22_stores_15_nearest_restaurant factor=factorial_cell p_integration=0.22 food_multiplier=1 grocery_multiplier=1 store_selection=nearest_restaurant
2026-09-29T13:34:21Z INFO condition_completed replication=8 seed=49 condition_id=p_0.22_stores_15_nearest_restaurant generated=300 integrated=45 completed=108 cancelled=188 unfinished=4 service_units=110 productivity=0.3819444444444444 emission_g_co2=242880 emission_intensity=2208.0 run_dir=summary-only
2026-09-29T13:34:21Z INFO condition_started replication=8 seed=49 condition_id=p_0.22_stores_15_nearest_customer factor=factorial_cell p_integration=0.22 food_multiplier=1 grocery_multiplier=1 store_selection=nearest_customer
2026-09-29T13:34:23Z INFO condition_completed replication=8 seed=49 condition_id=p_0.22_stores_15_nearest_customer generated=300 integrated=45 completed=100 cancelled=197 unfinished=3 service_units=102 productivity=0.3541666666666667 emission_g_co2=243990 emission_intensity=2392.0588235294117 run_dir=summary-only
2026-09-29T13:34:23Z INFO condition_started replication=8 seed=49 condition_id=p_0.22_stores_20_uniform factor=factorial_cell p_integration=0.22 food_multiplier=1 grocery_multiplier=1 store_selection=uniform
2026-09-29T13:34:24Z INFO condition_completed replication=8 seed=49 condition_id=p_0.22_stores_20_uniform generated=300 integrated=45 completed=113 cancelled=184 unfinished=3 service_units=114 productivity=0.3958333333333333 emission_g_co2=245250 emission_intensity=2151.315789473684 run_dir=summary-only
2026-09-29T13:34:24Z INFO condition_started replication=8 seed=49 condition_id=p_0.22_stores_20_nearest_restaurant factor=factorial_cell p_integration=0.22 food_multiplier=1 grocery_multiplier=1 store_selection=nearest_restaurant
2026-09-29T13:34:26Z INFO condition_completed replication=8 seed=49 condition_id=p_0.22_stores_20_nearest_restaurant generated=300 integrated=45 completed=110 cancelled=187 unfinished=3 service_units=113 productivity=0.3923611111111111 emission_g_co2=244560 emission_intensity=2164.2477876106195 run_dir=summary-only
2026-09-29T13:34:26Z INFO condition_started replication=8 seed=49 condition_id=p_0.22_stores_20_nearest_customer factor=factorial_cell p_integration=0.22 food_multiplier=1 grocery_multiplier=1 store_selection=nearest_customer
2026-09-29T13:34:27Z INFO condition_completed replication=8 seed=49 condition_id=p_0.22_stores_20_nearest_customer generated=300 integrated=45 completed=103 cancelled=193 unfinished=4 service_units=104 productivity=0.3611111111111111 emission_g_co2=244200 emission_intensity=2348.076923076923 run_dir=summary-only
2026-09-29T13:34:27Z INFO condition_started replication=8 seed=49 condition_id=p_0.44_stores_10_uniform factor=factorial_cell p_integration=0.44 food_multiplier=1 grocery_multiplier=1 store_selection=uniform
2026-09-29T13:34:29Z INFO condition_completed replication=8 seed=49 condition_id=p_0.44_stores_10_uniform generated=300 integrated=124 completed=78 cancelled=219 unfinished=3 service_units=79 productivity=0.2743055555555556 emission_g_co2=218100 emission_intensity=2760.759493670886 run_dir=summary-only
2026-09-29T13:34:29Z INFO condition_started replication=8 seed=49 condition_id=p_0.44_stores_10_nearest_restaurant factor=factorial_cell p_integration=0.44 food_multiplier=1 grocery_multiplier=1 store_selection=nearest_restaurant
2026-09-29T13:34:31Z INFO condition_completed replication=8 seed=49 condition_id=p_0.44_stores_10_nearest_restaurant generated=300 integrated=124 completed=88 cancelled=208 unfinished=4 service_units=101 productivity=0.3506944444444444 emission_g_co2=228840 emission_intensity=2265.7425742574255 run_dir=summary-only
2026-09-29T13:34:31Z INFO condition_started replication=8 seed=49 condition_id=p_0.44_stores_10_nearest_customer factor=factorial_cell p_integration=0.44 food_multiplier=1 grocery_multiplier=1 store_selection=nearest_customer
2026-09-29T13:34:32Z INFO condition_completed replication=8 seed=49 condition_id=p_0.44_stores_10_nearest_customer generated=300 integrated=124 completed=75 cancelled=221 unfinished=4 service_units=76 productivity=0.2638888888888889 emission_g_co2=219420 emission_intensity=2887.1052631578946 run_dir=summary-only
2026-09-29T13:34:32Z INFO condition_started replication=8 seed=49 condition_id=p_0.44_stores_15_uniform factor=factorial_cell p_integration=0.44 food_multiplier=1 grocery_multiplier=1 store_selection=uniform
2026-09-29T13:34:34Z INFO condition_completed replication=8 seed=49 condition_id=p_0.44_stores_15_uniform generated=300 integrated=124 completed=80 cancelled=217 unfinished=3 service_units=80 productivity=0.2777777777777778 emission_g_co2=219870 emission_intensity=2748.375 run_dir=summary-only
2026-09-29T13:34:34Z INFO condition_started replication=8 seed=49 condition_id=p_0.44_stores_15_nearest_restaurant factor=factorial_cell p_integration=0.44 food_multiplier=1 grocery_multiplier=1 store_selection=nearest_restaurant
2026-09-29T13:34:36Z INFO condition_completed replication=8 seed=49 condition_id=p_0.44_stores_15_nearest_restaurant generated=300 integrated=124 completed=83 cancelled=214 unfinished=3 service_units=98 productivity=0.3402777777777778 emission_g_co2=223680 emission_intensity=2282.4489795918366 run_dir=summary-only
2026-09-29T13:34:36Z INFO condition_started replication=8 seed=49 condition_id=p_0.44_stores_15_nearest_customer factor=factorial_cell p_integration=0.44 food_multiplier=1 grocery_multiplier=1 store_selection=nearest_customer
2026-09-29T13:34:38Z INFO condition_completed replication=8 seed=49 condition_id=p_0.44_stores_15_nearest_customer generated=300 integrated=124 completed=76 cancelled=221 unfinished=3 service_units=78 productivity=0.2708333333333333 emission_g_co2=220050 emission_intensity=2821.153846153846 run_dir=summary-only
2026-09-29T13:34:38Z INFO condition_started replication=8 seed=49 condition_id=p_0.44_stores_20_uniform factor=factorial_cell p_integration=0.44 food_multiplier=1 grocery_multiplier=1 store_selection=uniform
2026-09-29T13:34:39Z INFO condition_completed replication=8 seed=49 condition_id=p_0.44_stores_20_uniform generated=300 integrated=124 completed=80 cancelled=217 unfinished=3 service_units=86 productivity=0.2986111111111111 emission_g_co2=222240 emission_intensity=2584.186046511628 run_dir=summary-only
2026-09-29T13:34:39Z INFO condition_started replication=8 seed=49 condition_id=p_0.44_stores_20_nearest_restaurant factor=factorial_cell p_integration=0.44 food_multiplier=1 grocery_multiplier=1 store_selection=nearest_restaurant
2026-09-29T13:34:41Z INFO condition_completed replication=8 seed=49 condition_id=p_0.44_stores_20_nearest_restaurant generated=300 integrated=124 completed=90 cancelled=207 unfinished=3 service_units=106 productivity=0.3680555555555556 emission_g_co2=227070 emission_intensity=2142.169811320755 run_dir=summary-only
2026-09-29T13:34:41Z INFO condition_started replication=8 seed=49 condition_id=p_0.44_stores_20_nearest_customer factor=factorial_cell p_integration=0.44 food_multiplier=1 grocery_multiplier=1 store_selection=nearest_customer
2026-09-29T13:34:43Z INFO condition_completed replication=8 seed=49 condition_id=p_0.44_stores_20_nearest_customer generated=300 integrated=124 completed=78 cancelled=219 unfinished=3 service_units=79 productivity=0.2743055555555556 emission_g_co2=223380 emission_intensity=2827.5949367088606 run_dir=summary-only
2026-09-29T13:34:43Z INFO condition_started replication=8 seed=49 condition_id=p_0.66_stores_10_uniform factor=factorial_cell p_integration=0.66 food_multiplier=1 grocery_multiplier=1 store_selection=uniform
2026-09-29T13:34:45Z INFO condition_completed replication=8 seed=49 condition_id=p_0.66_stores_10_uniform generated=300 integrated=193 completed=53 cancelled=244 unfinished=3 service_units=55 productivity=0.1909722222222222 emission_g_co2=196020 emission_intensity=3564.0 run_dir=summary-only
2026-09-29T13:34:45Z INFO condition_started replication=8 seed=49 condition_id=p_0.66_stores_10_nearest_restaurant factor=factorial_cell p_integration=0.66 food_multiplier=1 grocery_multiplier=1 store_selection=nearest_restaurant
2026-09-29T13:34:46Z INFO condition_completed replication=8 seed=49 condition_id=p_0.66_stores_10_nearest_restaurant generated=300 integrated=193 completed=54 cancelled=243 unfinished=3 service_units=64 productivity=0.2222222222222222 emission_g_co2=193320 emission_intensity=3020.625 run_dir=summary-only
2026-09-29T13:34:46Z INFO condition_started replication=8 seed=49 condition_id=p_0.66_stores_10_nearest_customer factor=factorial_cell p_integration=0.66 food_multiplier=1 grocery_multiplier=1 store_selection=nearest_customer
2026-09-29T13:34:48Z INFO condition_completed replication=8 seed=49 condition_id=p_0.66_stores_10_nearest_customer generated=300 integrated=193 completed=47 cancelled=250 unfinished=3 service_units=50 productivity=0.1736111111111111 emission_g_co2=190140 emission_intensity=3802.8 run_dir=summary-only
2026-09-29T13:34:48Z INFO condition_started replication=8 seed=49 condition_id=p_0.66_stores_15_uniform factor=factorial_cell p_integration=0.66 food_multiplier=1 grocery_multiplier=1 store_selection=uniform
2026-09-29T13:34:50Z INFO condition_completed replication=8 seed=49 condition_id=p_0.66_stores_15_uniform generated=300 integrated=193 completed=50 cancelled=247 unfinished=3 service_units=54 productivity=0.1875 emission_g_co2=199950 emission_intensity=3702.777777777778 run_dir=summary-only
2026-09-29T13:34:50Z INFO condition_started replication=8 seed=49 condition_id=p_0.66_stores_15_nearest_restaurant factor=factorial_cell p_integration=0.66 food_multiplier=1 grocery_multiplier=1 store_selection=nearest_restaurant
2026-09-29T13:34:52Z INFO condition_completed replication=8 seed=49 condition_id=p_0.66_stores_15_nearest_restaurant generated=300 integrated=193 completed=64 cancelled=233 unfinished=3 service_units=79 productivity=0.2743055555555556 emission_g_co2=198990 emission_intensity=2518.8607594936707 run_dir=summary-only
2026-09-29T13:34:52Z INFO condition_started replication=8 seed=49 condition_id=p_0.66_stores_15_nearest_customer factor=factorial_cell p_integration=0.66 food_multiplier=1 grocery_multiplier=1 store_selection=nearest_customer
2026-09-29T13:34:54Z INFO condition_completed replication=8 seed=49 condition_id=p_0.66_stores_15_nearest_customer generated=300 integrated=193 completed=54 cancelled=243 unfinished=3 service_units=57 productivity=0.19791666666666666 emission_g_co2=201780 emission_intensity=3540.0 run_dir=summary-only
2026-09-29T13:34:54Z INFO condition_started replication=8 seed=49 condition_id=p_0.66_stores_20_uniform factor=factorial_cell p_integration=0.66 food_multiplier=1 grocery_multiplier=1 store_selection=uniform
2026-09-29T13:34:56Z INFO condition_completed replication=8 seed=49 condition_id=p_0.66_stores_20_uniform generated=300 integrated=193 completed=57 cancelled=240 unfinished=3 service_units=62 productivity=0.2152777777777778 emission_g_co2=199440 emission_intensity=3216.7741935483873 run_dir=summary-only
2026-09-29T13:34:56Z INFO condition_started replication=8 seed=49 condition_id=p_0.66_stores_20_nearest_restaurant factor=factorial_cell p_integration=0.66 food_multiplier=1 grocery_multiplier=1 store_selection=nearest_restaurant
2026-09-29T13:34:58Z INFO condition_completed replication=8 seed=49 condition_id=p_0.66_stores_20_nearest_restaurant generated=300 integrated=193 completed=59 cancelled=238 unfinished=3 service_units=73 productivity=0.2534722222222222 emission_g_co2=193230 emission_intensity=2646.986301369863 run_dir=summary-only
2026-09-29T13:34:58Z INFO condition_started replication=8 seed=49 condition_id=p_0.66_stores_20_nearest_customer factor=factorial_cell p_integration=0.66 food_multiplier=1 grocery_multiplier=1 store_selection=nearest_customer
2026-09-29T13:35:00Z INFO condition_completed replication=8 seed=49 condition_id=p_0.66_stores_20_nearest_customer generated=300 integrated=193 completed=46 cancelled=251 unfinished=3 service_units=47 productivity=0.16319444444444445 emission_g_co2=193020 emission_intensity=4106.808510638298 run_dir=summary-only
2026-09-29T13:35:00Z INFO replication_completed replication=8 seed=49 baseline_completed=122 reference_integrated_completed=80
2026-09-29T13:35:00Z INFO replication_started replication=9 seed=50
2026-09-29T13:35:00Z INFO condition_started replication=9 seed=50 condition_id=baseline factor=baseline p_integration=0 food_multiplier=1 grocery_multiplier=1 store_selection=uniform
2026-09-29T13:35:02Z INFO condition_completed replication=9 seed=50 condition_id=baseline generated=300 integrated=0 completed=130 cancelled=166 unfinished=4 service_units=130 productivity=0.4513888888888889 emission_g_co2=256380 emission_intensity=1972.1538461538462 run_dir=summary-only
2026-09-29T13:35:02Z INFO condition_started replication=9 seed=50 condition_id=p_0.22_stores_10_uniform factor=factorial_cell p_integration=0.22 food_multiplier=1 grocery_multiplier=1 store_selection=uniform
2026-09-29T13:35:03Z INFO condition_completed replication=9 seed=50 condition_id=p_0.22_stores_10_uniform generated=300 integrated=65 completed=109 cancelled=188 unfinished=3 service_units=109 productivity=0.3784722222222222 emission_g_co2=241740 emission_intensity=2217.798165137615 run_dir=summary-only
2026-09-29T13:35:03Z INFO condition_started replication=9 seed=50 condition_id=p_0.22_stores_10_nearest_restaurant factor=factorial_cell p_integration=0.22 food_multiplier=1 grocery_multiplier=1 store_selection=nearest_restaurant
2026-09-29T13:35:05Z INFO condition_completed replication=9 seed=50 condition_id=p_0.22_stores_10_nearest_restaurant generated=300 integrated=65 completed=104 cancelled=192 unfinished=4 service_units=107 productivity=0.3715277777777778 emission_g_co2=236250 emission_intensity=2207.9439252336447 run_dir=summary-only
2026-09-29T13:35:05Z INFO condition_started replication=9 seed=50 condition_id=p_0.22_stores_10_nearest_customer factor=factorial_cell p_integration=0.22 food_multiplier=1 grocery_multiplier=1 store_selection=nearest_customer
2026-09-29T13:35:06Z INFO condition_completed replication=9 seed=50 condition_id=p_0.22_stores_10_nearest_customer generated=300 integrated=65 completed=114 cancelled=183 unfinished=3 service_units=115 productivity=0.3993055555555556 emission_g_co2=237480 emission_intensity=2065.0434782608695 run_dir=summary-only
2026-09-29T13:35:06Z INFO condition_started replication=9 seed=50 condition_id=p_0.22_stores_15_uniform factor=factorial_cell p_integration=0.22 food_multiplier=1 grocery_multiplier=1 store_selection=uniform
2026-09-29T13:35:08Z INFO condition_completed replication=9 seed=50 condition_id=p_0.22_stores_15_uniform generated=300 integrated=65 completed=100 cancelled=197 unfinished=3 service_units=100 productivity=0.3472222222222222 emission_g_co2=234810 emission_intensity=2348.1 run_dir=summary-only
2026-09-29T13:35:08Z INFO condition_started replication=9 seed=50 condition_id=p_0.22_stores_15_nearest_restaurant factor=factorial_cell p_integration=0.22 food_multiplier=1 grocery_multiplier=1 store_selection=nearest_restaurant
2026-09-29T13:35:10Z INFO condition_completed replication=9 seed=50 condition_id=p_0.22_stores_15_nearest_restaurant generated=300 integrated=65 completed=104 cancelled=192 unfinished=4 service_units=108 productivity=0.375 emission_g_co2=239490 emission_intensity=2217.5 run_dir=summary-only
2026-09-29T13:35:10Z INFO condition_started replication=9 seed=50 condition_id=p_0.22_stores_15_nearest_customer factor=factorial_cell p_integration=0.22 food_multiplier=1 grocery_multiplier=1 store_selection=nearest_customer
2026-09-29T13:35:11Z INFO condition_completed replication=9 seed=50 condition_id=p_0.22_stores_15_nearest_customer generated=300 integrated=65 completed=112 cancelled=185 unfinished=3 service_units=112 productivity=0.3888888888888889 emission_g_co2=236220 emission_intensity=2109.1071428571427 run_dir=summary-only
2026-09-29T13:35:11Z INFO condition_started replication=9 seed=50 condition_id=p_0.22_stores_20_uniform factor=factorial_cell p_integration=0.22 food_multiplier=1 grocery_multiplier=1 store_selection=uniform
2026-09-29T13:35:13Z INFO condition_completed replication=9 seed=50 condition_id=p_0.22_stores_20_uniform generated=300 integrated=65 completed=93 cancelled=204 unfinished=3 service_units=94 productivity=0.3263888888888889 emission_g_co2=230460 emission_intensity=2451.7021276595747 run_dir=summary-only
2026-09-29T13:35:13Z INFO condition_started replication=9 seed=50 condition_id=p_0.22_stores_20_nearest_restaurant factor=factorial_cell p_integration=0.22 food_multiplier=1 grocery_multiplier=1 store_selection=nearest_restaurant
2026-09-29T13:35:14Z INFO condition_completed replication=9 seed=50 condition_id=p_0.22_stores_20_nearest_restaurant generated=300 integrated=65 completed=107 cancelled=189 unfinished=4 service_units=109 productivity=0.3784722222222222 emission_g_co2=236550 emission_intensity=2170.183486238532 run_dir=summary-only
2026-09-29T13:35:14Z INFO condition_started replication=9 seed=50 condition_id=p_0.22_stores_20_nearest_customer factor=factorial_cell p_integration=0.22 food_multiplier=1 grocery_multiplier=1 store_selection=nearest_customer
2026-09-29T13:35:16Z INFO condition_completed replication=9 seed=50 condition_id=p_0.22_stores_20_nearest_customer generated=300 integrated=65 completed=108 cancelled=188 unfinished=4 service_units=108 productivity=0.375 emission_g_co2=239010 emission_intensity=2213.0555555555557 run_dir=summary-only
2026-09-29T13:35:16Z INFO condition_started replication=9 seed=50 condition_id=p_0.44_stores_10_uniform factor=factorial_cell p_integration=0.44 food_multiplier=1 grocery_multiplier=1 store_selection=uniform
2026-09-29T13:35:17Z INFO condition_completed replication=9 seed=50 condition_id=p_0.44_stores_10_uniform generated=300 integrated=130 completed=88 cancelled=209 unfinished=3 service_units=92 productivity=0.3194444444444444 emission_g_co2=223020 emission_intensity=2424.1304347826085 run_dir=summary-only
2026-09-29T13:35:17Z INFO condition_started replication=9 seed=50 condition_id=p_0.44_stores_10_nearest_restaurant factor=factorial_cell p_integration=0.44 food_multiplier=1 grocery_multiplier=1 store_selection=nearest_restaurant
2026-09-29T13:35:19Z INFO condition_completed replication=9 seed=50 condition_id=p_0.44_stores_10_nearest_restaurant generated=300 integrated=130 completed=89 cancelled=208 unfinished=3 service_units=94 productivity=0.3263888888888889 emission_g_co2=225000 emission_intensity=2393.6170212765956 run_dir=summary-only
2026-09-29T13:35:19Z INFO condition_started replication=9 seed=50 condition_id=p_0.44_stores_10_nearest_customer factor=factorial_cell p_integration=0.44 food_multiplier=1 grocery_multiplier=1 store_selection=nearest_customer
2026-09-29T13:35:21Z INFO condition_completed replication=9 seed=50 condition_id=p_0.44_stores_10_nearest_customer generated=300 integrated=130 completed=74 cancelled=223 unfinished=3 service_units=75 productivity=0.2604166666666667 emission_g_co2=219420 emission_intensity=2925.6 run_dir=summary-only
2026-09-29T13:35:21Z INFO condition_started replication=9 seed=50 condition_id=p_0.44_stores_15_uniform factor=factorial_cell p_integration=0.44 food_multiplier=1 grocery_multiplier=1 store_selection=uniform
2026-09-29T13:35:22Z INFO condition_completed replication=9 seed=50 condition_id=p_0.44_stores_15_uniform generated=300 integrated=130 completed=80 cancelled=217 unfinished=3 service_units=82 productivity=0.2847222222222222 emission_g_co2=223920 emission_intensity=2730.731707317073 run_dir=summary-only
2026-09-29T13:35:22Z INFO condition_started replication=9 seed=50 condition_id=p_0.44_stores_15_nearest_restaurant factor=factorial_cell p_integration=0.44 food_multiplier=1 grocery_multiplier=1 store_selection=nearest_restaurant
2026-09-29T13:35:24Z INFO condition_completed replication=9 seed=50 condition_id=p_0.44_stores_15_nearest_restaurant generated=300 integrated=130 completed=87 cancelled=209 unfinished=4 service_units=95 productivity=0.3298611111111111 emission_g_co2=222120 emission_intensity=2338.1052631578946 run_dir=summary-only
2026-09-29T13:35:24Z INFO condition_started replication=9 seed=50 condition_id=p_0.44_stores_15_nearest_customer factor=factorial_cell p_integration=0.44 food_multiplier=1 grocery_multiplier=1 store_selection=nearest_customer
2026-09-29T13:35:26Z INFO condition_completed replication=9 seed=50 condition_id=p_0.44_stores_15_nearest_customer generated=300 integrated=130 completed=83 cancelled=214 unfinished=3 service_units=83 productivity=0.2881944444444444 emission_g_co2=216660 emission_intensity=2610.3614457831327 run_dir=summary-only
2026-09-29T13:35:26Z INFO condition_started replication=9 seed=50 condition_id=p_0.44_stores_20_uniform factor=factorial_cell p_integration=0.44 food_multiplier=1 grocery_multiplier=1 store_selection=uniform
2026-09-29T13:35:27Z INFO condition_completed replication=9 seed=50 condition_id=p_0.44_stores_20_uniform generated=300 integrated=130 completed=82 cancelled=214 unfinished=4 service_units=84 productivity=0.2916666666666667 emission_g_co2=223440 emission_intensity=2660.0 run_dir=summary-only
2026-09-29T13:35:27Z INFO condition_started replication=9 seed=50 condition_id=p_0.44_stores_20_nearest_restaurant factor=factorial_cell p_integration=0.44 food_multiplier=1 grocery_multiplier=1 store_selection=nearest_restaurant
2026-09-29T13:35:29Z INFO condition_completed replication=9 seed=50 condition_id=p_0.44_stores_20_nearest_restaurant generated=300 integrated=130 completed=80 cancelled=217 unfinished=3 service_units=89 productivity=0.3090277777777778 emission_g_co2=220770 emission_intensity=2480.561797752809 run_dir=summary-only
2026-09-29T13:35:29Z INFO condition_started replication=9 seed=50 condition_id=p_0.44_stores_20_nearest_customer factor=factorial_cell p_integration=0.44 food_multiplier=1 grocery_multiplier=1 store_selection=nearest_customer
2026-09-29T13:35:31Z INFO condition_completed replication=9 seed=50 condition_id=p_0.44_stores_20_nearest_customer generated=300 integrated=130 completed=75 cancelled=222 unfinished=3 service_units=76 productivity=0.2638888888888889 emission_g_co2=213300 emission_intensity=2806.5789473684213 run_dir=summary-only
2026-09-29T13:35:31Z INFO condition_started replication=9 seed=50 condition_id=p_0.66_stores_10_uniform factor=factorial_cell p_integration=0.66 food_multiplier=1 grocery_multiplier=1 store_selection=uniform
2026-09-29T13:35:32Z INFO condition_completed replication=9 seed=50 condition_id=p_0.66_stores_10_uniform generated=300 integrated=199 completed=52 cancelled=245 unfinished=3 service_units=54 productivity=0.1875 emission_g_co2=197520 emission_intensity=3657.777777777778 run_dir=summary-only
2026-09-29T13:35:32Z INFO condition_started replication=9 seed=50 condition_id=p_0.66_stores_10_nearest_restaurant factor=factorial_cell p_integration=0.66 food_multiplier=1 grocery_multiplier=1 store_selection=nearest_restaurant
2026-09-29T13:35:34Z INFO condition_completed replication=9 seed=50 condition_id=p_0.66_stores_10_nearest_restaurant generated=300 integrated=199 completed=53 cancelled=244 unfinished=3 service_units=66 productivity=0.22916666666666666 emission_g_co2=188850 emission_intensity=2861.3636363636365 run_dir=summary-only
2026-09-29T13:35:34Z INFO condition_started replication=9 seed=50 condition_id=p_0.66_stores_10_nearest_customer factor=factorial_cell p_integration=0.66 food_multiplier=1 grocery_multiplier=1 store_selection=nearest_customer
2026-09-29T13:35:36Z INFO condition_completed replication=9 seed=50 condition_id=p_0.66_stores_10_nearest_customer generated=300 integrated=199 completed=49 cancelled=248 unfinished=3 service_units=51 productivity=0.17708333333333334 emission_g_co2=194370 emission_intensity=3811.176470588235 run_dir=summary-only
2026-09-29T13:35:36Z INFO condition_started replication=9 seed=50 condition_id=p_0.66_stores_15_uniform factor=factorial_cell p_integration=0.66 food_multiplier=1 grocery_multiplier=1 store_selection=uniform
2026-09-29T13:35:38Z INFO condition_completed replication=9 seed=50 condition_id=p_0.66_stores_15_uniform generated=300 integrated=199 completed=56 cancelled=241 unfinished=3 service_units=60 productivity=0.20833333333333334 emission_g_co2=194190 emission_intensity=3236.5 run_dir=summary-only
2026-09-29T13:35:38Z INFO condition_started replication=9 seed=50 condition_id=p_0.66_stores_15_nearest_restaurant factor=factorial_cell p_integration=0.66 food_multiplier=1 grocery_multiplier=1 store_selection=nearest_restaurant
2026-09-29T13:35:40Z INFO condition_completed replication=9 seed=50 condition_id=p_0.66_stores_15_nearest_restaurant generated=300 integrated=199 completed=62 cancelled=235 unfinished=3 service_units=76 productivity=0.2638888888888889 emission_g_co2=205800 emission_intensity=2707.8947368421054 run_dir=summary-only
2026-09-29T13:35:40Z INFO condition_started replication=9 seed=50 condition_id=p_0.66_stores_15_nearest_customer factor=factorial_cell p_integration=0.66 food_multiplier=1 grocery_multiplier=1 store_selection=nearest_customer
2026-09-29T13:35:42Z INFO condition_completed replication=9 seed=50 condition_id=p_0.66_stores_15_nearest_customer generated=300 integrated=199 completed=53 cancelled=244 unfinished=3 service_units=53 productivity=0.1840277777777778 emission_g_co2=197730 emission_intensity=3730.754716981132 run_dir=summary-only
2026-09-29T13:35:42Z INFO condition_started replication=9 seed=50 condition_id=p_0.66_stores_20_uniform factor=factorial_cell p_integration=0.66 food_multiplier=1 grocery_multiplier=1 store_selection=uniform
2026-09-29T13:35:44Z INFO condition_completed replication=9 seed=50 condition_id=p_0.66_stores_20_uniform generated=300 integrated=199 completed=53 cancelled=244 unfinished=3 service_units=57 productivity=0.19791666666666666 emission_g_co2=196650 emission_intensity=3450.0 run_dir=summary-only
2026-09-29T13:35:44Z INFO condition_started replication=9 seed=50 condition_id=p_0.66_stores_20_nearest_restaurant factor=factorial_cell p_integration=0.66 food_multiplier=1 grocery_multiplier=1 store_selection=nearest_restaurant
2026-09-29T13:35:46Z INFO condition_completed replication=9 seed=50 condition_id=p_0.66_stores_20_nearest_restaurant generated=300 integrated=199 completed=63 cancelled=233 unfinished=4 service_units=83 productivity=0.2881944444444444 emission_g_co2=206370 emission_intensity=2486.385542168675 run_dir=summary-only
2026-09-29T13:35:46Z INFO condition_started replication=9 seed=50 condition_id=p_0.66_stores_20_nearest_customer factor=factorial_cell p_integration=0.66 food_multiplier=1 grocery_multiplier=1 store_selection=nearest_customer
2026-09-29T13:35:50Z INFO condition_completed replication=9 seed=50 condition_id=p_0.66_stores_20_nearest_customer generated=300 integrated=199 completed=50 cancelled=247 unfinished=3 service_units=51 productivity=0.17708333333333334 emission_g_co2=197730 emission_intensity=3877.0588235294117 run_dir=summary-only
2026-09-29T13:35:52Z INFO replication_completed replication=9 seed=50 baseline_completed=130 reference_integrated_completed=80
2026-09-29T13:35:52Z INFO replication_started replication=10 seed=51
2026-09-29T13:35:52Z INFO condition_started replication=10 seed=51 condition_id=baseline factor=baseline p_integration=0 food_multiplier=1 grocery_multiplier=1 store_selection=uniform
2026-09-29T13:35:54Z INFO condition_completed replication=10 seed=51 condition_id=baseline generated=300 integrated=0 completed=127 cancelled=169 unfinished=4 service_units=127 productivity=0.4409722222222222 emission_g_co2=253380 emission_intensity=1995.1181102362204 run_dir=summary-only
2026-09-29T13:35:54Z INFO condition_started replication=10 seed=51 condition_id=p_0.22_stores_10_uniform factor=factorial_cell p_integration=0.22 food_multiplier=1 grocery_multiplier=1 store_selection=uniform
2026-09-29T13:35:57Z INFO condition_completed replication=10 seed=51 condition_id=p_0.22_stores_10_uniform generated=300 integrated=65 completed=107 cancelled=190 unfinished=3 service_units=107 productivity=0.3715277777777778 emission_g_co2=233610 emission_intensity=2183.271028037383 run_dir=summary-only
2026-09-29T13:35:57Z INFO condition_started replication=10 seed=51 condition_id=p_0.22_stores_10_nearest_restaurant factor=factorial_cell p_integration=0.22 food_multiplier=1 grocery_multiplier=1 store_selection=nearest_restaurant
2026-09-29T13:35:59Z INFO condition_completed replication=10 seed=51 condition_id=p_0.22_stores_10_nearest_restaurant generated=300 integrated=65 completed=100 cancelled=195 unfinished=5 service_units=103 productivity=0.3576388888888889 emission_g_co2=233100 emission_intensity=2263.106796116505 run_dir=summary-only
2026-09-29T13:35:59Z INFO condition_started replication=10 seed=51 condition_id=p_0.22_stores_10_nearest_customer factor=factorial_cell p_integration=0.22 food_multiplier=1 grocery_multiplier=1 store_selection=nearest_customer
2026-09-29T13:36:01Z INFO condition_completed replication=10 seed=51 condition_id=p_0.22_stores_10_nearest_customer generated=300 integrated=65 completed=95 cancelled=201 unfinished=4 service_units=95 productivity=0.3298611111111111 emission_g_co2=236460 emission_intensity=2489.0526315789475 run_dir=summary-only
2026-09-29T13:36:01Z INFO condition_started replication=10 seed=51 condition_id=p_0.22_stores_15_uniform factor=factorial_cell p_integration=0.22 food_multiplier=1 grocery_multiplier=1 store_selection=uniform
2026-09-29T13:36:02Z INFO condition_completed replication=10 seed=51 condition_id=p_0.22_stores_15_uniform generated=300 integrated=65 completed=100 cancelled=196 unfinished=4 service_units=102 productivity=0.3541666666666667 emission_g_co2=236130 emission_intensity=2315.0 run_dir=summary-only
2026-09-29T13:36:02Z INFO condition_started replication=10 seed=51 condition_id=p_0.22_stores_15_nearest_restaurant factor=factorial_cell p_integration=0.22 food_multiplier=1 grocery_multiplier=1 store_selection=nearest_restaurant
2026-09-29T13:36:04Z INFO condition_completed replication=10 seed=51 condition_id=p_0.22_stores_15_nearest_restaurant generated=300 integrated=65 completed=99 cancelled=196 unfinished=5 service_units=103 productivity=0.3576388888888889 emission_g_co2=226140 emission_intensity=2195.5339805825242 run_dir=summary-only
2026-09-29T13:36:04Z INFO condition_started replication=10 seed=51 condition_id=p_0.22_stores_15_nearest_customer factor=factorial_cell p_integration=0.22 food_multiplier=1 grocery_multiplier=1 store_selection=nearest_customer
2026-09-29T13:36:06Z INFO condition_completed replication=10 seed=51 condition_id=p_0.22_stores_15_nearest_customer generated=300 integrated=65 completed=98 cancelled=198 unfinished=4 service_units=98 productivity=0.3402777777777778 emission_g_co2=237000 emission_intensity=2418.3673469387754 run_dir=summary-only
2026-09-29T13:36:06Z INFO condition_started replication=10 seed=51 condition_id=p_0.22_stores_20_uniform factor=factorial_cell p_integration=0.22 food_multiplier=1 grocery_multiplier=1 store_selection=uniform
2026-09-29T13:36:07Z INFO condition_completed replication=10 seed=51 condition_id=p_0.22_stores_20_uniform generated=300 integrated=65 completed=110 cancelled=185 unfinished=5 service_units=110 productivity=0.3819444444444444 emission_g_co2=233970 emission_intensity=2127.0 run_dir=summary-only
2026-09-29T13:36:07Z INFO condition_started replication=10 seed=51 condition_id=p_0.22_stores_20_nearest_restaurant factor=factorial_cell p_integration=0.22 food_multiplier=1 grocery_multiplier=1 store_selection=nearest_restaurant
2026-09-29T13:36:09Z INFO condition_completed replication=10 seed=51 condition_id=p_0.22_stores_20_nearest_restaurant generated=300 integrated=65 completed=104 cancelled=191 unfinished=5 service_units=110 productivity=0.3819444444444444 emission_g_co2=232500 emission_intensity=2113.6363636363635 run_dir=summary-only
2026-09-29T13:36:09Z INFO condition_started replication=10 seed=51 condition_id=p_0.22_stores_20_nearest_customer factor=factorial_cell p_integration=0.22 food_multiplier=1 grocery_multiplier=1 store_selection=nearest_customer
2026-09-29T13:36:10Z INFO condition_completed replication=10 seed=51 condition_id=p_0.22_stores_20_nearest_customer generated=300 integrated=65 completed=99 cancelled=197 unfinished=4 service_units=99 productivity=0.34375 emission_g_co2=237210 emission_intensity=2396.060606060606 run_dir=summary-only
2026-09-29T13:36:10Z INFO condition_started replication=10 seed=51 condition_id=p_0.44_stores_10_uniform factor=factorial_cell p_integration=0.44 food_multiplier=1 grocery_multiplier=1 store_selection=uniform
2026-09-29T13:36:12Z INFO condition_completed replication=10 seed=51 condition_id=p_0.44_stores_10_uniform generated=300 integrated=134 completed=65 cancelled=231 unfinished=4 service_units=66 productivity=0.22916666666666666 emission_g_co2=210000 emission_intensity=3181.818181818182 run_dir=summary-only
2026-09-29T13:36:12Z INFO condition_started replication=10 seed=51 condition_id=p_0.44_stores_10_nearest_restaurant factor=factorial_cell p_integration=0.44 food_multiplier=1 grocery_multiplier=1 store_selection=nearest_restaurant
2026-09-29T13:36:14Z INFO condition_completed replication=10 seed=51 condition_id=p_0.44_stores_10_nearest_restaurant generated=300 integrated=134 completed=76 cancelled=220 unfinished=4 service_units=80 productivity=0.2777777777777778 emission_g_co2=209790 emission_intensity=2622.375 run_dir=summary-only
2026-09-29T13:36:14Z INFO condition_started replication=10 seed=51 condition_id=p_0.44_stores_10_nearest_customer factor=factorial_cell p_integration=0.44 food_multiplier=1 grocery_multiplier=1 store_selection=nearest_customer
2026-09-29T13:36:16Z INFO condition_completed replication=10 seed=51 condition_id=p_0.44_stores_10_nearest_customer generated=300 integrated=134 completed=72 cancelled=224 unfinished=4 service_units=72 productivity=0.25 emission_g_co2=213210 emission_intensity=2961.25 run_dir=summary-only
2026-09-29T13:36:16Z INFO condition_started replication=10 seed=51 condition_id=p_0.44_stores_15_uniform factor=factorial_cell p_integration=0.44 food_multiplier=1 grocery_multiplier=1 store_selection=uniform
2026-09-29T13:36:17Z INFO condition_completed replication=10 seed=51 condition_id=p_0.44_stores_15_uniform generated=300 integrated=134 completed=76 cancelled=220 unfinished=4 service_units=77 productivity=0.2673611111111111 emission_g_co2=214200 emission_intensity=2781.818181818182 run_dir=summary-only
2026-09-29T13:36:17Z INFO condition_started replication=10 seed=51 condition_id=p_0.44_stores_15_nearest_restaurant factor=factorial_cell p_integration=0.44 food_multiplier=1 grocery_multiplier=1 store_selection=nearest_restaurant
2026-09-29T13:36:19Z INFO condition_completed replication=10 seed=51 condition_id=p_0.44_stores_15_nearest_restaurant generated=300 integrated=134 completed=83 cancelled=213 unfinished=4 service_units=96 productivity=0.3333333333333333 emission_g_co2=217590 emission_intensity=2266.5625 run_dir=summary-only
2026-09-29T13:36:19Z INFO condition_started replication=10 seed=51 condition_id=p_0.44_stores_15_nearest_customer factor=factorial_cell p_integration=0.44 food_multiplier=1 grocery_multiplier=1 store_selection=nearest_customer
2026-09-29T13:36:21Z INFO condition_completed replication=10 seed=51 condition_id=p_0.44_stores_15_nearest_customer generated=300 integrated=134 completed=73 cancelled=224 unfinished=3 service_units=76 productivity=0.2638888888888889 emission_g_co2=213240 emission_intensity=2805.7894736842104 run_dir=summary-only
2026-09-29T13:36:21Z INFO condition_started replication=10 seed=51 condition_id=p_0.44_stores_20_uniform factor=factorial_cell p_integration=0.44 food_multiplier=1 grocery_multiplier=1 store_selection=uniform
2026-09-29T13:36:24Z INFO condition_completed replication=10 seed=51 condition_id=p_0.44_stores_20_uniform generated=300 integrated=134 completed=61 cancelled=235 unfinished=4 service_units=61 productivity=0.21180555555555555 emission_g_co2=213840 emission_intensity=3505.5737704918033 run_dir=summary-only
2026-09-29T13:36:24Z INFO condition_started replication=10 seed=51 condition_id=p_0.44_stores_20_nearest_restaurant factor=factorial_cell p_integration=0.44 food_multiplier=1 grocery_multiplier=1 store_selection=nearest_restaurant
2026-09-29T13:36:28Z INFO condition_completed replication=10 seed=51 condition_id=p_0.44_stores_20_nearest_restaurant generated=300 integrated=134 completed=90 cancelled=207 unfinished=3 service_units=103 productivity=0.3576388888888889 emission_g_co2=226020 emission_intensity=2194.368932038835 run_dir=summary-only
2026-09-29T13:36:28Z INFO condition_started replication=10 seed=51 condition_id=p_0.44_stores_20_nearest_customer factor=factorial_cell p_integration=0.44 food_multiplier=1 grocery_multiplier=1 store_selection=nearest_customer
2026-09-29T13:36:33Z INFO condition_completed replication=10 seed=51 condition_id=p_0.44_stores_20_nearest_customer generated=300 integrated=134 completed=73 cancelled=223 unfinished=4 service_units=77 productivity=0.2673611111111111 emission_g_co2=211500 emission_intensity=2746.753246753247 run_dir=summary-only
2026-09-29T13:36:33Z INFO condition_started replication=10 seed=51 condition_id=p_0.66_stores_10_uniform factor=factorial_cell p_integration=0.66 food_multiplier=1 grocery_multiplier=1 store_selection=uniform
2026-09-29T13:36:36Z INFO condition_completed replication=10 seed=51 condition_id=p_0.66_stores_10_uniform generated=300 integrated=197 completed=56 cancelled=241 unfinished=3 service_units=63 productivity=0.21875 emission_g_co2=198540 emission_intensity=3151.4285714285716 run_dir=summary-only
2026-09-29T13:36:36Z INFO condition_started replication=10 seed=51 condition_id=p_0.66_stores_10_nearest_restaurant factor=factorial_cell p_integration=0.66 food_multiplier=1 grocery_multiplier=1 store_selection=nearest_restaurant
2026-09-29T13:36:38Z INFO condition_completed replication=10 seed=51 condition_id=p_0.66_stores_10_nearest_restaurant generated=300 integrated=197 completed=57 cancelled=240 unfinished=3 service_units=69 productivity=0.23958333333333334 emission_g_co2=198990 emission_intensity=2883.913043478261 run_dir=summary-only
2026-09-29T13:36:38Z INFO condition_started replication=10 seed=51 condition_id=p_0.66_stores_10_nearest_customer factor=factorial_cell p_integration=0.66 food_multiplier=1 grocery_multiplier=1 store_selection=nearest_customer
2026-09-29T13:36:40Z INFO condition_completed replication=10 seed=51 condition_id=p_0.66_stores_10_nearest_customer generated=300 integrated=197 completed=44 cancelled=253 unfinished=3 service_units=45 productivity=0.15625 emission_g_co2=189720 emission_intensity=4216.0 run_dir=summary-only
2026-09-29T13:36:40Z INFO condition_started replication=10 seed=51 condition_id=p_0.66_stores_15_uniform factor=factorial_cell p_integration=0.66 food_multiplier=1 grocery_multiplier=1 store_selection=uniform
2026-09-29T13:36:41Z INFO condition_completed replication=10 seed=51 condition_id=p_0.66_stores_15_uniform generated=300 integrated=197 completed=51 cancelled=246 unfinished=3 service_units=52 productivity=0.18055555555555555 emission_g_co2=202620 emission_intensity=3896.5384615384614 run_dir=summary-only
2026-09-29T13:36:41Z INFO condition_started replication=10 seed=51 condition_id=p_0.66_stores_15_nearest_restaurant factor=factorial_cell p_integration=0.66 food_multiplier=1 grocery_multiplier=1 store_selection=nearest_restaurant
2026-09-29T13:36:43Z INFO condition_completed replication=10 seed=51 condition_id=p_0.66_stores_15_nearest_restaurant generated=300 integrated=197 completed=71 cancelled=226 unfinished=3 service_units=91 productivity=0.3159722222222222 emission_g_co2=208530 emission_intensity=2291.5384615384614 run_dir=summary-only
2026-09-29T13:36:43Z INFO condition_started replication=10 seed=51 condition_id=p_0.66_stores_15_nearest_customer factor=factorial_cell p_integration=0.66 food_multiplier=1 grocery_multiplier=1 store_selection=nearest_customer
2026-09-29T13:36:45Z INFO condition_completed replication=10 seed=51 condition_id=p_0.66_stores_15_nearest_customer generated=300 integrated=197 completed=57 cancelled=240 unfinished=3 service_units=63 productivity=0.21875 emission_g_co2=202080 emission_intensity=3207.6190476190477 run_dir=summary-only
2026-09-29T13:36:45Z INFO condition_started replication=10 seed=51 condition_id=p_0.66_stores_20_uniform factor=factorial_cell p_integration=0.66 food_multiplier=1 grocery_multiplier=1 store_selection=uniform
2026-09-29T13:36:47Z INFO condition_completed replication=10 seed=51 condition_id=p_0.66_stores_20_uniform generated=300 integrated=197 completed=50 cancelled=246 unfinished=4 service_units=53 productivity=0.1840277777777778 emission_g_co2=197100 emission_intensity=3718.867924528302 run_dir=summary-only
2026-09-29T13:36:47Z INFO condition_started replication=10 seed=51 condition_id=p_0.66_stores_20_nearest_restaurant factor=factorial_cell p_integration=0.66 food_multiplier=1 grocery_multiplier=1 store_selection=nearest_restaurant
2026-09-29T13:36:49Z INFO condition_completed replication=10 seed=51 condition_id=p_0.66_stores_20_nearest_restaurant generated=300 integrated=197 completed=72 cancelled=224 unfinished=4 service_units=95 productivity=0.3298611111111111 emission_g_co2=203730 emission_intensity=2144.5263157894738 run_dir=summary-only
2026-09-29T13:36:49Z INFO condition_started replication=10 seed=51 condition_id=p_0.66_stores_20_nearest_customer factor=factorial_cell p_integration=0.66 food_multiplier=1 grocery_multiplier=1 store_selection=nearest_customer
2026-09-29T13:36:52Z INFO condition_completed replication=10 seed=51 condition_id=p_0.66_stores_20_nearest_customer generated=300 integrated=197 completed=64 cancelled=232 unfinished=4 service_units=70 productivity=0.24305555555555555 emission_g_co2=206040 emission_intensity=2943.4285714285716 run_dir=summary-only
2026-09-29T13:36:53Z INFO replication_completed replication=10 seed=51 baseline_completed=127 reference_integrated_completed=76
2026-09-29T13:36:59Z INFO experiment_completed model_runs=280 scenarios=10 output_dir=D:\UGM\Skripsi\FoodGrocery_Ride_Hailing_Integration_ABMS\output\experiments\experiment_20260929T132814_e0eba065
