daily_customers,num_drivers,condition_id,factor,p_integration,food_preparation_multiplier,grocery_preparation_multiplier,num_stores,store_selection,primary_comparison,metric,subject,primary_metric,observed_pairs,mean_delta,ci95_lower,ci95_upper,normality_test,normality_p_value,significance_test,test_statistic,raw_p_value,cohen_dz,statistically_significant_raw,holm_family,adjusted_p_value_holm,statistically_significant_holm
300,12,p_0.22_stores_10_uniform,factorial_cell,0.22,1.0,1.0,10,uniform,False,service_units_per_driver_hour,driver,True,10,-0.08055555555555556,-0.09236111111111112,-0.06944444444444445,shapiro_wilk,0.7102979942677214,paired_t_test,-13.115743489132715,3.598318439878936e-07,-4.147562263218325,True,primary_metrics_within_condition,1.338579048835431e-06,True
300,12,p_0.22_stores_10_uniform,factorial_cell,0.22,1.0,1.0,10,uniform,False,service_units_per_busy_driver_hour,driver,False,10,-0.1311732364679011,-0.15446938396487736,-0.10980628401339937,shapiro_wilk,0.8448950174363945,paired_t_test,-10.814857096257438,1.8574112114127946e-06,-3.4199580993408367,True,,,
300,12,p_0.22_stores_10_uniform,factorial_cell,0.22,1.0,1.0,10,uniform,False,service_units_per_km,driver,False,10,-0.0036726759514203607,-0.004474421297377905,-0.0029271895425995323,shapiro_wilk,0.8008718554551657,paired_t_test,-8.73070789493034,1.0939180323612828e-05,-2.7608922533593914,True,,,
300,12,p_0.22_stores_10_uniform,factorial_cell,0.22,1.0,1.0,10,uniform,False,food_completion_rate,customer,True,10,-0.08,-0.09066666666666667,-0.06966666666666667,shapiro_wilk,0.9743327426121595,paired_t_test,-14.01298099490741,2.0344719456964464e-07,-4.4312936752559775,True,primary_metrics_within_condition,1.0172359728482233e-06,True
300,12,p_0.22_stores_10_uniform,factorial_cell,0.22,1.0,1.0,10,uniform,False,food_cancellation_rate,customer,False,10,0.08166666666666667,0.07133333333333333,0.0916666666666667,shapiro_wilk,0.9532972976838813,paired_t_test,14.80399321163521,1.26455680909312e-07,4.681433701443837,True,,,
300,12,p_0.22_stores_10_uniform,factorial_cell,0.22,1.0,1.0,10,uniform,False,food_unfinished_rate,customer,False,10,-0.0016666666666666666,-0.004333333333333333,0.0006666666666666668,shapiro_wilk,0.23750720354989374,paired_t_test,-1.2456821978060995,0.24433314386747942,-0.3939192985791677,False,,,
300,12,p_0.22_stores_10_uniform,factorial_cell,0.22,1.0,1.0,10,uniform,False,mean_food_completion_ticks,customer,True,10,0.21723143790492827,-0.7230936370958676,1.1095804283497164,shapiro_wilk,0.7979974675622468,paired_t_test,0.4404900951255738,0.6699721448969201,0.13929519873410465,False,primary_metrics_within_condition,0.6699721448969201,False
300,12,p_0.22_stores_10_uniform,factorial_cell,0.22,1.0,1.0,10,uniform,False,mean_food_pickup_wait_ticks,driver,False,10,0.17028089717872802,-0.009150919270203027,0.3105920998142682,shapiro_wilk,0.011419122140449538,wilcoxon_signed_rank,11.0,0.10546875,0.6174887330030537,False,,,
300,12,p_0.22_stores_10_uniform,factorial_cell,0.22,1.0,1.0,10,uniform,False,mean_food_preparation_queue_ticks,merchant,False,10,0.02133920675181251,-0.011755541214937201,0.050180721719677045,shapiro_wilk,0.16142597138758247,paired_t_test,1.2558410586777435,0.24079533319129884,0.39713181245788354,False,,,
300,12,p_0.22_stores_10_uniform,factorial_cell,0.22,1.0,1.0,10,uniform,False,mean_food_ready_to_handover_ticks,merchant,False,10,-0.22377475026936758,-0.6562306186746637,0.22189840052710014,shapiro_wilk,0.5787995823198062,paired_t_test,-0.9401997450219293,0.37166272318224863,-0.29731726497788535,False,,,
300,12,p_0.22_stores_10_uniform,factorial_cell,0.22,1.0,1.0,10,uniform,False,mean_food_post_pickup_delivery_ticks,customer,False,10,0.2830019901506812,-0.5045337179573914,1.0151025097349236,shapiro_wilk,0.5006779314596472,paired_t_test,0.7069534706001941,0.49748982582424905,0.2235583166857497,False,,,
300,12,p_0.22_stores_10_uniform,factorial_cell,0.22,1.0,1.0,10,uniform,False,platform_revenue_per_order,platform,True,10,-761.8557159460001,-874.4151020284502,-661.6409417002252,shapiro_wilk,0.46660117645020394,paired_t_test,-13.226932694446146,3.3464476220885773e-07,-4.182723377219779,True,primary_metrics_within_condition,1.338579048835431e-06,True
300,12,p_0.22_stores_10_uniform,factorial_cell,0.22,1.0,1.0,10,uniform,False,driver_revenue_per_order,driver,False,10,-2919.5969999999998,-3312.18055,-2565.7126749999998,shapiro_wilk,0.7473316350779824,paired_t_test,-14.344236699691573,1.6622253856959036e-07,-4.536045926760206,True,,,
300,12,p_0.22_stores_10_uniform,factorial_cell,0.22,1.0,1.0,10,uniform,False,merchant_revenue_per_order,merchant,False,10,-2287.143550720666,-2654.824191655516,-1936.1707218394165,shapiro_wilk,0.9714257769067451,paired_t_test,-11.67886476711563,9.698126164741807e-07,-3.6931813149177337,True,,,
300,12,p_0.22_stores_10_uniform,factorial_cell,0.22,1.0,1.0,10,uniform,False,driver_profit_per_order,driver,False,10,-2546.330333333333,-2924.271208333333,-2185.562316666667,shapiro_wilk,0.9557727519324496,paired_t_test,-12.82587647153694,4.359294884313491e-07,-4.055898263802051,True,,,
300,12,p_0.22_stores_10_uniform,factorial_cell,0.22,1.0,1.0,10,uniform,False,emission_intensity_per_service_unit,environment,True,10,262.3981937237887,211.09827762888025,317.1990355459091,shapiro_wilk,0.6772011760728903,paired_t_test,9.081350249885483,7.931655623511074e-06,2.87177510193774,True,primary_metrics_within_condition,1.5863311247022147e-05,True
300,12,p_0.22_stores_10_uniform,factorial_cell,0.22,1.0,1.0,10,uniform,False,total_emission_units,environment,False,10,-16797.0,-18729.0,-14721.0,shapiro_wilk,0.4790742601363323,paired_t_test,-15.524659472501902,8.366039219892672e-08,-4.909328383161418,True,,,
300,12,p_0.22_stores_10_uniform,factorial_cell,0.22,1.0,1.0,10,uniform,False,emission_units_per_order,environment,False,10,-55.99000000000002,-62.550000000000026,-48.93000000000003,shapiro_wilk,0.47907426013632465,paired_t_test,-15.524659472501911,8.366039219892629e-08,-4.909328383161421,True,,,
300,12,p_0.22_stores_10_uniform,factorial_cell,0.22,1.0,1.0,10,uniform,False,emission_units_per_completed_order,environment,False,10,278.128400738659,226.4430766161424,331.1842911515015,shapiro_wilk,0.9720897578992654,paired_t_test,9.959480957601954,3.701192472781209e-06,3.1494644139097043,True,,,
300,12,p_0.22_stores_10_uniform,factorial_cell,0.22,1.0,1.0,10,uniform,False,driver_utilization,driver,False,10,-0.01643518518518518,-0.019392361111111082,-0.013078703703703698,shapiro_wilk,0.23246008537089546,paired_t_test,-9.720809747674403,4.526988550721116e-06,-3.0739899503817787,True,,,
300,12,p_0.22_stores_10_uniform,factorial_cell,0.22,1.0,1.0,10,uniform,False,driver_profit_per_driver,driver,False,10,-63658.25833333334,-73014.00875,-55048.875,shapiro_wilk,0.9557727519324482,paired_t_test,-12.825876471536946,4.35929488431347e-07,-4.055898263802052,True,,,
300,12,p_0.22_stores_10_nearest_restaurant,factorial_cell,0.22,1.0,1.0,10,nearest_restaurant,False,service_units_per_driver_hour,driver,True,10,-0.059375,-0.07187499999999998,-0.047222222222222214,shapiro_wilk,0.07757107570196457,paired_t_test,-8.891201803488856,9.430206525684486e-06,-2.811644883522162,True,primary_metrics_within_condition,3.7720826102737945e-05,True
300,12,p_0.22_stores_10_nearest_restaurant,factorial_cell,0.22,1.0,1.0,10,nearest_restaurant,False,service_units_per_busy_driver_hour,driver,False,10,-0.09422317115193043,-0.11370677924784299,-0.07241824137280437,shapiro_wilk,0.04053804154627315,wilcoxon_signed_rank,0.0,0.001953125,-2.6500358863278963,True,,,
300,12,p_0.22_stores_10_nearest_restaurant,factorial_cell,0.22,1.0,1.0,10,nearest_restaurant,False,service_units_per_km,driver,False,10,-0.0021757697963817216,-0.0029091968863454,-0.0013463701804848599,shapiro_wilk,0.058254497963332104,paired_t_test,-5.072793034245554,0.00066933375262723,-1.6041580086852483,True,,,
300,12,p_0.22_stores_10_nearest_restaurant,factorial_cell,0.22,1.0,1.0,10,nearest_restaurant,False,food_completion_rate,customer,True,10,-0.07300000000000002,-0.08366666666666668,-0.06066666666666669,shapiro_wilk,0.08818979212892956,paired_t_test,-11.707900940254081,9.495711901059998e-07,-3.7023633590829843,True,primary_metrics_within_condition,4.747855950529999e-06,True
300,12,p_0.22_stores_10_nearest_restaurant,factorial_cell,0.22,1.0,1.0,10,nearest_restaurant,False,food_cancellation_rate,customer,False,10,0.07366666666666666,0.06166666666666663,0.08433333333333333,shapiro_wilk,0.2598116084833636,paired_t_test,12.007008448646312,7.661684300966812e-07,3.796949458260722,True,,,
300,12,p_0.22_stores_10_nearest_restaurant,factorial_cell,0.22,1.0,1.0,10,nearest_restaurant,False,food_unfinished_rate,customer,False,10,-0.0006666666666666666,-0.0033333333333333327,0.0016666666666666663,shapiro_wilk,0.04507595526998937,wilcoxon_signed_rank,9.0,0.875,-0.16269784336399215,False,,,
300,12,p_0.22_stores_10_nearest_restaurant,factorial_cell,0.22,1.0,1.0,10,nearest_restaurant,False,mean_food_completion_ticks,customer,True,10,0.10469530026621854,-0.6710155836528126,0.8218079354908012,shapiro_wilk,0.7181418859330687,paired_t_test,0.257324043492605,0.8027153110054747,0.08137300741608613,False,primary_metrics_within_condition,0.8027153110054747,False
300,12,p_0.22_stores_10_nearest_restaurant,factorial_cell,0.22,1.0,1.0,10,nearest_restaurant,False,mean_food_pickup_wait_ticks,driver,False,10,0.09944895209937774,-0.0921702467369124,0.2859998693421463,shapiro_wilk,0.1406443769072097,paired_t_test,0.9788929222988432,0.35321117256782997,0.3095531219882573,False,,,
300,12,p_0.22_stores_10_nearest_restaurant,factorial_cell,0.22,1.0,1.0,10,nearest_restaurant,False,mean_food_preparation_queue_ticks,merchant,False,10,0.016924109447599384,-0.02547266615788644,0.05401350474736819,shapiro_wilk,0.4398313219240895,paired_t_test,0.7973996009717609,0.44574596619392537,0.25215989443801795,False,,,
300,12,p_0.22_stores_10_nearest_restaurant,factorial_cell,0.22,1.0,1.0,10,nearest_restaurant,False,mean_food_ready_to_handover_ticks,merchant,False,10,-0.043080191754577245,-0.4013209745051286,0.3207333639330498,shapiro_wilk,0.6576330618017405,paired_t_test,-0.22109610217271,0.829952220573214,-0.06991672646510663,False,,,
300,12,p_0.22_stores_10_nearest_restaurant,factorial_cell,0.22,1.0,1.0,10,nearest_restaurant,False,mean_food_post_pickup_delivery_ticks,customer,False,10,0.04262456020074481,-0.4408135398110005,0.5564386217456764,shapiro_wilk,0.8444187877404712,paired_t_test,0.1589461317575357,0.8772209098552941,0.05026318016270349,False,,,
300,12,p_0.22_stores_10_nearest_restaurant,factorial_cell,0.22,1.0,1.0,10,nearest_restaurant,False,platform_revenue_per_order,platform,True,10,-583.4059293460001,-705.48521431035,-460.00135502940014,shapiro_wilk,0.03349651702048872,wilcoxon_signed_rank,0.0,0.001953125,-2.757916128134283,True,primary_metrics_within_condition,0.00390625,True
300,12,p_0.22_stores_10_nearest_restaurant,factorial_cell,0.22,1.0,1.0,10,nearest_restaurant,False,driver_revenue_per_order,driver,False,10,-2646.6789999999996,-3096.7297750000002,-2174.341225000001,shapiro_wilk,0.24902908445830602,paired_t_test,-10.457709258880051,2.4624056732513833e-06,-3.3070180365892408,True,,,
300,12,p_0.22_stores_10_nearest_restaurant,factorial_cell,0.22,1.0,1.0,10,nearest_restaurant,False,merchant_revenue_per_order,merchant,False,10,-1590.534670654,-1987.7676711998915,-1196.7513362080254,shapiro_wilk,0.060375237678040185,paired_t_test,-7.434143670105009,3.9578261268893516e-05,-2.3508826450455236,True,,,
300,12,p_0.22_stores_10_nearest_restaurant,factorial_cell,0.22,1.0,1.0,10,nearest_restaurant,False,driver_profit_per_order,driver,False,10,-2280.4123333333337,-2700.8162416666664,-1845.1596916666676,shapiro_wilk,0.3184877307825016,paired_t_test,-9.71130987234056,4.563817721578042e-06,-3.0709858260275196,True,,,
300,12,p_0.22_stores_10_nearest_restaurant,factorial_cell,0.22,1.0,1.0,10,nearest_restaurant,False,emission_intensity_per_service_unit,environment,True,10,148.17440353524427,92.57833426942051,200.3179806062647,shapiro_wilk,0.30115522571306946,paired_t_test,5.014116486034807,0.0007248767329166929,1.5856028549269843,True,primary_metrics_within_condition,0.0021746301987500788,True
300,12,p_0.22_stores_10_nearest_restaurant,factorial_cell,0.22,1.0,1.0,10,nearest_restaurant,False,total_emission_units,environment,False,10,-16482.0,-18810.0,-13715.775000000003,shapiro_wilk,0.012451476648447053,wilcoxon_signed_rank,0.0,0.001953125,-3.7137600165013036,True,,,
300,12,p_0.22_stores_10_nearest_restaurant,factorial_cell,0.22,1.0,1.0,10,nearest_restaurant,False,emission_units_per_order,environment,False,10,-54.94000000000002,-62.76025000000005,-45.74975000000002,shapiro_wilk,0.012451476648447053,wilcoxon_signed_rank,0.0,0.001953125,-3.713760016501305,True,,,
300,12,p_0.22_stores_10_nearest_restaurant,factorial_cell,0.22,1.0,1.0,10,nearest_restaurant,False,emission_units_per_completed_order,environment,False,10,239.0982861413524,183.19174488135917,287.4274947176395,shapiro_wilk,0.04322499520292513,wilcoxon_signed_rank,0.0,0.001953125,2.663428588896646,True,,,
300,12,p_0.22_stores_10_nearest_restaurant,factorial_cell,0.22,1.0,1.0,10,nearest_restaurant,False,driver_utilization,driver,False,10,-0.013263888888888886,-0.017476851851851816,-0.008663194444444466,shapiro_wilk,0.47972934967237335,paired_t_test,-5.593283712679908,0.00033716014882131424,-1.7687516131591325,True,,,
300,12,p_0.22_stores_10_nearest_restaurant,factorial_cell,0.22,1.0,1.0,10,nearest_restaurant,False,driver_profit_per_driver,driver,False,10,-57010.308333333334,-67562.86937499998,-45969.54895833334,shapiro_wilk,0.31848773078250026,paired_t_test,-9.711309872340557,4.563817721578053e-06,-3.0709858260275174,True,,,
300,12,p_0.22_stores_10_nearest_customer,factorial_cell,0.22,1.0,1.0,10,nearest_customer,False,service_units_per_driver_hour,driver,True,10,-0.08229166666666668,-0.09861111111111112,-0.06666666666666668,shapiro_wilk,0.608711296278872,paired_t_test,-9.500288947766544,5.473302499960623e-06,-3.0042551504666704,True,primary_metrics_within_condition,2.043328793231582e-05,True
300,12,p_0.22_stores_10_nearest_customer,factorial_cell,0.22,1.0,1.0,10,nearest_customer,False,service_units_per_busy_driver_hour,driver,False,10,-0.1342636706723102,-0.16316679379791438,-0.10595840530274293,shapiro_wilk,0.6142417178579964,paired_t_test,-8.67928263378558,1.1477395572655602e-05,-2.744630157910751,True,,,
300,12,p_0.22_stores_10_nearest_customer,factorial_cell,0.22,1.0,1.0,10,nearest_customer,False,service_units_per_km,driver,False,10,-0.0036778021157572865,-0.00476020742390944,-0.0026440641887404224,shapiro_wilk,0.20529643337137182,paired_t_test,-6.42135248140554,0.00012217158990525872,-2.0306099500015526,True,,,
300,12,p_0.22_stores_10_nearest_customer,factorial_cell,0.22,1.0,1.0,10,nearest_customer,False,food_completion_rate,customer,True,10,-0.08333333333333334,-0.09833333333333334,-0.06933333333333334,shapiro_wilk,0.571626191187541,paired_t_test,-10.71428571428572,2.009235568869589e-06,-3.388154635894694,True,primary_metrics_within_condition,1.0046177844347945e-05,True
300,12,p_0.22_stores_10_nearest_customer,factorial_cell,0.22,1.0,1.0,10,nearest_customer,False,food_cancellation_rate,customer,False,10,0.08266666666666667,0.06999999999999998,0.09666666666666666,shapiro_wilk,0.7160260899396382,paired_t_test,11.377689753843057,1.2103520963749812e-06,3.5979414132904566,True,,,
300,12,p_0.22_stores_10_nearest_customer,factorial_cell,0.22,1.0,1.0,10,nearest_customer,False,food_unfinished_rate,customer,False,10,0.0006666666666666668,-0.001,0.0026666666666666666,shapiro_wilk,0.14879821985688652,paired_t_test,0.6882472016116854,0.5086464915963442,0.21764287503300353,False,,,
300,12,p_0.22_stores_10_nearest_customer,factorial_cell,0.22,1.0,1.0,10,nearest_customer,False,mean_food_completion_ticks,customer,True,10,0.020326010220394864,-0.9802817307039638,1.0421624518263155,shapiro_wilk,0.7947413972287227,paired_t_test,0.0378216990293595,0.9706554942360061,0.011960271391015563,False,primary_metrics_within_condition,0.9706554942360061,False
300,12,p_0.22_stores_10_nearest_customer,factorial_cell,0.22,1.0,1.0,10,nearest_customer,False,mean_food_pickup_wait_ticks,driver,False,10,0.15272681386466416,-0.0919295452906872,0.4037321911575614,shapiro_wilk,0.2722679679213667,paired_t_test,1.1522288382061254,0.27891320277697235,0.3643667514460996,False,,,
300,12,p_0.22_stores_10_nearest_customer,factorial_cell,0.22,1.0,1.0,10,nearest_customer,False,mean_food_preparation_queue_ticks,merchant,False,10,0.0008999872804950071,-0.03504719684556277,0.03161141893560188,shapiro_wilk,0.5341150021963322,paired_t_test,0.05006988654099891,0.9611603032500463,0.015833488365576628,False,,,
300,12,p_0.22_stores_10_nearest_customer,factorial_cell,0.22,1.0,1.0,10,nearest_customer,False,mean_food_ready_to_handover_ticks,merchant,False,10,-0.23591637703223123,-0.8698507652020258,0.4824236130094587,shapiro_wilk,0.1732637956220609,paired_t_test,-0.6448644996547345,0.5351050465645963,-0.2039240601093827,False,,,
300,12,p_0.22_stores_10_nearest_customer,factorial_cell,0.22,1.0,1.0,10,nearest_customer,False,mean_food_post_pickup_delivery_ticks,customer,False,10,0.1154910396527633,-0.7215704673216674,1.06091807663159,shapiro_wilk,0.2402700476055053,paired_t_test,0.24159527100430497,0.8145084171502311,0.0763991328299239,False,,,
300,12,p_0.22_stores_10_nearest_customer,factorial_cell,0.22,1.0,1.0,10,nearest_customer,False,platform_revenue_per_order,platform,True,10,-802.130136834,-967.452605218225,-657.3027268119251,shapiro_wilk,0.17559197308105146,paired_t_test,-9.579968635068699,5.108321983078955e-06,-3.0294520799791513,True,primary_metrics_within_condition,2.043328793231582e-05,True
300,12,p_0.22_stores_10_nearest_customer,factorial_cell,0.22,1.0,1.0,10,nearest_customer,False,driver_revenue_per_order,driver,False,10,-3093.9829999999993,-3690.257999999999,-2534.8432249999996,shapiro_wilk,0.2762108758187357,paired_t_test,-9.810005834963368,4.196725570598169e-06,-3.1021962298026104,True,,,
300,12,p_0.22_stores_10_nearest_customer,factorial_cell,0.22,1.0,1.0,10,nearest_customer,False,merchant_revenue_per_order,merchant,False,10,-2400.201929832666,-2931.0452516483247,-1931.4524778036412,shapiro_wilk,0.4746654537587747,paired_t_test,-8.888336179074706,9.455050940967319e-06,-2.8107386935154315,True,,,
300,12,p_0.22_stores_10_nearest_customer,factorial_cell,0.22,1.0,1.0,10,nearest_customer,False,driver_profit_per_order,driver,False,10,-2699.6496666666667,-3269.542558333333,-2170.673841666667,shapiro_wilk,0.18914615356619713,paired_t_test,-9.028362628858162,8.321027055486736e-06,-2.855018944913722,True,,,
300,12,p_0.22_stores_10_nearest_customer,factorial_cell,0.22,1.0,1.0,10,nearest_customer,False,emission_intensity_per_service_unit,environment,True,10,267.74853010634513,187.60871108757402,349.6799928912462,shapiro_wilk,0.21101902765068553,paired_t_test,6.041554893316702,0.00019245978841889223,1.9105074071816364,True,primary_metrics_within_condition,0.00038491957683778447,True
300,12,p_0.22_stores_10_nearest_customer,factorial_cell,0.22,1.0,1.0,10,nearest_customer,False,total_emission_units,environment,False,10,-17745.0,-20412.15,-14912.925000000001,shapiro_wilk,0.8852657469224656,paired_t_test,-12.016101930818314,7.612428984040511e-07,-3.799825069813288,True,,,
300,12,p_0.22_stores_10_nearest_customer,factorial_cell,0.22,1.0,1.0,10,nearest_customer,False,emission_units_per_order,environment,False,10,-59.15000000000001,-67.94,-49.869750000000025,shapiro_wilk,0.8852657469224656,paired_t_test,-12.016101930818321,7.612428984040473e-07,-3.7998250698132905,True,,,
300,12,p_0.22_stores_10_nearest_customer,factorial_cell,0.22,1.0,1.0,10,nearest_customer,False,emission_units_per_completed_order,environment,False,10,294.09892335631105,218.12801965531838,369.7204468869042,shapiro_wilk,0.652644358291778,paired_t_test,7.11995253046994,5.5448290744254717e-05,2.2515266828564413,True,,,
300,12,p_0.22_stores_10_nearest_customer,factorial_cell,0.22,1.0,1.0,10,nearest_customer,False,driver_utilization,driver,False,10,-0.0165625,-0.020833333333333325,-0.012372540509259271,shapiro_wilk,0.9049067748562526,paired_t_test,-7.339383777724705,4.376532953855939e-05,-2.320916935970104,True,,,
300,12,p_0.22_stores_10_nearest_customer,factorial_cell,0.22,1.0,1.0,10,nearest_customer,False,driver_profit_per_driver,driver,False,10,-67491.24166666667,-81901.36812500001,-54161.258333333346,shapiro_wilk,0.18914615356619874,paired_t_test,-9.028362628858163,8.321027055486714e-06,-2.855018944913723,True,,,
300,12,p_0.22_stores_15_uniform,factorial_cell,0.22,1.0,1.0,15,uniform,False,service_units_per_driver_hour,driver,True,10,-0.08472222222222223,-0.09895833333333334,-0.07013888888888889,shapiro_wilk,0.5588060952889922,paired_t_test,-10.955923423633262,1.6653615571411993e-06,-3.4645671889070937,True,primary_metrics_within_condition,6.661446228564797e-06,True
300,12,p_0.22_stores_15_uniform,factorial_cell,0.22,1.0,1.0,15,uniform,False,service_units_per_busy_driver_hour,driver,False,10,-0.14288968899795235,-0.16787464255405476,-0.11602563474183289,shapiro_wilk,0.6789478205014144,paired_t_test,-10.088807909206409,3.3241967860451035e-06,-3.1903611869013484,True,,,
300,12,p_0.22_stores_15_uniform,factorial_cell,0.22,1.0,1.0,15,uniform,False,service_units_per_km,driver,False,10,-0.00410416022636141,-0.0050581158418730645,-0.0030961036735705407,shapiro_wilk,0.440116894662894,paired_t_test,-7.717428725256181,2.946735862278522e-05,-2.4404652451819357,True,,,
300,12,p_0.22_stores_15_uniform,factorial_cell,0.22,1.0,1.0,15,uniform,False,food_completion_rate,customer,True,10,-0.0856666666666667,-0.09966666666666667,-0.07233333333333333,shapiro_wilk,0.3686859318398909,paired_t_test,-11.569484044018981,1.0504553588675853e-06,-3.6585920932075746,True,primary_metrics_within_condition,5.252276794337926e-06,True
300,12,p_0.22_stores_15_uniform,factorial_cell,0.22,1.0,1.0,15,uniform,False,food_cancellation_rate,customer,False,10,0.08499999999999999,0.07266666666666664,0.09766666666666665,shapiro_wilk,0.7368033527502454,paired_t_test,12.636431447491354,4.952172367019206e-07,3.9959904870651086,True,,,
300,12,p_0.22_stores_15_uniform,factorial_cell,0.22,1.0,1.0,15,uniform,False,food_unfinished_rate,customer,False,10,0.0006666666666666666,-0.0016666666666666666,0.002666666666666667,shapiro_wilk,0.47883300963964964,paired_t_test,0.5570860145311556,0.5910512317836045,0.17616606585441105,False,,,
300,12,p_0.22_stores_15_uniform,factorial_cell,0.22,1.0,1.0,15,uniform,False,mean_food_completion_ticks,customer,True,10,1.069438864292279,0.522028682639797,1.6118599442978703,shapiro_wilk,0.6765673183030378,paired_t_test,3.6582329907137088,0.005249913435666657,1.156834846222492,True,primary_metrics_within_condition,0.005249913435666657,True
300,12,p_0.22_stores_15_uniform,factorial_cell,0.22,1.0,1.0,15,uniform,False,mean_food_pickup_wait_ticks,driver,False,10,0.13153894462443066,-0.0510596316538186,0.317784303688562,shapiro_wilk,0.4037124423380276,paired_t_test,1.3108766613945857,0.22235949723938053,0.4145355981564207,False,,,
300,12,p_0.22_stores_15_uniform,factorial_cell,0.22,1.0,1.0,15,uniform,False,mean_food_preparation_queue_ticks,merchant,False,10,0.05171318408056077,0.022691084067236657,0.07993911124027112,shapiro_wilk,0.5608718970568825,paired_t_test,3.266902800490257,0.009730764526976491,1.0330853743931856,True,,,
300,12,p_0.22_stores_15_uniform,factorial_cell,0.22,1.0,1.0,15,uniform,False,mean_food_ready_to_handover_ticks,merchant,False,10,0.058688791048603674,-0.4322947462637893,0.6226384228730301,shapiro_wilk,0.3279423226378209,paired_t_test,0.20506107491009498,0.8420871911965586,0.0648460056158308,False,,,
300,12,p_0.22_stores_15_uniform,factorial_cell,0.22,1.0,1.0,15,uniform,False,mean_food_post_pickup_delivery_ticks,customer,False,10,0.8481716676554132,0.3183477996849446,1.3656856875799044,shapiro_wilk,0.5854754812334524,paired_t_test,3.0241392316555764,0.01438255496513042,0.9563167933503197,True,,,
300,12,p_0.22_stores_15_uniform,factorial_cell,0.22,1.0,1.0,15,uniform,False,platform_revenue_per_order,platform,True,10,-778.6709982690002,-914.3616920309502,-642.3667036333756,shapiro_wilk,0.8615187239860358,paired_t_test,-10.625081395684719,2.1554131794887293e-06,-3.359945753504445,True,primary_metrics_within_condition,6.661446228564797e-06,True
300,12,p_0.22_stores_15_uniform,factorial_cell,0.22,1.0,1.0,15,uniform,False,driver_revenue_per_order,driver,False,10,-2872.286,-3359.0907749999997,-2370.2419999999997,shapiro_wilk,0.2577576152288157,paired_t_test,-10.824964142801036,1.8428675985284242e-06,-3.423154228090347,True,,,
300,12,p_0.22_stores_15_uniform,factorial_cell,0.22,1.0,1.0,15,uniform,False,merchant_revenue_per_order,merchant,False,10,-2381.3765683976662,-2814.9931915238076,-1937.3977831701493,shapiro_wilk,0.9988136027270081,paired_t_test,-9.989900760525677,3.608456675457748e-06,-3.1590840002309455,True,,,
300,12,p_0.22_stores_15_uniform,factorial_cell,0.22,1.0,1.0,15,uniform,False,driver_profit_per_order,driver,False,10,-2526.0193333333336,-2985.966775,-2042.4541749999999,shapiro_wilk,0.6567837919759463,paired_t_test,-9.877779065399597,3.963527708905711e-06,-3.123628007059204,True,,,
300,12,p_0.22_stores_15_uniform,factorial_cell,0.22,1.0,1.0,15,uniform,False,emission_intensity_per_service_unit,environment,True,10,299.28556487493887,226.04936153528942,364.9349058298337,shapiro_wilk,0.25566374021799865,paired_t_test,7.971201114134871,2.278159037456292e-05,2.5207151207938,True,primary_metrics_within_condition,4.556318074912584e-05,True
300,12,p_0.22_stores_15_uniform,factorial_cell,0.22,1.0,1.0,15,uniform,False,total_emission_units,environment,False,10,-15582.0,-18348.0,-12951.0,shapiro_wilk,0.8500519593508505,paired_t_test,-10.652372646520597,2.1094825200304157e-06,-3.3685760047880797,True,,,
300,12,p_0.22_stores_15_uniform,factorial_cell,0.22,1.0,1.0,15,uniform,False,emission_units_per_order,environment,False,10,-51.94,-61.37024999999999,-43.08,shapiro_wilk,0.8500519593508461,paired_t_test,-10.652372646520602,2.109482520030405e-06,-3.3685760047880824,True,,,
300,12,p_0.22_stores_15_uniform,factorial_cell,0.22,1.0,1.0,15,uniform,False,emission_units_per_completed_order,environment,False,10,326.43004768739394,257.50001451457956,392.89464277207856,shapiro_wilk,0.33957840982772225,paired_t_test,8.77205913994291,1.0526507957880502e-05,2.7739686651917306,True,,,
300,12,p_0.22_stores_15_uniform,factorial_cell,0.22,1.0,1.0,15,uniform,False,driver_utilization,driver,False,10,-0.014021990740740736,-0.01938657407407407,-0.008726851851851836,shapiro_wilk,0.7877950421426378,paired_t_test,-4.820952193726849,0.0009457245952723955,-1.5245189422962158,True,,,
300,12,p_0.22_stores_15_uniform,factorial_cell,0.22,1.0,1.0,15,uniform,False,driver_profit_per_driver,driver,False,10,-63150.48333333334,-74956.7,-51386.88062500001,shapiro_wilk,0.6567837919759512,paired_t_test,-9.877779065399595,3.963527708905721e-06,-3.1236280070592035,True,,,
300,12,p_0.22_stores_15_nearest_restaurant,factorial_cell,0.22,1.0,1.0,15,nearest_restaurant,False,service_units_per_driver_hour,driver,True,10,-0.05798611111111111,-0.07361111111111111,-0.04131944444444444,shapiro_wilk,0.8841828838267023,paired_t_test,-6.694296431548578,8.911404980452579e-05,-2.1169224056030966,True,primary_metrics_within_condition,0.00035645619921810317,True
300,12,p_0.22_stores_15_nearest_restaurant,factorial_cell,0.22,1.0,1.0,15,nearest_restaurant,False,service_units_per_busy_driver_hour,driver,False,10,-0.08945154219249932,-0.11422045069315342,-0.06148806891883071,shapiro_wilk,0.44551110058062215,paired_t_test,-6.29926160164421,0.00014110775148597554,-1.9920014238435968,True,,,
300,12,p_0.22_stores_15_nearest_restaurant,factorial_cell,0.22,1.0,1.0,15,nearest_restaurant,False,service_units_per_km,driver,False,10,-0.0019635550568969395,-0.0028883906347727255,-0.000976449805043106,shapiro_wilk,0.7630843062426835,paired_t_test,-3.7755597290065372,0.004378826282861967,-1.1939368185668753,True,,,
300,12,p_0.22_stores_15_nearest_restaurant,factorial_cell,0.22,1.0,1.0,15,nearest_restaurant,False,food_completion_rate,customer,True,10,-0.073,-0.088,-0.05900000000000001,shapiro_wilk,0.9329492760175002,paired_t_test,-9.434942928908868,5.794105394475364e-06,-2.9835909249052124,True,primary_metrics_within_condition,2.8970526972376823e-05,True
300,12,p_0.22_stores_15_nearest_restaurant,factorial_cell,0.22,1.0,1.0,15,nearest_restaurant,False,food_cancellation_rate,customer,False,10,0.07199999999999998,0.05833333333333331,0.08633333333333332,shapiro_wilk,0.826560560450378,paired_t_test,9.368701897853088,6.140566227598515e-06,2.962643671635792,True,,,
300,12,p_0.22_stores_15_nearest_restaurant,factorial_cell,0.22,1.0,1.0,15,nearest_restaurant,False,food_unfinished_rate,customer,False,10,0.001,-0.001999999999999999,0.003333333333333333,shapiro_wilk,0.012163137314593148,wilcoxon_signed_rank,6.0,0.40625,0.2243001538256521,False,,,
300,12,p_0.22_stores_15_nearest_restaurant,factorial_cell,0.22,1.0,1.0,15,nearest_restaurant,False,mean_food_completion_ticks,customer,True,10,-0.31071620672103106,-1.003968675614085,0.43767893212012565,shapiro_wilk,0.5959008214445556,paired_t_test,-0.7995234342608554,0.4445753821501938,-0.25283150949442046,False,primary_metrics_within_condition,0.4445753821501938,False
300,12,p_0.22_stores_15_nearest_restaurant,factorial_cell,0.22,1.0,1.0,15,nearest_restaurant,False,mean_food_pickup_wait_ticks,driver,False,10,0.21404191144398518,0.004601711483880827,0.4154156593784532,shapiro_wilk,0.9009190987898608,paired_t_test,1.9089693232119054,0.08860763407209515,0.6036691044739759,False,,,
300,12,p_0.22_stores_15_nearest_restaurant,factorial_cell,0.22,1.0,1.0,15,nearest_restaurant,False,mean_food_preparation_queue_ticks,merchant,False,10,0.019649435176134912,-0.014101806097910542,0.05323190612249555,shapiro_wilk,0.8717523380003347,paired_t_test,1.0683644814874733,0.3131728177143614,0.33784651327252113,False,,,
300,12,p_0.22_stores_15_nearest_restaurant,factorial_cell,0.22,1.0,1.0,15,nearest_restaurant,False,mean_food_ready_to_handover_ticks,merchant,False,10,-0.16154290566034427,-0.5257528618054493,0.238863879840322,shapiro_wilk,0.7423801371886274,paired_t_test,-0.782467072825297,0.4540343314515724,-0.24743781442127813,False,,,
300,12,p_0.22_stores_15_nearest_restaurant,factorial_cell,0.22,1.0,1.0,15,nearest_restaurant,False,mean_food_post_pickup_delivery_ticks,customer,False,10,-0.12022969611991634,-0.656193889869008,0.47588568900270795,shapiro_wilk,0.4551557521370328,paired_t_test,-0.39352820694078783,0.7030895326746104,-0.12444454574549724,False,,,
300,12,p_0.22_stores_15_nearest_restaurant,factorial_cell,0.22,1.0,1.0,15,nearest_restaurant,False,platform_revenue_per_order,platform,True,10,-564.3261202270002,-717.7146082639252,-397.0591450685253,shapiro_wilk,0.6425557682853666,paired_t_test,-6.461615268977829,0.00011654914687355146,-2.0433421613691483,True,primary_metrics_within_condition,0.00035645619921810317,True
300,12,p_0.22_stores_15_nearest_restaurant,factorial_cell,0.22,1.0,1.0,15,nearest_restaurant,False,driver_revenue_per_order,driver,False,10,-2737.0,-3273.461774999999,-2211.877225,shapiro_wilk,0.30313333207792936,paired_t_test,-9.421285051708896,5.863739676365097e-06,-2.9792719249097335,True,,,
300,12,p_0.22_stores_15_nearest_restaurant,factorial_cell,0.22,1.0,1.0,15,nearest_restaurant,False,merchant_revenue_per_order,merchant,False,10,-1469.2665797729996,-1985.4936263443585,-866.9528760295246,shapiro_wilk,0.1953407885559177,paired_t_test,-4.856702112800106,0.0008999353646211485,-1.5358240593400345,True,,,
300,12,p_0.22_stores_15_nearest_restaurant,factorial_cell,0.22,1.0,1.0,15,nearest_restaurant,False,driver_profit_per_order,driver,False,10,-2350.0666666666666,-2838.6593416666665,-1847.5322000000006,shapiro_wilk,0.4055840530614859,paired_t_test,-8.831374106256254,9.96414498999777e-06,-2.7927257044803637,True,,,
300,12,p_0.22_stores_15_nearest_restaurant,factorial_cell,0.22,1.0,1.0,15,nearest_restaurant,False,emission_intensity_per_service_unit,environment,True,10,135.52752874921876,67.69742597250942,199.56697606160736,shapiro_wilk,0.7919394331214795,paired_t_test,3.8465915095386296,0.003926729458814188,1.2163990398407372,True,primary_metrics_within_condition,0.007853458917628377,True
300,12,p_0.22_stores_15_nearest_restaurant,factorial_cell,0.22,1.0,1.0,15,nearest_restaurant,False,total_emission_units,environment,False,10,-17412.0,-20316.075,-14753.775000000003,shapiro_wilk,0.3756142056000236,paired_t_test,-11.380819997003314,1.2075360513980637e-06,-3.598931283092114,True,,,
300,12,p_0.22_stores_15_nearest_restaurant,factorial_cell,0.22,1.0,1.0,15,nearest_restaurant,False,emission_units_per_order,environment,False,10,-58.040000000000006,-68.01025000000001,-48.95975000000002,shapiro_wilk,0.37561420560001996,paired_t_test,-11.38081999700331,1.2075360513980666e-06,-3.5989312830921127,True,,,
300,12,p_0.22_stores_15_nearest_restaurant,factorial_cell,0.22,1.0,1.0,15,nearest_restaurant,False,emission_units_per_completed_order,environment,False,10,232.57312650995428,173.76906612981898,297.67874694046407,shapiro_wilk,0.8821873354309091,paired_t_test,6.972887129261963,6.517172261366631e-05,2.2050205195740733,True,,,
300,12,p_0.22_stores_15_nearest_restaurant,factorial_cell,0.22,1.0,1.0,15,nearest_restaurant,False,driver_utilization,driver,False,10,-0.014629629629629637,-0.020671296296296292,-0.00921875000000003,shapiro_wilk,0.23956883127318174,paired_t_test,-4.690680977253792,0.0011349766546149178,-1.4833235665346451,True,,,
300,12,p_0.22_stores_15_nearest_restaurant,factorial_cell,0.22,1.0,1.0,15,nearest_restaurant,False,driver_profit_per_driver,driver,False,10,-58751.66666666667,-71300.69499999999,-46512.11729166667,shapiro_wilk,0.4055840530614859,paired_t_test,-8.831374106256252,9.96414498999777e-06,-2.7927257044803633,True,,,
300,12,p_0.22_stores_15_nearest_customer,factorial_cell,0.22,1.0,1.0,15,nearest_customer,False,service_units_per_driver_hour,driver,True,10,-0.08993055555555556,-0.10659722222222223,-0.07326388888888888,shapiro_wilk,0.6807094752869031,paired_t_test,-9.797837255391071,4.2401759434390605e-06,-3.0983481870688654,True,primary_metrics_within_condition,1.272052783031718e-05,True
300,12,p_0.22_stores_15_nearest_customer,factorial_cell,0.22,1.0,1.0,15,nearest_customer,False,service_units_per_busy_driver_hour,driver,False,10,-0.1492455404476957,-0.18234846466213656,-0.11568247195458169,shapiro_wilk,0.8209159474665708,paired_t_test,-8.285186509387092,1.6713764139616675e-05,-2.6200060208963234,True,,,
300,12,p_0.22_stores_15_nearest_customer,factorial_cell,0.22,1.0,1.0,15,nearest_customer,False,service_units_per_km,driver,False,10,-0.004301745852176147,-0.005541662477176022,-0.003048895500020822,shapiro_wilk,0.6146081292668688,paired_t_test,-6.33160237186837,0.0001357984938702474,-2.002228473362847,True,,,
300,12,p_0.22_stores_15_nearest_customer,factorial_cell,0.22,1.0,1.0,15,nearest_customer,False,food_completion_rate,customer,True,10,-0.08933333333333335,-0.10433333333333335,-0.07466666666666669,shapiro_wilk,0.5558499676524703,paired_t_test,-11.175292907170313,1.4087955790063355e-06,-3.5339379106182824,True,primary_metrics_within_condition,7.043977895031678e-06,True
300,12,p_0.22_stores_15_nearest_customer,factorial_cell,0.22,1.0,1.0,15,nearest_customer,False,food_cancellation_rate,customer,False,10,0.08933333333333332,0.07433333333333333,0.10466666666666664,shapiro_wilk,0.4434928640020349,paired_t_test,10.965448984358616,1.653206479516348e-06,3.46757943569533,True,,,
300,12,p_0.22_stores_15_nearest_customer,factorial_cell,0.22,1.0,1.0,15,nearest_customer,False,food_unfinished_rate,customer,False,10,1.7347234759768072e-19,-0.0026666666666666666,0.002333333333333334,shapiro_wilk,0.11314435399946204,paired_t_test,1.2342773912964964e-16,0.9999999999999999,3.903127820947816e-17,False,,,
300,12,p_0.22_stores_15_nearest_customer,factorial_cell,0.22,1.0,1.0,15,nearest_customer,False,mean_food_completion_ticks,customer,True,10,0.30029995084377037,-0.7565977807922083,1.3580379102009035,shapiro_wilk,0.11330372149170614,paired_t_test,0.526137504870493,0.6115100994502286,0.16637928778286923,False,primary_metrics_within_condition,0.6115100994502286,False
300,12,p_0.22_stores_15_nearest_customer,factorial_cell,0.22,1.0,1.0,15,nearest_customer,False,mean_food_pickup_wait_ticks,driver,False,10,0.19465995496802843,0.03925596015502816,0.33735628725444416,shapiro_wilk,0.3941809581937372,paired_t_test,2.4330903560695507,0.037790519315532276,0.7694107278169869,True,,,
300,12,p_0.22_stores_15_nearest_customer,factorial_cell,0.22,1.0,1.0,15,nearest_customer,False,mean_food_preparation_queue_ticks,merchant,False,10,0.020469723837100544,-0.009364419990572592,0.046968635010063355,shapiro_wilk,0.0033403668065330383,wilcoxon_signed_rank,16.0,0.275390625,0.42846584707056995,False,,,
300,12,p_0.22_stores_15_nearest_customer,factorial_cell,0.22,1.0,1.0,15,nearest_customer,False,mean_food_ready_to_handover_ticks,merchant,False,10,-0.18970167192266177,-0.7200470024685461,0.2957430926982317,shapiro_wilk,0.32227561766695545,paired_t_test,-0.6903176749955607,0.5074040911657417,-0.21829761620578375,False,,,
300,12,p_0.22_stores_15_nearest_customer,factorial_cell,0.22,1.0,1.0,15,nearest_customer,False,mean_food_post_pickup_delivery_ticks,customer,False,10,0.38259839656373734,-0.33961409667747305,1.132456318382364,shapiro_wilk,0.4110984635100202,paired_t_test,0.9754916826788731,0.3548054542158843,0.3084775555815462,False,,,
300,12,p_0.22_stores_15_nearest_customer,factorial_cell,0.22,1.0,1.0,15,nearest_customer,False,platform_revenue_per_order,platform,True,10,-869.9155591589999,-1028.327376616075,-711.3578807035755,shapiro_wilk,0.5032339980853735,paired_t_test,-10.204524574719432,3.0225406586104627e-06,-3.2269540095274496,True,primary_metrics_within_condition,1.2090162634441851e-05,True
300,12,p_0.22_stores_15_nearest_customer,factorial_cell,0.22,1.0,1.0,15,nearest_customer,False,driver_revenue_per_order,driver,False,10,-3247.254999999999,-3702.769999999999,-2841.396999999999,shapiro_wilk,0.22913719908737928,paired_t_test,-13.852434278486795,2.2473780145332367e-07,-4.380524345780947,True,,,
300,12,p_0.22_stores_15_nearest_customer,factorial_cell,0.22,1.0,1.0,15,nearest_customer,False,merchant_revenue_per_order,merchant,False,10,-2645.3936741743323,-3200.3392491993586,-2064.955936006883,shapiro_wilk,0.8237636845981171,paired_t_test,-8.591069415648104,1.2469724426621242e-05,-2.7167346890059814,True,,,
300,12,p_0.22_stores_15_nearest_customer,factorial_cell,0.22,1.0,1.0,15,nearest_customer,False,driver_profit_per_order,driver,False,10,-2867.1883333333335,-3325.7167,-2458.8839916666666,shapiro_wilk,0.20230289248645988,paired_t_test,-12.302268611246229,6.22777212319958e-07,-3.890318919873462,True,,,
300,12,p_0.22_stores_15_nearest_customer,factorial_cell,0.22,1.0,1.0,15,nearest_customer,False,emission_intensity_per_service_unit,environment,True,10,321.7729144861908,223.60592017565062,416.2230673237508,shapiro_wilk,0.5734601806025437,paired_t_test,6.171646465401489,0.00016437487636897797,1.9516459743996268,True,primary_metrics_within_condition,0.00032874975273795593,True
300,12,p_0.22_stores_15_nearest_customer,factorial_cell,0.22,1.0,1.0,15,nearest_customer,False,total_emission_units,environment,False,10,-17103.0,-18780.0,-15324.0,shapiro_wilk,0.22885260896680076,paired_t_test,-18.148638508855633,2.1348637733302897e-08,-5.7391034119025734,True,,,
300,12,p_0.22_stores_15_nearest_customer,factorial_cell,0.22,1.0,1.0,15,nearest_customer,False,emission_units_per_order,environment,False,10,-57.010000000000026,-62.48025000000004,-51.050000000000026,shapiro_wilk,0.22885260896680365,paired_t_test,-18.148638508855647,2.1348637733302738e-08,-5.739103411902577,True,,,
300,12,p_0.22_stores_15_nearest_customer,factorial_cell,0.22,1.0,1.0,15,nearest_customer,False,emission_units_per_completed_order,environment,False,10,340.07161328467294,250.62067067893312,426.34938615001573,shapiro_wilk,0.3858241318720278,paired_t_test,7.10553663952965,5.632741916665343e-05,2.246967977869251,True,,,
300,12,p_0.22_stores_15_nearest_customer,factorial_cell,0.22,1.0,1.0,15,nearest_customer,False,driver_utilization,driver,False,10,-0.01659722222222223,-0.02060763888888889,-0.012523003472222244,shapiro_wilk,0.47657450126159845,paired_t_test,-7.577467530255444,3.405540574601006e-05,-2.3962056291578056,True,,,
300,12,p_0.22_stores_15_nearest_customer,factorial_cell,0.22,1.0,1.0,15,nearest_customer,False,driver_profit_per_driver,driver,False,10,-71679.70833333334,-82833.60395833335,-61367.495833333334,shapiro_wilk,0.20230289248645883,paired_t_test,-12.302268611246232,6.227772123199567e-07,-3.890318919873463,True,,,
300,12,p_0.22_stores_20_uniform,factorial_cell,0.22,1.0,1.0,20,uniform,False,service_units_per_driver_hour,driver,True,10,-0.07916666666666666,-0.0951388888888889,-0.062152777777777765,shapiro_wilk,0.8472970120614077,paired_t_test,-8.923088659882893,9.158546101357307e-06,-2.8217283928849475,True,primary_metrics_within_condition,3.162540969441749e-05,True
300,12,p_0.22_stores_20_uniform,factorial_cell,0.22,1.0,1.0,20,uniform,False,service_units_per_busy_driver_hour,driver,False,10,-0.1265816144093676,-0.15500189291845623,-0.09602952995207872,shapiro_wilk,0.7528761094016342,paired_t_test,-7.784605930503918,2.7509688222773767e-05,-2.4617085427246823,True,,,
300,12,p_0.22_stores_20_uniform,factorial_cell,0.22,1.0,1.0,20,uniform,False,service_units_per_km,driver,False,10,-0.0034622322565545814,-0.004491571003039983,-0.0024026331655875462,shapiro_wilk,0.7740917197973441,paired_t_test,-6.262253454390615,0.0001474622325214094,-1.9802984201131706,True,,,
300,12,p_0.22_stores_20_uniform,factorial_cell,0.22,1.0,1.0,20,uniform,False,food_completion_rate,customer,True,10,-0.079,-0.09400833333333333,-0.06333333333333335,shapiro_wilk,0.6942551782676444,paired_t_test,-9.335082662505334,6.325081938883497e-06,-2.9520123359465775,True,primary_metrics_within_condition,3.162540969441749e-05,True
300,12,p_0.22_stores_20_uniform,factorial_cell,0.22,1.0,1.0,20,uniform,False,food_cancellation_rate,customer,False,10,0.07966666666666665,0.06333333333333332,0.096,shapiro_wilk,0.5578487674432145,paired_t_test,9.158499899610192,7.4001073135475994e-06,2.8961719633191656,True,,,
300,12,p_0.22_stores_20_uniform,factorial_cell,0.22,1.0,1.0,20,uniform,False,food_unfinished_rate,customer,False,10,-0.0006666666666666668,-0.0026666666666666666,0.001333333333333333,shapiro_wilk,0.1909907199069688,paired_t_test,-0.6123724356957947,0.5554454421055853,-0.1936491673103709,False,,,
300,12,p_0.22_stores_20_uniform,factorial_cell,0.22,1.0,1.0,20,uniform,False,mean_food_completion_ticks,customer,True,10,0.1298571905803975,-0.4562716931369129,0.7689971649172112,shapiro_wilk,0.5802815467241129,paired_t_test,0.39586545870078343,0.701424814652361,0.12518364964817957,False,primary_metrics_within_condition,0.701424814652361,False
300,12,p_0.22_stores_20_uniform,factorial_cell,0.22,1.0,1.0,20,uniform,False,mean_food_pickup_wait_ticks,driver,False,10,0.20309093886789195,-0.030160738892516394,0.47211599946806193,shapiro_wilk,0.1672402230021865,paired_t_test,1.5216072778185736,0.16243448892839707,0.4811744702195296,False,,,
300,12,p_0.22_stores_20_uniform,factorial_cell,0.22,1.0,1.0,20,uniform,False,mean_food_preparation_queue_ticks,merchant,False,10,0.018387989794467756,-0.003947226025603622,0.043943440289406145,shapiro_wilk,0.553882848501561,paired_t_test,1.4237927542699036,0.18823815188711696,0.45024280195373223,False,,,
300,12,p_0.22_stores_20_uniform,factorial_cell,0.22,1.0,1.0,20,uniform,False,mean_food_ready_to_handover_ticks,merchant,False,10,-0.013866498944366423,-0.4332783099680833,0.38611495824759373,shapiro_wilk,0.3963460049728002,paired_t_test,-0.06350659386319318,0.9507512294089298,-0.02008254830469621,False,,,
300,12,p_0.22_stores_20_uniform,factorial_cell,0.22,1.0,1.0,20,uniform,False,mean_food_post_pickup_delivery_ticks,customer,False,10,0.014773815031429294,-0.6781313879126555,0.7618332721628387,shapiro_wilk,0.4671839649620975,paired_t_test,0.03801716996251866,0.9705039162676443,0.012022084727529709,False,,,
300,12,p_0.22_stores_20_uniform,factorial_cell,0.22,1.0,1.0,20,uniform,False,platform_revenue_per_order,platform,True,10,-762.8375702680001,-916.1079775897249,-606.3467091995003,shapiro_wilk,0.9929581940757561,paired_t_test,-9.147972045645892,7.470275946801419e-06,-2.8928427635790834,True,primary_metrics_within_condition,3.162540969441749e-05,True
300,12,p_0.22_stores_20_uniform,factorial_cell,0.22,1.0,1.0,20,uniform,False,driver_revenue_per_order,driver,False,10,-2985.676,-3648.421,-2302.980224999999,shapiro_wilk,0.8073881691969289,paired_t_test,-8.159599618423595,1.8896752594028906e-05,-2.5802919589259363,True,,,
300,12,p_0.22_stores_20_uniform,factorial_cell,0.22,1.0,1.0,20,uniform,False,merchant_revenue_per_order,merchant,False,10,-2265.6932297319995,-2717.572493651825,-1818.1961466183166,shapiro_wilk,0.9186678847022313,paired_t_test,-9.25017380961047,6.818858970454039e-06,-2.9251617990805814,True,,,
300,12,p_0.22_stores_20_uniform,factorial_cell,0.22,1.0,1.0,20,uniform,False,driver_profit_per_order,driver,False,10,-2590.8759999999993,-3221.834658333333,-1935.6359500000008,shapiro_wilk,0.8088092261751504,paired_t_test,-7.361077701376042,4.276563114510174e-05,-2.3277771569825063,True,,,
300,12,p_0.22_stores_20_uniform,factorial_cell,0.22,1.0,1.0,20,uniform,False,emission_intensity_per_service_unit,environment,True,10,247.82805366764904,171.00807100315689,326.4838410656963,shapiro_wilk,0.9219168803897495,paired_t_test,5.93157353317393,0.00022029371955181986,1.8757282473601942,True,primary_metrics_within_condition,0.0004405874391036397,True
300,12,p_0.22_stores_20_uniform,factorial_cell,0.22,1.0,1.0,20,uniform,False,total_emission_units,environment,False,10,-17766.0,-20238.075,-15458.925000000001,shapiro_wilk,0.8012240061744442,paired_t_test,-13.770951077184279,2.3647787054541064e-07,-4.354757095065153,True,,,
300,12,p_0.22_stores_20_uniform,factorial_cell,0.22,1.0,1.0,20,uniform,False,emission_units_per_order,environment,False,10,-59.22000000000003,-67.53,-51.620000000000026,shapiro_wilk,0.8012240061744442,paired_t_test,-13.770951077184291,2.3647787054540887e-07,-4.354757095065156,True,,,
300,12,p_0.22_stores_20_uniform,factorial_cell,0.22,1.0,1.0,20,uniform,False,emission_units_per_completed_order,environment,False,10,266.55363435873744,190.26986486993994,345.1878809940281,shapiro_wilk,0.7982610176224292,paired_t_test,6.3069997698971685,0.000139817139698707,1.9944484475032926,True,,,
300,12,p_0.22_stores_20_uniform,factorial_cell,0.22,1.0,1.0,20,uniform,False,driver_utilization,driver,False,10,-0.01766203703703703,-0.022534722222222192,-0.012633101851851857,shapiro_wilk,0.8967360877682595,paired_t_test,-6.671215768568513,9.149174193762632e-05,-2.1096236591107234,True,,,
300,12,p_0.22_stores_20_uniform,factorial_cell,0.22,1.0,1.0,20,uniform,False,driver_profit_per_driver,driver,False,10,-64771.9,-80625.90958333331,-48437.45520833335,shapiro_wilk,0.8088092261751478,paired_t_test,-7.361077701376043,4.2765631145101624e-05,-2.3277771569825068,True,,,
300,12,p_0.22_stores_20_nearest_restaurant,factorial_cell,0.22,1.0,1.0,20,nearest_restaurant,False,service_units_per_driver_hour,driver,True,10,-0.04791666666666668,-0.059375000000000025,-0.03645833333333335,shapiro_wilk,0.12328786923085816,paired_t_test,-7.829459060787622,2.628218036911878e-05,-2.4758923479131596,True,primary_metrics_within_condition,0.00010512872147647512,True
300,12,p_0.22_stores_20_nearest_restaurant,factorial_cell,0.22,1.0,1.0,20,nearest_restaurant,False,service_units_per_busy_driver_hour,driver,False,10,-0.07481493685429612,-0.09224675394790033,-0.05776072233129377,shapiro_wilk,0.6338860504850449,paired_t_test,-8.060265943323262,2.0845572883320895e-05,-2.548879892758716,True,,,
300,12,p_0.22_stores_20_nearest_restaurant,factorial_cell,0.22,1.0,1.0,20,nearest_restaurant,False,service_units_per_km,driver,False,10,-0.0016249562779002504,-0.002389345436662611,-0.0008796601130060385,shapiro_wilk,0.8148111558160348,paired_t_test,-3.936362455756413,0.003424810285303404,-1.2447871056164046,True,,,
300,12,p_0.22_stores_20_nearest_restaurant,factorial_cell,0.22,1.0,1.0,20,nearest_restaurant,False,food_completion_rate,customer,True,10,-0.06466666666666668,-0.07466666666666666,-0.05466666666666666,shapiro_wilk,0.5090006252087798,paired_t_test,-11.97014051544054,7.865020633594023e-07,-3.7852907941054026,True,primary_metrics_within_condition,3.932510316797011e-06,True
300,12,p_0.22_stores_20_nearest_restaurant,factorial_cell,0.22,1.0,1.0,20,nearest_restaurant,False,food_cancellation_rate,customer,False,10,0.06499999999999999,0.05599999999999998,0.07433333333333333,shapiro_wilk,0.9272316967291361,paired_t_test,12.999999999999998,3.882981501851445e-07,4.110960958218893,True,,,
300,12,p_0.22_stores_20_nearest_restaurant,factorial_cell,0.22,1.0,1.0,20,nearest_restaurant,False,food_unfinished_rate,customer,False,10,-0.0003333333333333333,-0.0026666666666666666,0.0013333333333333333,shapiro_wilk,0.00013198536467500056,wilcoxon_signed_rank,3.0,1.0,-0.09086737992230741,False,,,
300,12,p_0.22_stores_20_nearest_restaurant,factorial_cell,0.22,1.0,1.0,20,nearest_restaurant,False,mean_food_completion_ticks,customer,True,10,0.34490560944492044,-0.570707816989601,1.1404740824846533,shapiro_wilk,0.030580867354801585,wilcoxon_signed_rank,20.0,0.4921875,0.23597383599353142,False,primary_metrics_within_condition,0.4921875,False
300,12,p_0.22_stores_20_nearest_restaurant,factorial_cell,0.22,1.0,1.0,20,nearest_restaurant,False,mean_food_pickup_wait_ticks,driver,False,10,0.17194668628689952,-0.20036893417629728,0.5780267335652616,shapiro_wilk,0.6226613872767331,paired_t_test,0.8445893581725114,0.4202238506864625,0.26708260593648825,False,,,
300,12,p_0.22_stores_20_nearest_restaurant,factorial_cell,0.22,1.0,1.0,20,nearest_restaurant,False,mean_food_preparation_queue_ticks,merchant,False,10,0.019145750563025143,-0.006730184133539823,0.041284051985365056,shapiro_wilk,0.19428363615104827,paired_t_test,1.4778959741492936,0.17355516800267934,0.46735174231050963,False,,,
300,12,p_0.22_stores_20_nearest_restaurant,factorial_cell,0.22,1.0,1.0,20,nearest_restaurant,False,mean_food_ready_to_handover_ticks,merchant,False,10,0.2361205228670693,-0.30760553348616093,0.7912432679640452,shapiro_wilk,0.8674089191899532,paired_t_test,0.7959881861381543,0.44652502862078075,0.2517135658782635,False,,,
300,12,p_0.22_stores_20_nearest_restaurant,factorial_cell,0.22,1.0,1.0,20,nearest_restaurant,False,mean_food_post_pickup_delivery_ticks,customer,False,10,0.17156815191071467,-0.8215339397301866,1.0080705929075375,shapiro_wilk,0.12064805841593901,paired_t_test,0.3425845539572086,0.739776157420868,0.10833474816976298,False,,,
300,12,p_0.22_stores_20_nearest_restaurant,factorial_cell,0.22,1.0,1.0,20,nearest_restaurant,False,platform_revenue_per_order,platform,True,10,-450.5010917040001,-582.6787719549,-315.5535348617253,shapiro_wilk,0.04615901868057678,wilcoxon_signed_rank,0.0,0.001953125,-1.992730155100807,True,primary_metrics_within_condition,0.005859375,True
300,12,p_0.22_stores_20_nearest_restaurant,factorial_cell,0.22,1.0,1.0,20,nearest_restaurant,False,driver_revenue_per_order,driver,False,10,-2260.7619999999997,-2939.547774999999,-1612.474225,shapiro_wilk,0.5853294112361842,paired_t_test,-6.313233726613919,0.00013878675962668266,-1.9964197977092761,True,,,
300,12,p_0.22_stores_20_nearest_restaurant,factorial_cell,0.22,1.0,1.0,20,nearest_restaurant,False,merchant_revenue_per_order,merchant,False,10,-1143.230641629333,-1495.0720488948411,-774.1141862224251,shapiro_wilk,0.01124854403148095,wilcoxon_signed_rank,0.0,0.001953125,-1.8389420801908176,True,,,
300,12,p_0.22_stores_20_nearest_restaurant,factorial_cell,0.22,1.0,1.0,20,nearest_restaurant,False,driver_profit_per_order,driver,False,10,-1944.4286666666671,-2590.76145,-1322.9819916666672,shapiro_wilk,0.5817269628586954,paired_t_test,-5.669096592019841,0.0003060753599927167,-1.7927257506281034,True,,,
300,12,p_0.22_stores_20_nearest_restaurant,factorial_cell,0.22,1.0,1.0,20,nearest_restaurant,False,emission_intensity_per_service_unit,environment,True,10,109.64413501599556,57.288606366316,161.43038178178026,shapiro_wilk,0.7659055072419766,paired_t_test,3.9984426308437286,0.003117745529903222,1.2644185806982005,True,primary_metrics_within_condition,0.006235491059806444,True
300,12,p_0.22_stores_20_nearest_restaurant,factorial_cell,0.22,1.0,1.0,20,nearest_restaurant,False,total_emission_units,environment,False,10,-14235.0,-16857.075,-11648.925000000001,shapiro_wilk,0.8568953349857222,paired_t_test,-10.055953155239182,3.415786069203625e-06,-3.179971601451259,True,,,
300,12,p_0.22_stores_20_nearest_restaurant,factorial_cell,0.22,1.0,1.0,20,nearest_restaurant,False,emission_units_per_order,environment,False,10,-47.450000000000024,-56.17025000000003,-38.990000000000045,shapiro_wilk,0.8568953349857201,paired_t_test,-10.055953155239198,3.4157860692035833e-06,-3.1799716014512645,True,,,
300,12,p_0.22_stores_20_nearest_restaurant,factorial_cell,0.22,1.0,1.0,20,nearest_restaurant,False,emission_units_per_completed_order,environment,False,10,211.07436993748252,163.15340747680114,261.80757787990973,shapiro_wilk,0.16143506557084747,paired_t_test,7.915635371231627,2.4088908319985e-05,2.503143690048441,True,,,
300,12,p_0.22_stores_20_nearest_restaurant,factorial_cell,0.22,1.0,1.0,20,nearest_restaurant,False,driver_utilization,driver,False,10,-0.011336805555555562,-0.017257089120370384,-0.005902633101851877,shapiro_wilk,0.1098579954999821,paired_t_test,-3.700159036599802,0.004919350526931932,-1.170093026050971,True,,,
300,12,p_0.22_stores_20_nearest_restaurant,factorial_cell,0.22,1.0,1.0,20,nearest_restaurant,False,driver_profit_per_driver,driver,False,10,-48610.716666666674,-64459.57749999999,-32888.61458333334,shapiro_wilk,0.581726962858691,paired_t_test,-5.669096592019842,0.00030607535999271635,-1.7927257506281038,True,,,
300,12,p_0.22_stores_20_nearest_customer,factorial_cell,0.22,1.0,1.0,20,nearest_customer,False,service_units_per_driver_hour,driver,True,10,-0.08680555555555555,-0.09791666666666668,-0.07708333333333332,shapiro_wilk,0.35788208473732924,paired_t_test,-15.43850567986159,8.781228145564244e-08,-4.882084161780894,True,primary_metrics_within_condition,3.5124912582256976e-07,True
300,12,p_0.22_stores_20_nearest_customer,factorial_cell,0.22,1.0,1.0,20,nearest_customer,False,service_units_per_busy_driver_hour,driver,False,10,-0.14321727263509598,-0.16008137599027913,-0.12734295731288414,shapiro_wilk,0.5949844214960351,paired_t_test,-16.166303687583042,5.877702463480511e-08,-5.112234099874154,True,,,
300,12,p_0.22_stores_20_nearest_customer,factorial_cell,0.22,1.0,1.0,20,nearest_customer,False,service_units_per_km,driver,False,10,-0.004060945906012703,-0.004675028158645396,-0.0035207848727083478,shapiro_wilk,0.18761922624888872,paired_t_test,-12.973114480145801,3.952612912677173e-07,-4.102459010337198,True,,,
300,12,p_0.22_stores_20_nearest_customer,factorial_cell,0.22,1.0,1.0,20,nearest_customer,False,food_completion_rate,customer,True,10,-0.08700000000000001,-0.09766666666666665,-0.07799166666666679,shapiro_wilk,0.5656562056428499,paired_t_test,-16.437831114793845,5.0821019885304806e-08,-5.198098611593325,True,primary_metrics_within_condition,2.54105099426524e-07,True
300,12,p_0.22_stores_20_nearest_customer,factorial_cell,0.22,1.0,1.0,20,nearest_customer,False,food_cancellation_rate,customer,False,10,0.0863333333333333,0.07666666666666665,0.09666666666666665,shapiro_wilk,0.5506133839453158,paired_t_test,16.031697529285477,6.32253192465576e-08,5.069667895143606,True,,,
300,12,p_0.22_stores_20_nearest_customer,factorial_cell,0.22,1.0,1.0,20,nearest_customer,False,food_unfinished_rate,customer,False,10,0.0006666666666666669,-0.0006666666666666663,0.0020000000000000005,shapiro_wilk,0.012278706990549889,wilcoxon_signed_rank,1.0,0.25,0.31622776601683805,False,,,
300,12,p_0.22_stores_20_nearest_customer,factorial_cell,0.22,1.0,1.0,20,nearest_customer,False,mean_food_completion_ticks,customer,True,10,-0.24172210993832338,-0.8720868551312356,0.3502929737275213,shapiro_wilk,0.5581356286715927,paired_t_test,-0.7351479891017051,0.4809661124011587,-0.23247420628540294,False,primary_metrics_within_condition,0.4809661124011587,False
300,12,p_0.22_stores_20_nearest_customer,factorial_cell,0.22,1.0,1.0,20,nearest_customer,False,mean_food_pickup_wait_ticks,driver,False,10,0.04476040247269083,-0.2109033393729848,0.3011236225189113,shapiro_wilk,0.5700284728566266,paired_t_test,0.32789208122373814,0.7504924446093576,0.1036885803399943,False,,,
300,12,p_0.22_stores_20_nearest_customer,factorial_cell,0.22,1.0,1.0,20,nearest_customer,False,mean_food_preparation_queue_ticks,merchant,False,10,0.03014114161298285,0.005098584393915569,0.05672459391109809,shapiro_wilk,0.10888623805888797,paired_t_test,2.161871359529242,0.05888779345787734,0.6836437504397165,False,,,
300,12,p_0.22_stores_20_nearest_customer,factorial_cell,0.22,1.0,1.0,20,nearest_customer,False,mean_food_ready_to_handover_ticks,merchant,False,10,0.10904440461649134,-0.34919006807887604,0.5792647804801866,shapiro_wilk,0.5238592756085072,paired_t_test,0.42950797423106823,0.6776528933858678,0.1358223471775083,False,,,
300,12,p_0.22_stores_20_nearest_customer,factorial_cell,0.22,1.0,1.0,20,nearest_customer,False,mean_food_post_pickup_delivery_ticks,customer,False,10,-0.33255380841359816,-0.9320900180265385,0.2191220723330678,shapiro_wilk,0.26129997317688225,paired_t_test,-1.0639731798079588,0.3150530882630804,-0.33645786175250225,False,,,
300,12,p_0.22_stores_20_nearest_customer,factorial_cell,0.22,1.0,1.0,20,nearest_customer,False,platform_revenue_per_order,platform,True,10,-852.4801567270002,-968.2001594277252,-747.3398352239252,shapiro_wilk,0.6058525088102582,paired_t_test,-14.32488821179422,1.6817612627322696e-07,-4.529927397656622,True,primary_metrics_within_condition,5.045283788196809e-07,True
300,12,p_0.22_stores_20_nearest_customer,factorial_cell,0.22,1.0,1.0,20,nearest_customer,False,driver_revenue_per_order,driver,False,10,-3434.153,-3818.515775,-3059.174224999999,shapiro_wilk,0.4349333480990368,paired_t_test,-16.80216936663283,4.195805522327064e-08,-5.3133124830468486,True,,,
300,12,p_0.22_stores_20_nearest_customer,factorial_cell,0.22,1.0,1.0,20,nearest_customer,False,merchant_revenue_per_order,merchant,False,10,-2493.7178766063325,-2893.1421213205,-2132.8656108551495,shapiro_wilk,0.4965097843993993,paired_t_test,-12.202781889654997,6.674775779030422e-07,-3.8588584561563275,True,,,
300,12,p_0.22_stores_20_nearest_customer,factorial_cell,0.22,1.0,1.0,20,nearest_customer,False,driver_profit_per_order,driver,False,10,-3050.7529999999997,-3394.4603333333334,-2716.049316666667,shapiro_wilk,0.4922512261026651,paired_t_test,-16.79708637889757,4.2069246492485427e-08,-5.311705101190636,True,,,
300,12,p_0.22_stores_20_nearest_customer,factorial_cell,0.22,1.0,1.0,20,nearest_customer,False,emission_intensity_per_service_unit,environment,True,10,295.2079533854765,257.7125735765457,340.0178454178621,shapiro_wilk,0.025166526124476948,wilcoxon_signed_rank,0.0,0.001953125,4.181140360573099,True,primary_metrics_within_condition,0.00390625,True
300,12,p_0.22_stores_20_nearest_customer,factorial_cell,0.22,1.0,1.0,20,nearest_customer,False,total_emission_units,environment,False,10,-17253.0,-19941.075,-13844.925000000001,shapiro_wilk,0.035783213352434784,wilcoxon_signed_rank,0.0,0.001953125,-3.268957099397369,True,,,
300,12,p_0.22_stores_20_nearest_customer,factorial_cell,0.22,1.0,1.0,20,nearest_customer,False,emission_units_per_order,environment,False,10,-57.510000000000005,-66.45,-45.90975000000003,shapiro_wilk,0.03578321335243464,wilcoxon_signed_rank,0.0,0.001953125,-3.268957099397374,True,,,
300,12,p_0.22_stores_20_nearest_customer,factorial_cell,0.22,1.0,1.0,20,nearest_customer,False,emission_units_per_completed_order,environment,False,10,318.6550709015859,282.9986714445719,362.5249504019426,shapiro_wilk,0.2123539689399075,paired_t_test,14.975465634454538,1.1442543555547422e-07,4.735658042645488,True,,,
300,12,p_0.22_stores_20_nearest_customer,factorial_cell,0.22,1.0,1.0,20,nearest_customer,False,driver_utilization,driver,False,10,-0.01647569444444444,-0.021909722222222223,-0.010207899305555542,shapiro_wilk,0.5351790901547429,paired_t_test,-5.189512764410132,0.0005720205745020298,-1.6410680282052814,True,,,
300,12,p_0.22_stores_20_nearest_customer,factorial_cell,0.22,1.0,1.0,20,nearest_customer,False,driver_profit_per_driver,driver,False,10,-76268.825,-85005.84020833333,-67924.56520833334,shapiro_wilk,0.49225122610265587,paired_t_test,-16.79708637889758,4.206924649248522e-08,-5.311705101190639,True,,,
300,12,p_0.44_stores_10_uniform,factorial_cell,0.44,1.0,1.0,10,uniform,False,service_units_per_driver_hour,driver,True,10,-0.17083333333333334,-0.18645833333333334,-0.15625,shapiro_wilk,0.6960224527460153,paired_t_test,-20.799049895817486,6.4252637732861006e-09,-6.57723708382711,True,primary_metrics_within_condition,2.5701055093144402e-08,True
300,12,p_0.44_stores_10_uniform,factorial_cell,0.44,1.0,1.0,10,uniform,False,service_units_per_busy_driver_hour,driver,False,10,-0.2912225598201548,-0.31853488491747334,-0.2644871989499275,shapiro_wilk,0.9561058644446502,paired_t_test,-20.204019615837527,8.301926306005953e-09,-6.389071987676673,True,,,
300,12,p_0.44_stores_10_uniform,factorial_cell,0.44,1.0,1.0,10,uniform,False,service_units_per_km,driver,False,10,-0.008286632474596444,-0.009273203315224028,-0.00729200385354391,shapiro_wilk,0.9845276413988382,paired_t_test,-15.555295476573223,8.2236776199315e-08,-4.919016338288575,True,,,
300,12,p_0.44_stores_10_uniform,factorial_cell,0.44,1.0,1.0,10,uniform,False,food_completion_rate,customer,True,10,-0.17099999999999999,-0.1853333333333333,-0.15766666666666668,shapiro_wilk,0.372564009009862,paired_t_test,-23.093950640395864,2.5447910144030865e-09,-7.302948419515507,True,primary_metrics_within_condition,1.2723955072015434e-08,True
300,12,p_0.44_stores_10_uniform,factorial_cell,0.44,1.0,1.0,10,uniform,False,food_cancellation_rate,customer,False,10,0.173,0.15933333333333338,0.18766666666666665,shapiro_wilk,0.35327007430971924,paired_t_test,22.546282865300594,3.1478362831848134e-09,7.129760662477719,True,,,
300,12,p_0.44_stores_10_uniform,factorial_cell,0.44,1.0,1.0,10,uniform,False,food_unfinished_rate,customer,False,10,-0.0019999999999999996,-0.004333333333333333,8.673617379884036e-20,shapiro_wilk,0.10797983000411898,paired_t_test,-1.616447718240974,0.1404529708782943,-0.5111656508223584,False,,,
300,12,p_0.44_stores_10_uniform,factorial_cell,0.44,1.0,1.0,10,uniform,False,mean_food_completion_ticks,customer,True,10,0.37317854107073456,-0.29523920690367134,0.9847273449822687,shapiro_wilk,0.33924081177998644,paired_t_test,1.0672832883570589,0.3136349579427665,0.3375046099842574,False,primary_metrics_within_condition,0.3136349579427665,False
300,12,p_0.44_stores_10_uniform,factorial_cell,0.44,1.0,1.0,10,uniform,False,mean_food_pickup_wait_ticks,driver,False,10,0.35089107828357324,0.07271486480363178,0.6100419193976694,shapiro_wilk,0.9882111081781321,paired_t_test,2.4240185950513653,0.0383570021994881,0.7665419850963673,True,,,
300,12,p_0.44_stores_10_uniform,factorial_cell,0.44,1.0,1.0,10,uniform,False,mean_food_preparation_queue_ticks,merchant,False,10,0.037277150531600474,-9.266589601431444e-05,0.07531641059310297,shapiro_wilk,0.1439589806478932,paired_t_test,1.8485080783753376,0.09758233114394813,0.584549580088711,False,,,
300,12,p_0.44_stores_10_uniform,factorial_cell,0.44,1.0,1.0,10,uniform,False,mean_food_ready_to_handover_ticks,merchant,False,10,-0.19801772898418674,-0.794883187222985,0.39200213767672504,shapiro_wilk,0.8814041290410968,paired_t_test,-0.6165529508865037,0.5528036861491193,-0.19497116228992828,False,,,
300,12,p_0.44_stores_10_uniform,factorial_cell,0.44,1.0,1.0,10,uniform,False,mean_food_post_pickup_delivery_ticks,customer,False,10,0.16228145187842352,-0.5273146180828514,0.8194689096933366,shapiro_wilk,0.8426910082353105,paired_t_test,0.4372055338489202,0.6722651325213607,0.1382565292592431,False,,,
300,12,p_0.44_stores_10_uniform,factorial_cell,0.44,1.0,1.0,10,uniform,False,platform_revenue_per_order,platform,True,10,-1634.1939439450002,-1783.1933482495,-1486.6845390198753,shapiro_wilk,0.3148733574882717,paired_t_test,-20.604965352882466,6.979913264559258e-09,-6.5158621623963695,True,primary_metrics_within_condition,2.5701055093144402e-08,True
300,12,p_0.44_stores_10_uniform,factorial_cell,0.44,1.0,1.0,10,uniform,False,driver_revenue_per_order,driver,False,10,-6435.860000000001,-6977.825099999998,-5904.481225,shapiro_wilk,0.20824356634992064,paired_t_test,-22.416618642965854,3.3128144769639162e-09,-7.0887572351164945,True,,,
300,12,p_0.44_stores_10_uniform,factorial_cell,0.44,1.0,1.0,10,uniform,False,merchant_revenue_per_order,merchant,False,10,-4838.123889388333,-5301.073265411,-4385.927996660534,shapiro_wilk,0.5329403152148963,paired_t_test,-19.606400667941248,1.0818494349314167e-08,-6.2000882828541,True,,,
300,12,p_0.44_stores_10_uniform,factorial_cell,0.44,1.0,1.0,10,uniform,False,driver_profit_per_order,driver,False,10,-5606.926666666666,-6090.807333333332,-5125.401808333334,shapiro_wilk,0.22136409187378386,paired_t_test,-21.411427452696824,4.971817285973466e-09,-6.77088787059791,True,,,
300,12,p_0.44_stores_10_uniform,factorial_cell,0.44,1.0,1.0,10,uniform,False,emission_intensity_per_service_unit,environment,True,10,729.8993092225053,617.1085026527065,863.0555168260103,shapiro_wilk,0.3745267164415722,paired_t_test,11.055240440480866,1.5433196610393332e-06,3.4959739872722677,True,primary_metrics_within_condition,3.0866393220786664e-06,True
300,12,p_0.44_stores_10_uniform,factorial_cell,0.44,1.0,1.0,10,uniform,False,total_emission_units,environment,False,10,-37302.0,-40494.075,-34281.0,shapiro_wilk,0.6971240823072757,paired_t_test,-22.44778189023561,3.272305938149776e-09,-7.098611919182439,True,,,
300,12,p_0.44_stores_10_uniform,factorial_cell,0.44,1.0,1.0,10,uniform,False,emission_units_per_order,environment,False,10,-124.34000000000006,-134.70025000000004,-114.40000000000005,shapiro_wilk,0.6971240823072845,paired_t_test,-22.447781890235614,3.272305938149768e-09,-7.09861191918244,True,,,
300,12,p_0.44_stores_10_uniform,factorial_cell,0.44,1.0,1.0,10,uniform,False,emission_units_per_completed_order,environment,False,10,797.3841119048814,689.26541904906,925.5562922886141,shapiro_wilk,0.2386390418433026,paired_t_test,12.554280850131308,5.236534935818419e-07,3.9700121871849925,True,,,
300,12,p_0.44_stores_10_uniform,factorial_cell,0.44,1.0,1.0,10,uniform,False,driver_utilization,driver,False,10,-0.03271412037037038,-0.03810778356481482,-0.02728009259259262,shapiro_wilk,0.08676170051667376,paired_t_test,-11.183403529090388,1.4001855669009994e-06,-3.5365027144690746,True,,,
300,12,p_0.44_stores_10_uniform,factorial_cell,0.44,1.0,1.0,10,uniform,False,driver_profit_per_driver,driver,False,10,-140173.1666666667,-152105.828125,-128015.81812500002,shapiro_wilk,0.22136409187378608,paired_t_test,-21.411427452696824,4.971817285973466e-09,-6.770887870597911,True,,,
300,12,p_0.44_stores_10_nearest_restaurant,factorial_cell,0.44,1.0,1.0,10,nearest_restaurant,False,service_units_per_driver_hour,driver,True,10,-0.1267361111111111,-0.14375,-0.10833333333333335,shapiro_wilk,0.3169094608312085,paired_t_test,-13.352665662608267,3.084862099858136e-07,-4.222483632856353,True,primary_metrics_within_condition,9.254586299574409e-07,True
300,12,p_0.44_stores_10_nearest_restaurant,factorial_cell,0.44,1.0,1.0,10,nearest_restaurant,False,service_units_per_busy_driver_hour,driver,False,10,-0.20742344191868028,-0.2380410843910224,-0.17424626687100772,shapiro_wilk,0.2033689097351185,paired_t_test,-11.907464593100846,8.224519456421338e-07,-3.7654709272008766,True,,,
300,12,p_0.44_stores_10_nearest_restaurant,factorial_cell,0.44,1.0,1.0,10,nearest_restaurant,False,service_units_per_km,driver,False,10,-0.004888086277964232,-0.0059963846594879595,-0.003629961263097725,shapiro_wilk,0.21465647396800142,paired_t_test,-7.691325212576641,3.0268853644058634e-05,-2.4322105896820925,True,,,
300,12,p_0.44_stores_10_nearest_restaurant,factorial_cell,0.44,1.0,1.0,10,nearest_restaurant,False,food_completion_rate,customer,True,10,-0.15166666666666667,-0.16566666666666666,-0.13733333333333334,shapiro_wilk,0.6152773280746193,paired_t_test,-19.857828011475313,9.66908354437512e-09,-6.279596590015426,True,primary_metrics_within_condition,4.83454177218756e-08,True
300,12,p_0.44_stores_10_nearest_restaurant,factorial_cell,0.44,1.0,1.0,10,nearest_restaurant,False,food_cancellation_rate,customer,False,10,0.15299999999999997,0.13766666666666666,0.16733333333333328,shapiro_wilk,0.4072740561277194,paired_t_test,19.18989040019686,1.3071097225696117e-08,6.068376171362217,True,,,
300,12,p_0.44_stores_10_nearest_restaurant,factorial_cell,0.44,1.0,1.0,10,nearest_restaurant,False,food_unfinished_rate,customer,False,10,-0.0013333333333333333,-0.0036666666666666666,0.0003333333333333334,shapiro_wilk,0.0071039231650746855,wilcoxon_signed_rank,2.0,0.5,-0.37210420376762543,False,,,
300,12,p_0.44_stores_10_nearest_restaurant,factorial_cell,0.44,1.0,1.0,10,nearest_restaurant,False,mean_food_completion_ticks,customer,True,10,1.839184581127082,0.5563752521934753,3.059470124514341,shapiro_wilk,0.7238080905515079,paired_t_test,2.681004306184987,0.025164628754492647,0.8478080024264011,True,primary_metrics_within_condition,0.025164628754492647,True
300,12,p_0.44_stores_10_nearest_restaurant,factorial_cell,0.44,1.0,1.0,10,nearest_restaurant,False,mean_food_pickup_wait_ticks,driver,False,10,0.0013431063506743612,-0.33684407021718443,0.32594254100758097,shapiro_wilk,0.2789453356529771,paired_t_test,0.007576579898112852,0.9941201075253483,0.002395924935228309,False,,,
300,12,p_0.44_stores_10_nearest_restaurant,factorial_cell,0.44,1.0,1.0,10,nearest_restaurant,False,mean_food_preparation_queue_ticks,merchant,False,10,0.0292336423424839,-0.01874144669405098,0.07693415673422965,shapiro_wilk,0.988354330656743,paired_t_test,1.1359771197744182,0.2853096428637999,0.3592275068325062,False,,,
300,12,p_0.44_stores_10_nearest_restaurant,factorial_cell,0.44,1.0,1.0,10,nearest_restaurant,False,mean_food_ready_to_handover_ticks,merchant,False,10,0.6663648155242623,0.18733656293627268,1.137950665669571,shapiro_wilk,0.38875103124333066,paired_t_test,2.5998430828190138,0.028745624101527728,0.8221425700741858,True,,,
300,12,p_0.44_stores_10_nearest_restaurant,factorial_cell,0.44,1.0,1.0,10,nearest_restaurant,False,mean_food_post_pickup_delivery_ticks,customer,False,10,1.0582169081498176,0.03972052984850551,1.9237714441372293,shapiro_wilk,0.1773880667410847,paired_t_test,2.067870233721506,0.06860028471125619,0.6539179844224683,False,,,
300,12,p_0.44_stores_10_nearest_restaurant,factorial_cell,0.44,1.0,1.0,10,nearest_restaurant,False,platform_revenue_per_order,platform,True,10,-1195.6998300460004,-1329.2169716680503,-1052.9148033046001,shapiro_wilk,0.34326489751245737,paired_t_test,-15.80551724939823,7.156415441323706e-08,-4.998143410517799,True,primary_metrics_within_condition,2.8625661765294825e-07,True
300,12,p_0.44_stores_10_nearest_restaurant,factorial_cell,0.44,1.0,1.0,10,nearest_restaurant,False,driver_revenue_per_order,driver,False,10,-5242.528,-5592.091775,-4842.535,shapiro_wilk,0.30087755848292747,paired_t_test,-25.80882782069415,9.48657256980877e-10,-8.161467965251328,True,,,
300,12,p_0.44_stores_10_nearest_restaurant,factorial_cell,0.44,1.0,1.0,10,nearest_restaurant,False,merchant_revenue_per_order,merchant,False,10,-3331.0367699539993,-3857.9049762137656,-2766.6574446281325,shapiro_wilk,0.10607848901103734,paired_t_test,-11.17144479159885,1.4129010627215095e-06,-3.5327210296277443,True,,,
300,12,p_0.44_stores_10_nearest_restaurant,factorial_cell,0.44,1.0,1.0,10,nearest_restaurant,False,driver_profit_per_order,driver,False,10,-4433.994666666667,-4722.385075000001,-4107.5263,shapiro_wilk,0.47672977983397274,paired_t_test,-26.84440583949558,6.685487819225176e-10,-8.488946488673045,True,,,
300,12,p_0.44_stores_10_nearest_restaurant,factorial_cell,0.44,1.0,1.0,10,nearest_restaurant,False,emission_intensity_per_service_unit,environment,True,10,377.67519650021615,274.88307204960336,474.58180365954723,shapiro_wilk,0.8252293383816162,paired_t_test,7.03441132850219,6.089397866048432e-05,2.2244761796557846,True,primary_metrics_within_condition,0.00012178795732096864,True
300,12,p_0.44_stores_10_nearest_restaurant,factorial_cell,0.44,1.0,1.0,10,nearest_restaurant,False,total_emission_units,environment,False,10,-36384.0,-40299.075,-32208.0,shapiro_wilk,0.3572100669668562,paired_t_test,-16.602286122709298,4.658679089655149e-08,-5.250103851356711,True,,,
300,12,p_0.44_stores_10_nearest_restaurant,factorial_cell,0.44,1.0,1.0,10,nearest_restaurant,False,emission_units_per_order,environment,False,10,-121.28000000000002,-134.52000000000004,-107.55000000000004,shapiro_wilk,0.3572100669668541,paired_t_test,-16.60228612270931,4.658679089655126e-08,-5.250103851356714,True,,,
300,12,p_0.44_stores_10_nearest_restaurant,factorial_cell,0.44,1.0,1.0,10,nearest_restaurant,False,emission_units_per_completed_order,environment,False,10,614.7963014520094,521.5893287741449,694.2629721876517,shapiro_wilk,0.19630419058149706,paired_t_test,13.097068571299236,3.6426434902916076e-07,4.141656735671297,True,,,
300,12,p_0.44_stores_10_nearest_restaurant,factorial_cell,0.44,1.0,1.0,10,nearest_restaurant,False,driver_utilization,driver,False,10,-0.02806712962962964,-0.03314236111111111,-0.02284722222222225,shapiro_wilk,0.8333652724802365,paired_t_test,-10.090356377838608,3.319947426293598e-06,-3.1908508556776556,True,,,
300,12,p_0.44_stores_10_nearest_restaurant,factorial_cell,0.44,1.0,1.0,10,nearest_restaurant,False,driver_profit_per_driver,driver,False,10,-110849.86666666667,-117963.50270833334,-102816.16312500002,shapiro_wilk,0.4767297798339674,paired_t_test,-26.844405839495582,6.685487819225176e-10,-8.488946488673047,True,,,
300,12,p_0.44_stores_10_nearest_customer,factorial_cell,0.44,1.0,1.0,10,nearest_customer,False,service_units_per_driver_hour,driver,True,10,-0.1760416666666667,-0.1857638888888889,-0.16631944444444446,shapiro_wilk,0.07563258595774654,paired_t_test,-33.66725525541281,8.870527985830302e-11,-10.646520917337842,True,primary_metrics_within_condition,3.5482111943321207e-10,True
300,12,p_0.44_stores_10_nearest_customer,factorial_cell,0.44,1.0,1.0,10,nearest_customer,False,service_units_per_busy_driver_hour,driver,False,10,-0.2999444798013818,-0.3183049399950885,-0.2825958889847962,shapiro_wilk,0.8030151327188656,paired_t_test,-30.57338180111608,2.097750136104278e-10,-9.668152226546786,True,,,
300,12,p_0.44_stores_10_nearest_customer,factorial_cell,0.44,1.0,1.0,10,nearest_customer,False,service_units_per_km,driver,False,10,-0.00860264820920808,-0.009388914959834235,-0.007850899155707998,shapiro_wilk,0.7437716658573724,paired_t_test,-20.69406709561521,6.718949431566221e-09,-6.544038607448951,True,,,
300,12,p_0.44_stores_10_nearest_customer,factorial_cell,0.44,1.0,1.0,10,nearest_customer,False,food_completion_rate,customer,True,10,-0.17400000000000002,-0.183,-0.16599999999999998,shapiro_wilk,0.344777163797475,paired_t_test,-38.25205315281428,2.8319342649362414e-11,-12.096361314071801,True,primary_metrics_within_condition,1.4159671324681207e-10,True
300,12,p_0.44_stores_10_nearest_customer,factorial_cell,0.44,1.0,1.0,10,nearest_customer,False,food_cancellation_rate,customer,False,10,0.175,0.16533333333333336,0.18499999999999997,shapiro_wilk,0.2881645930018578,paired_t_test,33.849449321954104,8.452879675025052e-11,10.704135739981714,True,,,
300,12,p_0.44_stores_10_nearest_customer,factorial_cell,0.44,1.0,1.0,10,nearest_customer,False,food_unfinished_rate,customer,False,10,-0.0009999999999999998,-0.0033333333333333327,0.0010000000000000002,shapiro_wilk,0.03253985283777345,wilcoxon_signed_rank,5.5,0.6875,-0.258731808559231,False,,,
300,12,p_0.44_stores_10_nearest_customer,factorial_cell,0.44,1.0,1.0,10,nearest_customer,False,mean_food_completion_ticks,customer,True,10,-0.3689433068633171,-1.214999774235247,0.5600792128196725,shapiro_wilk,0.4777845716111851,paired_t_test,-0.7766543744049763,0.4572881283215643,-0.24559967778529054,False,primary_metrics_within_condition,0.4572881283215643,False
300,12,p_0.44_stores_10_nearest_customer,factorial_cell,0.44,1.0,1.0,10,nearest_customer,False,mean_food_pickup_wait_ticks,driver,False,10,0.3174052000770221,-0.026330914865203957,0.6406303984274503,shapiro_wilk,0.07977844003376239,paired_t_test,1.7782807882463796,0.10907188620902031,0.5623417610178142,False,,,
300,12,p_0.44_stores_10_nearest_customer,factorial_cell,0.44,1.0,1.0,10,nearest_customer,False,mean_food_preparation_queue_ticks,merchant,False,10,0.03433262261304279,0.008905882659581216,0.06460735393333872,shapiro_wilk,0.057203869962197854,paired_t_test,2.2466492470466535,0.05128322819530569,0.7104528724169744,False,,,
300,12,p_0.44_stores_10_nearest_customer,factorial_cell,0.44,1.0,1.0,10,nearest_customer,False,mean_food_ready_to_handover_ticks,merchant,False,10,-0.49666931214788834,-0.9292612723995678,-0.1028361979311126,shapiro_wilk,0.44522290755688815,paired_t_test,-2.2237870223061056,0.05323398577889208,-0.703223202161096,False,,,
300,12,p_0.44_stores_10_nearest_customer,factorial_cell,0.44,1.0,1.0,10,nearest_customer,False,mean_food_post_pickup_delivery_ticks,customer,False,10,-0.12015700278941921,-0.828551924560503,0.6406287674108494,shapiro_wilk,0.40992091104629547,paired_t_test,-0.3040414718823235,0.7680084636168213,-0.09614635542981839,False,,,
300,12,p_0.44_stores_10_nearest_customer,factorial_cell,0.44,1.0,1.0,10,nearest_customer,False,platform_revenue_per_order,platform,True,10,-1712.4593257120002,-1807.7547710372,-1619.8494222812258,shapiro_wilk,0.386439543609398,paired_t_test,-33.307685590443334,9.763711736217853e-11,-10.53281500545712,True,primary_metrics_within_condition,3.5482111943321207e-10,True
300,12,p_0.44_stores_10_nearest_customer,factorial_cell,0.44,1.0,1.0,10,nearest_customer,False,driver_revenue_per_order,driver,False,10,-6646.6089999999995,-6948.470775,-6376.036999999999,shapiro_wilk,0.031833352018188356,wilcoxon_signed_rank,0.0,0.001953125,-13.399544216622255,True,,,
300,12,p_0.44_stores_10_nearest_customer,factorial_cell,0.44,1.0,1.0,10,nearest_customer,False,merchant_revenue_per_order,merchant,False,10,-5107.997874287999,-5450.234694360466,-4774.272775847,shapiro_wilk,0.6438961282292772,paired_t_test,-27.880891843561667,4.771527597807428e-10,-8.816712142246583,True,,,
300,12,p_0.44_stores_10_nearest_customer,factorial_cell,0.44,1.0,1.0,10,nearest_customer,False,driver_profit_per_order,driver,False,10,-5800.409,-6122.569799999999,-5514.961933333334,shapiro_wilk,0.06218318089216727,paired_t_test,-35.56002885003913,5.440150900535226e-11,-11.24506848274218,True,,,
300,12,p_0.44_stores_10_nearest_customer,factorial_cell,0.44,1.0,1.0,10,nearest_customer,False,emission_intensity_per_service_unit,environment,True,10,762.352278262759,674.6481280730312,854.6503511153699,shapiro_wilk,0.1772094400678217,paired_t_test,15.494755282056435,8.507636682466682e-08,4.899871847822305,True,primary_metrics_within_condition,1.7015273364933364e-07,True
300,12,p_0.44_stores_10_nearest_customer,factorial_cell,0.44,1.0,1.0,10,nearest_customer,False,total_emission_units,environment,False,10,-38079.0,-40365.075,-35750.925,shapiro_wilk,0.62241901210833,paired_t_test,-30.755300994117544,1.9895970445086163e-10,-9.725680126545225,True,,,
300,12,p_0.44_stores_10_nearest_customer,factorial_cell,0.44,1.0,1.0,10,nearest_customer,False,emission_units_per_order,environment,False,10,-126.93000000000002,-134.5405,-119.19950000000003,shapiro_wilk,0.6224190121083343,paired_t_test,-30.75530099411761,1.989597044508582e-10,-9.725680126545246,True,,,
300,12,p_0.44_stores_10_nearest_customer,factorial_cell,0.44,1.0,1.0,10,nearest_customer,False,emission_units_per_completed_order,environment,False,10,810.8583452357512,734.7506138139099,890.3929670099404,shapiro_wilk,0.47301164938032,paired_t_test,19.436918207706174,1.167855289693476e-08,6.146493223074925,True,,,
300,12,p_0.44_stores_10_nearest_customer,factorial_cell,0.44,1.0,1.0,10,nearest_customer,False,driver_utilization,driver,False,10,-0.03421875,-0.03868648726851851,-0.029687355324074075,shapiro_wilk,0.3345035772266481,paired_t_test,-14.11703307205959,1.908447661112244e-07,-4.464197831163223,True,,,
300,12,p_0.44_stores_10_nearest_customer,factorial_cell,0.44,1.0,1.0,10,nearest_customer,False,driver_profit_per_driver,driver,False,10,-145010.225,-153015.73645833333,-137935.06500000003,shapiro_wilk,0.06218318089216727,paired_t_test,-35.56002885003917,5.4401509005351735e-11,-11.245068482742193,True,,,
300,12,p_0.44_stores_15_uniform,factorial_cell,0.44,1.0,1.0,15,uniform,True,service_units_per_driver_hour,driver,True,10,-0.16597222222222224,-0.17951388888888892,-0.15243055555555557,shapiro_wilk,0.6060486453610596,paired_t_test,-23.15313756138446,2.487700778265068e-09,-7.321664967317147,True,primary_metrics_within_condition,1.2438503891325339e-08,True
300,12,p_0.44_stores_15_uniform,factorial_cell,0.44,1.0,1.0,15,uniform,True,service_units_per_busy_driver_hour,driver,False,10,-0.2811473955849408,-0.3031880106147809,-0.259213983449795,shapiro_wilk,0.9581928888866602,paired_t_test,-23.927461870750264,1.858174438032692e-09,-7.566527813840426,True,,,
300,12,p_0.44_stores_15_uniform,factorial_cell,0.44,1.0,1.0,15,uniform,True,service_units_per_km,driver,False,10,-0.008138449107051022,-0.008996078670241978,-0.007186827694390029,shapiro_wilk,0.3558948770643032,paired_t_test,-16.50923741754343,4.89322879182766e-08,-5.2206792671913504,True,,,
300,12,p_0.44_stores_15_uniform,factorial_cell,0.44,1.0,1.0,15,uniform,True,food_completion_rate,customer,True,10,-0.16533333333333336,-0.179,-0.15233333333333335,shapiro_wilk,0.1758670740203036,paired_t_test,-22.8950173221559,2.747595496684754e-09,-7.2400401807021675,True,primary_metrics_within_condition,1.2438503891325339e-08,True
300,12,p_0.44_stores_15_uniform,factorial_cell,0.44,1.0,1.0,15,uniform,True,food_cancellation_rate,customer,False,10,0.166,0.15266666666666667,0.18033333333333332,shapiro_wilk,0.25889262082888603,paired_t_test,22.38092368654246,3.3598986267226437e-09,7.077469498788655,True,,,
300,12,p_0.44_stores_15_uniform,factorial_cell,0.44,1.0,1.0,15,uniform,True,food_unfinished_rate,customer,False,10,-0.0006666666666666664,-0.0026666666666666666,0.0010000000000000005,shapiro_wilk,0.14879821985688652,paired_t_test,-0.6882472016116851,0.5086464915963445,-0.21764287503300342,False,,,
300,12,p_0.44_stores_15_uniform,factorial_cell,0.44,1.0,1.0,15,uniform,True,mean_food_completion_ticks,customer,True,10,0.49220545771833174,-0.3168108699157985,1.5072220967752514,shapiro_wilk,0.07754126436135748,paired_t_test,0.9922904293398804,0.34698302111925533,0.31378978571003935,False,primary_metrics_within_condition,0.34698302111925533,False
300,12,p_0.44_stores_15_uniform,factorial_cell,0.44,1.0,1.0,15,uniform,True,mean_food_pickup_wait_ticks,driver,False,10,0.26131576366507037,0.07582577331568335,0.416020151282837,shapiro_wilk,0.0815623578432997,paired_t_test,2.84939717757032,0.019107965705943752,0.9010585039577456,True,,,
300,12,p_0.44_stores_15_uniform,factorial_cell,0.44,1.0,1.0,15,uniform,True,mean_food_preparation_queue_ticks,merchant,False,10,0.040436633096393795,0.00471677615228094,0.08182458041693523,shapiro_wilk,0.35669290895447014,paired_t_test,1.9496676950551275,0.08301100528980108,0.6165390596824806,False,,,
300,12,p_0.44_stores_15_uniform,factorial_cell,0.44,1.0,1.0,15,uniform,True,mean_food_ready_to_handover_ticks,merchant,False,10,-0.16769238303540882,-0.6103014466961887,0.2170824401294835,shapiro_wilk,0.22655317042153034,paired_t_test,-0.7437121534977017,0.47601709935918884,-0.23518243286014986,False,,,
300,12,p_0.44_stores_15_uniform,factorial_cell,0.44,1.0,1.0,15,uniform,True,mean_food_post_pickup_delivery_ticks,customer,False,10,0.43843194263608753,-0.422797187057094,1.398946447443406,shapiro_wilk,0.6502414684088448,paired_t_test,0.8860371153237458,0.3986531911977108,0.28018953758683157,False,,,
300,12,p_0.44_stores_15_uniform,factorial_cell,0.44,1.0,1.0,15,uniform,True,platform_revenue_per_order,platform,True,10,-1595.7717648420003,-1735.967505,-1461.5570993208253,shapiro_wilk,0.785374844658943,paired_t_test,-21.084715482581927,5.695708836373618e-09,-6.667572474157518,True,primary_metrics_within_condition,1.7087126509120852e-08,True
300,12,p_0.44_stores_15_uniform,factorial_cell,0.44,1.0,1.0,15,uniform,True,driver_revenue_per_order,driver,False,10,-6108.202,-6695.874999999998,-5526.785000000001,shapiro_wilk,0.2644510397712756,paired_t_test,-19.033087022152753,1.4050120117473302e-08,-6.018790589419434,True,,,
300,12,p_0.44_stores_15_uniform,factorial_cell,0.44,1.0,1.0,15,uniform,True,merchant_revenue_per_order,merchant,False,10,-4793.413768491333,-5223.222782624483,-4377.815592013175,shapiro_wilk,0.7293141695419607,paired_t_test,-21.161762038707565,5.5150236250815895e-09,-6.691936734480421,True,,,
300,12,p_0.44_stores_15_uniform,factorial_cell,0.44,1.0,1.0,15,uniform,True,driver_profit_per_order,driver,False,10,-5336.6686666666665,-5887.6425500000005,-4784.927283333333,shapiro_wilk,0.24578943824816607,paired_t_test,-17.67259844953176,2.6957754612572252e-08,-5.588566327408062,True,,,
300,12,p_0.44_stores_15_uniform,factorial_cell,0.44,1.0,1.0,15,uniform,True,emission_intensity_per_service_unit,environment,True,10,702.5453702992656,611.7194313240229,775.5393411783812,shapiro_wilk,0.10554505393052671,paired_t_test,15.736740418340146,7.433605961370973e-08,4.976394266878584,True,primary_metrics_within_condition,1.4867211922741946e-07,True
300,12,p_0.44_stores_15_uniform,factorial_cell,0.44,1.0,1.0,15,uniform,True,total_emission_units,environment,False,10,-34719.0,-38049.0,-31130.925000000003,shapiro_wilk,0.2316838620085258,paired_t_test,-18.52450516201015,1.782982123747346e-08,-5.857962883949852,True,,,
300,12,p_0.44_stores_15_uniform,factorial_cell,0.44,1.0,1.0,15,uniform,True,emission_units_per_order,environment,False,10,-115.73000000000002,-126.71,-103.65000000000002,shapiro_wilk,0.23168386200852464,paired_t_test,-18.524505162010154,1.782982123747346e-08,-5.857962883949854,True,,,
300,12,p_0.44_stores_15_uniform,factorial_cell,0.44,1.0,1.0,15,uniform,True,emission_units_per_completed_order,environment,False,10,760.731814473933,668.5411031879994,847.8982889913519,shapiro_wilk,0.9259625226921124,paired_t_test,15.514930975381743,8.411815552732353e-08,4.906251962250408,True,,,
300,12,p_0.44_stores_15_uniform,factorial_cell,0.44,1.0,1.0,15,uniform,True,driver_utilization,driver,False,10,-0.03263310185185186,-0.0384837962962963,-0.025862268518518527,shapiro_wilk,0.5943906681223508,paired_t_test,-9.668642652185863,4.733350891749796e-06,-3.0574932663158503,True,,,
300,12,p_0.44_stores_15_uniform,factorial_cell,0.44,1.0,1.0,15,uniform,True,driver_profit_per_driver,driver,False,10,-133416.71666666667,-147435.33562500004,-119378.83770833333,shapiro_wilk,0.24578943824817334,paired_t_test,-17.672598449531762,2.6957754612572252e-08,-5.588566327408063,True,,,
300,12,p_0.44_stores_15_nearest_restaurant,factorial_cell,0.44,1.0,1.0,15,nearest_restaurant,False,service_units_per_driver_hour,driver,True,10,-0.10173611111111111,-0.11423611111111112,-0.08923611111111111,shapiro_wilk,0.9518994508688493,paired_t_test,-14.984647766996686,1.1381795301233437e-07,-4.738561687906561,True,primary_metrics_within_condition,3.414538590370031e-07,True
300,12,p_0.44_stores_15_nearest_restaurant,factorial_cell,0.44,1.0,1.0,15,nearest_restaurant,False,service_units_per_busy_driver_hour,driver,False,10,-0.16221080011783257,-0.1817819101163675,-0.14339663217963425,shapiro_wilk,0.4112123171747095,paired_t_test,-15.762616517738046,7.327946337375737e-08,-4.984577007984411,True,,,
300,12,p_0.44_stores_15_nearest_restaurant,factorial_cell,0.44,1.0,1.0,15,nearest_restaurant,False,service_units_per_km,driver,False,10,-0.0036173272076446077,-0.004318880302111015,-0.0029007130886065362,shapiro_wilk,0.6046142084433985,paired_t_test,-9.55732159364343,5.20925422251634e-06,-3.022290456662347,True,,,
300,12,p_0.44_stores_15_nearest_restaurant,factorial_cell,0.44,1.0,1.0,15,nearest_restaurant,False,food_completion_rate,customer,True,10,-0.13533333333333336,-0.14833333333333332,-0.12333333333333334,shapiro_wilk,0.8960298036063548,paired_t_test,-19.905787716525687,9.465587553837731e-09,-6.294762780402332,True,primary_metrics_within_condition,4.7327937769188656e-08,True
300,12,p_0.44_stores_15_nearest_restaurant,factorial_cell,0.44,1.0,1.0,15,nearest_restaurant,False,food_cancellation_rate,customer,False,10,0.13666666666666666,0.12399999999999997,0.14999999999999997,shapiro_wilk,0.7312307309118367,paired_t_test,19.448007610035553,1.1620018017069133e-08,6.1500000000000075,True,,,
300,12,p_0.44_stores_15_nearest_restaurant,factorial_cell,0.44,1.0,1.0,15,nearest_restaurant,False,food_unfinished_rate,customer,False,10,-0.0013333333333333333,-0.003666666666666666,0.0003333333333333335,shapiro_wilk,0.007103923165074723,wilcoxon_signed_rank,2.0,0.375,-0.37210420376762543,False,,,
300,12,p_0.44_stores_15_nearest_restaurant,factorial_cell,0.44,1.0,1.0,15,nearest_restaurant,False,mean_food_completion_ticks,customer,True,10,1.095891270879271,-0.05779282213123404,2.222320694106461,shapiro_wilk,0.3152837335904142,paired_t_test,1.8256678358897043,0.10118914950511247,0.5773268612321962,False,primary_metrics_within_condition,0.10118914950511247,False
300,12,p_0.44_stores_15_nearest_restaurant,factorial_cell,0.44,1.0,1.0,15,nearest_restaurant,False,mean_food_pickup_wait_ticks,driver,False,10,0.042691547074574863,-0.21324212248244676,0.33750457990934757,shapiro_wilk,0.3697500246292635,paired_t_test,0.2896911357567027,0.7786156263689074,0.0916083806952226,False,,,
300,12,p_0.44_stores_15_nearest_restaurant,factorial_cell,0.44,1.0,1.0,15,nearest_restaurant,False,mean_food_preparation_queue_ticks,merchant,False,10,0.010000059251882987,-0.02036000809271894,0.042882086821844544,shapiro_wilk,0.6608049262444206,paired_t_test,0.5831632327900461,0.5741034476616212,0.1844124063283535,False,,,
300,12,p_0.44_stores_15_nearest_restaurant,factorial_cell,0.44,1.0,1.0,15,nearest_restaurant,False,mean_food_ready_to_handover_ticks,merchant,False,10,0.8015764917566834,0.2850639118945584,1.3627251300979264,shapiro_wilk,0.6984869429082446,paired_t_test,2.708767527579035,0.024045974091186983,0.8565875039052718,True,,,
300,12,p_0.44_stores_15_nearest_restaurant,factorial_cell,0.44,1.0,1.0,15,nearest_restaurant,False,mean_food_post_pickup_delivery_ticks,customer,False,10,0.3600670188995224,-0.5093475210269056,1.1838992373003647,shapiro_wilk,0.451417020697273,paired_t_test,0.7836603681820227,0.4533682552324456,0.2478151675461337,False,,,
300,12,p_0.44_stores_15_nearest_restaurant,factorial_cell,0.44,1.0,1.0,15,nearest_restaurant,False,platform_revenue_per_order,platform,True,10,-1010.1618326580001,-1113.34246230545,-906.5419081914753,shapiro_wilk,0.7190603989481668,paired_t_test,-18.177691571071122,2.1050821333557386e-08,-5.748290796862926,True,primary_metrics_within_condition,8.420328533422954e-08,True
300,12,p_0.44_stores_15_nearest_restaurant,factorial_cell,0.44,1.0,1.0,15,nearest_restaurant,False,driver_revenue_per_order,driver,False,10,-4803.4349999999995,-5198.354774999999,-4405.006,shapiro_wilk,0.7713878150826373,paired_t_test,-22.047034745195393,3.838128950753862e-09,-6.971884544768744,True,,,
300,12,p_0.44_stores_15_nearest_restaurant,factorial_cell,0.44,1.0,1.0,15,nearest_restaurant,False,merchant_revenue_per_order,merchant,False,10,-2667.5739673419994,-3038.4482590622,-2307.029412016949,shapiro_wilk,0.9916938432279953,paired_t_test,-13.466184595240273,2.8680145016218364e-07,-4.258381471323189,True,,,
300,12,p_0.44_stores_15_nearest_restaurant,factorial_cell,0.44,1.0,1.0,15,nearest_restaurant,False,driver_profit_per_order,driver,False,10,-4119.768333333333,-4468.024666666666,-3784.454108333334,shapiro_wilk,0.7358768574524694,paired_t_test,-22.222255645231318,3.5783722563458337e-09,-7.027294258546564,True,,,
300,12,p_0.44_stores_15_nearest_restaurant,factorial_cell,0.44,1.0,1.0,15,nearest_restaurant,False,emission_intensity_per_service_unit,environment,True,10,261.56505406187296,207.64111882619923,312.2092864200405,shapiro_wilk,0.47403852431239585,paired_t_test,9.23029149707097,6.940517941587085e-06,2.918874459802968,True,primary_metrics_within_condition,1.388103588317417e-05,True
300,12,p_0.44_stores_15_nearest_restaurant,factorial_cell,0.44,1.0,1.0,15,nearest_restaurant,False,total_emission_units,environment,False,10,-30765.0,-34233.075,-26849.700000000004,shapiro_wilk,0.06675761862057483,paired_t_test,-15.561783238556405,8.19387527177239e-08,-4.921067948766965,True,,,
300,12,p_0.44_stores_15_nearest_restaurant,factorial_cell,0.44,1.0,1.0,15,nearest_restaurant,False,emission_units_per_order,environment,False,10,-102.55000000000004,-114.21000000000004,-89.68000000000005,shapiro_wilk,0.06675761862057558,paired_t_test,-15.561783238556412,8.19387527177237e-08,-4.921067948766968,True,,,
300,12,p_0.44_stores_15_nearest_restaurant,factorial_cell,0.44,1.0,1.0,15,nearest_restaurant,False,emission_units_per_completed_order,environment,False,10,541.185224709846,462.02784085553304,617.187411356905,shapiro_wilk,0.978050901396847,paired_t_test,12.81420649553604,4.393455222535381e-07,4.052207893361816,True,,,
300,12,p_0.44_stores_15_nearest_restaurant,factorial_cell,0.44,1.0,1.0,15,nearest_restaurant,False,driver_utilization,driver,False,10,-0.02425925925925927,-0.03121527777777778,-0.016770833333333336,shapiro_wilk,0.41761581209298504,paired_t_test,-6.259012786532764,0.00014803333564732173,-1.9792736309560799,True,,,
300,12,p_0.44_stores_15_nearest_restaurant,factorial_cell,0.44,1.0,1.0,15,nearest_restaurant,False,driver_profit_per_driver,driver,False,10,-102994.20833333334,-111721.95833333333,-94536.38729166666,shapiro_wilk,0.7358768574524674,paired_t_test,-22.222255645231318,3.5783722563458337e-09,-7.027294258546565,True,,,
300,12,p_0.44_stores_15_nearest_customer,factorial_cell,0.44,1.0,1.0,15,nearest_customer,False,service_units_per_driver_hour,driver,True,10,-0.1739583333333333,-0.1857638888888889,-0.16145833333333334,shapiro_wilk,0.8824770486961164,paired_t_test,-26.287635259052905,8.055926598483282e-10,-8.31288017183576,True,primary_metrics_within_condition,2.4167779795449846e-09,True
300,12,p_0.44_stores_15_nearest_customer,factorial_cell,0.44,1.0,1.0,15,nearest_customer,False,service_units_per_busy_driver_hour,driver,False,10,-0.2936078844094432,-0.31710135093099306,-0.268955109758353,shapiro_wilk,0.6122305347991723,paired_t_test,-22.257017742141812,3.5291921829629768e-09,-7.038286998794633,True,,,
300,12,p_0.44_stores_15_nearest_customer,factorial_cell,0.44,1.0,1.0,15,nearest_customer,False,service_units_per_km,driver,False,10,-0.008488527377345768,-0.009393193144227393,-0.007529900694687185,shapiro_wilk,0.5395970796347813,paired_t_test,-16.936274648930965,3.913893300876027e-08,-5.355720296879046,True,,,
300,12,p_0.44_stores_15_nearest_customer,factorial_cell,0.44,1.0,1.0,15,nearest_customer,False,food_completion_rate,customer,True,10,-0.1726666666666667,-0.18366666666666664,-0.16133333333333336,shapiro_wilk,0.52002809897881,paired_t_test,-28.777777777777796,3.5987400258941446e-10,-9.100332377595675,True,primary_metrics_within_condition,1.7993700129470723e-09,True
300,12,p_0.44_stores_15_nearest_customer,factorial_cell,0.44,1.0,1.0,15,nearest_customer,False,food_cancellation_rate,customer,False,10,0.17433333333333334,0.16266666666666668,0.18633333333333335,shapiro_wilk,0.8288879241271974,paired_t_test,27.226292489246983,5.895645994514689e-10,8.609709650795587,True,,,
300,12,p_0.44_stores_15_nearest_customer,factorial_cell,0.44,1.0,1.0,15,nearest_customer,False,food_unfinished_rate,customer,False,10,-0.0016666666666666666,-0.0030000000000000005,-0.0003333333333333334,shapiro_wilk,0.0020879422626686843,wilcoxon_signed_rank,0.0,0.125,-0.7071067811865475,False,,,
300,12,p_0.44_stores_15_nearest_customer,factorial_cell,0.44,1.0,1.0,15,nearest_customer,False,mean_food_completion_ticks,customer,True,10,-0.43555905716387355,-1.296289171551837,0.4132090858319471,shapiro_wilk,0.7078346019853579,paired_t_test,-0.9419286336251594,0.3708235245048472,-0.29786398755857674,False,primary_metrics_within_condition,0.3708235245048472,False
300,12,p_0.44_stores_15_nearest_customer,factorial_cell,0.44,1.0,1.0,15,nearest_customer,False,mean_food_pickup_wait_ticks,driver,False,10,0.11742058625752724,-0.09431409089400404,0.3428808312471753,shapiro_wilk,0.3097841501677013,paired_t_test,1.0072606452478026,0.34012119532709467,0.3185237836433913,False,,,
300,12,p_0.44_stores_15_nearest_customer,factorial_cell,0.44,1.0,1.0,15,nearest_customer,False,mean_food_preparation_queue_ticks,merchant,False,10,0.02178284063956663,-0.014996597345364486,0.06536801680471066,shapiro_wilk,0.099707679857291,paired_t_test,1.012390297565371,0.33779354631672304,0.320145922136219,False,,,
300,12,p_0.44_stores_15_nearest_customer,factorial_cell,0.44,1.0,1.0,15,nearest_customer,False,mean_food_ready_to_handover_ticks,merchant,False,10,-0.051828039671874035,-0.5439344225468967,0.42376897893330523,shapiro_wilk,0.7169074244709591,paired_t_test,-0.19752885139020288,0.8478028788814654,-0.06246410739899583,False,,,
300,12,p_0.44_stores_15_nearest_customer,factorial_cell,0.44,1.0,1.0,15,nearest_customer,False,mean_food_post_pickup_delivery_ticks,customer,False,10,-0.597861874564644,-1.4478057493614267,0.2891567836832864,shapiro_wilk,0.8063960009214985,paired_t_test,-1.2765593148613592,0.23371139349824366,-0.40368350032659284,False,,,
300,12,p_0.44_stores_15_nearest_customer,factorial_cell,0.44,1.0,1.0,15,nearest_customer,False,platform_revenue_per_order,platform,True,10,-1692.0272847830001,-1807.6570957112003,-1572.6589056944254,shapiro_wilk,0.887520412936187,paired_t_test,-27.23285667260992,5.883007768324574e-10,-8.611785427836175,True,primary_metrics_within_condition,2.3532031073298297e-09,True
300,12,p_0.44_stores_15_nearest_customer,factorial_cell,0.44,1.0,1.0,15,nearest_customer,False,driver_revenue_per_order,driver,False,10,-6749.8330000000005,-7084.920000000001,-6411.217224999999,shapiro_wilk,0.6332013626161896,paired_t_test,-37.14061360929344,3.687011983801582e-11,-11.744893270161432,True,,,
300,12,p_0.44_stores_15_nearest_customer,factorial_cell,0.44,1.0,1.0,15,nearest_customer,False,merchant_revenue_per_order,merchant,False,10,-4975.589681883666,-5369.977786128741,-4565.208391246542,shapiro_wilk,0.9231785615785122,paired_t_test,-22.809120498423695,2.840654316099174e-09,-7.21287722002539,True,,,
300,12,p_0.44_stores_15_nearest_customer,factorial_cell,0.44,1.0,1.0,15,nearest_customer,False,driver_profit_per_order,driver,False,10,-5917.033,-6234.642925,-5584.725408333334,shapiro_wilk,0.8725387514141971,paired_t_test,-33.581789792048774,9.074297032150538e-11,-10.619494364786636,True,,,
300,12,p_0.44_stores_15_nearest_customer,factorial_cell,0.44,1.0,1.0,15,nearest_customer,False,emission_intensity_per_service_unit,environment,True,10,749.6507303625186,644.7848321914372,853.269350968562,shapiro_wilk,0.9008761655791211,paired_t_test,13.253939942569621,3.2882551769678397e-07,4.191263818960129,True,primary_metrics_within_condition,6.576510353935679e-07,True
300,12,p_0.44_stores_15_nearest_customer,factorial_cell,0.44,1.0,1.0,15,nearest_customer,False,total_emission_units,environment,False,10,-37476.0,-39402.0,-35352.0,shapiro_wilk,0.622090653018832,paired_t_test,-34.064361640062394,7.988055213886012e-11,-10.772096982226598,True,,,
300,12,p_0.44_stores_15_nearest_customer,factorial_cell,0.44,1.0,1.0,15,nearest_customer,False,emission_units_per_order,environment,False,10,-124.92000000000003,-131.32050000000007,-117.89950000000002,shapiro_wilk,0.6220906530188306,paired_t_test,-34.06436164006244,7.988055213885913e-11,-10.772096982226614,True,,,
300,12,p_0.44_stores_15_nearest_customer,factorial_cell,0.44,1.0,1.0,15,nearest_customer,False,emission_units_per_completed_order,environment,False,10,807.2001336313464,702.3355307111244,914.5117012361005,shapiro_wilk,0.6672256376128954,paired_t_test,14.292398096900866,1.7151402140506895e-07,4.519653121206267,True,,,
300,12,p_0.44_stores_15_nearest_customer,factorial_cell,0.44,1.0,1.0,15,nearest_customer,False,driver_utilization,driver,False,10,-0.03575231481481482,-0.03936371527777778,-0.03162615740740741,shapiro_wilk,0.42556241359553254,paired_t_test,-17.105503024606353,3.5876681049596286e-08,-5.409235008065532,True,,,
300,12,p_0.44_stores_15_nearest_customer,factorial_cell,0.44,1.0,1.0,15,nearest_customer,False,driver_profit_per_driver,driver,False,10,-147925.825,-156070.84375,-139716.67687499998,shapiro_wilk,0.8725387514141947,paired_t_test,-33.58178979204878,9.074297032150516e-11,-10.61949436478664,True,,,
300,12,p_0.44_stores_20_uniform,factorial_cell,0.44,1.0,1.0,20,uniform,False,service_units_per_driver_hour,driver,True,10,-0.16875,-0.18993055555555555,-0.14965277777777777,shapiro_wilk,0.5843519954018218,paired_t_test,-15.609884710905394,7.976609466699149e-08,-4.936278969910006,True,primary_metrics_within_condition,2.3929828400097446e-07,True
300,12,p_0.44_stores_20_uniform,factorial_cell,0.44,1.0,1.0,20,uniform,False,service_units_per_busy_driver_hour,driver,False,10,-0.2885500099160697,-0.3248624494660922,-0.25479150768861103,shapiro_wilk,0.6229076373605086,paired_t_test,-15.197100452081798,1.0071311314443439e-07,-4.805745125895305,True,,,
300,12,p_0.44_stores_20_uniform,factorial_cell,0.44,1.0,1.0,20,uniform,False,service_units_per_km,driver,False,10,-0.008544194841525335,-0.009968551370660793,-0.007241887735124685,shapiro_wilk,0.7034580786374195,paired_t_test,-11.736742866707909,9.299261703929489e-07,-3.7114839770531,True,,,
300,12,p_0.44_stores_20_uniform,factorial_cell,0.44,1.0,1.0,20,uniform,False,food_completion_rate,customer,True,10,-0.16966666666666666,-0.18666666666666665,-0.15466666666666667,shapiro_wilk,0.1637763658206342,paired_t_test,-19.666016315234348,1.0532858981826057e-08,-6.218940405817245,True,primary_metrics_within_condition,5.2664294909130285e-08,True
300,12,p_0.44_stores_20_uniform,factorial_cell,0.44,1.0,1.0,20,uniform,False,food_cancellation_rate,customer,False,10,0.17033333333333334,0.15566666666666668,0.18766666666666668,shapiro_wilk,0.10803856148745067,paired_t_test,19.743289463820734,1.0174990056210511e-08,6.243376320967804,True,,,
300,12,p_0.44_stores_20_uniform,factorial_cell,0.44,1.0,1.0,20,uniform,False,food_unfinished_rate,customer,False,10,-0.0006666666666666665,-0.002333333333333333,0.0006666666666666668,shapiro_wilk,0.0036221192266227054,wilcoxon_signed_rank,2.0,0.75,-0.25354627641855493,False,,,
300,12,p_0.44_stores_20_uniform,factorial_cell,0.44,1.0,1.0,20,uniform,False,mean_food_completion_ticks,customer,True,10,1.1377432098167204,0.3851653018727605,1.8965023966745531,shapiro_wilk,0.9354332157084163,paired_t_test,2.828277063958653,0.019777949535112815,0.8943797376123064,True,primary_metrics_within_condition,0.019777949535112815,True
300,12,p_0.44_stores_20_uniform,factorial_cell,0.44,1.0,1.0,20,uniform,False,mean_food_pickup_wait_ticks,driver,False,10,0.2371733021124144,0.03056244833295829,0.4596871338666869,shapiro_wilk,0.8366909375128314,paired_t_test,2.0238017050821373,0.0736683573128191,0.6399822920591919,False,,,
300,12,p_0.44_stores_20_uniform,factorial_cell,0.44,1.0,1.0,20,uniform,False,mean_food_preparation_queue_ticks,merchant,False,10,0.02986359453210926,0.008700138231090943,0.057474868689816154,shapiro_wilk,0.052343175965788497,paired_t_test,2.2606058330991097,0.050126937703156835,0.7148663324455643,False,,,
300,12,p_0.44_stores_20_uniform,factorial_cell,0.44,1.0,1.0,20,uniform,False,mean_food_ready_to_handover_ticks,merchant,False,10,-0.024169930935841764,-0.6996051401526854,0.6783014019479716,shapiro_wilk,0.958966624515842,paired_t_test,-0.06464404563602338,0.9498704981780027,-0.020442242137770197,False,,,
300,12,p_0.44_stores_20_uniform,factorial_cell,0.44,1.0,1.0,20,uniform,False,mean_food_post_pickup_delivery_ticks,customer,False,10,1.1179017566607368,0.4404017802351234,1.7431024309528713,shapiro_wilk,0.35673515992887683,paired_t_test,3.1413155594523463,0.011902786807410028,0.993371201719549,True,,,
300,12,p_0.44_stores_20_uniform,factorial_cell,0.44,1.0,1.0,20,uniform,False,platform_revenue_per_order,platform,True,10,-1591.138564415,-1782.6458002643249,-1417.180934535175,shapiro_wilk,0.3684479551905816,paired_t_test,-16.198618945154998,5.776146050864324e-08,-5.122453081584393,True,primary_metrics_within_condition,2.3104584203457297e-07,True
300,12,p_0.44_stores_20_uniform,factorial_cell,0.44,1.0,1.0,20,uniform,False,driver_revenue_per_order,driver,False,10,-6094.517,-6653.646999999999,-5579.57,shapiro_wilk,0.5985619404416324,paired_t_test,-21.129337613284218,5.590277102000604e-09,-6.681683230864414,True,,,
300,12,p_0.44_stores_20_uniform,factorial_cell,0.44,1.0,1.0,20,uniform,False,merchant_revenue_per_order,merchant,False,10,-4777.910935585,-5416.7022537025505,-4186.254510623775,shapiro_wilk,0.321408918618828,paired_t_test,-14.312101232832282,1.6948114918415864e-07,-4.525883799865384,True,,,
300,12,p_0.44_stores_20_uniform,factorial_cell,0.44,1.0,1.0,20,uniform,False,driver_profit_per_order,driver,False,10,-5357.717000000001,-5869.0711,-4888.486741666667,shapiro_wilk,0.549336169624468,paired_t_test,-19.922585628717723,9.395439597939273e-09,-6.3000747466485665,True,,,
300,12,p_0.44_stores_20_uniform,factorial_cell,0.44,1.0,1.0,20,uniform,False,emission_intensity_per_service_unit,environment,True,10,768.7670495854356,617.8804471727879,962.6615741261944,shapiro_wilk,0.01825884199199946,wilcoxon_signed_rank,0.0,0.001953125,2.556866746456079,True,primary_metrics_within_condition,0.00390625,True
300,12,p_0.44_stores_20_uniform,factorial_cell,0.44,1.0,1.0,20,uniform,False,total_emission_units,environment,False,10,-33156.0,-36222.0,-30335.925000000003,shapiro_wilk,0.1444093617674569,paired_t_test,-20.998205339245068,5.906452828995595e-09,-6.640215564792307,True,,,
300,12,p_0.44_stores_20_uniform,factorial_cell,0.44,1.0,1.0,20,uniform,False,emission_units_per_order,environment,False,10,-110.52000000000002,-120.50075000000004,-101.19975000000004,shapiro_wilk,0.144409361767456,paired_t_test,-20.998205339245068,5.906452828995595e-09,-6.640215564792308,True,,,
300,12,p_0.44_stores_20_uniform,factorial_cell,0.44,1.0,1.0,20,uniform,False,emission_units_per_completed_order,environment,False,10,840.2211345452603,718.570325512631,1014.8585698323744,shapiro_wilk,0.0020119006076031063,wilcoxon_signed_rank,0.0,0.001953125,3.238518581771776,True,,,
300,12,p_0.44_stores_20_uniform,factorial_cell,0.44,1.0,1.0,20,uniform,False,driver_utilization,driver,False,10,-0.03162615740740741,-0.03795746527777776,-0.025705729166666663,shapiro_wilk,0.7794901771447411,paired_t_test,-9.515803265962408,5.400044642230273e-06,-3.0091612086510224,True,,,
300,12,p_0.44_stores_20_uniform,factorial_cell,0.44,1.0,1.0,20,uniform,False,driver_profit_per_driver,driver,False,10,-133942.925,-146992.16916666663,-122237.77916666669,shapiro_wilk,0.5493361696244656,paired_t_test,-19.922585628717723,9.395439597939273e-09,-6.3000747466485665,True,,,
300,12,p_0.44_stores_20_nearest_restaurant,factorial_cell,0.44,1.0,1.0,20,nearest_restaurant,False,service_units_per_driver_hour,driver,True,10,-0.10624999999999998,-0.12638888888888888,-0.08784722222222222,shapiro_wilk,0.8504640478714663,paired_t_test,-10.184922386435996,3.071443213058556e-06,-3.220755253317537,True,primary_metrics_within_condition,9.214329639175668e-06,True
300,12,p_0.44_stores_20_nearest_restaurant,factorial_cell,0.44,1.0,1.0,20,nearest_restaurant,False,service_units_per_busy_driver_hour,driver,False,10,-0.1657900416582702,-0.19721380885823445,-0.13533020852675984,shapiro_wilk,0.9918882499211097,paired_t_test,-9.798974241753795,4.236095183312744e-06,-3.0987077337263416,True,,,
300,12,p_0.44_stores_20_nearest_restaurant,factorial_cell,0.44,1.0,1.0,20,nearest_restaurant,False,service_units_per_km,driver,False,10,-0.0037029065749458164,-0.004870446537321322,-0.0026266172982135332,shapiro_wilk,0.7531518122636374,paired_t_test,-6.0764230285958405,0.00018445290459687558,-1.9215336797061313,True,,,
300,12,p_0.44_stores_20_nearest_restaurant,factorial_cell,0.44,1.0,1.0,20,nearest_restaurant,False,food_completion_rate,customer,True,10,-0.14366666666666666,-0.16133333333333336,-0.12799999999999997,shapiro_wilk,0.5109391665652872,paired_t_test,-15.809492427959869,7.140747894238191e-08,-4.999400472353865,True,primary_metrics_within_condition,3.5703739471190954e-07,True
300,12,p_0.44_stores_20_nearest_restaurant,factorial_cell,0.44,1.0,1.0,20,nearest_restaurant,False,food_cancellation_rate,customer,False,10,0.14533333333333331,0.12966666666666665,0.16334166666666655,shapiro_wilk,0.44723078041057285,paired_t_test,15.719155652241962,7.506372247443095e-08,4.970833475579427,True,,,
300,12,p_0.44_stores_20_nearest_restaurant,factorial_cell,0.44,1.0,1.0,20,nearest_restaurant,False,food_unfinished_rate,customer,False,10,-0.0016666666666666666,-0.003333333333333333,0.0,shapiro_wilk,0.25755075097086866,paired_t_test,-1.860521018838127,0.09573390947125938,-0.5883484054145521,False,,,
300,12,p_0.44_stores_20_nearest_restaurant,factorial_cell,0.44,1.0,1.0,20,nearest_restaurant,False,mean_food_completion_ticks,customer,True,10,0.9183971767544449,0.13459102416126428,1.605768233194704,shapiro_wilk,0.4025215867586881,paired_t_test,2.3324213603183757,0.04457005099554794,0.7375763961834342,True,primary_metrics_within_condition,0.04457005099554794,True
300,12,p_0.44_stores_20_nearest_restaurant,factorial_cell,0.44,1.0,1.0,20,nearest_restaurant,False,mean_food_pickup_wait_ticks,driver,False,10,0.004115909235051796,-0.19971168492745728,0.24402661866880745,shapiro_wilk,0.17710946107478742,paired_t_test,0.03417215208769465,0.9734857576942445,0.010806183314679304,False,,,
300,12,p_0.44_stores_20_nearest_restaurant,factorial_cell,0.44,1.0,1.0,20,nearest_restaurant,False,mean_food_preparation_queue_ticks,merchant,False,10,0.035787172753323875,-0.0040868549527507845,0.06970474493651466,shapiro_wilk,0.08872423047405609,paired_t_test,1.7845728994014458,0.10799334445905988,0.5643315012719105,False,,,
300,12,p_0.44_stores_20_nearest_restaurant,factorial_cell,0.44,1.0,1.0,20,nearest_restaurant,False,mean_food_ready_to_handover_ticks,merchant,False,10,0.6397969870148652,0.22362411039154026,1.1062959957438825,shapiro_wilk,0.2486230204737072,paired_t_test,2.707344391664996,0.024102073026039877,0.8561374688144368,True,,,
300,12,p_0.44_stores_20_nearest_restaurant,factorial_cell,0.44,1.0,1.0,20,nearest_restaurant,False,mean_food_post_pickup_delivery_ticks,customer,False,10,0.15974077411424262,-0.5477017122439013,0.8069333252276278,shapiro_wilk,0.7078418985499826,paired_t_test,0.44091274646267736,0.6696773488457878,0.1394288528222409,False,,,
300,12,p_0.44_stores_20_nearest_restaurant,factorial_cell,0.44,1.0,1.0,20,nearest_restaurant,False,platform_revenue_per_order,platform,True,10,-1060.1940796700003,-1228.887782987575,-893.5745581556251,shapiro_wilk,0.5035560543695092,paired_t_test,-11.77485818231434,9.04650122474757e-07,-3.723537098158349,True,primary_metrics_within_condition,3.618600489899028e-06,True
300,12,p_0.44_stores_20_nearest_restaurant,factorial_cell,0.44,1.0,1.0,20,nearest_restaurant,False,driver_revenue_per_order,driver,False,10,-5202.646000000001,-5760.2119999999995,-4697.865,shapiro_wilk,0.21876697280104745,paired_t_test,-17.935930514729023,2.3676846151515925e-08,-5.671839238105993,True,,,
300,12,p_0.44_stores_20_nearest_restaurant,factorial_cell,0.44,1.0,1.0,20,nearest_restaurant,False,merchant_revenue_per_order,merchant,False,10,-2736.5435869966664,-3329.0571517111084,-2146.989694932024,shapiro_wilk,0.5101668606509135,paired_t_test,-8.759136127361392,1.0653606545413528e-05,-2.7698820497928707,True,,,
300,12,p_0.44_stores_20_nearest_restaurant,factorial_cell,0.44,1.0,1.0,20,nearest_restaurant,False,driver_profit_per_order,driver,False,10,-4470.846,-4971.383258333333,-4005.1039166666665,shapiro_wilk,0.2717056133009389,paired_t_test,-17.177445908339006,3.458207222178387e-08,-5.4319853454691165,True,,,
300,12,p_0.44_stores_20_nearest_restaurant,factorial_cell,0.44,1.0,1.0,20,nearest_restaurant,False,emission_intensity_per_service_unit,environment,True,10,271.09854086464367,184.89931325103228,364.6393665403672,shapiro_wilk,0.3303156556415454,paired_t_test,5.553966212872188,0.0003546149729710677,1.7563183280295702,True,primary_metrics_within_condition,0.0007092299459421354,True
300,12,p_0.44_stores_20_nearest_restaurant,factorial_cell,0.44,1.0,1.0,20,nearest_restaurant,False,total_emission_units,environment,False,10,-32931.0,-36120.15,-29853.0,shapiro_wilk,0.7546133198153286,paired_t_test,-19.31139366265363,1.2364423751662915e-08,-6.10679887661268,True,,,
300,12,p_0.44_stores_20_nearest_restaurant,factorial_cell,0.44,1.0,1.0,20,nearest_restaurant,False,emission_units_per_order,environment,False,10,-109.77000000000002,-120.35999999999999,-99.35950000000004,shapiro_wilk,0.7546133198153255,paired_t_test,-19.311393662653675,1.2364423751662674e-08,-6.106798876612693,True,,,
300,12,p_0.44_stores_20_nearest_restaurant,factorial_cell,0.44,1.0,1.0,20,nearest_restaurant,False,emission_units_per_completed_order,environment,False,10,586.9328109010354,492.35693978193865,699.231120223918,shapiro_wilk,0.11681050233082263,paired_t_test,10.552986399597964,2.282143547181915e-06,3.3371473139509376,True,,,
300,12,p_0.44_stores_20_nearest_restaurant,factorial_cell,0.44,1.0,1.0,20,nearest_restaurant,False,driver_utilization,driver,False,10,-0.027968750000000004,-0.033385706018518535,-0.023165364583333313,shapiro_wilk,0.2032240533281049,paired_t_test,-10.057985237733707,3.4100412344271594e-06,-3.180614202358865,True,,,
300,12,p_0.44_stores_20_nearest_restaurant,factorial_cell,0.44,1.0,1.0,20,nearest_restaurant,False,driver_profit_per_driver,driver,False,10,-111771.15000000002,-124529.62729166668,-100338.45020833335,shapiro_wilk,0.2717056133009427,paired_t_test,-17.177445908339006,3.458207222178387e-08,-5.431985345469117,True,,,
300,12,p_0.44_stores_20_nearest_customer,factorial_cell,0.44,1.0,1.0,20,nearest_customer,False,service_units_per_driver_hour,driver,True,10,-0.17152777777777778,-0.18159722222222222,-0.16215277777777776,shapiro_wilk,0.667872538254942,paired_t_test,-32.46379941646977,1.2279142874895905e-10,-10.265954765888962,True,primary_metrics_within_condition,4.712976377812726e-10,True
300,12,p_0.44_stores_20_nearest_customer,factorial_cell,0.44,1.0,1.0,20,nearest_customer,False,service_units_per_busy_driver_hour,driver,False,10,-0.28946941011323607,-0.3084045846533609,-0.2730167995484979,shapiro_wilk,0.32955082652636314,paired_t_test,-30.342700076904727,2.2443905816373075e-10,-9.59520426023852,True,,,
300,12,p_0.44_stores_20_nearest_customer,factorial_cell,0.44,1.0,1.0,20,nearest_customer,False,service_units_per_km,driver,False,10,-0.008442173174204485,-0.009286533863298654,-0.007637051383292999,shapiro_wilk,0.6945621789385904,paired_t_test,-19.20353061712107,1.2989575752060959e-08,-6.072689586688146,True,,,
300,12,p_0.44_stores_20_nearest_customer,factorial_cell,0.44,1.0,1.0,20,nearest_customer,False,food_completion_rate,customer,True,10,-0.17133333333333334,-0.181,-0.16166666666666668,shapiro_wilk,0.9283925941154856,paired_t_test,-33.45855012207173,9.377339924573822e-11,-10.580522559265141,True,primary_metrics_within_condition,4.688669962286911e-10,True
300,12,p_0.44_stores_20_nearest_customer,factorial_cell,0.44,1.0,1.0,20,nearest_customer,False,food_cancellation_rate,customer,False,10,0.17233333333333328,0.16266666666666663,0.18199999999999997,shapiro_wilk,0.8997260811193202,paired_t_test,33.21115389110323,1.0020194030867264e-10,10.502289001824987,True,,,
300,12,p_0.44_stores_20_nearest_customer,factorial_cell,0.44,1.0,1.0,20,nearest_customer,False,food_unfinished_rate,customer,False,10,-0.0009999999999999998,-0.0019999999999999996,0.0,shapiro_wilk,4.713463965953811e-05,wilcoxon_signed_rank,0.0,0.25,-0.6210590034081187,False,,,
300,12,p_0.44_stores_20_nearest_customer,factorial_cell,0.44,1.0,1.0,20,nearest_customer,False,mean_food_completion_ticks,customer,True,10,-0.3749306239772757,-1.3951722497196506,0.6581075478866001,shapiro_wilk,0.7061100729463688,paired_t_test,-0.6787569989273904,0.5143650435789572,-0.2146418094391019,False,primary_metrics_within_condition,0.5143650435789572,False
300,12,p_0.44_stores_20_nearest_customer,factorial_cell,0.44,1.0,1.0,20,nearest_customer,False,mean_food_pickup_wait_ticks,driver,False,10,0.1279612733650731,-0.07289521763214997,0.3188582460585169,shapiro_wilk,0.5384739596812532,paired_t_test,1.208885394824113,0.2575068093808606,0.38228312777561235,False,,,
300,12,p_0.44_stores_20_nearest_customer,factorial_cell,0.44,1.0,1.0,20,nearest_customer,False,mean_food_preparation_queue_ticks,merchant,False,10,0.019447525693513424,-0.004339355446453484,0.04379003125234517,shapiro_wilk,0.8254051114747678,paired_t_test,1.4777506869764478,0.17359321866666774,0.46730579847240966,False,,,
300,12,p_0.44_stores_20_nearest_customer,factorial_cell,0.44,1.0,1.0,20,nearest_customer,False,mean_food_ready_to_handover_ticks,merchant,False,10,-0.09723023794099897,-0.6661636639670946,0.49149128691371485,shapiro_wilk,0.16011121251829802,paired_t_test,-0.3098102908148252,0.763758586930389,-0.09797061615339905,False,,,
300,12,p_0.44_stores_20_nearest_customer,factorial_cell,0.44,1.0,1.0,20,nearest_customer,False,mean_food_post_pickup_delivery_ticks,customer,False,10,-0.4194155523895244,-1.1196924518545888,0.2120454899460096,shapiro_wilk,0.9446931125192882,paired_t_test,-1.1729480333238913,0.27092497251825953,-0.3709187362318577,False,,,
300,12,p_0.44_stores_20_nearest_customer,factorial_cell,0.44,1.0,1.0,20,nearest_customer,False,platform_revenue_per_order,platform,True,10,-1675.859393532,-1773.057558621525,-1582.1048698273003,shapiro_wilk,0.744649866211923,paired_t_test,-32.61424016864206,1.1782440944531816e-10,-10.3135283088663,True,primary_metrics_within_condition,4.712976377812726e-10,True
300,12,p_0.44_stores_20_nearest_customer,factorial_cell,0.44,1.0,1.0,20,nearest_customer,False,driver_revenue_per_order,driver,False,10,-6623.539999999999,-6932.439774999999,-6330.2802249999995,shapiro_wilk,0.678736709277781,paired_t_test,-41.196348620862985,1.4579584821583426e-11,-13.027429292426344,True,,,
300,12,p_0.44_stores_20_nearest_customer,factorial_cell,0.44,1.0,1.0,20,nearest_customer,False,merchant_revenue_per_order,merchant,False,10,-4952.240473134666,-5281.040584597333,-4626.876428927275,shapiro_wilk,0.7737260784220098,paired_t_test,-27.753286879316637,4.970500609725153e-10,-8.77635990947072,True,,,
300,12,p_0.44_stores_20_nearest_customer,factorial_cell,0.44,1.0,1.0,20,nearest_customer,False,driver_profit_per_order,driver,False,10,-5823.873333333333,-6098.154683333333,-5562.839000000001,shapiro_wilk,0.6997297895257618,paired_t_test,-40.22185546364336,1.8065715396366933e-11,-12.719267498320088,True,,,
300,12,p_0.44_stores_20_nearest_customer,factorial_cell,0.44,1.0,1.0,20,nearest_customer,False,emission_intensity_per_service_unit,environment,True,10,740.4334381340655,655.1899467503684,824.2739773776036,shapiro_wilk,0.8841838998154989,paired_t_test,16.348024014462013,5.331206081296747e-08,5.169699112882941,True,primary_metrics_within_condition,1.0662412162593495e-07,True
300,12,p_0.44_stores_20_nearest_customer,factorial_cell,0.44,1.0,1.0,20,nearest_customer,False,total_emission_units,environment,False,10,-35985.0,-39147.15,-32543.925000000003,shapiro_wilk,0.49405924345039226,paired_t_test,-20.272789024568944,8.056697922214396e-09,-6.410818784170107,True,,,
300,12,p_0.44_stores_20_nearest_customer,factorial_cell,0.44,1.0,1.0,20,nearest_customer,False,emission_units_per_order,environment,False,10,-119.95000000000005,-130.44025,-108.47975000000005,shapiro_wilk,0.49405924345038843,paired_t_test,-20.272789024568954,8.056697922214356e-09,-6.410818784170112,True,,,
300,12,p_0.44_stores_20_nearest_customer,factorial_cell,0.44,1.0,1.0,20,nearest_customer,False,emission_units_per_completed_order,environment,False,10,808.539865267672,719.190772466796,891.2635187226051,shapiro_wilk,0.5625936892765577,paired_t_test,17.219572520498428,3.3848088130191884e-08,5.4453069499221485,True,,,
300,12,p_0.44_stores_20_nearest_customer,factorial_cell,0.44,1.0,1.0,20,nearest_customer,False,driver_utilization,driver,False,10,-0.03509837962962963,-0.04221079282407409,-0.028333333333333356,shapiro_wilk,0.6148116961921772,paired_t_test,-9.353915137160593,6.220981486416575e-06,-2.957967687335379,True,,,
300,12,p_0.44_stores_20_nearest_customer,factorial_cell,0.44,1.0,1.0,20,nearest_customer,False,driver_profit_per_driver,driver,False,10,-145596.83333333334,-152412.1589583333,-138739.99166666667,shapiro_wilk,0.699729789525759,paired_t_test,-40.221855463643394,1.8065715396366752e-11,-12.719267498320097,True,,,
300,12,p_0.66_stores_10_uniform,factorial_cell,0.66,1.0,1.0,10,uniform,False,service_units_per_driver_hour,driver,True,10,-0.2621527777777778,-0.2743055555555555,-0.24930555555555559,shapiro_wilk,0.21487509664136373,paired_t_test,-38.70240189456927,2.5502689889441742e-11,-12.238774090605476,True,primary_metrics_within_condition,1.0201075955776697e-10,True
300,12,p_0.66_stores_10_uniform,factorial_cell,0.66,1.0,1.0,10,uniform,False,service_units_per_busy_driver_hour,driver,False,10,-0.46143110131871035,-0.48303467701875485,-0.43682444241576895,shapiro_wilk,0.5066153269827607,paired_t_test,-37.11562602950569,3.709279804713159e-11,-11.736991503626983,True,,,
300,12,p_0.66_stores_10_uniform,factorial_cell,0.66,1.0,1.0,10,uniform,False,service_units_per_km,driver,False,10,-0.013922291834753603,-0.014741953325263442,-0.013004254065873112,shapiro_wilk,0.15802453374609265,paired_t_test,-29.549952454215873,2.84210609092756e-10,-9.344515450500463,True,,,
300,12,p_0.66_stores_10_uniform,factorial_cell,0.66,1.0,1.0,10,uniform,False,food_completion_rate,customer,True,10,-0.2613333333333333,-0.27233333333333337,-0.25066666666666665,shapiro_wilk,0.427726436552393,paired_t_test,-44.25934385430493,7.667994092027063e-12,-13.996033432417915,True,primary_metrics_within_condition,3.8339970460135316e-11,True
300,12,p_0.66_stores_10_uniform,factorial_cell,0.66,1.0,1.0,10,uniform,False,food_cancellation_rate,customer,False,10,0.26399999999999996,0.252,0.27599999999999997,shapiro_wilk,0.6032775545609375,paired_t_test,41.512079534187954,1.3615867212812265e-11,13.127272173809555,True,,,
300,12,p_0.66_stores_10_uniform,factorial_cell,0.66,1.0,1.0,10,uniform,False,food_unfinished_rate,customer,False,10,-0.0026666666666666666,-0.004333333333333333,-0.0010000000000000002,shapiro_wilk,0.025134415251800827,wilcoxon_signed_rank,0.0,0.03125,-1.01418510567422,True,,,
300,12,p_0.66_stores_10_uniform,factorial_cell,0.66,1.0,1.0,10,uniform,False,mean_food_completion_ticks,customer,True,10,0.36291050281259984,-0.9760766459542171,1.6530357993508833,shapiro_wilk,0.8350703245498603,paired_t_test,0.5135859830995781,0.6199114485903293,0.16241014809314108,False,primary_metrics_within_condition,0.6199114485903293,False
300,12,p_0.66_stores_10_uniform,factorial_cell,0.66,1.0,1.0,10,uniform,False,mean_food_pickup_wait_ticks,driver,False,10,0.29285023437089,-0.03983112932933976,0.5945981271140729,shapiro_wilk,0.7612569151083566,paired_t_test,1.7042548692018127,0.12252963187821671,0.5389327100110076,False,,,
300,12,p_0.66_stores_10_uniform,factorial_cell,0.66,1.0,1.0,10,uniform,False,mean_food_preparation_queue_ticks,merchant,False,10,0.05373805301788961,0.0147049787509446,0.09299022824029389,shapiro_wilk,0.5732988710165423,paired_t_test,2.5416458737414014,0.03162526454831689,0.8037389966591575,True,,,
300,12,p_0.66_stores_10_uniform,factorial_cell,0.66,1.0,1.0,10,uniform,False,mean_food_ready_to_handover_ticks,merchant,False,10,-0.4350691173633218,-1.0080897305185292,0.11021897228444641,shapiro_wilk,0.1704350453763563,paired_t_test,-1.4439419634253925,0.182648378900302,-0.45661454135197854,False,,,
300,12,p_0.66_stores_10_uniform,factorial_cell,0.66,1.0,1.0,10,uniform,False,mean_food_post_pickup_delivery_ticks,customer,False,10,0.3942837452567954,-0.5721892284202934,1.2608845689609944,shapiro_wilk,0.2975605168594796,paired_t_test,0.7969264385769188,0.4460070375924536,0.2520102673509338,False,,,
300,12,p_0.66_stores_10_uniform,factorial_cell,0.66,1.0,1.0,10,uniform,False,platform_revenue_per_order,platform,True,10,-2521.6647583440003,-2637.37402695365,-2367.7839100475,shapiro_wilk,0.02617719139345532,wilcoxon_signed_rank,0.0,0.001953125,-10.821654678753374,True,primary_metrics_within_condition,0.00390625,True
300,12,p_0.66_stores_10_uniform,factorial_cell,0.66,1.0,1.0,10,uniform,False,driver_revenue_per_order,driver,False,10,-9814.1,-10178.521775,-9423.1,shapiro_wilk,0.5220680197547545,paired_t_test,-48.18377322666307,3.580053091350985e-12,-15.23704696572959,True,,,
300,12,p_0.66_stores_10_uniform,factorial_cell,0.66,1.0,1.0,10,uniform,False,merchant_revenue_per_order,merchant,False,10,-7511.276308322667,-7951.1103412207585,-6946.228936940999,shapiro_wilk,0.04529454723731661,wilcoxon_signed_rank,0.0,0.001953125,-8.661161694958109,True,,,
300,12,p_0.66_stores_10_uniform,factorial_cell,0.66,1.0,1.0,10,uniform,False,driver_profit_per_order,driver,False,10,-8536.166666666668,-8864.040975,-8183.5957333333345,shapiro_wilk,0.4141290986028547,paired_t_test,-46.72574067148625,4.715808524889062e-12,-14.775976588026202,True,,,
300,12,p_0.66_stores_10_uniform,factorial_cell,0.66,1.0,1.0,10,uniform,False,emission_intensity_per_service_unit,environment,True,10,1613.0608684782126,1476.6183834713645,1728.3595860467856,shapiro_wilk,0.28542227383730123,paired_t_test,23.683149536566354,2.035311088236664e-09,7.48926947019109,True,primary_metrics_within_condition,6.105933264709992e-09,True
300,12,p_0.66_stores_10_uniform,factorial_cell,0.66,1.0,1.0,10,uniform,False,total_emission_units,environment,False,10,-57507.0,-60945.225,-53745.0,shapiro_wilk,0.46560964003867744,paired_t_test,-29.37201881298758,2.999348289915854e-10,-9.2882478926356,True,,,
300,12,p_0.66_stores_10_uniform,factorial_cell,0.66,1.0,1.0,10,uniform,False,emission_units_per_order,environment,False,10,-191.69,-203.43999999999997,-179.12950000000004,shapiro_wilk,0.4656096400386744,paired_t_test,-29.37201881298761,2.999348289915825e-10,-9.288247892635606,True,,,
300,12,p_0.66_stores_10_uniform,factorial_cell,0.66,1.0,1.0,10,uniform,False,emission_units_per_completed_order,environment,False,10,1803.6105264642981,1691.3743062313647,1909.8315979456877,shapiro_wilk,0.285924476444291,paired_t_test,30.343624900291733,2.243780426248734e-10,9.595496715072152,True,,,
300,12,p_0.66_stores_10_uniform,factorial_cell,0.66,1.0,1.0,10,uniform,False,driver_utilization,driver,False,10,-0.05179976851851853,-0.05791681134259261,-0.045740740740740755,shapiro_wilk,0.981360997813997,paired_t_test,-15.836184394596428,7.036524397611741e-08,-5.00784121333394,True,,,
300,12,p_0.66_stores_10_uniform,factorial_cell,0.66,1.0,1.0,10,uniform,False,driver_profit_per_driver,driver,False,10,-213404.1666666667,-221499.920625,-204524.97729166664,shapiro_wilk,0.41412909860285696,paired_t_test,-46.72574067148623,4.715808524889109e-12,-14.775976588026197,True,,,
300,12,p_0.66_stores_10_nearest_restaurant,factorial_cell,0.66,1.0,1.0,10,nearest_restaurant,False,service_units_per_driver_hour,driver,True,10,-0.21180555555555558,-0.23090277777777776,-0.196875,shapiro_wilk,0.028233217738974303,wilcoxon_signed_rank,0.0,0.001953125,-7.233710147635168,True,primary_metrics_within_condition,0.0078125,True
300,12,p_0.66_stores_10_nearest_restaurant,factorial_cell,0.66,1.0,1.0,10,nearest_restaurant,False,service_units_per_busy_driver_hour,driver,False,10,-0.3581426851714241,-0.39683992094870874,-0.33078592768404635,shapiro_wilk,0.0011791930314203045,wilcoxon_signed_rank,0.0,0.001953125,-6.204703198553141,True,,,
300,12,p_0.66_stores_10_nearest_restaurant,factorial_cell,0.66,1.0,1.0,10,nearest_restaurant,False,service_units_per_km,driver,False,10,-0.009399840886756139,-0.010706877815749217,-0.008432065583379247,shapiro_wilk,0.0037397155494769264,wilcoxon_signed_rank,0.0,0.001953125,-4.785484069009895,True,,,
300,12,p_0.66_stores_10_nearest_restaurant,factorial_cell,0.66,1.0,1.0,10,nearest_restaurant,False,food_completion_rate,customer,True,10,-0.23833333333333334,-0.253,-0.22633333333333333,shapiro_wilk,0.26324791012744686,paired_t_test,-32.92216970296051,1.0833834837997582e-10,-10.410904177594427,True,primary_metrics_within_condition,5.416917418998791e-10,True
300,12,p_0.66_stores_10_nearest_restaurant,factorial_cell,0.66,1.0,1.0,10,nearest_restaurant,False,food_cancellation_rate,customer,False,10,0.24,0.22699999999999995,0.25533333333333336,shapiro_wilk,0.3691633672901923,paired_t_test,31.176914536239778,1.7619627676261642e-10,9.859006035092987,True,,,
300,12,p_0.66_stores_10_nearest_restaurant,factorial_cell,0.66,1.0,1.0,10,nearest_restaurant,False,food_unfinished_rate,customer,False,10,-0.0016666666666666666,-0.004,0.0006666666666666661,shapiro_wilk,0.15736295224038588,paired_t_test,-1.3416407864998738,0.21257989232273625,-0.42426406871192857,False,,,
300,12,p_0.66_stores_10_nearest_restaurant,factorial_cell,0.66,1.0,1.0,10,nearest_restaurant,False,mean_food_completion_ticks,customer,True,10,1.3521215752096019,0.18297538907628888,2.6222100556187757,shapiro_wilk,0.6063588656574077,paired_t_test,2.055419487925317,0.0699972099024369,0.6499807128940959,False,primary_metrics_within_condition,0.0699972099024369,False
300,12,p_0.66_stores_10_nearest_restaurant,factorial_cell,0.66,1.0,1.0,10,nearest_restaurant,False,mean_food_pickup_wait_ticks,driver,False,10,0.0805989425864502,-0.2480944246065307,0.3893580183341872,shapiro_wilk,0.8945811457486046,paired_t_test,0.467694544342701,0.6511208731991944,0.1478980009357553,False,,,
300,12,p_0.66_stores_10_nearest_restaurant,factorial_cell,0.66,1.0,1.0,10,nearest_restaurant,False,mean_food_preparation_queue_ticks,merchant,False,10,0.02612540683710802,-0.0019148887417416926,0.05490173378076062,shapiro_wilk,0.3627901620269035,paired_t_test,1.6997208090258,0.12340151293929712,0.5374989142905612,False,,,
300,12,p_0.66_stores_10_nearest_restaurant,factorial_cell,0.66,1.0,1.0,10,nearest_restaurant,False,mean_food_ready_to_handover_ticks,merchant,False,10,0.8654962545202878,-0.10863582173493877,1.7963784229757465,shapiro_wilk,0.263532163574,paired_t_test,1.6816706439882319,0.12692898773811576,0.5317909509244957,False,,,
300,12,p_0.66_stores_10_nearest_restaurant,factorial_cell,0.66,1.0,1.0,10,nearest_restaurant,False,mean_food_post_pickup_delivery_ticks,customer,False,10,0.29675385692401657,-0.4366023695460492,1.2655300630359132,shapiro_wilk,0.02566019979542377,wilcoxon_signed_rank,27.0,1.0,0.20641910237798622,False,,,
300,12,p_0.66_stores_10_nearest_restaurant,factorial_cell,0.66,1.0,1.0,10,nearest_restaurant,False,platform_revenue_per_order,platform,True,10,-2064.669678735,-2241.331451299375,-1924.9454563611503,shapiro_wilk,0.04465901630457849,wilcoxon_signed_rank,0.0,0.001953125,-7.585890228603777,True,primary_metrics_within_condition,0.0078125,True
300,12,p_0.66_stores_10_nearest_restaurant,factorial_cell,0.66,1.0,1.0,10,nearest_restaurant,False,driver_revenue_per_order,driver,False,10,-8761.919,-9303.063,-8274.733000000002,shapiro_wilk,0.44273092197099984,paired_t_test,-31.542271450378408,1.5879387090261377e-10,-9.97454203584985,True,,,
300,12,p_0.66_stores_10_nearest_restaurant,factorial_cell,0.66,1.0,1.0,10,nearest_restaurant,False,merchant_revenue_per_order,merchant,False,10,-5865.626487931666,-6500.162747812841,-5395.840605921367,shapiro_wilk,0.028672993092857767,wilcoxon_signed_rank,0.0,0.001953125,-6.209034115599903,True,,,
300,12,p_0.66_stores_10_nearest_restaurant,factorial_cell,0.66,1.0,1.0,10,nearest_restaurant,False,driver_profit_per_order,driver,False,10,-7451.252333333332,-7918.417399999998,-7037.360091666666,shapiro_wilk,0.46089457331517797,paired_t_test,-31.234436738906535,1.733212454645306e-10,-9.87719615273866,True,,,
300,12,p_0.66_stores_10_nearest_restaurant,factorial_cell,0.66,1.0,1.0,10,nearest_restaurant,False,emission_intensity_per_service_unit,environment,True,10,864.9886680062145,750.6760873759952,1016.1179795619888,shapiro_wilk,0.012917040816496392,wilcoxon_signed_rank,0.0,0.001953125,3.8251353980806133,True,primary_metrics_within_condition,0.0078125,True
300,12,p_0.66_stores_10_nearest_restaurant,factorial_cell,0.66,1.0,1.0,10,nearest_restaurant,False,total_emission_units,environment,False,10,-58980.0,-63867.225,-53624.850000000006,shapiro_wilk,0.20085155224699947,paired_t_test,-21.527440025440313,4.739822656135773e-09,-6.807574267306451,True,,,
300,12,p_0.66_stores_10_nearest_restaurant,factorial_cell,0.66,1.0,1.0,10,nearest_restaurant,False,emission_units_per_order,environment,False,10,-196.60000000000005,-213.151,-178.88000000000002,shapiro_wilk,0.20085155224699786,paired_t_test,-21.52744002544032,4.739822656135749e-09,-6.807574267306453,True,,,
300,12,p_0.66_stores_10_nearest_restaurant,factorial_cell,0.66,1.0,1.0,10,nearest_restaurant,False,emission_units_per_completed_order,environment,False,10,1355.6874920866185,1227.2218397670863,1489.3750724134304,shapiro_wilk,0.5052791230891789,paired_t_test,18.96266311298652,1.451605448667941e-08,5.996520593949625,True,,,
300,12,p_0.66_stores_10_nearest_restaurant,factorial_cell,0.66,1.0,1.0,10,nearest_restaurant,False,driver_utilization,driver,False,10,-0.04866898148148148,-0.056064814814814824,-0.041400173611111105,shapiro_wilk,0.7692588010549888,paired_t_test,-12.265853993978547,6.387428851217578e-07,-3.8788036068045453,True,,,
300,12,p_0.66_stores_10_nearest_restaurant,factorial_cell,0.66,1.0,1.0,10,nearest_restaurant,False,driver_profit_per_driver,driver,False,10,-186281.30833333332,-198082.79437500003,-175956.59541666668,shapiro_wilk,0.4608945733151696,paired_t_test,-31.234436738906524,1.73321245464531e-10,-9.877196152738659,True,,,
300,12,p_0.66_stores_10_nearest_customer,factorial_cell,0.66,1.0,1.0,10,nearest_customer,False,service_units_per_driver_hour,driver,True,10,-0.2579861111111111,-0.2743055555555556,-0.2416666666666666,shapiro_wilk,0.8088312316480905,paired_t_test,-28.773868539843726,3.603099696422433e-10,-9.099096168016956,True,primary_metrics_within_condition,1.4412398785689732e-09,True
300,12,p_0.66_stores_10_nearest_customer,factorial_cell,0.66,1.0,1.0,10,nearest_customer,False,service_units_per_busy_driver_hour,driver,False,10,-0.4529650145424108,-0.48136448910955193,-0.4225840838014136,shapiro_wilk,0.389110116899635,paired_t_test,-28.463549324762052,3.9686263701798803e-10,-9.00096461587958,True,,,
300,12,p_0.66_stores_10_nearest_customer,factorial_cell,0.66,1.0,1.0,10,nearest_customer,False,service_units_per_km,driver,False,10,-0.013355220068611806,-0.014521526711725434,-0.012095747661989165,shapiro_wilk,0.5784646588927567,paired_t_test,-20.444967485102183,7.477211014087947e-09,-6.465266394100753,True,,,
300,12,p_0.66_stores_10_nearest_customer,factorial_cell,0.66,1.0,1.0,10,nearest_customer,False,food_completion_rate,customer,True,10,-0.25533333333333336,-0.269,-0.24166666666666664,shapiro_wilk,0.681739087683138,paired_t_test,-34.241346419469515,7.626527817682295e-11,-10.8280644836375,True,primary_metrics_within_condition,3.8132639088411474e-10,True
300,12,p_0.66_stores_10_nearest_customer,factorial_cell,0.66,1.0,1.0,10,nearest_customer,False,food_cancellation_rate,customer,False,10,0.2576666666666666,0.24299999999999997,0.2726666666666666,shapiro_wilk,0.6340212800253919,paired_t_test,32.4058457700196,1.2476652002973968e-10,10.247628213739498,True,,,
300,12,p_0.66_stores_10_nearest_customer,factorial_cell,0.66,1.0,1.0,10,nearest_customer,False,food_unfinished_rate,customer,False,10,-0.0023333333333333335,-0.004666666666666666,-0.0003333333333333332,shapiro_wilk,0.3283187092385427,paired_t_test,-1.9090909090909096,0.08859039531146623,-0.6037075533048726,False,,,
300,12,p_0.66_stores_10_nearest_customer,factorial_cell,0.66,1.0,1.0,10,nearest_customer,False,mean_food_completion_ticks,customer,True,10,-0.6501710805296745,-1.4102535714699405,0.15486929373647004,shapiro_wilk,0.7394396118652081,paired_t_test,-1.5361147765992842,0.15888520767265646,-0.4857621441494457,False,primary_metrics_within_condition,0.15888520767265646,False
300,12,p_0.66_stores_10_nearest_customer,factorial_cell,0.66,1.0,1.0,10,nearest_customer,False,mean_food_pickup_wait_ticks,driver,False,10,0.17426609191241105,-0.27014868735145603,0.5676177221836078,shapiro_wilk,0.2621381496464935,paired_t_test,0.7801045292868796,0.4553549704591449,0.24669071255600686,False,,,
300,12,p_0.66_stores_10_nearest_customer,factorial_cell,0.66,1.0,1.0,10,nearest_customer,False,mean_food_preparation_queue_ticks,merchant,False,10,0.04678477849356168,0.010414057110577381,0.09803198132477381,shapiro_wilk,0.001591720437724042,wilcoxon_signed_rank,5.0,0.01953125,0.6013539626181997,True,,,
300,12,p_0.66_stores_10_nearest_customer,factorial_cell,0.66,1.0,1.0,10,nearest_customer,False,mean_food_ready_to_handover_ticks,merchant,False,10,0.11116863126821386,-0.6523025527640952,0.9909891227178086,shapiro_wilk,0.3335084976457734,paired_t_test,0.24956194493681957,0.8085287886283034,0.07891841633018758,False,,,
300,12,p_0.66_stores_10_nearest_customer,factorial_cell,0.66,1.0,1.0,10,nearest_customer,False,mean_food_post_pickup_delivery_ticks,customer,False,10,-0.8942051452782597,-1.5939312888513077,-0.25470737738019367,shapiro_wilk,0.9023936766803877,paired_t_test,-2.466674898848756,0.03576484529876276,-0.7800310927527518,True,,,
300,12,p_0.66_stores_10_nearest_customer,factorial_cell,0.66,1.0,1.0,10,nearest_customer,False,platform_revenue_per_order,platform,True,10,-2509.4535827930004,-2682.1880026944505,-2336.5323790952,shapiro_wilk,0.5536407516472228,paired_t_test,-26.630207004245584,7.179470067845715e-10,-8.42121086951853,True,primary_metrics_within_condition,2.1538410203537145e-09,True
300,12,p_0.66_stores_10_nearest_customer,factorial_cell,0.66,1.0,1.0,10,nearest_customer,False,driver_revenue_per_order,driver,False,10,-9889.563,-10421.713999999998,-9338.253,shapiro_wilk,0.03120283299259406,wilcoxon_signed_rank,0.0,0.001953125,-10.625788436471856,True,,,
300,12,p_0.66_stores_10_nearest_customer,factorial_cell,0.66,1.0,1.0,10,nearest_customer,False,merchant_revenue_per_order,merchant,False,10,-7426.751050540333,-8018.313243684,-6810.7790437759995,shapiro_wilk,0.7231488973868682,paired_t_test,-23.168564759376974,2.4730545452242203e-09,-7.326543475674218,True,,,
300,12,p_0.66_stores_10_nearest_customer,factorial_cell,0.66,1.0,1.0,10,nearest_customer,False,driver_profit_per_order,driver,False,10,-8551.029666666665,-9034.156041666667,-8046.944341666666,shapiro_wilk,0.03161040565365837,wilcoxon_signed_rank,0.0,0.001953125,-10.2042108463655,True,,,
300,12,p_0.66_stores_10_nearest_customer,factorial_cell,0.66,1.0,1.0,10,nearest_customer,False,emission_intensity_per_service_unit,environment,True,10,1528.5675014931553,1304.7974153823345,1763.8403056128968,shapiro_wilk,0.7465943477401915,paired_t_test,12.232297875969053,6.538564994546786e-07,3.8681922305702057,True,primary_metrics_within_condition,1.3077129989093571e-06,True
300,12,p_0.66_stores_10_nearest_customer,factorial_cell,0.66,1.0,1.0,10,nearest_customer,False,total_emission_units,environment,False,10,-60234.0,-63228.075,-57440.925,shapiro_wilk,0.5716739322749359,paired_t_test,-38.86116277439777,2.4585082490993093e-11,-12.288978688964512,True,,,
300,12,p_0.66_stores_10_nearest_customer,factorial_cell,0.66,1.0,1.0,10,nearest_customer,False,emission_units_per_order,environment,False,10,-200.78000000000003,-210.45,-191.56975000000006,shapiro_wilk,0.5716739322749261,paired_t_test,-38.86116277439784,2.458508249099273e-11,-12.288978688964532,True,,,
300,12,p_0.66_stores_10_nearest_customer,factorial_cell,0.66,1.0,1.0,10,nearest_customer,False,emission_units_per_completed_order,environment,False,10,1666.9668249458082,1456.104327842878,1889.1338914341297,shapiro_wilk,0.32652553622838676,paired_t_test,14.214120997626077,1.7986105883500714e-07,4.494899728972323,True,,,
300,12,p_0.66_stores_10_nearest_customer,factorial_cell,0.66,1.0,1.0,10,nearest_customer,False,driver_utilization,driver,False,10,-0.052181712962962964,-0.058512731481481485,-0.046099392361111116,shapiro_wilk,0.3858331378309714,paired_t_test,-15.407583468470213,8.935770324056638e-08,-4.872305699952299,True,,,
300,12,p_0.66_stores_10_nearest_customer,factorial_cell,0.66,1.0,1.0,10,nearest_customer,False,driver_profit_per_driver,driver,False,10,-213775.7416666667,-225873.28625000003,-201356.91875,shapiro_wilk,0.03161040565365907,wilcoxon_signed_rank,0.0,0.001953125,-10.204210846365504,True,,,
300,12,p_0.66_stores_15_uniform,factorial_cell,0.66,1.0,1.0,15,uniform,False,service_units_per_driver_hour,driver,True,10,-0.24999999999999994,-0.2635416666666667,-0.23715277777777777,shapiro_wilk,0.5864723265241732,paired_t_test,-34.85685011586674,6.503766899987218e-11,-11.022703842524297,True,primary_metrics_within_condition,2.6015067599948873e-10,True
300,12,p_0.66_stores_15_uniform,factorial_cell,0.66,1.0,1.0,15,uniform,False,service_units_per_busy_driver_hour,driver,False,10,-0.4356745782193217,-0.4611026588612567,-0.4128588081043373,shapiro_wilk,0.6651064057117951,paired_t_test,-33.187031908650354,1.0085447820999588e-10,-10.494660961202017,True,,,
300,12,p_0.66_stores_15_uniform,factorial_cell,0.66,1.0,1.0,15,uniform,False,service_units_per_km,driver,False,10,-0.013121674604314714,-0.014138429460154507,-0.012133439501752828,shapiro_wilk,0.9488846647085901,paired_t_test,-24.271919408899638,1.636795133189987e-09,-7.6754548516170615,True,,,
300,12,p_0.66_stores_15_uniform,factorial_cell,0.66,1.0,1.0,15,uniform,False,food_completion_rate,customer,True,10,-0.24966666666666665,-0.2606666666666667,-0.23933333333333334,shapiro_wilk,0.6861253542958513,paired_t_test,-42.70134892990351,1.0571788827051875e-11,-13.50335217800888,True,primary_metrics_within_condition,5.2858944135259375e-11,True
300,12,p_0.66_stores_15_uniform,factorial_cell,0.66,1.0,1.0,15,uniform,False,food_cancellation_rate,customer,False,10,0.25233333333333335,0.24133333333333332,0.26466666666666666,shapiro_wilk,0.4905938059856644,paired_t_test,40.781786913088695,1.596194856473203e-11,12.896333369700754,True,,,
300,12,p_0.66_stores_15_uniform,factorial_cell,0.66,1.0,1.0,15,uniform,False,food_unfinished_rate,customer,False,10,-0.0026666666666666666,-0.004666666666666666,-0.0010000000000000002,shapiro_wilk,0.0035552893795794223,wilcoxon_signed_rank,0.0,0.03125,-0.8705715001320141,True,,,
300,12,p_0.66_stores_15_uniform,factorial_cell,0.66,1.0,1.0,15,uniform,False,mean_food_completion_ticks,customer,True,10,-0.42693530492412607,-1.2261044722123908,0.43010153994492517,shapiro_wilk,0.4095138247831497,paired_t_test,-0.9616750582458135,0.3613365672391407,-0.3041083553031861,False,primary_metrics_within_condition,0.3613365672391407,False
300,12,p_0.66_stores_15_uniform,factorial_cell,0.66,1.0,1.0,15,uniform,False,mean_food_pickup_wait_ticks,driver,False,10,0.025360791238613966,-0.3761751525232854,0.4071671109586245,shapiro_wilk,0.30933371252773245,paired_t_test,0.11888100518736337,0.9079808188373042,0.03759347469223604,False,,,
300,12,p_0.66_stores_15_uniform,factorial_cell,0.66,1.0,1.0,15,uniform,False,mean_food_preparation_queue_ticks,merchant,False,10,0.035255078449417505,-0.0121917633723149,0.08117037664698881,shapiro_wilk,0.9680417860674527,paired_t_test,1.4151041861949865,0.19069384027511882,0.447495235481516,False,,,
300,12,p_0.66_stores_15_uniform,factorial_cell,0.66,1.0,1.0,15,uniform,False,mean_food_ready_to_handover_ticks,merchant,False,10,-0.12461989725487195,-0.7618409772781838,0.4321984294874439,shapiro_wilk,0.29675642814204234,paired_t_test,-0.3859308206089451,0.7085123240318016,-0.12204204123821179,False,,,
300,12,p_0.66_stores_15_uniform,factorial_cell,0.66,1.0,1.0,15,uniform,False,mean_food_post_pickup_delivery_ticks,customer,False,10,-0.44284297087249624,-1.416323712569682,0.48587727855529905,shapiro_wilk,0.24411170819030603,paired_t_test,-0.8643172996379123,0.4098578795783719,-0.27332112879420295,False,,,
300,12,p_0.66_stores_15_uniform,factorial_cell,0.66,1.0,1.0,15,uniform,False,platform_revenue_per_order,platform,True,10,-2431.068838437,-2569.03955686815,-2287.364642287501,shapiro_wilk,0.9069254882319451,paired_t_test,-31.941591812737432,1.4192446464271084e-10,-10.100818221963678,True,primary_metrics_within_condition,4.2577339392813253e-10,True
300,12,p_0.66_stores_15_uniform,factorial_cell,0.66,1.0,1.0,15,uniform,False,driver_revenue_per_order,driver,False,10,-9533.753,-10045.190775000001,-9027.769674999998,shapiro_wilk,0.5252056354652521,paired_t_test,-34.495569522519524,7.138603551192015e-11,-10.908456887584869,True,,,
300,12,p_0.66_stores_15_uniform,factorial_cell,0.66,1.0,1.0,15,uniform,False,merchant_revenue_per_order,merchant,False,10,-7213.133528229667,-7665.073690671084,-6751.1383515573825,shapiro_wilk,0.8908069313064164,paired_t_test,-29.30006478079038,3.0656575493637556e-10,-9.265494029777974,True,,,
300,12,p_0.66_stores_15_uniform,factorial_cell,0.66,1.0,1.0,15,uniform,False,driver_profit_per_order,driver,False,10,-8320.753,-8792.536016666667,-7856.289975000001,shapiro_wilk,0.9480764996189287,paired_t_test,-32.749017509804176,1.1356346559820874e-10,-10.356148646371684,True,,,
300,12,p_0.66_stores_15_uniform,factorial_cell,0.66,1.0,1.0,15,uniform,False,emission_intensity_per_service_unit,environment,True,10,1463.1133879547301,1296.4146794108105,1630.2949141591162,shapiro_wilk,0.7039733770250891,paired_t_test,16.26683758575846,5.56807821593148e-08,5.144025709903132,True,primary_metrics_within_condition,1.113615643186296e-07,True
300,12,p_0.66_stores_15_uniform,factorial_cell,0.66,1.0,1.0,15,uniform,False,total_emission_units,environment,False,10,-54585.0,-58212.075,-50657.925,shapiro_wilk,0.34883265603667135,paired_t_test,-26.798581291937047,6.787909007411756e-10,-8.474455494369879,True,,,
300,12,p_0.66_stores_15_uniform,factorial_cell,0.66,1.0,1.0,15,uniform,False,emission_units_per_order,environment,False,10,-181.95000000000002,-194.03025000000005,-168.81,shapiro_wilk,0.3488326560366742,paired_t_test,-26.798581291937037,6.787909007411789e-10,-8.474455494369876,True,,,
300,12,p_0.66_stores_15_uniform,factorial_cell,0.66,1.0,1.0,15,uniform,False,emission_units_per_completed_order,environment,False,10,1633.4929925539477,1485.0773732293774,1777.7432266722483,shapiro_wilk,0.45260537762606856,paired_t_test,20.678972429806773,6.762387259209128e-09,6.539265255001579,True,,,
300,12,p_0.66_stores_15_uniform,factorial_cell,0.66,1.0,1.0,15,uniform,False,driver_utilization,driver,False,10,-0.05178819444444445,-0.058426215277777804,-0.04560170717592593,shapiro_wilk,0.68222230041564,paired_t_test,-15.184651141200316,1.0143314500887703e-07,-4.801808308126804,True,,,
300,12,p_0.66_stores_15_uniform,factorial_cell,0.66,1.0,1.0,15,uniform,False,driver_profit_per_driver,driver,False,10,-208018.825,-219537.45354166665,-196008.29291666666,shapiro_wilk,0.9480764996189289,paired_t_test,-32.74901750980417,1.1356346559820874e-10,-10.35614864637168,True,,,
300,12,p_0.66_stores_15_nearest_restaurant,factorial_cell,0.66,1.0,1.0,15,nearest_restaurant,False,service_units_per_driver_hour,driver,True,10,-0.15833333333333335,-0.184375,-0.13229166666666667,shapiro_wilk,0.9617999856950478,paired_t_test,-11.266225412778958,1.3155134671351147e-06,-3.562693293725218,True,primary_metrics_within_condition,5.262053868540459e-06,True
300,12,p_0.66_stores_15_nearest_restaurant,factorial_cell,0.66,1.0,1.0,15,nearest_restaurant,False,service_units_per_busy_driver_hour,driver,False,10,-0.25624403300282605,-0.3055221274508613,-0.21090422896915162,shapiro_wilk,0.8110913991842303,paired_t_test,-10.063937036557911,3.393276285604555e-06,-3.182496326404825,True,,,
300,12,p_0.66_stores_15_nearest_restaurant,factorial_cell,0.66,1.0,1.0,15,nearest_restaurant,False,service_units_per_km,driver,False,10,-0.0058161984345097405,-0.0075986616532840515,-0.00419697320546311,shapiro_wilk,0.3744818896256519,paired_t_test,-6.333225224624677,0.00013553787325519404,-2.002741664464548,True,,,
300,12,p_0.66_stores_15_nearest_restaurant,factorial_cell,0.66,1.0,1.0,15,nearest_restaurant,False,food_completion_rate,customer,True,10,-0.20566666666666666,-0.22200000000000003,-0.18833333333333335,shapiro_wilk,0.9063580015812577,paired_t_test,-22.64569651662201,3.0275157886966164e-09,-7.161198019346666,True,primary_metrics_within_condition,1.513757894348308e-08,True
300,12,p_0.66_stores_15_nearest_restaurant,factorial_cell,0.66,1.0,1.0,15,nearest_restaurant,False,food_cancellation_rate,customer,False,10,0.20733333333333331,0.18966666666666665,0.22434166666666658,shapiro_wilk,0.6774191627124431,paired_t_test,21.668396744469288,4.473955540505129e-09,6.852148695670047,True,,,
300,12,p_0.66_stores_15_nearest_restaurant,factorial_cell,0.66,1.0,1.0,15,nearest_restaurant,False,food_unfinished_rate,customer,False,10,-0.0016666666666666666,-0.003999999999999999,0.0003333333333333332,shapiro_wilk,0.03841464402596156,wilcoxon_signed_rank,2.0,0.1875,-0.46291004988627577,False,,,
300,12,p_0.66_stores_15_nearest_restaurant,factorial_cell,0.66,1.0,1.0,15,nearest_restaurant,False,mean_food_completion_ticks,customer,True,10,2.3526249419032994,1.4968675699477132,3.197325072405769,shapiro_wilk,0.9916449521316211,paired_t_test,5.183005607518107,0.0005770232041070288,1.639010284518195,True,primary_metrics_within_condition,0.0007753535425565108,True
300,12,p_0.66_stores_15_nearest_restaurant,factorial_cell,0.66,1.0,1.0,15,nearest_restaurant,False,mean_food_pickup_wait_ticks,driver,False,10,0.02446942195341608,-0.16295773534389746,0.20933946930577854,shapiro_wilk,0.5150643824299989,paired_t_test,0.23981441737317163,0.8158468438539302,0.07583597746454764,False,,,
300,12,p_0.66_stores_15_nearest_restaurant,factorial_cell,0.66,1.0,1.0,15,nearest_restaurant,False,mean_food_preparation_queue_ticks,merchant,False,10,0.05191788437221758,0.018817210986659446,0.08667887739145397,shapiro_wilk,0.5280261093855707,paired_t_test,2.8070220445554868,0.02047640580681933,0.8876583103097986,True,,,
300,12,p_0.66_stores_15_nearest_restaurant,factorial_cell,0.66,1.0,1.0,15,nearest_restaurant,False,mean_food_ready_to_handover_ticks,merchant,False,10,1.4492637727492297,0.8062711577138967,2.192712597214855,shapiro_wilk,0.42074487087487683,paired_t_test,3.8323050041009825,0.004013529744207353,1.2118812501420027,True,,,
300,12,p_0.66_stores_15_nearest_restaurant,factorial_cell,0.66,1.0,1.0,15,nearest_restaurant,False,mean_food_post_pickup_delivery_ticks,customer,False,10,0.739615351213385,-0.361909627858952,1.8983712751338775,shapiro_wilk,0.8405265529528145,paired_t_test,1.2243959575479113,0.25188478251470187,0.3871879983754231,False,,,
300,12,p_0.66_stores_15_nearest_restaurant,factorial_cell,0.66,1.0,1.0,15,nearest_restaurant,False,platform_revenue_per_order,platform,True,10,-1540.955064042,-1797.693565289,-1267.2213692332502,shapiro_wilk,0.5915365615958229,paired_t_test,-10.845261747770227,1.8140382799943436e-06,-3.429572894365246,True,primary_metrics_within_condition,5.442114839983031e-06,True
300,12,p_0.66_stores_15_nearest_restaurant,factorial_cell,0.66,1.0,1.0,15,nearest_restaurant,False,driver_revenue_per_order,driver,False,10,-7285.111999999999,-7905.237999999999,-6567.978900000002,shapiro_wilk,0.191955684512421,paired_t_test,-20.223924326507092,8.230106478478437e-09,-6.3953664098649226,True,,,
300,12,p_0.66_stores_15_nearest_restaurant,factorial_cell,0.66,1.0,1.0,15,nearest_restaurant,False,merchant_revenue_per_order,merchant,False,10,-4085.8238026246663,-5010.946932977217,-3122.8454116776084,shapiro_wilk,0.8051708633493115,paired_t_test,-7.936516240928525,2.3588223535266342e-05,-2.5097468008251806,True,,,
300,12,p_0.66_stores_15_nearest_restaurant,factorial_cell,0.66,1.0,1.0,15,nearest_restaurant,False,driver_profit_per_order,driver,False,10,-6167.445333333333,-6701.806541666668,-5564.4391,shapiro_wilk,0.28792584625941586,paired_t_test,-19.822255312353594,9.823154374405418e-09,-6.2683475148409755,True,,,
300,12,p_0.66_stores_15_nearest_restaurant,factorial_cell,0.66,1.0,1.0,15,nearest_restaurant,False,emission_intensity_per_service_unit,environment,True,10,474.6047975547352,322.26190581925175,645.0092109399669,shapiro_wilk,0.3478559842214137,paired_t_test,5.484933329700689,0.0003876767712782554,1.734488213602545,True,primary_metrics_within_condition,0.0007753535425565108,True
300,12,p_0.66_stores_15_nearest_restaurant,factorial_cell,0.66,1.0,1.0,15,nearest_restaurant,False,total_emission_units,environment,False,10,-50295.0,-55512.0,-44813.925,shapiro_wilk,0.8392889808780521,paired_t_test,-17.565741407924737,2.843031102752997e-08,-5.554775163857506,True,,,
300,12,p_0.66_stores_15_nearest_restaurant,factorial_cell,0.66,1.0,1.0,15,nearest_restaurant,False,emission_units_per_order,environment,False,10,-167.65,-184.64025,-149.61,shapiro_wilk,0.8392889808780488,paired_t_test,-17.565741407924733,2.843031102753005e-08,-5.554775163857504,True,,,
300,12,p_0.66_stores_15_nearest_restaurant,factorial_cell,0.66,1.0,1.0,15,nearest_restaurant,False,emission_units_per_completed_order,environment,False,10,1016.7517951111902,894.6545115414541,1144.1856475628897,shapiro_wilk,0.560327563854479,paired_t_test,14.9249252992492,1.1783406415412564e-07,4.719675785349761,True,,,
300,12,p_0.66_stores_15_nearest_restaurant,factorial_cell,0.66,1.0,1.0,15,nearest_restaurant,False,driver_utilization,driver,False,10,-0.04034722222222223,-0.04777228009259261,-0.03222207754629631,shapiro_wilk,0.6855667782650352,paired_t_test,-9.698127944044218,4.6154694286321514e-06,-3.0668173342905725,True,,,
300,12,p_0.66_stores_15_nearest_restaurant,factorial_cell,0.66,1.0,1.0,15,nearest_restaurant,False,driver_profit_per_driver,driver,False,10,-154186.13333333333,-167655.36520833336,-139020.17979166665,shapiro_wilk,0.28792584625941786,paired_t_test,-19.822255312353594,9.823154374405418e-09,-6.2683475148409755,True,,,
300,12,p_0.66_stores_15_nearest_customer,factorial_cell,0.66,1.0,1.0,15,nearest_customer,False,service_units_per_driver_hour,driver,True,10,-0.2513888888888889,-0.2659722222222222,-0.23784722222222224,shapiro_wilk,0.5972087459779609,paired_t_test,-33.107294314138294,1.0304531253822976e-10,-10.469445719821913,True,primary_metrics_within_condition,4.12181250152919e-10,True
300,12,p_0.66_stores_15_nearest_customer,factorial_cell,0.66,1.0,1.0,15,nearest_customer,False,service_units_per_busy_driver_hour,driver,False,10,-0.44133019602451107,-0.4684961872549378,-0.4170135062443679,shapiro_wilk,0.47970523945277016,paired_t_test,-31.888746212577715,1.440382141398971e-10,-10.084106975881353,True,,,
300,12,p_0.66_stores_15_nearest_customer,factorial_cell,0.66,1.0,1.0,15,nearest_customer,False,service_units_per_km,driver,False,10,-0.013099472597031767,-0.014012211057008006,-0.012235003452428006,shapiro_wilk,0.7728605004739937,paired_t_test,-27.330054800927705,5.699345492443698e-10,-8.642522174815126,True,,,
300,12,p_0.66_stores_15_nearest_customer,factorial_cell,0.66,1.0,1.0,15,nearest_customer,False,food_completion_rate,customer,True,10,-0.24900000000000003,-0.2606666666666667,-0.23866666666666667,shapiro_wilk,0.3209692894648157,paired_t_test,-41.464466129283686,1.3756558522350695e-11,-13.112215493144221,True,primary_metrics_within_condition,6.878279261175347e-11,True
300,12,p_0.66_stores_15_nearest_customer,factorial_cell,0.66,1.0,1.0,15,nearest_customer,False,food_cancellation_rate,customer,False,10,0.251,0.24066666666666667,0.2626666666666667,shapiro_wilk,0.35991854432355663,paired_t_test,42.23352217098159,1.1668437809637268e-11,13.355412367152104,True,,,
300,12,p_0.66_stores_15_nearest_customer,factorial_cell,0.66,1.0,1.0,15,nearest_customer,False,food_unfinished_rate,customer,False,10,-0.002,-0.004333333333333332,-8.673617379884036e-20,shapiro_wilk,0.08975149057437558,paired_t_test,-1.7650452162436565,0.11137324638262762,-0.5581563056514381,False,,,
300,12,p_0.66_stores_15_nearest_customer,factorial_cell,0.66,1.0,1.0,15,nearest_customer,False,mean_food_completion_ticks,customer,True,10,-0.43183280859508744,-1.8426359718997989,0.8893016758490377,shapiro_wilk,0.23720760508987665,paired_t_test,-0.5811216100598319,0.5754205288114366,-0.18376678853332865,False,primary_metrics_within_condition,0.5754205288114366,False
300,12,p_0.66_stores_15_nearest_customer,factorial_cell,0.66,1.0,1.0,15,nearest_customer,False,mean_food_pickup_wait_ticks,driver,False,10,0.22273993479548837,-0.09535087260464543,0.5445793088520622,shapiro_wilk,0.74816108725915,paired_t_test,1.276273220243811,0.2338080235633328,0.4035930292648161,False,,,
300,12,p_0.66_stores_15_nearest_customer,factorial_cell,0.66,1.0,1.0,15,nearest_customer,False,mean_food_preparation_queue_ticks,merchant,False,10,0.054894473000980125,0.020471209587513924,0.09168899837639252,shapiro_wilk,0.12967211256782102,paired_t_test,2.874132315817185,0.018352670205107707,0.9088804414676694,True,,,
300,12,p_0.66_stores_15_nearest_customer,factorial_cell,0.66,1.0,1.0,15,nearest_customer,False,mean_food_ready_to_handover_ticks,merchant,False,10,-0.03787368942932199,-0.772372619118625,0.6996984036933679,shapiro_wilk,0.800596637138039,paired_t_test,-0.0954209544212762,0.9260713145987401,-0.030174755247834684,False,,,
300,12,p_0.66_stores_15_nearest_customer,factorial_cell,0.66,1.0,1.0,15,nearest_customer,False,mean_food_post_pickup_delivery_ticks,customer,False,10,-0.6779992899059231,-1.7915079357701529,0.442732511033483,shapiro_wilk,0.8970459525202326,paired_t_test,-1.1246617495846867,0.2898315330057774,-0.35564927259575385,False,,,
300,12,p_0.66_stores_15_nearest_customer,factorial_cell,0.66,1.0,1.0,15,nearest_customer,False,platform_revenue_per_order,platform,True,10,-2448.5584923130004,-2602.68630344725,-2310.255454194375,shapiro_wilk,0.5989296455321524,paired_t_test,-30.904902159448593,1.9052868051892488e-10,-9.772988168851379,True,primary_metrics_within_condition,5.715860415567746e-10,True
300,12,p_0.66_stores_15_nearest_customer,factorial_cell,0.66,1.0,1.0,15,nearest_customer,False,driver_revenue_per_order,driver,False,10,-9591.621,-10168.737,-9079.02,shapiro_wilk,0.17439976033354304,paired_t_test,-33.17259324636193,1.0124732344159207e-10,-10.490095055282278,True,,,
300,12,p_0.66_stores_15_nearest_customer,factorial_cell,0.66,1.0,1.0,15,nearest_customer,False,merchant_revenue_per_order,merchant,False,10,-7269.2234743536665,-7757.469236660516,-6815.567224727075,shapiro_wilk,0.9216611956595248,paired_t_test,-28.73182091690157,3.650364643470213e-10,-9.08579954214764,True,,,
300,12,p_0.66_stores_15_nearest_customer,factorial_cell,0.66,1.0,1.0,15,nearest_customer,False,driver_profit_per_order,driver,False,10,-8340.221,-8807.20735,-7897.597316666667,shapiro_wilk,0.1290019643575066,paired_t_test,-33.685921148574565,8.826703414940592e-11,-10.65242359103309,True,,,
300,12,p_0.66_stores_15_nearest_customer,factorial_cell,0.66,1.0,1.0,15,nearest_customer,False,emission_intensity_per_service_unit,environment,True,10,1447.5508989831164,1328.530593526911,1570.5925596793315,shapiro_wilk,0.926257442345229,paired_t_test,21.94917896461236,3.99225286875243e-09,6.940939829883139,True,primary_metrics_within_condition,7.98450573750486e-09,True
300,12,p_0.66_stores_15_nearest_customer,factorial_cell,0.66,1.0,1.0,15,nearest_customer,False,total_emission_units,environment,False,10,-56313.0,-60615.0,-51309.0,shapiro_wilk,0.382946421113435,paired_t_test,-22.697503418595858,2.9668426388187483e-09,-7.177580800222111,True,,,
300,12,p_0.66_stores_15_nearest_customer,factorial_cell,0.66,1.0,1.0,15,nearest_customer,False,emission_units_per_order,environment,False,10,-187.71000000000004,-202.47050000000002,-170.94925000000006,shapiro_wilk,0.3829464211134394,paired_t_test,-22.697503418595854,2.9668426388187553e-09,-7.17758080022211,True,,,
300,12,p_0.66_stores_15_nearest_customer,factorial_cell,0.66,1.0,1.0,15,nearest_customer,False,emission_units_per_completed_order,environment,False,10,1578.613947373099,1497.9209982275343,1657.9186866970902,shapiro_wilk,0.670190917934718,paired_t_test,36.12235407013392,4.727956094953692e-11,11.422891330867685,True,,,
300,12,p_0.66_stores_15_nearest_customer,factorial_cell,0.66,1.0,1.0,15,nearest_customer,False,driver_utilization,driver,False,10,-0.04879050925925926,-0.05453703703703704,-0.042650318287037026,shapiro_wilk,0.6611284225700638,paired_t_test,-15.17063649065723,1.0225053890488168e-07,-4.797376486494058,True,,,
300,12,p_0.66_stores_15_nearest_customer,factorial_cell,0.66,1.0,1.0,15,nearest_customer,False,driver_profit_per_driver,driver,False,10,-208505.52500000002,-220333.48333333334,-197304.4375,shapiro_wilk,0.1290019643575066,paired_t_test,-33.68592114857457,8.826703414940592e-11,-10.652423591033092,True,,,
300,12,p_0.66_stores_20_uniform,factorial_cell,0.66,1.0,1.0,20,uniform,False,service_units_per_driver_hour,driver,True,10,-0.253125,-0.271875,-0.2347222222222222,shapiro_wilk,0.7702115966743831,paired_t_test,-25.305653278066064,1.1300942549023784e-09,-8.002350203719503,True,primary_metrics_within_condition,3.3902827647071353e-09,True
300,12,p_0.66_stores_20_uniform,factorial_cell,0.66,1.0,1.0,20,uniform,False,service_units_per_busy_driver_hour,driver,False,10,-0.44316409249646027,-0.4777337354086335,-0.4100385419453087,shapiro_wilk,0.7410530809591853,paired_t_test,-24.109385987755843,1.7373781932400099e-09,-7.624057270945686,True,,,
300,12,p_0.66_stores_20_uniform,factorial_cell,0.66,1.0,1.0,20,uniform,False,service_units_per_km,driver,False,10,-0.013592661479745463,-0.014848110799466858,-0.012306469677120353,shapiro_wilk,0.7416947570844237,paired_t_test,-20.221163035692967,8.240028433705888e-09,-6.394493213039449,True,,,
300,12,p_0.66_stores_20_uniform,factorial_cell,0.66,1.0,1.0,20,uniform,False,food_completion_rate,customer,True,10,-0.2536666666666667,-0.27066666666666667,-0.23633333333333337,shapiro_wilk,0.4836870890997398,paired_t_test,-27.269544360888215,5.812923158787255e-10,-8.62338709354074,True,primary_metrics_within_condition,2.9064615793936273e-09,True
300,12,p_0.66_stores_20_uniform,factorial_cell,0.66,1.0,1.0,20,uniform,False,food_cancellation_rate,customer,False,10,0.25533333333333336,0.2376666666666667,0.27266666666666667,shapiro_wilk,0.6715828774882244,paired_t_test,26.778924723422865,6.832375583357248e-10,8.468239541621081,True,,,
300,12,p_0.66_stores_20_uniform,factorial_cell,0.66,1.0,1.0,20,uniform,False,food_unfinished_rate,customer,False,10,-0.0016666666666666666,-0.0036666666666666666,0.0,shapiro_wilk,0.09469578835418226,paired_t_test,-1.6269784336399213,0.1381847553511833,-0.5144957554275266,False,,,
300,12,p_0.66_stores_20_uniform,factorial_cell,0.66,1.0,1.0,20,uniform,False,mean_food_completion_ticks,customer,True,10,0.2706063071076336,-0.6146337650421909,1.1995783258635335,shapiro_wilk,0.7533349021597824,paired_t_test,0.5449984200348679,0.598997903121899,0.17234363285033255,False,primary_metrics_within_condition,0.598997903121899,False
300,12,p_0.66_stores_20_uniform,factorial_cell,0.66,1.0,1.0,20,uniform,False,mean_food_pickup_wait_ticks,driver,False,10,0.09287259884904231,-0.30016291027989916,0.46574596631810405,shapiro_wilk,0.424154834877958,paired_t_test,0.4484559459360352,0.6644261136005704,0.14181422194032026,False,,,
300,12,p_0.66_stores_20_uniform,factorial_cell,0.66,1.0,1.0,20,uniform,False,mean_food_preparation_queue_ticks,merchant,False,10,0.0036068026905494155,-0.02008420985686814,0.029564362939851693,shapiro_wilk,0.8581979068199754,paired_t_test,0.27101537676977455,0.7924924942716824,0.08570258715211745,False,,,
300,12,p_0.66_stores_20_uniform,factorial_cell,0.66,1.0,1.0,20,uniform,False,mean_food_ready_to_handover_ticks,merchant,False,10,0.28358236302019896,-0.6716671806232888,1.1543867238009538,shapiro_wilk,0.40161727205830405,paired_t_test,0.5838768507063482,0.573643477700863,0.1846380721278153,False,,,
300,12,p_0.66_stores_20_uniform,factorial_cell,0.66,1.0,1.0,20,uniform,False,mean_food_post_pickup_delivery_ticks,customer,False,10,-0.2942690291300213,-1.2635285289682343,0.6827584961474743,shapiro_wilk,0.2913053401991994,paired_t_test,-0.5633898457084776,0.5869296169696965,-0.1781595123049629,False,,,
300,12,p_0.66_stores_20_uniform,factorial_cell,0.66,1.0,1.0,20,uniform,False,platform_revenue_per_order,platform,True,10,-2465.711105906,-2637.8814867969754,-2302.20553022315,shapiro_wilk,0.06084417542783921,paired_t_test,-26.88216057621901,6.602391205077337e-10,-8.500885584723651,True,primary_metrics_within_condition,2.9064615793936273e-09,True
300,12,p_0.66_stores_20_uniform,factorial_cell,0.66,1.0,1.0,20,uniform,False,driver_revenue_per_order,driver,False,10,-9634.24,-10225.822999999999,-9046.938450000001,shapiro_wilk,0.4313000465717525,paired_t_test,-30.32586354867857,2.2555308008134446e-10,-9.589880082530081,True,,,
300,12,p_0.66_stores_20_uniform,factorial_cell,0.66,1.0,1.0,20,uniform,False,merchant_revenue_per_order,merchant,False,10,-7329.766160760666,-7896.5067195632,-6809.188834037474,shapiro_wilk,0.22854356860336333,paired_t_test,-24.599770367085764,1.4529813984780248e-09,-7.779130427710739,True,,,
300,12,p_0.66_stores_20_uniform,factorial_cell,0.66,1.0,1.0,20,uniform,False,driver_profit_per_order,driver,False,10,-8468.706666666669,-8975.952375,-7949.145666666666,shapiro_wilk,0.7373430085888459,paired_t_test,-30.32675579477395,2.2549388907721522e-10,-9.59016223551956,True,,,
300,12,p_0.66_stores_20_uniform,factorial_cell,0.66,1.0,1.0,20,uniform,False,emission_intensity_per_service_unit,environment,True,10,1546.4865327869989,1378.5431412818778,1710.1151739100217,shapiro_wilk,0.787979463751588,paired_t_test,17.23586383565572,3.3568882342954664e-08,5.450458716119816,True,primary_metrics_within_condition,6.713776468590933e-08,True
300,12,p_0.66_stores_20_uniform,factorial_cell,0.66,1.0,1.0,20,uniform,False,total_emission_units,environment,False,10,-52449.0,-57699.075,-46841.700000000004,shapiro_wilk,0.3434243765498469,paired_t_test,-17.703219871282755,2.6551503179781054e-08,-5.598249671200638,True,,,
300,12,p_0.66_stores_20_uniform,factorial_cell,0.66,1.0,1.0,20,uniform,False,emission_units_per_order,environment,False,10,-174.83,-192.4205,-155.82975000000002,shapiro_wilk,0.3434243765498441,paired_t_test,-17.703219871282755,2.6551503179781054e-08,-5.598249671200639,True,,,
300,12,p_0.66_stores_20_uniform,factorial_cell,0.66,1.0,1.0,20,uniform,False,emission_units_per_completed_order,environment,False,10,1752.6637987760303,1564.4160132522377,1935.37159916487,shapiro_wilk,0.6111406051033412,paired_t_test,17.531744925502906,2.8917326903748415e-08,5.544024532168818,True,,,
300,12,p_0.66_stores_20_uniform,factorial_cell,0.66,1.0,1.0,20,uniform,False,driver_utilization,driver,False,10,-0.05112847222222222,-0.05799782986111111,-0.04380208333333334,shapiro_wilk,0.5571142511248741,paired_t_test,-13.31740572918446,3.155861325657221e-07,-4.21133346287984,True,,,
300,12,p_0.66_stores_20_uniform,factorial_cell,0.66,1.0,1.0,20,uniform,False,driver_profit_per_driver,driver,False,10,-211717.6666666667,-224377.9508333333,-198724.19395833334,shapiro_wilk,0.7373430085888435,paired_t_test,-30.326755794773952,2.2549388907721522e-10,-9.59016223551956,True,,,
300,12,p_0.66_stores_20_nearest_restaurant,factorial_cell,0.66,1.0,1.0,20,nearest_restaurant,False,service_units_per_driver_hour,driver,True,10,-0.15555555555555556,-0.17535590277777782,-0.1361111111111111,shapiro_wilk,0.47944837967199827,paired_t_test,-14.429108431378609,1.5794485517748168e-07,-4.562884724869577,True,primary_metrics_within_condition,6.317794207099267e-07,True
300,12,p_0.66_stores_20_nearest_restaurant,factorial_cell,0.66,1.0,1.0,20,nearest_restaurant,False,service_units_per_busy_driver_hour,driver,False,10,-0.24601544874388784,-0.28274803720934893,-0.21177755579389085,shapiro_wilk,0.8278715896780593,paired_t_test,-12.786877467669482,4.474616717241665e-07,-4.043565695932163,True,,,
300,12,p_0.66_stores_20_nearest_restaurant,factorial_cell,0.66,1.0,1.0,20,nearest_restaurant,False,service_units_per_km,driver,False,10,-0.005505932425642833,-0.006741810363400269,-0.004326727915983425,shapiro_wilk,0.9992325834542305,paired_t_test,-8.409528338223222,1.482230932116647e-05,-2.6593263596516206,True,,,
300,12,p_0.66_stores_20_nearest_restaurant,factorial_cell,0.66,1.0,1.0,20,nearest_restaurant,False,food_completion_rate,customer,True,10,-0.20766666666666672,-0.22166666666666668,-0.19433333333333336,shapiro_wilk,0.19911038029272332,paired_t_test,-27.982930237327118,4.6187743445002163e-10,-8.848979515554978,True,primary_metrics_within_condition,2.3093871722501083e-09,True
300,12,p_0.66_stores_20_nearest_restaurant,factorial_cell,0.66,1.0,1.0,20,nearest_restaurant,False,food_cancellation_rate,customer,False,10,0.2093333333333333,0.19566666666666663,0.22400000000000003,shapiro_wilk,0.23504284021786592,paired_t_test,26.707959722528248,6.995621947595377e-10,8.445798437922795,True,,,
300,12,p_0.66_stores_20_nearest_restaurant,factorial_cell,0.66,1.0,1.0,20,nearest_restaurant,False,food_unfinished_rate,customer,False,10,-0.0016666666666666666,-0.003999999999999999,0.0003333333333333332,shapiro_wilk,0.03841464402596156,wilcoxon_signed_rank,2.5,0.25,-0.46291004988627577,False,,,
300,12,p_0.66_stores_20_nearest_restaurant,factorial_cell,0.66,1.0,1.0,20,nearest_restaurant,False,mean_food_completion_ticks,customer,True,10,0.3210594652881397,-0.4025005305339846,0.9071388234286379,shapiro_wilk,0.02100168340778674,wilcoxon_signed_rank,16.0,0.275390625,0.28665106237947513,False,primary_metrics_within_condition,0.275390625,False
300,12,p_0.66_stores_20_nearest_restaurant,factorial_cell,0.66,1.0,1.0,20,nearest_restaurant,False,mean_food_pickup_wait_ticks,driver,False,10,0.10273546034617842,-0.12354569902907785,0.3348439572794726,shapiro_wilk,0.8646426115002048,paired_t_test,0.8239626832436487,0.4312538310637222,0.26055987860337854,False,,,
300,12,p_0.66_stores_20_nearest_restaurant,factorial_cell,0.66,1.0,1.0,20,nearest_restaurant,False,mean_food_preparation_queue_ticks,merchant,False,10,0.043645089534205345,0.016003967760022574,0.07261331470299952,shapiro_wilk,0.42776845177607753,paired_t_test,2.8535407558133423,0.018979261727560235,0.9023688184488525,True,,,
300,12,p_0.66_stores_20_nearest_restaurant,factorial_cell,0.66,1.0,1.0,20,nearest_restaurant,False,mean_food_ready_to_handover_ticks,merchant,False,10,1.053575660598217,0.4903007330629502,1.5939432169490892,shapiro_wilk,0.33249789694967247,paired_t_test,3.4642458677519152,0.007113010818264919,1.0954907316922504,True,,,
300,12,p_0.66_stores_20_nearest_restaurant,factorial_cell,0.66,1.0,1.0,20,nearest_restaurant,False,mean_food_post_pickup_delivery_ticks,customer,False,10,-0.7917381662519862,-1.6772553639581098,-0.04222012721143752,shapiro_wilk,0.12486343793196525,paired_t_test,-1.7762613830935692,0.1094201453720449,-0.5617031690376582,False,,,
300,12,p_0.66_stores_20_nearest_restaurant,factorial_cell,0.66,1.0,1.0,20,nearest_restaurant,False,platform_revenue_per_order,platform,True,10,-1561.5924996240003,-1765.6343394364253,-1363.3724367108998,shapiro_wilk,0.9128461051833198,paired_t_test,-14.343669259365743,1.6627947338534774e-07,-4.535866486373622,True,primary_metrics_within_condition,6.317794207099267e-07,True
300,12,p_0.66_stores_20_nearest_restaurant,factorial_cell,0.66,1.0,1.0,20,nearest_restaurant,False,driver_revenue_per_order,driver,False,10,-7790.284,-8266.521999999999,-7297.233,shapiro_wilk,0.8081182461343792,paired_t_test,-29.86337213663281,2.586903896980169e-10,-9.443627456496879,True,,,
300,12,p_0.66_stores_20_nearest_restaurant,factorial_cell,0.66,1.0,1.0,20,nearest_restaurant,False,merchant_revenue_per_order,merchant,False,10,-3980.959233709333,-4722.743903217891,-3249.1287984666083,shapiro_wilk,0.9292679268060391,paired_t_test,-9.845607319652759,4.072395575506268e-06,-3.1134544077728195,True,,,
300,12,p_0.66_stores_20_nearest_restaurant,factorial_cell,0.66,1.0,1.0,20,nearest_restaurant,False,driver_profit_per_order,driver,False,10,-6660.017333333332,-7067.606,-6243.343733333332,shapiro_wilk,0.8213082989686514,paired_t_test,-29.728194113178127,2.6937131629194764e-10,-9.40088041212523,True,,,
300,12,p_0.66_stores_20_nearest_restaurant,factorial_cell,0.66,1.0,1.0,20,nearest_restaurant,False,emission_intensity_per_service_unit,environment,True,10,433.2449959033872,329.1461055086641,537.5071088975193,shapiro_wilk,0.788195339845227,paired_t_test,7.7248071540841305,2.9245046937855816e-05,2.4427985092469124,True,primary_metrics_within_condition,5.849009387571163e-05,True
300,12,p_0.66_stores_20_nearest_restaurant,factorial_cell,0.66,1.0,1.0,20,nearest_restaurant,False,total_emission_units,environment,False,10,-50862.0,-55758.15,-45728.850000000006,shapiro_wilk,0.8621847840228376,paired_t_test,-18.920591908746687,1.4802562024221206e-08,-5.983216511019223,True,,,
300,12,p_0.66_stores_20_nearest_restaurant,factorial_cell,0.66,1.0,1.0,20,nearest_restaurant,False,emission_units_per_order,environment,False,10,-169.54000000000002,-185.65025000000003,-152.95999999999998,shapiro_wilk,0.8621847840228354,paired_t_test,-18.920591908746683,1.4802562024221206e-08,-5.983216511019224,True,,,
300,12,p_0.66_stores_20_nearest_restaurant,factorial_cell,0.66,1.0,1.0,20,nearest_restaurant,False,emission_units_per_completed_order,environment,False,10,1030.9572078339547,923.3791617920267,1139.2769877721341,shapiro_wilk,0.5131585214452907,paired_t_test,17.780481163125405,2.5556313181525147e-08,5.6226818369196145,True,,,
300,12,p_0.66_stores_20_nearest_restaurant,factorial_cell,0.66,1.0,1.0,20,nearest_restaurant,False,driver_utilization,driver,False,10,-0.04348958333333334,-0.04975708912037037,-0.03758087384259261,shapiro_wilk,0.7150935145857384,paired_t_test,-13.216601307954667,3.36900906398481e-07,-4.1794563059497225,True,,,
300,12,p_0.66_stores_20_nearest_restaurant,factorial_cell,0.66,1.0,1.0,20,nearest_restaurant,False,driver_profit_per_driver,driver,False,10,-166500.43333333335,-176975.88437500002,-156156.475,shapiro_wilk,0.8213082989686509,paired_t_test,-29.72819411317813,2.6937131629194764e-10,-9.40088041212523,True,,,
300,12,p_0.66_stores_20_nearest_customer,factorial_cell,0.66,1.0,1.0,20,nearest_customer,False,service_units_per_driver_hour,driver,True,10,-0.2597222222222222,-0.2746527777777778,-0.24305555555555552,shapiro_wilk,0.14104280684030557,paired_t_test,-30.32432432432431,2.2565523173447038e-10,-9.589393337051133,True,primary_metrics_within_condition,6.769656952034111e-10,True
300,12,p_0.66_stores_20_nearest_customer,factorial_cell,0.66,1.0,1.0,20,nearest_customer,False,service_units_per_busy_driver_hour,driver,False,10,-0.4563543410184196,-0.48594446821181186,-0.4229944583221501,shapiro_wilk,0.036975680953811416,wilcoxon_signed_rank,0.0,0.001953125,-8.665238297362572,True,,,
300,12,p_0.66_stores_20_nearest_customer,factorial_cell,0.66,1.0,1.0,20,nearest_customer,False,service_units_per_km,driver,False,10,-0.01384859308905174,-0.01485040635667548,-0.012739691335643032,shapiro_wilk,0.0657243474940867,paired_t_test,-24.117956302848885,1.7319064669592138e-09,-7.626767442541619,True,,,
300,12,p_0.66_stores_20_nearest_customer,factorial_cell,0.66,1.0,1.0,20,nearest_customer,False,food_completion_rate,customer,True,10,-0.257,-0.2693333333333333,-0.24366666666666664,shapiro_wilk,0.20352318997167795,paired_t_test,-37.47745975247731,3.400877774623347e-11,-11.851413373511857,True,primary_metrics_within_condition,1.7004388873116736e-10,True
300,12,p_0.66_stores_20_nearest_customer,factorial_cell,0.66,1.0,1.0,20,nearest_customer,False,food_cancellation_rate,customer,False,10,0.2593333333333333,0.2456666666666667,0.272,shapiro_wilk,0.13219169921790996,paired_t_test,36.55811242263182,4.247099378670245e-11,11.560690221201272,True,,,
300,12,p_0.66_stores_20_nearest_customer,factorial_cell,0.66,1.0,1.0,20,nearest_customer,False,food_unfinished_rate,customer,False,10,-0.002333333333333333,-0.004666666666666666,-0.0003333333333333334,shapiro_wilk,0.0020652865652919868,wilcoxon_signed_rank,0.0,0.125,-0.6607826143039303,False,,,
300,12,p_0.66_stores_20_nearest_customer,factorial_cell,0.66,1.0,1.0,20,nearest_customer,False,mean_food_completion_ticks,customer,True,10,-1.1135016674700338,-1.8955460586187227,-0.3766495700385173,shapiro_wilk,0.2427797379696564,paired_t_test,-2.662160223225273,0.025953750781075622,-0.8418489801694147,True,primary_metrics_within_condition,0.025953750781075622,True
300,12,p_0.66_stores_20_nearest_customer,factorial_cell,0.66,1.0,1.0,20,nearest_customer,False,mean_food_pickup_wait_ticks,driver,False,10,0.046979476783634455,-0.2518241548594182,0.30704677791304014,shapiro_wilk,0.2245445285966453,paired_t_test,0.3087815045444075,0.7645158843016335,0.09764528536939608,False,,,
300,12,p_0.66_stores_20_nearest_customer,factorial_cell,0.66,1.0,1.0,20,nearest_customer,False,mean_food_preparation_queue_ticks,merchant,False,10,0.046309121381487864,0.016039341054821063,0.08021460124351863,shapiro_wilk,0.3935141612913977,paired_t_test,2.651173210170628,0.026425333649454617,0.8383745815759466,True,,,
300,12,p_0.66_stores_20_nearest_customer,factorial_cell,0.66,1.0,1.0,20,nearest_customer,False,mean_food_ready_to_handover_ticks,merchant,False,10,-0.1171904685506866,-0.5109353521852341,0.268493229516815,shapiro_wilk,0.882669466553192,paired_t_test,-0.5593721243273092,0.5895547059653391,-0.17688899724811794,False,,,
300,12,p_0.66_stores_20_nearest_customer,factorial_cell,0.66,1.0,1.0,20,nearest_customer,False,mean_food_post_pickup_delivery_ticks,customer,False,10,-1.2209888058555005,-2.008016271476248,-0.4961659730305943,shapiro_wilk,0.5232802935401953,paired_t_test,-2.976557818207316,0.015536140174915017,-0.9412702292716527,True,,,
300,12,p_0.66_stores_20_nearest_customer,factorial_cell,0.66,1.0,1.0,20,nearest_customer,False,platform_revenue_per_order,platform,True,10,-2544.014119169,-2679.2372097840002,-2379.6106085665997,shapiro_wilk,0.0767583915633563,paired_t_test,-31.6861183535865,1.5247314889887411e-10,-10.020030420699786,True,primary_metrics_within_condition,6.098925955954965e-10,True
300,12,p_0.66_stores_20_nearest_customer,factorial_cell,0.66,1.0,1.0,20,nearest_customer,False,driver_revenue_per_order,driver,False,10,-10011.555,-10469.025000000001,-9467.283,shapiro_wilk,0.1133643248140494,paired_t_test,-37.285825742291806,3.5605072160044435e-11,-11.790813378578045,True,,,
300,12,p_0.66_stores_20_nearest_customer,factorial_cell,0.66,1.0,1.0,20,nearest_customer,False,merchant_revenue_per_order,merchant,False,10,-7534.596114164332,-7986.800760257659,-6996.3411819952335,shapiro_wilk,0.11912004567671414,paired_t_test,-28.415575922601615,4.0287244647912235e-10,-8.985794094086158,True,,,
300,12,p_0.66_stores_20_nearest_customer,factorial_cell,0.66,1.0,1.0,20,nearest_customer,False,driver_profit_per_order,driver,False,10,-8761.888333333332,-9155.779725,-8289.328,shapiro_wilk,0.07337155100794453,paired_t_test,-37.06878658079083,3.7514245232227625e-11,-11.722179569398422,True,,,
300,12,p_0.66_stores_20_nearest_customer,factorial_cell,0.66,1.0,1.0,20,nearest_customer,False,emission_intensity_per_service_unit,environment,True,10,1612.4912932166924,1424.7128289670973,1783.8279961460785,shapiro_wilk,0.30359944220673374,paired_t_test,16.54562106607665,4.799992973090699e-08,5.232184787086552,True,primary_metrics_within_condition,9.599985946181397e-08,True
300,12,p_0.66_stores_20_nearest_customer,factorial_cell,0.66,1.0,1.0,20,nearest_customer,False,total_emission_units,environment,False,10,-56235.0,-59427.075,-52776.0,shapiro_wilk,0.21314007993966566,paired_t_test,-31.506179392119442,1.604250670522296e-10,-9.963128724895668,True,,,
300,12,p_0.66_stores_20_nearest_customer,factorial_cell,0.66,1.0,1.0,20,nearest_customer,False,emission_units_per_order,environment,False,10,-187.45000000000005,-198.10000000000005,-176.04950000000002,shapiro_wilk,0.2131400799396646,paired_t_test,-31.506179392119428,1.6042506705222998e-10,-9.963128724895663,True,,,
300,12,p_0.66_stores_20_nearest_customer,factorial_cell,0.66,1.0,1.0,20,nearest_customer,False,emission_units_per_completed_order,environment,False,10,1752.0612130665625,1594.8243583082171,1894.346830895864,shapiro_wilk,0.5341293585130791,paired_t_test,21.911546089902007,4.05334261713068e-09,6.929039269984693,True,,,
300,12,p_0.66_stores_20_nearest_customer,factorial_cell,0.66,1.0,1.0,20,nearest_customer,False,driver_utilization,driver,False,10,-0.05181134259259259,-0.05682306134259261,-0.04657407407407409,shapiro_wilk,0.9923349414046175,paired_t_test,-18.633845719014694,1.6930728549392836e-08,-5.892539404026437,True,,,
300,12,p_0.66_stores_20_nearest_customer,factorial_cell,0.66,1.0,1.0,20,nearest_customer,False,driver_profit_per_driver,driver,False,10,-219047.20833333334,-228984.9960416667,-206961.424375,shapiro_wilk,0.07337155100794505,paired_t_test,-37.06878658079083,3.7514245232227625e-11,-11.722179569398426,True,,,
