replication,seed,scenario_sha256,daily_customers,num_drivers,condition_id,factor,p_integration,food_preparation_multiplier,grocery_preparation_multiplier,num_stores,store_selection,baseline_condition_id,primary_comparison,baseline_service_units_per_driver_hour,integrated_service_units_per_driver_hour,delta_service_units_per_driver_hour,baseline_service_units_per_busy_driver_hour,integrated_service_units_per_busy_driver_hour,delta_service_units_per_busy_driver_hour,baseline_service_units_per_km,integrated_service_units_per_km,delta_service_units_per_km,baseline_food_completion_rate,integrated_food_completion_rate,delta_food_completion_rate,baseline_food_cancellation_rate,integrated_food_cancellation_rate,delta_food_cancellation_rate,baseline_food_unfinished_rate,integrated_food_unfinished_rate,delta_food_unfinished_rate,baseline_mean_food_completion_ticks,integrated_mean_food_completion_ticks,delta_mean_food_completion_ticks,baseline_mean_food_pickup_wait_ticks,integrated_mean_food_pickup_wait_ticks,delta_mean_food_pickup_wait_ticks,baseline_mean_food_preparation_queue_ticks,integrated_mean_food_preparation_queue_ticks,delta_mean_food_preparation_queue_ticks,baseline_mean_food_ready_to_handover_ticks,integrated_mean_food_ready_to_handover_ticks,delta_mean_food_ready_to_handover_ticks,baseline_mean_food_post_pickup_delivery_ticks,integrated_mean_food_post_pickup_delivery_ticks,delta_mean_food_post_pickup_delivery_ticks,baseline_platform_revenue_per_order,integrated_platform_revenue_per_order,delta_platform_revenue_per_order,baseline_driver_revenue_per_order,integrated_driver_revenue_per_order,delta_driver_revenue_per_order,baseline_merchant_revenue_per_order,integrated_merchant_revenue_per_order,delta_merchant_revenue_per_order,baseline_driver_profit_per_order,integrated_driver_profit_per_order,delta_driver_profit_per_order,baseline_emission_intensity_per_service_unit,integrated_emission_intensity_per_service_unit,delta_emission_intensity_per_service_unit,baseline_total_emission_units,integrated_total_emission_units,delta_total_emission_units,baseline_emission_units_per_order,integrated_emission_units_per_order,delta_emission_units_per_order,baseline_emission_units_per_completed_order,integrated_emission_units_per_completed_order,delta_emission_units_per_completed_order,baseline_driver_utilization,integrated_driver_utilization,delta_driver_utilization,baseline_driver_profit_per_driver,integrated_driver_profit_per_driver,delta_driver_profit_per_driver,driver_food_pickup_wait_saved_ticks,driver_food_pickup_wait_saved_pct,additional_service_units,marginal_emission_per_completed_grocery,marginal_emission_per_additional_service_unit,service_output_change_pct,total_emission_change_pct,emission_output_elasticity
1,42,f870b278390b79455a770c93a42a62b9d997292d4cecfafe5aa5681669e71d75,300,12,p_0.22_stores_10_uniform,factorial_cell,0.22,1.0,1.0,10,uniform,baseline,False,0.4513888888888889,0.3541666666666667,-0.09722222222222221,0.8574255248983181,0.7041767345529859,-0.15324879034533223,0.030106530801296896,0.02568622513220851,-0.004420305669088385,0.43333333333333335,0.33666666666666667,-0.09666666666666668,0.5533333333333333,0.65,0.09666666666666668,0.013333333333333334,0.013333333333333334,0.0,56.12307692307692,57.881188118811885,1.758111195734962,0.7575757575757576,1.0,0.24242424242424243,0.6946308724832215,0.7483221476510067,0.05369127516778516,8.530303030303031,9.46078431372549,0.9304812834224592,33.13076923076923,33.306930693069305,0.17616146230007246,4357.24819071,3405.0079923,-952.2401984100002,16859.92,13188.43,-3671.489999999998,13017.336142623333,10167.375341033334,-2849.9608015899994,11102.586666666666,7893.763333333333,-3208.823333333333,1992.923076923077,2335.8823529411766,342.9592760180997,259080,238260,-20820,863.6,794.2,-69.39999999999998,1992.923076923077,2359.009900990099,366.08682406702223,0.5264467592592592,0.5029513888888889,-0.023495370370370305,277564.6666666667,197344.08333333334,-80220.58333333334,-0.24242424242424243,-32.0,-28,-20820.0,,-21.53846153846154,-8.036127836961557,0.3731059352875008
1,42,f870b278390b79455a770c93a42a62b9d997292d4cecfafe5aa5681669e71d75,300,12,p_0.22_stores_10_nearest_restaurant,factorial_cell,0.22,1.0,1.0,10,nearest_restaurant,baseline,False,0.4513888888888889,0.4131944444444444,-0.038194444444444475,0.8574255248983181,0.810074880871341,-0.047350644026977085,0.030106530801296896,0.02975371921490186,-0.0003528115863950347,0.43333333333333335,0.36666666666666664,-0.06666666666666671,0.5533333333333333,0.6233333333333333,0.06999999999999995,0.013333333333333334,0.01,-0.003333333333333334,56.12307692307692,56.35454545454545,0.2314685314685292,0.7575757575757576,1.1454545454545455,0.38787878787878793,0.6946308724832215,0.7013422818791947,0.006711409395973145,8.530303030303031,8.8,0.26969696969696955,33.13076923076923,32.93636363636364,-0.19440559440559468,4357.24819071,3963.12910838,-394.11908232999986,16859.92,14400.53,-2459.3899999999976,13017.336142623333,12205.72889162,-811.6072510033337,11102.586666666666,9067.863333333333,-2034.7233333333334,1992.923076923077,2016.5546218487395,23.631544925662638,259080,239970,-19110,863.6,799.9,-63.700000000000045,1992.923076923077,2181.5454545454545,188.6223776223776,0.5264467592592592,0.5100694444444445,-0.016377314814814747,277564.6666666667,226696.58333333334,-50868.08333333334,-0.38787878787878793,-51.20000000000001,-11,-2123.3333333333335,,-8.461538461538462,-7.376100046317739,0.8717209145648237
1,42,f870b278390b79455a770c93a42a62b9d997292d4cecfafe5aa5681669e71d75,300,12,p_0.22_stores_10_nearest_customer,factorial_cell,0.22,1.0,1.0,10,nearest_customer,baseline,False,0.4513888888888889,0.3888888888888889,-0.0625,0.8574255248983181,0.7617320335524824,-0.09569349134583571,0.030106530801296896,0.02811597841094515,-0.001990552390351747,0.43333333333333335,0.36666666666666664,-0.06666666666666671,0.5533333333333333,0.62,0.06666666666666665,0.013333333333333334,0.013333333333333334,0.0,56.12307692307692,56.054545454545455,-0.06853146853146797,0.7575757575757576,1.5135135135135136,0.755937755937756,0.6946308724832215,0.7080536912751678,0.01342281879194629,8.530303030303031,7.675675675675675,-0.8546273546273557,33.13076923076923,33.24545454545454,0.1146853146853104,4357.24819071,3735.20933792,-622.03885279,16859.92,14334.06,-2525.8599999999988,13017.336142623333,11205.555995413333,-1811.78014721,11102.586666666666,9022.726666666667,-2079.8599999999988,1992.923076923077,2134.0178571428573,141.09478021978043,259080,239010,-20070,863.6,796.7,-66.89999999999998,1992.923076923077,2172.818181818182,179.89510489510508,0.5264467592592592,0.5105324074074075,-0.01591435185185175,277564.6666666667,225568.16666666666,-51996.50000000003,-0.755937755937756,-99.7837837837838,-18,-10035.0,,-13.846153846153847,-7.746641963872163,0.5594796973907673
1,42,f870b278390b79455a770c93a42a62b9d997292d4cecfafe5aa5681669e71d75,300,12,p_0.22_stores_15_uniform,factorial_cell,0.22,1.0,1.0,15,uniform,baseline,False,0.4513888888888889,0.3854166666666667,-0.06597222222222221,0.8574255248983181,0.7619265530259696,-0.09549897187234857,0.030106530801296896,0.028276652655712647,-0.0018298781455842496,0.43333333333333335,0.36333333333333334,-0.07,0.5533333333333333,0.6233333333333333,0.06999999999999995,0.013333333333333334,0.013333333333333334,0.0,56.12307692307692,56.58715596330275,0.46407904022582613,0.7575757575757576,1.2252252252252251,0.4676494676494676,0.6946308724832215,0.7306397306397306,0.036008858156509116,8.530303030303031,7.603603603603603,-0.926699426699428,33.13076923076923,33.77064220183486,0.6398729710656283,4357.24819071,3779.47071813,-577.77747258,16859.92,14482.64,-2377.279999999999,13017.336142623333,11346.668948536666,-1670.6671940866672,11102.586666666666,9248.64,-1853.9466666666667,1992.923076923077,2121.891891891892,128.9688149688152,259080,235530,-23550,863.6,785.1,-78.5,1992.923076923077,2160.8256880733943,167.9026111503174,0.5264467592592592,0.5058449074074074,-0.020601851851851816,277564.6666666667,231216.0,-46348.666666666686,-0.4676494676494676,-61.72972972972972,-19,-11775.0,,-14.615384615384617,-9.089856415006947,0.6219375441846858
1,42,f870b278390b79455a770c93a42a62b9d997292d4cecfafe5aa5681669e71d75,300,12,p_0.22_stores_15_nearest_restaurant,factorial_cell,0.22,1.0,1.0,15,nearest_restaurant,baseline,False,0.4513888888888889,0.4097222222222222,-0.041666666666666685,0.8574255248983181,0.8084960602946215,-0.048929464603696626,0.030106530801296896,0.029437445428464513,-0.0006690853728323828,0.43333333333333335,0.36666666666666664,-0.06666666666666671,0.5533333333333333,0.62,0.06666666666666665,0.013333333333333334,0.013333333333333334,0.0,56.12307692307692,56.28181818181818,0.15874125874125866,0.7575757575757576,1.2612612612612613,0.5036855036855037,0.6946308724832215,0.6531986531986532,-0.041432219284568306,8.530303030303031,9.045045045045045,0.5147420147420139,33.13076923076923,32.60909090909091,-0.5216783216783227,4357.24819071,3914.98276211,-442.2654286000002,16859.92,14216.76,-2643.159999999998,13017.336142623333,12060.901571223334,-956.4345713999992,11102.586666666666,8872.093333333334,-2230.493333333332,1992.923076923077,2038.2203389830509,45.297262059973946,259080,240510,-18570,863.6,801.7,-61.89999999999998,1992.923076923077,2186.4545454545455,193.5314685314686,0.5264467592592592,0.5067708333333333,-0.01967592592592593,277564.6666666667,221802.33333333334,-55762.33333333334,-0.5036855036855037,-66.48648648648648,-12,-2321.25,,-9.230769230769232,-7.167670217693376,0.7764976069167824
1,42,f870b278390b79455a770c93a42a62b9d997292d4cecfafe5aa5681669e71d75,300,12,p_0.22_stores_15_nearest_customer,factorial_cell,0.22,1.0,1.0,15,nearest_customer,baseline,False,0.4513888888888889,0.40625,-0.045138888888888895,0.8574255248983181,0.8007300102657693,-0.05669551463254885,0.030106530801296896,0.029396984924623115,-0.0007095458766737811,0.43333333333333335,0.38,-0.053333333333333344,0.5533333333333333,0.6066666666666667,0.053333333333333344,0.013333333333333334,0.013333333333333334,0.0,56.12307692307692,55.04385964912281,-1.0792172739541144,0.7575757575757576,1.2521739130434784,0.4945981554677208,0.6946308724832215,0.74,0.04536912751677846,8.530303030303031,8.504347826086956,-0.02595520421607489,33.13076923076923,32.271929824561404,-0.858839406207828,4357.24819071,3840.53913768,-516.7090530300002,16859.92,14455.27,-2404.649999999998,13017.336142623333,11632.342195653333,-1384.9939469700003,11102.586666666666,9148.603333333333,-1953.9833333333336,1992.923076923077,2041.025641025641,48.1025641025642,259080,238800,-20280,863.6,796.0,-67.60000000000002,1992.923076923077,2094.7368421052633,101.81376518218644,0.5264467592592592,0.507349537037037,-0.01909722222222221,277564.6666666667,228715.08333333334,-48849.58333333334,-0.4945981554677208,-65.28695652173914,-13,-6760.0,,-10.0,-7.827698008337193,0.7827698008337193
1,42,f870b278390b79455a770c93a42a62b9d997292d4cecfafe5aa5681669e71d75,300,12,p_0.22_stores_20_uniform,factorial_cell,0.22,1.0,1.0,20,uniform,baseline,False,0.4513888888888889,0.375,-0.0763888888888889,0.8574255248983181,0.7438870393755023,-0.11353848552281587,0.030106530801296896,0.027279616064662792,-0.0028269147366341042,0.43333333333333335,0.3566666666666667,-0.07666666666666666,0.5533333333333333,0.6333333333333333,0.07999999999999996,0.013333333333333334,0.01,-0.003333333333333334,56.12307692307692,56.626168224299064,0.5030913012221419,0.7575757575757576,1.9065420560747663,1.1489662984990088,0.6946308724832215,0.7993311036789298,0.10470023119570826,8.530303030303031,7.383177570093458,-1.1471254602095735,33.13076923076923,34.22429906542056,1.0935298346513278,4357.24819071,3593.53213858,-763.7160521300002,16859.92,14361.43,-2498.489999999998,13017.336142623333,10556.94586142,-2460.390281203334,11102.586666666666,9082.763333333334,-2019.823333333332,1992.923076923077,2199.4444444444443,206.52136752136744,259080,237540,-21540,863.6,791.8,-71.80000000000007,1992.923076923077,2220.0,227.0769230769231,0.5264467592592592,0.5041087962962963,-0.022337962962962865,277564.6666666667,227069.08333333334,-50495.58333333334,-1.1489662984990088,-151.66355140186914,-22,-21540.0,,-16.923076923076923,-8.314034275127375,0.49128384353025395
1,42,f870b278390b79455a770c93a42a62b9d997292d4cecfafe5aa5681669e71d75,300,12,p_0.22_stores_20_nearest_restaurant,factorial_cell,0.22,1.0,1.0,20,nearest_restaurant,baseline,False,0.4513888888888889,0.4270833333333333,-0.02430555555555558,0.8574255248983181,0.8285618053216572,-0.028863719576660896,0.030106530801296896,0.030574198359433258,0.0004676675581363615,0.43333333333333335,0.38,-0.053333333333333344,0.5533333333333333,0.6066666666666667,0.053333333333333344,0.013333333333333334,0.013333333333333334,0.0,56.12307692307692,57.228070175438596,1.1049932523616732,0.7575757575757576,1.6521739130434783,0.8945981554677207,0.6946308724832215,0.697986577181208,0.003355704697986517,8.530303030303031,7.869565217391305,-0.6607378129117265,33.13076923076923,34.56140350877193,1.4306342780026995,4357.24819071,4178.74791678,-178.50027392999982,16859.92,15643.91,-1216.0099999999984,13017.336142623333,12689.736749886666,-327.59939273666714,11102.586666666666,10279.91,-822.6766666666663,1992.923076923077,1962.439024390244,-30.484052532832948,259080,241380,-17700,863.6,804.6,-59.0,1992.923076923077,2117.3684210526317,124.44534412955477,0.5264467592592592,0.5154513888888889,-0.01099537037037035,277564.6666666667,256997.75,-20566.916666666686,-0.8945981554677207,-118.08695652173913,-7,-1966.6666666666667,,-5.384615384615385,-6.831866604909681,1.2687752266260837
1,42,f870b278390b79455a770c93a42a62b9d997292d4cecfafe5aa5681669e71d75,300,12,p_0.22_stores_20_nearest_customer,factorial_cell,0.22,1.0,1.0,20,nearest_customer,baseline,False,0.4513888888888889,0.3715277777777778,-0.0798611111111111,0.8574255248983181,0.731373889268626,-0.12605163562969213,0.030106530801296896,0.026850690087829362,-0.0032558407134675345,0.43333333333333335,0.35333333333333333,-0.08000000000000002,0.5533333333333333,0.6333333333333333,0.07999999999999996,0.013333333333333334,0.013333333333333334,0.0,56.12307692307692,56.20754716981132,0.08447024673439785,0.7575757575757576,1.102803738317757,0.34522798074199934,0.6946308724832215,0.725752508361204,0.031121635877982445,8.530303030303031,7.672897196261682,-0.8574058340413488,33.13076923076923,33.93396226415094,0.8031930333817101,4357.24819071,3588.22266347,-769.02552724,16859.92,14107.28,-2752.6399999999976,13017.336142623333,10632.54433653,-2384.7918060933334,11102.586666666666,8793.946666666667,-2308.6399999999994,1992.923076923077,2234.5794392523367,241.65636232925976,259080,239100,-19980,863.6,797.0,-66.60000000000002,1992.923076923077,2255.6603773584907,262.7373004354138,0.5264467592592592,0.5079861111111111,-0.018460648148148073,277564.6666666667,219848.66666666666,-57716.00000000003,-0.34522798074199934,-45.57009345794391,-23,-19980.0,,-17.692307692307693,-7.711903659101436,0.43589020681877677
1,42,f870b278390b79455a770c93a42a62b9d997292d4cecfafe5aa5681669e71d75,300,12,p_0.44_stores_10_uniform,factorial_cell,0.44,1.0,1.0,10,uniform,baseline,False,0.4513888888888889,0.2569444444444444,-0.19444444444444448,0.8574255248983181,0.5304659498207885,-0.3269595750775296,0.030106530801296896,0.02080697314775763,-0.009299557653539268,0.43333333333333335,0.24333333333333335,-0.19,0.5533333333333333,0.7466666666666667,0.19333333333333336,0.013333333333333334,0.01,-0.003333333333333334,56.12307692307692,54.64383561643836,-1.4792413066385635,0.7575757575757576,1.821917808219178,1.0643420506434205,0.6946308724832215,0.8193979933110368,0.12476712082781527,8.530303030303031,6.863013698630137,-1.6672893316728938,33.13076923076923,32.26027397260274,-0.8704952581664926,4357.24819071,2438.14697947,-1919.1012112399999,16859.92,9258.88,-7601.039999999999,13017.336142623333,7352.62002053,-5664.716122093333,11102.586666666666,4516.88,-6585.706666666666,1992.923076923077,2883.6486486486488,890.7255717255719,259080,213390,-45690,863.6,711.3,-152.30000000000007,1992.923076923077,2923.150684931507,930.22760800843,0.5264467592592592,0.484375,-0.04207175925925921,277564.6666666667,112922.0,-164642.6666666667,-1.0643420506434205,-140.49315068493152,-56,-45690.0,,-43.07692307692308,-17.635479388605834,0.4093950572354925
1,42,f870b278390b79455a770c93a42a62b9d997292d4cecfafe5aa5681669e71d75,300,12,p_0.44_stores_10_nearest_restaurant,factorial_cell,0.44,1.0,1.0,10,nearest_restaurant,baseline,False,0.4513888888888889,0.3194444444444444,-0.13194444444444448,0.8574255248983181,0.6448598130841122,-0.21256571181420592,0.030106530801296896,0.025157232704402517,-0.004949298096894379,0.43333333333333335,0.2866666666666667,-0.14666666666666667,0.5533333333333333,0.7033333333333334,0.15000000000000002,0.013333333333333334,0.01,-0.003333333333333334,56.12307692307692,57.383720930232556,1.2606440071556335,0.7575757575757576,1.1046511627906976,0.34707540521494007,0.6946308724832215,0.8093645484949833,0.11473367601176176,8.530303030303031,8.0,-0.5303030303030312,33.13076923076923,34.16279069767442,1.032021466905185,4357.24819071,3066.01288064,-1291.2353100700002,16859.92,11620.52,-5239.399999999998,13017.336142623333,9254.93111936,-3762.4050232633326,11102.586666666666,6744.52,-4358.066666666666,1992.923076923077,2385.0,392.0769230769231,259080,219420,-39660,863.6,731.4,-132.20000000000005,1992.923076923077,2551.3953488372094,558.4722719141325,0.5264467592592592,0.49537037037037035,-0.031076388888888862,277564.6666666667,168613.0,-108951.66666666669,-0.34707540521494007,-45.813953488372086,-38,-6610.0,,-29.230769230769234,-15.308012968967114,0.5236951805172959
1,42,f870b278390b79455a770c93a42a62b9d997292d4cecfafe5aa5681669e71d75,300,12,p_0.44_stores_10_nearest_customer,factorial_cell,0.44,1.0,1.0,10,nearest_customer,baseline,False,0.4513888888888889,0.2951388888888889,-0.15625,0.8574255248983181,0.6019830028328612,-0.2554425220654569,0.030106530801296896,0.023461219983439138,-0.006645310817857759,0.43333333333333335,0.2733333333333333,-0.16000000000000003,0.5533333333333333,0.7133333333333334,0.16000000000000003,0.013333333333333334,0.013333333333333334,0.0,56.12307692307692,54.329268292682926,-1.7938086303939969,0.7575757575757576,1.5783132530120483,0.8207374954362907,0.6946308724832215,0.8461538461538461,0.15152297367062462,8.530303030303031,7.253012048192771,-1.2772909821102605,33.13076923076923,32.1219512195122,-1.0088180112570342,4357.24819071,2817.86400704,-1539.3841836699999,16859.92,10431.88,-6428.039999999999,13017.336142623333,8603.026659626667,-4414.309482996667,11102.586666666666,5601.213333333333,-5501.373333333333,1992.923076923077,2557.4117647058824,564.4886877828055,259080,217380,-41700,863.6,724.6,-139.0,1992.923076923077,2650.9756097560976,658.0525328330207,0.5264467592592592,0.49027777777777776,-0.036168981481481455,277564.6666666667,140030.33333333334,-137534.33333333334,-0.8207374954362907,-108.33734939759037,-45,-13900.0,,-34.61538461538461,-16.095414543770264,0.46497864237558545
1,42,f870b278390b79455a770c93a42a62b9d997292d4cecfafe5aa5681669e71d75,300,12,p_0.44_stores_15_uniform,factorial_cell,0.44,1.0,1.0,15,uniform,baseline,True,0.4513888888888889,0.3159722222222222,-0.13541666666666669,0.8574255248983181,0.642504118616145,-0.21492140628217316,0.030106530801296896,0.0251589715233619,-0.004947559277934995,0.43333333333333335,0.29333333333333333,-0.14,0.5533333333333333,0.6933333333333334,0.14,0.013333333333333334,0.013333333333333334,0.0,56.12307692307692,55.64772727272727,-0.47534965034964927,0.7575757575757576,1.1910112359550562,0.43343547837929863,0.6946308724832215,0.7744107744107744,0.07977990192755291,8.530303030303031,6.966292134831461,-1.5640108954715704,33.13076923076923,33.875,0.7442307692307679,4357.24819071,3123.64464009,-1233.60355062,16859.92,11812.11,-5047.809999999998,13017.336142623333,9439.40435991,-3577.9317827133327,11102.586666666666,6989.443333333334,-4113.1433333333325,1992.923076923077,2384.835164835165,391.91208791208805,259080,217020,-42060,863.6,723.4,-140.20000000000005,1992.923076923077,2466.1363636363635,473.2132867132866,0.5264467592592592,0.4917824074074074,-0.03466435185185179,277564.6666666667,174736.08333333334,-102828.58333333334,-0.43343547837929863,-57.213483146067425,-39,-14020.0,,-30.0,-16.23436776285317,0.5411455920951057
1,42,f870b278390b79455a770c93a42a62b9d997292d4cecfafe5aa5681669e71d75,300,12,p_0.44_stores_15_nearest_restaurant,factorial_cell,0.44,1.0,1.0,15,nearest_restaurant,baseline,False,0.4513888888888889,0.3611111111111111,-0.09027777777777779,0.8574255248983181,0.7109490714367096,-0.14647645346160854,0.030106530801296896,0.026527228669812525,-0.0035793021314843715,0.43333333333333335,0.31333333333333335,-0.12,0.5533333333333333,0.6766666666666666,0.1233333333333333,0.013333333333333334,0.01,-0.003333333333333334,56.12307692307692,57.6063829787234,1.48330605564648,0.7575757575757576,0.8297872340425532,0.0722114764667956,0.6946308724832215,0.6397306397306397,-0.05490023275258182,8.530303030303031,8.96808510638298,0.437782076079948,33.13076923076923,33.744680851063826,0.6139116202945942,4357.24819071,3402.83113231,-954.4170583999999,16859.92,12676.22,-4183.699999999999,13017.336142623333,10358.113201023334,-2659.222941599999,11102.586666666666,7448.886666666666,-3653.7,1992.923076923077,2261.826923076923,268.90384615384596,259080,235230,-23850,863.6,784.1,-79.5,1992.923076923077,2502.446808510638,509.5237315875613,0.5264467592592592,0.5079282407407407,-0.01851851851851849,277564.6666666667,186222.16666666666,-91342.50000000003,-0.0722114764667956,-9.531914893617019,-26,-2385.0,,-20.0,-9.205650764242705,0.4602825382121353
1,42,f870b278390b79455a770c93a42a62b9d997292d4cecfafe5aa5681669e71d75,300,12,p_0.44_stores_15_nearest_customer,factorial_cell,0.44,1.0,1.0,15,nearest_customer,baseline,False,0.4513888888888889,0.3159722222222222,-0.13541666666666669,0.8574255248983181,0.6402439024390244,-0.21718162245929373,0.030106530801296896,0.024351083757024352,-0.005755447044272544,0.43333333333333335,0.29,-0.14333333333333337,0.5533333333333333,0.6966666666666667,0.1433333333333333,0.013333333333333334,0.013333333333333334,0.0,56.12307692307692,55.264367816091955,-0.8587091069849677,0.7575757575757576,0.9545454545454546,0.19696969696969702,0.6946308724832215,0.8733333333333333,0.17870246085011177,8.530303030303031,8.0,-0.5303030303030312,33.13076923076923,32.48275862068966,-0.6480106100795737,4357.24819071,3048.82803226,-1308.4201584500001,16859.92,11194.33,-5665.589999999998,13017.336142623333,9344.41796774,-3672.9181748833325,11102.586666666666,6211.663333333333,-4890.923333333333,1992.923076923077,2463.956043956044,471.03296703296724,259080,224220,-34860,863.6,747.4,-116.20000000000005,1992.923076923077,2577.2413793103447,584.3183023872677,0.5264467592592592,0.4935185185185185,-0.03292824074074069,277564.6666666667,155291.58333333334,-122273.08333333334,-0.19696969696969702,-26.000000000000007,-39,-8715.0,,-30.0,-13.455303381194996,0.4485101127064999
1,42,f870b278390b79455a770c93a42a62b9d997292d4cecfafe5aa5681669e71d75,300,12,p_0.44_stores_20_uniform,factorial_cell,0.44,1.0,1.0,20,uniform,baseline,False,0.4513888888888889,0.28125,-0.1701388888888889,0.8574255248983181,0.5634129376304197,-0.2940125872678985,0.030106530801296896,0.022055820285908783,-0.008050710515388113,0.43333333333333335,0.26666666666666666,-0.16666666666666669,0.5533333333333333,0.72,0.16666666666666663,0.013333333333333334,0.013333333333333334,0.0,56.12307692307692,57.5875,1.464423076923076,0.7575757575757576,1.6666666666666667,0.9090909090909092,0.6946308724832215,0.822742474916388,0.12811160243316644,8.530303030303031,6.765432098765432,-1.7648709315375992,33.13076923076923,35.4875,2.356730769230765,4357.24819071,2786.63903207,-1570.6091586399998,16859.92,11166.96,-5692.959999999999,13017.336142623333,8174.641301263333,-4842.69484136,11102.586666666666,6270.293333333333,-4832.293333333333,1992.923076923077,2720.3703703703704,727.4472934472935,259080,220350,-38730,863.6,734.5,-129.10000000000002,1992.923076923077,2754.375,761.4519230769231,0.5264467592592592,0.49918981481481484,-0.027256944444444375,277564.6666666667,156757.33333333334,-120807.33333333334,-0.9090909090909092,-120.00000000000001,-49,-38730.0,,-37.69230769230769,-14.949050486336265,0.3966074618823907
1,42,f870b278390b79455a770c93a42a62b9d997292d4cecfafe5aa5681669e71d75,300,12,p_0.44_stores_20_nearest_restaurant,factorial_cell,0.44,1.0,1.0,20,nearest_restaurant,baseline,False,0.4513888888888889,0.3541666666666667,-0.09722222222222221,0.8574255248983181,0.7058823529411765,-0.15154317195714162,0.030106530801296896,0.027048528241845664,-0.0030580025594512325,0.43333333333333335,0.2866666666666667,-0.14666666666666667,0.5533333333333333,0.7,0.1466666666666666,0.013333333333333334,0.013333333333333334,0.0,56.12307692307692,57.02325581395349,0.9001788908765676,0.7575757575757576,0.7816091954022989,0.024033437826541326,0.6946308724832215,0.7483221476510067,0.05369127516778516,8.530303030303031,8.96551724137931,0.43521421107627845,33.13076923076923,33.03488372093023,-0.09588550983900035,4357.24819071,3336.51349138,-1020.7346993300002,16859.92,11440.66,-5419.259999999998,13017.336142623333,10543.26450862,-2474.071634003334,11102.586666666666,6412.66,-4689.926666666666,1992.923076923077,2218.235294117647,225.31221719456994,259080,226260,-32820,863.6,754.2,-109.39999999999998,1992.923076923077,2630.9302325581393,638.0071556350624,0.5264467592592592,0.5017361111111112,-0.02471064814814805,277564.6666666667,160316.5,-117248.16666666669,-0.024033437826541326,-3.1724137931034546,-28,-2051.25,,-21.53846153846154,-12.667901806391848,0.5881525838681929
1,42,f870b278390b79455a770c93a42a62b9d997292d4cecfafe5aa5681669e71d75,300,12,p_0.44_stores_20_nearest_customer,factorial_cell,0.44,1.0,1.0,20,nearest_customer,baseline,False,0.4513888888888889,0.2986111111111111,-0.1527777777777778,0.8574255248983181,0.6021003500583431,-0.2553251748399751,0.030106530801296896,0.023407729994556342,-0.006698800806740554,0.43333333333333335,0.27666666666666667,-0.15666666666666668,0.5533333333333333,0.71,0.15666666666666662,0.013333333333333334,0.013333333333333334,0.0,56.12307692307692,54.59036144578313,-1.5327154772937917,0.7575757575757576,1.1904761904761905,0.4329004329004329,0.6946308724832215,0.7171717171717171,0.022540844688495598,8.530303030303031,7.25,-1.2803030303030312,33.13076923076923,32.33734939759036,-0.7934198331788735,4357.24819071,2898.07159338,-1459.1765973299998,16859.92,10654.75,-6205.169999999998,13017.336142623333,8876.899739953333,-4140.4364026700005,11102.586666666666,5756.083333333333,-5346.503333333333,1992.923076923077,2563.2558139534885,570.3327370304116,259080,220440,-38640,863.6,734.8,-128.80000000000007,1992.923076923077,2655.9036144578313,662.9805375347544,0.5264467592592592,0.49594907407407407,-0.03049768518518514,277564.6666666667,143902.08333333334,-133662.58333333334,-0.4329004329004329,-57.14285714285714,-44,-12880.0,,-33.84615384615385,-14.91431218156554,0.4406501326371637
1,42,f870b278390b79455a770c93a42a62b9d997292d4cecfafe5aa5681669e71d75,300,12,p_0.66_stores_10_uniform,factorial_cell,0.66,1.0,1.0,10,uniform,baseline,False,0.4513888888888889,0.17708333333333334,-0.2743055555555556,0.8574255248983181,0.37582903463522477,-0.48159649026309337,0.030106530801296896,0.015489749430523917,-0.014616781370772979,0.43333333333333335,0.17,-0.2633333333333333,0.5533333333333333,0.82,0.2666666666666666,0.013333333333333334,0.01,-0.003333333333333334,56.12307692307692,52.94117647058823,-3.1819004524886907,0.7575757575757576,1.2745098039215685,0.516934046345811,0.6946308724832215,0.7919463087248322,0.09731543624161065,8.530303030303031,6.901960784313726,-1.6283422459893053,33.13076923076923,30.941176470588236,-2.1895927601809966,4357.24819071,1659.94133964,-2697.30685107,16859.92,6173.89,-10686.029999999999,13017.336142623333,5056.615993693334,-7960.72014893,11102.586666666666,1783.89,-9318.696666666667,1992.923076923077,3873.529411764706,1880.606334841629,259080,197550,-61530,863.6,658.5,-205.10000000000002,1992.923076923077,3873.529411764706,1880.606334841629,0.5264467592592592,0.47118055555555555,-0.055266203703703665,277564.6666666667,44597.25,-232967.4166666667,-0.516934046345811,-68.23529411764704,-79,,,-60.76923076923077,-23.74942102825382,0.3908132574269616
1,42,f870b278390b79455a770c93a42a62b9d997292d4cecfafe5aa5681669e71d75,300,12,p_0.66_stores_10_nearest_restaurant,factorial_cell,0.66,1.0,1.0,10,nearest_restaurant,baseline,False,0.4513888888888889,0.2777777777777778,-0.1736111111111111,0.8574255248983181,0.569935882213251,-0.28748964268506716,0.030106530801296896,0.023208587177255584,-0.006897943624041312,0.43333333333333335,0.22333333333333333,-0.21000000000000002,0.5533333333333333,0.76,0.20666666666666667,0.013333333333333334,0.016666666666666666,0.0033333333333333322,56.12307692307692,55.8955223880597,-0.22755453501721945,0.7575757575757576,1.463768115942029,0.7061923583662715,0.6946308724832215,0.7785234899328859,0.08389261744966436,8.530303030303031,7.36231884057971,-1.1679841897233212,33.13076923076923,33.059701492537314,-0.07106773823191759,4357.24819071,2482.92226304,-1874.32592767,16859.92,9118.12,-7741.799999999997,13017.336142623333,7609.328403626667,-5408.007738996666,11102.586666666666,4522.12,-6580.466666666666,1992.923076923077,2585.25,592.3269230769231,259080,206820,-52260,863.6,689.4,-174.20000000000005,1992.923076923077,3086.865671641791,1093.942594718714,0.5264467592592592,0.48738425925925927,-0.039062499999999944,277564.6666666667,113053.0,-164511.6666666667,-0.7061923583662715,-93.21739130434784,-50,-4020.0,,-38.46153846153847,-20.17137563686892,0.5244557665585918
1,42,f870b278390b79455a770c93a42a62b9d997292d4cecfafe5aa5681669e71d75,300,12,p_0.66_stores_10_nearest_customer,factorial_cell,0.66,1.0,1.0,10,nearest_customer,baseline,False,0.4513888888888889,0.23958333333333334,-0.21180555555555555,0.8574255248983181,0.4920370810553839,-0.36538844384293423,0.030106530801296896,0.020444444444444446,-0.00966208635685245,0.43333333333333335,0.21,-0.22333333333333336,0.5533333333333333,0.7766666666666666,0.22333333333333327,0.013333333333333334,0.013333333333333334,0.0,56.12307692307692,54.0,-2.1230769230769226,0.7575757575757576,1.34375,0.5861742424242424,0.6946308724832215,0.9466666666666667,0.2520357941834451,8.530303030303031,6.984375,-1.5459280303030312,33.13076923076923,31.666666666666668,-1.4641025641025642,4357.24819071,2310.32626549,-2046.92192522,16859.92,8011.59,-8848.329999999998,13017.336142623333,7265.4494011766665,-5751.886741446667,11102.586666666666,3511.59,-7590.996666666666,1992.923076923077,2934.782608695652,941.8595317725751,259080,202500,-56580,863.6,675.0,-188.60000000000002,1992.923076923077,3214.285714285714,1221.3626373626373,0.5264467592592592,0.48692129629629627,-0.03952546296296294,277564.6666666667,87789.75,-189774.9166666667,-0.5861742424242424,-77.375,-61,-9430.0,,-46.92307692307692,-21.838814265863824,0.465417353206934
1,42,f870b278390b79455a770c93a42a62b9d997292d4cecfafe5aa5681669e71d75,300,12,p_0.66_stores_15_uniform,factorial_cell,0.66,1.0,1.0,15,uniform,baseline,False,0.4513888888888889,0.22916666666666666,-0.22222222222222224,0.8574255248983181,0.4780876494023904,-0.37933787549592773,0.030106530801296896,0.01987353206865402,-0.010232998732642877,0.43333333333333335,0.20666666666666667,-0.22666666666666668,0.5533333333333333,0.7833333333333333,0.22999999999999998,0.013333333333333334,0.01,-0.003333333333333334,56.12307692307692,55.564516129032256,-0.5585607940446664,0.7575757575757576,1.435483870967742,0.6779081133919844,0.6946308724832215,0.8160535117056856,0.1214226392224641,8.530303030303031,6.225806451612903,-2.304496578690128,33.13076923076923,34.354838709677416,1.2240694789081843,4357.24819071,2237.4678032,-2119.78038751,16859.92,8539.44,-8320.479999999998,13017.336142623333,6730.745530133333,-6286.59061249,11102.586666666666,4111.44,-6991.1466666666665,1992.923076923077,3019.090909090909,1026.167832167832,259080,199260,-59820,863.6,664.2,-199.39999999999998,1992.923076923077,3213.8709677419356,1220.9478908188587,0.5264467592592592,0.47934027777777777,-0.047106481481481444,277564.6666666667,102786.0,-174778.6666666667,-0.6779081133919844,-89.48387096774194,-64,-14955.0,,-49.23076923076923,-23.089393237610004,0.4690033001389532
1,42,f870b278390b79455a770c93a42a62b9d997292d4cecfafe5aa5681669e71d75,300,12,p_0.66_stores_15_nearest_restaurant,factorial_cell,0.66,1.0,1.0,15,nearest_restaurant,baseline,False,0.4513888888888889,0.3194444444444444,-0.13194444444444448,0.8574255248983181,0.6530225955282148,-0.2044029293701033,0.030106530801296896,0.02592644779484289,-0.004180083006454005,0.43333333333333335,0.24333333333333335,-0.19,0.5533333333333333,0.7433333333333333,0.18999999999999995,0.013333333333333334,0.013333333333333334,0.0,56.12307692307692,58.83561643835616,2.7125395152792393,0.7575757575757576,0.8243243243243243,0.06674856674856677,0.6946308724832215,0.8433333333333334,0.14870246085011185,8.530303030303031,10.0,1.4696969696969688,33.13076923076923,33.9041095890411,0.7733403582718665,4357.24819071,2907.9469716,-1449.3012191100001,16859.92,10201.19,-6658.729999999998,13017.336142623333,9098.939695066667,-3918.3964475566663,11102.586666666666,5469.856666666667,-5632.73,1992.923076923077,2314.2391304347825,321.3160535117056,259080,212910,-46170,863.6,709.7,-153.89999999999998,1992.923076923077,2916.5753424657532,923.6522655426763,0.5264467592592592,0.48917824074074073,-0.03726851851851848,277564.6666666667,136746.41666666666,-140818.25000000003,-0.06674856674856677,-8.810810810810814,-38,-2430.0,,-29.230769230769234,-17.820750347383047,0.609657248726262
1,42,f870b278390b79455a770c93a42a62b9d997292d4cecfafe5aa5681669e71d75,300,12,p_0.66_stores_15_nearest_customer,factorial_cell,0.66,1.0,1.0,15,nearest_customer,baseline,False,0.4513888888888889,0.2222222222222222,-0.22916666666666669,0.8574255248983181,0.4649473301852524,-0.3924781947130657,0.030106530801296896,0.01931200965600483,-0.010794521145292068,0.43333333333333335,0.2,-0.23333333333333334,0.5533333333333333,0.79,0.2366666666666667,0.013333333333333334,0.01,-0.003333333333333334,56.12307692307692,53.03333333333333,-3.089743589743591,0.7575757575757576,1.4833333333333334,0.7257575757575758,0.6946308724832215,0.8662207357859532,0.17158986330273163,8.530303030303031,6.533333333333333,-1.996969696969698,33.13076923076923,31.45,-1.6807692307692328,4357.24819071,2135.19546384,-2222.0527268700002,16859.92,7526.75,-9333.169999999998,13017.336142623333,6666.755202826666,-6350.580939796667,11102.586666666666,3108.0833333333335,-7994.503333333332,1992.923076923077,3106.875,1113.951923076923,259080,198840,-60240,863.6,662.8,-200.80000000000007,1992.923076923077,3314.0,1321.076923076923,0.5264467592592592,0.4779513888888889,-0.04849537037037033,277564.6666666667,77702.08333333333,-199862.58333333337,-0.7257575757575758,-95.80000000000001,-66,-15060.0,,-50.76923076923077,-23.251505326540066,0.4579841958257892
1,42,f870b278390b79455a770c93a42a62b9d997292d4cecfafe5aa5681669e71d75,300,12,p_0.66_stores_20_uniform,factorial_cell,0.66,1.0,1.0,20,uniform,baseline,False,0.4513888888888889,0.22916666666666666,-0.22222222222222224,0.8574255248983181,0.4677533664068037,-0.38967215849151443,0.030106530801296896,0.019039376893119863,-0.011067153908177033,0.43333333333333335,0.21333333333333335,-0.22,0.5533333333333333,0.7733333333333333,0.21999999999999997,0.013333333333333334,0.013333333333333334,0.0,56.12307692307692,56.78125,0.6581730769230774,0.7575757575757576,1.7692307692307692,1.0116550116550116,0.6946308724832215,0.7751677852348994,0.08053691275167785,8.530303030303031,5.861538461538461,-2.66876456876457,33.13076923076923,34.28125,1.150480769230768,4357.24819071,2188.05104011,-2169.1971506,16859.92,8691.93,-8167.989999999998,13017.336142623333,6448.5466265566665,-6568.789516066667,11102.586666666666,4069.93,-7032.656666666666,1992.923076923077,3151.3636363636365,1158.4405594405596,259080,207990,-51090,863.6,693.3,-170.30000000000007,1992.923076923077,3249.84375,1256.920673076923,0.5264467592592592,0.48993055555555554,-0.036516203703703676,277564.6666666667,101748.25,-175816.4166666667,-1.0116550116550116,-133.53846153846155,-64,-25545.0,,-49.23076923076923,-19.719777674849468,0.4005579840203798
1,42,f870b278390b79455a770c93a42a62b9d997292d4cecfafe5aa5681669e71d75,300,12,p_0.66_stores_20_nearest_restaurant,factorial_cell,0.66,1.0,1.0,20,nearest_restaurant,baseline,False,0.4513888888888889,0.3263888888888889,-0.125,0.8574255248983181,0.6589554854539081,-0.19847003944441,0.030106530801296896,0.025856140833447942,-0.004250389967848954,0.43333333333333335,0.24666666666666667,-0.18666666666666668,0.5533333333333333,0.7433333333333333,0.18999999999999995,0.013333333333333334,0.01,-0.003333333333333334,56.12307692307692,57.41891891891892,1.2958419958419967,0.7575757575757576,0.6216216216216216,-0.13595413595413597,0.6946308724832215,0.7171717171717171,0.022540844688495598,8.530303030303031,10.27027027027027,1.739967239967239,33.13076923076923,32.648648648648646,-0.4821205821205865,4357.24819071,3068.93261521,-1288.3155754999998,16859.92,9907.94,-6951.979999999998,13017.336142623333,9938.581718123334,-3078.754424499999,11102.586666666666,5060.606666666667,-6041.98,1992.923076923077,2320.531914893617,327.60883797054,259080,218130,-40950,863.6,727.1,-136.5,1992.923076923077,2947.7027027027025,954.7796257796256,0.5264467592592592,0.4953125,-0.031134259259259223,277564.6666666667,126515.16666666667,-151049.5,0.13595413595413597,17.945945945945947,-36,-2047.5,,-27.692307692307693,-15.805928670680872,0.5707696464412537
1,42,f870b278390b79455a770c93a42a62b9d997292d4cecfafe5aa5681669e71d75,300,12,p_0.66_stores_20_nearest_customer,factorial_cell,0.66,1.0,1.0,20,nearest_customer,baseline,False,0.4513888888888889,0.1875,-0.2638888888888889,0.8574255248983181,0.3907851887588952,-0.46664033613942296,0.030106530801296896,0.01630188679245283,-0.013804644008844066,0.43333333333333335,0.17333333333333334,-0.26,0.5533333333333333,0.8133333333333334,0.26,0.013333333333333334,0.013333333333333334,0.0,56.12307692307692,56.09615384615385,-0.02692307692307594,0.7575757575757576,1.1132075471698113,0.3556317895940537,0.6946308724832215,0.8528428093645485,0.15821193688132695,8.530303030303031,7.943396226415095,-0.5869068038879366,33.13076923076923,32.80769230769231,-0.3230769230769255,4357.24819071,1843.41748228,-2513.83070843,16859.92,6772.12,-10087.8,13017.336142623333,5648.49051772,-7368.845624903333,11102.586666666666,2355.4533333333334,-8747.133333333333,1992.923076923077,3680.5555555555557,1687.6324786324788,259080,198750,-60330,863.6,662.5,-201.10000000000002,1992.923076923077,3822.1153846153848,1829.1923076923078,0.5264467592592592,0.47980324074074077,-0.046643518518518445,277564.6666666667,58886.333333333336,-218678.33333333334,-0.3556317895940537,-46.94339622641509,-76,-30165.0,,-58.46153846153847,-23.28624363131079,0.39831732527242136
2,43,18ebb2b7c75ab008f1a899b9ec13a0db0b1a98ff7363db46ce8b697e3d7fb4d3,300,12,p_0.22_stores_10_uniform,factorial_cell,0.22,1.0,1.0,10,uniform,baseline,False,0.4513888888888889,0.3958333333333333,-0.05555555555555558,0.8679203293646378,0.7736681370885646,-0.09425219227607318,0.03046280023432923,0.027852430979721475,-0.0026103692546077563,0.43333333333333335,0.37333333333333335,-0.06,0.56,0.62,0.05999999999999994,0.006666666666666667,0.006666666666666667,0.0,55.8,54.830357142857146,-0.9696428571428513,0.8549618320610687,1.238938053097345,0.3839762210362764,0.67,0.7033333333333334,0.033333333333333326,8.396946564885496,7.132743362831858,-1.264203202053638,32.60769230769231,32.42857142857143,-0.17912087912088026,4270.9152412,3787.34209954,-483.57314166000015,16617.5,14298.87,-2318.629999999999,12723.538092133333,11454.058567126667,-1269.4795250066654,10927.5,8841.536666666667,-2085.963333333333,1969.6153846153845,2154.2105263157896,184.59514170040507,256050,245580,-10470,853.5,818.6,-34.89999999999998,1969.6153846153845,2192.6785714285716,223.06318681318703,0.5200810185185185,0.5116319444444445,-0.008449074074074026,273187.5,221038.41666666666,-52149.08333333334,-0.3839762210362764,-44.911504424778755,-16,-5235.0,,-12.307692307692308,-4.089045108377269,0.3322349150556531
2,43,18ebb2b7c75ab008f1a899b9ec13a0db0b1a98ff7363db46ce8b697e3d7fb4d3,300,12,p_0.22_stores_10_nearest_restaurant,factorial_cell,0.22,1.0,1.0,10,nearest_restaurant,baseline,False,0.4513888888888889,0.3993055555555556,-0.052083333333333315,0.8679203293646378,0.7804546996946047,-0.08746562967003313,0.03046280023432923,0.028210474671899913,-0.002252325562429318,0.43333333333333335,0.36666666666666664,-0.06666666666666671,0.56,0.6233333333333333,0.06333333333333324,0.006666666666666667,0.01,0.003333333333333333,55.8,56.836363636363636,1.0363636363636388,0.8549618320610687,1.135135135135135,0.2801733030740664,0.67,0.7157190635451505,0.04571906354515043,8.396946564885496,8.81981981981982,0.4228732549343235,32.60769230769231,33.3,0.6923076923076863,4270.9152412,3913.8926,-357.0226412000002,16617.5,14510.01,-2107.49,12723.538092133333,11941.180733333333,-782.3573587999999,10927.5,9074.676666666666,-1852.8233333333337,1969.6153846153845,2126.8695652173915,157.25418060200695,256050,244590,-11460,853.5,815.3,-38.200000000000045,1969.6153846153845,2223.5454545454545,253.93006993006998,0.5200810185185185,0.5116319444444445,-0.008449074074074026,273187.5,226866.91666666666,-46320.58333333334,-0.2801733030740664,-32.77027027027027,-15,-2292.0,,-11.538461538461538,-4.475688342120679,0.3878929896504589
2,43,18ebb2b7c75ab008f1a899b9ec13a0db0b1a98ff7363db46ce8b697e3d7fb4d3,300,12,p_0.22_stores_10_nearest_customer,factorial_cell,0.22,1.0,1.0,10,nearest_customer,baseline,False,0.4513888888888889,0.3854166666666667,-0.06597222222222221,0.8679203293646378,0.7649018031468933,-0.10301852621774454,0.03046280023432923,0.027994955863808322,-0.0024678443705209094,0.43333333333333335,0.3566666666666667,-0.07666666666666666,0.56,0.6333333333333333,0.07333333333333325,0.006666666666666667,0.01,0.003333333333333333,55.8,55.61682242990654,-0.1831775700934557,0.8549618320610687,1.287037037037037,0.4320752049759683,0.67,0.6454849498327759,-0.024515050167224106,8.396946564885496,6.87037037037037,-1.5265761945151262,32.60769230769231,33.58878504672897,0.9810927390366615,4270.9152412,3727.28065844,-543.6345827600003,16617.5,14259.77,-2357.7299999999996,12723.538092133333,11198.94334156,-1524.594750573333,10927.5,8973.103333333333,-1954.3966666666674,1969.6153846153845,2143.2432432432433,173.6278586278588,256050,237900,-18150,853.5,793.0,-60.5,1969.6153846153845,2223.3644859813085,253.74910136592393,0.5200810185185185,0.5038773148148148,-0.01620370370370372,273187.5,224327.58333333334,-48859.91666666666,-0.4320752049759683,-50.53736772486772,-19,-4537.5,,-14.615384615384617,-7.088459285295841,0.4849998458360312
2,43,18ebb2b7c75ab008f1a899b9ec13a0db0b1a98ff7363db46ce8b697e3d7fb4d3,300,12,p_0.22_stores_15_uniform,factorial_cell,0.22,1.0,1.0,15,uniform,baseline,False,0.4513888888888889,0.3680555555555556,-0.08333333333333331,0.8679203293646378,0.7188065099457505,-0.14911381941888735,0.03046280023432923,0.026021848533202406,-0.004440951701126825,0.43333333333333335,0.35,-0.08333333333333337,0.56,0.64,0.07999999999999996,0.006666666666666667,0.01,0.003333333333333333,55.8,56.99047619047619,1.1904761904761898,0.8549618320610687,1.1886792452830188,0.33371741322195014,0.67,0.7233333333333334,0.053333333333333344,8.396946564885496,7.679245283018868,-0.7177012818666286,32.60769230769231,34.22857142857143,1.620879120879117,4270.9152412,3584.60627348,-686.3089677200005,16617.5,14107.28,-2510.2199999999993,12723.538092133333,10616.26172652,-2107.276365613332,10927.5,8675.946666666667,-2251.5533333333333,1969.6153846153845,2305.754716981132,336.13933236574735,256050,244410,-11640,853.5,814.7,-38.799999999999955,1969.6153846153845,2327.714285714286,358.09890109890125,0.5200810185185185,0.5120370370370371,-0.008043981481481444,273187.5,216898.66666666666,-56288.83333333334,-0.33371741322195014,-39.033018867924525,-24,-11640.0,,-18.461538461538463,-4.545987111892209,0.24624096856082794
2,43,18ebb2b7c75ab008f1a899b9ec13a0db0b1a98ff7363db46ce8b697e3d7fb4d3,300,12,p_0.22_stores_15_nearest_restaurant,factorial_cell,0.22,1.0,1.0,15,nearest_restaurant,baseline,False,0.4513888888888889,0.4479166666666667,-0.00347222222222221,0.8679203293646378,0.8751696065128901,0.007249277148252298,0.03046280023432923,0.03194650817236255,0.001483707938033322,0.43333333333333335,0.39666666666666667,-0.03666666666666668,0.56,0.5933333333333334,0.033333333333333326,0.006666666666666667,0.01,0.003333333333333333,55.8,54.60504201680672,-1.1949579831932766,0.8549618320610687,1.3083333333333333,0.45337150127226467,0.67,0.6409395973154363,-0.02906040268456378,8.396946564885496,8.016666666666667,-0.3802798982188289,32.60769230769231,31.6218487394958,-0.9858435681965112,4270.9152412,4293.91064359,22.99540238999998,16617.5,14920.56,-1696.9400000000005,12723.538092133333,13491.455023076667,767.9169309433346,10927.5,9536.56,-1390.9400000000005,1969.6153846153845,1878.139534883721,-91.47584973166363,256050,242280,-13770,853.5,807.6,-45.89999999999998,1969.6153846153845,2035.9663865546217,66.35100193923722,0.5200810185185185,0.5118055555555555,-0.008275462962962998,273187.5,238414.0,-34773.5,-0.45337150127226467,-53.02827380952382,-1,-1377.0,,-0.7692307692307693,-5.377855887521968,6.991212653778558
2,43,18ebb2b7c75ab008f1a899b9ec13a0db0b1a98ff7363db46ce8b697e3d7fb4d3,300,12,p_0.22_stores_15_nearest_customer,factorial_cell,0.22,1.0,1.0,15,nearest_customer,baseline,False,0.4513888888888889,0.3854166666666667,-0.06597222222222221,0.8679203293646378,0.7511842995713963,-0.11673602979324149,0.03046280023432923,0.02776735459662289,-0.0026954456377063403,0.43333333333333335,0.36,-0.07333333333333336,0.56,0.6266666666666667,0.06666666666666665,0.006666666666666667,0.013333333333333334,0.006666666666666667,55.8,54.398148148148145,-1.401851851851852,0.8549618320610687,1.2342342342342343,0.3792724021731656,0.67,0.7166666666666667,0.046666666666666634,8.396946564885496,6.414414414414415,-1.9825321504710818,32.60769230769231,32.620370370370374,0.012678062678062929,4270.9152412,3767.47626114,-503.4389800600002,16617.5,13919.6,-2697.8999999999996,12723.538092133333,11513.104405526667,-1210.433686606666,10927.5,8589.6,-2337.8999999999996,1969.6153846153845,2160.810810810811,191.1954261954263,256050,239850,-16200,853.5,799.5,-54.0,1969.6153846153845,2220.8333333333335,251.21794871794896,0.5200810185185185,0.5130787037037037,-0.007002314814814836,273187.5,214740.0,-58447.5,-0.3792724021731656,-44.36132561132562,-19,-5400.0,,-14.615384615384617,-6.32688927943761,0.4328924243825733
2,43,18ebb2b7c75ab008f1a899b9ec13a0db0b1a98ff7363db46ce8b697e3d7fb4d3,300,12,p_0.22_stores_20_uniform,factorial_cell,0.22,1.0,1.0,20,uniform,baseline,False,0.4513888888888889,0.3715277777777778,-0.0798611111111111,0.8679203293646378,0.7314572177281531,-0.13646311163648472,0.03046280023432923,0.02681704260651629,-0.00364575762781294,0.43333333333333335,0.35,-0.08333333333333337,0.56,0.6433333333333333,0.08333333333333326,0.006666666666666667,0.006666666666666667,0.0,55.8,56.40952380952381,0.6095238095238145,0.8549618320610687,1.019047619047619,0.1640857869865503,0.67,0.6588628762541806,-0.011137123745819433,8.396946564885496,8.428571428571429,0.031624863685932425,32.60769230769231,32.80952380952381,0.20183150183149934,4270.9152412,3593.76400667,-677.1512345300002,16617.5,13516.87,-3100.629999999999,12723.538092133333,10888.649659996667,-1834.8884321366659,10927.5,8196.87,-2730.629999999999,1969.6153846153845,2237.3831775700933,267.76779295470874,256050,239400,-16650,853.5,798.0,-55.5,1969.6153846153845,2280.0,310.3846153846155,0.5200810185185185,0.5079282407407407,-0.01215277777777779,273187.5,204921.75,-68265.75,-0.1640857869865503,-19.192176870748295,-23,-8325.0,,-17.692307692307693,-6.502636203866433,0.36754030717505926
2,43,18ebb2b7c75ab008f1a899b9ec13a0db0b1a98ff7363db46ce8b697e3d7fb4d3,300,12,p_0.22_stores_20_nearest_restaurant,factorial_cell,0.22,1.0,1.0,20,nearest_restaurant,baseline,False,0.4513888888888889,0.4166666666666667,-0.03472222222222221,0.8679203293646378,0.8055493398970687,-0.06237098946756914,0.03046280023432923,0.02928972418843056,-0.0011730760458986723,0.43333333333333335,0.37333333333333335,-0.06,0.56,0.62,0.05999999999999994,0.006666666666666667,0.006666666666666667,0.0,55.8,56.86607142857143,1.0660714285714334,0.8549618320610687,1.3303571428571428,0.4753953107960741,0.67,0.6956521739130435,0.02565217391304342,8.396946564885496,8.857142857142858,0.46019629225736125,32.60769230769231,33.080357142857146,0.47266483516483504,4270.9152412,4004.31297621,-266.6022649900001,16617.5,14646.86,-1970.6399999999994,12723.538092133333,12294.714690456667,-428.8234016766655,10927.5,9184.193333333333,-1743.3066666666673,1969.6153846153845,2048.5,78.88461538461547,256050,245820,-10230,853.5,819.4,-34.10000000000002,1969.6153846153845,2194.8214285714284,225.2060439560439,0.5200810185185185,0.5172453703703703,-0.0028356481481481843,273187.5,229604.83333333334,-43582.66666666666,-0.4753953107960741,-55.60427295918367,-10,-1278.75,,-7.6923076923076925,-3.9953134153485648,0.5193907439953134
2,43,18ebb2b7c75ab008f1a899b9ec13a0db0b1a98ff7363db46ce8b697e3d7fb4d3,300,12,p_0.22_stores_20_nearest_customer,factorial_cell,0.22,1.0,1.0,20,nearest_customer,baseline,False,0.4513888888888889,0.3715277777777778,-0.0798611111111111,0.8679203293646378,0.7374224672639559,-0.13049786210068193,0.03046280023432923,0.027261146496815287,-0.0032016537375139445,0.43333333333333335,0.3466666666666667,-0.08666666666666667,0.56,0.6466666666666666,0.08666666666666656,0.006666666666666667,0.006666666666666667,0.0,55.8,55.125,-0.6749999999999972,0.8549618320610687,1.2211538461538463,0.3661920140927776,0.67,0.6588628762541806,-0.011137123745819433,8.396946564885496,7.394230769230769,-1.0027157956547272,32.60769230769231,32.82692307692308,0.21923076923076934,4270.9152412,3669.06015326,-601.8550879400004,16617.5,13473.86,-3143.6399999999994,12723.538092133333,11244.50584674,-1479.0322453933331,10927.5,8240.526666666667,-2686.9733333333334,1969.6153846153845,2200.9345794392525,231.31919482386797,256050,235500,-20550,853.5,785.0,-68.5,1969.6153846153845,2264.423076923077,294.8076923076926,0.5200810185185185,0.5038194444444445,-0.016261574074074026,273187.5,206013.16666666666,-67174.33333333334,-0.3661920140927776,-42.83138736263738,-23,-6850.0,,-17.692307692307693,-8.025776215582894,0.4536308295764244
2,43,18ebb2b7c75ab008f1a899b9ec13a0db0b1a98ff7363db46ce8b697e3d7fb4d3,300,12,p_0.44_stores_10_uniform,factorial_cell,0.44,1.0,1.0,10,uniform,baseline,False,0.4513888888888889,0.2951388888888889,-0.15625,0.8679203293646378,0.5955856592315777,-0.2723346701330601,0.03046280023432923,0.02268784198585346,-0.00777495824847577,0.43333333333333335,0.27666666666666667,-0.15666666666666668,0.56,0.7166666666666667,0.15666666666666662,0.006666666666666667,0.006666666666666667,0.0,55.8,56.325301204819276,0.5253012048192787,0.8549618320610687,1.2738095238095237,0.41884769174845504,0.67,0.66,-0.010000000000000009,8.396946564885496,7.142857142857143,-1.2540894220283532,32.60769230769231,34.16867469879518,1.5609823911028684,4270.9152412,2918.99580435,-1351.9194368500002,16617.5,11159.14,-5458.360000000001,12723.538092133333,8773.632528983333,-3949.9055631499996,10927.5,6163.806666666666,-4763.693333333334,1969.6153846153845,2644.5882352941176,674.972850678733,256050,224790,-31260,853.5,749.3,-104.20000000000005,1969.6153846153845,2708.3132530120483,738.6978683966638,0.5200810185185185,0.4955439814814815,-0.024537037037037024,273187.5,154095.16666666666,-119092.33333333334,-0.41884769174845504,-48.99022108843536,-45,-15630.0,,-34.61538461538461,-12.20855301698887,0.3526915316019007
2,43,18ebb2b7c75ab008f1a899b9ec13a0db0b1a98ff7363db46ce8b697e3d7fb4d3,300,12,p_0.44_stores_10_nearest_restaurant,factorial_cell,0.44,1.0,1.0,10,nearest_restaurant,baseline,False,0.4513888888888889,0.3229166666666667,-0.1284722222222222,0.8679203293646378,0.6583294006606889,-0.2095909287039489,0.03046280023432923,0.025101214574898785,-0.005361585659430446,0.43333333333333335,0.27666666666666667,-0.15666666666666668,0.56,0.7166666666666667,0.15666666666666662,0.006666666666666667,0.006666666666666667,0.0,55.8,55.93975903614458,0.13975903614458218,0.8549618320610687,1.2530120481927711,0.39805021613170244,0.67,0.6174496644295302,-0.05255033557046984,8.396946564885496,8.144578313253012,-0.25236825163248433,32.60769230769231,33.16867469879518,0.5609823911028684,4270.9152412,3299.31043105,-971.6048101500005,16617.5,11088.76,-5528.74,12723.538092133333,10513.53456895,-2210.0035231833317,10927.5,6148.76,-4778.74,1969.6153846153845,2390.3225806451615,420.7071960297769,256050,222300,-33750,853.5,741.0,-112.5,1969.6153846153845,2678.3132530120483,708.6978683966638,0.5200810185185185,0.49050925925925926,-0.029571759259259256,273187.5,153719.0,-119468.5,-0.39805021613170244,-46.557659208261626,-37,-3375.0,,-28.46153846153846,-13.181019332161686,0.46311689545432955
2,43,18ebb2b7c75ab008f1a899b9ec13a0db0b1a98ff7363db46ce8b697e3d7fb4d3,300,12,p_0.44_stores_10_nearest_customer,factorial_cell,0.44,1.0,1.0,10,nearest_customer,baseline,False,0.4513888888888889,0.2916666666666667,-0.1597222222222222,0.8679203293646378,0.5993578308954691,-0.2685624984691687,0.03046280023432923,0.023214038966422552,-0.007248761267906679,0.43333333333333335,0.26666666666666666,-0.16666666666666669,0.56,0.7233333333333334,0.16333333333333333,0.006666666666666667,0.01,0.003333333333333333,55.8,53.9,-1.8999999999999986,0.8549618320610687,1.6296296296296295,0.7746677975685609,0.67,0.6833333333333333,0.013333333333333308,8.396946564885496,6.444444444444445,-1.9525021204410518,32.60769230769231,32.9125,0.30480769230769056,4270.9152412,2787.73226864,-1483.1829725600005,16617.5,10470.98,-6146.52,12723.538092133333,8452.05173136,-4271.486360773333,10927.5,5646.3133333333335,-5281.1866666666665,1969.6153846153845,2584.6428571428573,615.0274725274728,256050,217110,-38940,853.5,723.7,-129.79999999999995,1969.6153846153845,2713.875,744.2596153846155,0.5200810185185185,0.48663194444444446,-0.03344907407407405,273187.5,141157.83333333334,-132029.66666666666,-0.7746677975685609,-90.60846560846561,-46,-9735.0,,-35.38461538461539,-15.20796719390744,0.4297903772191233
2,43,18ebb2b7c75ab008f1a899b9ec13a0db0b1a98ff7363db46ce8b697e3d7fb4d3,300,12,p_0.44_stores_15_uniform,factorial_cell,0.44,1.0,1.0,15,uniform,baseline,True,0.4513888888888889,0.2847222222222222,-0.16666666666666669,0.8679203293646378,0.5805309734513274,-0.2873893559133104,0.03046280023432923,0.022096469954190245,-0.008366330280138987,0.43333333333333335,0.27,-0.16333333333333333,0.56,0.7233333333333334,0.16333333333333333,0.006666666666666667,0.006666666666666667,0.0,55.8,56.7037037037037,0.9037037037037052,0.8549618320610687,1.2222222222222223,0.36726039016115364,0.67,0.6789297658862876,0.008929765886287577,8.396946564885496,7.2592592592592595,-1.1376873056262369,32.60769230769231,34.67901234567901,2.071320037986702,4270.9152412,2802.21567875,-1468.6995624500005,16617.5,11018.38,-5599.120000000001,12723.538092133333,8302.945987916666,-4420.5921042166665,10927.5,6070.38,-4857.12,1969.6153846153845,2715.3658536585367,745.7504690431522,256050,222660,-33390,853.5,742.2,-111.29999999999995,1969.6153846153845,2748.8888888888887,779.2735042735042,0.5200810185185185,0.4904513888888889,-0.029629629629629617,273187.5,151759.5,-121428.0,-0.36726039016115364,-42.95634920634922,-48,-33390.0,,-36.92307692307693,-13.040421792618629,0.3531780902167545
2,43,18ebb2b7c75ab008f1a899b9ec13a0db0b1a98ff7363db46ce8b697e3d7fb4d3,300,12,p_0.44_stores_15_nearest_restaurant,factorial_cell,0.44,1.0,1.0,15,nearest_restaurant,baseline,False,0.4513888888888889,0.3333333333333333,-0.11805555555555558,0.8679203293646378,0.6810120595885552,-0.18690826977608266,0.03046280023432923,0.026183008318559936,-0.004279791915769295,0.43333333333333335,0.27666666666666667,-0.15666666666666668,0.56,0.7166666666666667,0.15666666666666662,0.006666666666666667,0.006666666666666667,0.0,55.8,56.71084337349398,0.9108433734939823,0.8549618320610687,0.9036144578313253,0.04865262577025664,0.67,0.7033333333333334,0.033333333333333326,8.396946564885496,8.698795180722891,0.301848615837395,32.60769230769231,33.19277108433735,0.5850787766450409,4270.9152412,3195.97334473,-1074.9418964700003,16617.5,11112.22,-5505.280000000001,12723.538092133333,10039.07965527,-2684.458436863333,10927.5,6223.553333333333,-4703.946666666667,1969.6153846153845,2291.5625,321.9471153846155,256050,219990,-36060,853.5,733.3,-120.20000000000005,1969.6153846153845,2650.4819277108436,680.8665430954591,0.5200810185185185,0.4894675925925926,-0.03061342592592592,273187.5,155588.83333333334,-117598.66666666666,-0.04865262577025664,-5.690619621342518,-34,-2773.846153846154,,-26.153846153846157,-14.083186877562975,0.5384747923774078
2,43,18ebb2b7c75ab008f1a899b9ec13a0db0b1a98ff7363db46ce8b697e3d7fb4d3,300,12,p_0.44_stores_15_nearest_customer,factorial_cell,0.44,1.0,1.0,15,nearest_customer,baseline,False,0.4513888888888889,0.2708333333333333,-0.18055555555555558,0.8679203293646378,0.556745182012848,-0.31117514735178986,0.03046280023432923,0.021095334685598377,-0.009367465548730854,0.43333333333333335,0.25666666666666665,-0.1766666666666667,0.56,0.7366666666666667,0.17666666666666664,0.006666666666666667,0.006666666666666667,0.0,55.8,56.324675324675326,0.5246753246753286,0.8549618320610687,1.0769230769230769,0.2219612448620082,0.67,0.6220735785953178,-0.047926421404682285,8.396946564885496,6.948717948717949,-1.4482286161675475,32.60769230769231,34.36363636363637,1.755944055944056,4270.9152412,2660.85157697,-1610.06366423,16617.5,10388.87,-6228.629999999999,12723.538092133333,7912.92542303,-4810.612669103332,10927.5,5458.87,-5468.63,1969.6153846153845,2844.230769230769,874.6153846153845,256050,221850,-34200,853.5,739.5,-114.0,1969.6153846153845,2881.1688311688313,911.5534465534467,0.5200810185185185,0.4864583333333333,-0.033622685185185186,273187.5,136471.75,-136715.75,-0.2219612448620082,-25.96153846153846,-52,-34200.0,,-40.0,-13.356766256590511,0.3339191564147628
2,43,18ebb2b7c75ab008f1a899b9ec13a0db0b1a98ff7363db46ce8b697e3d7fb4d3,300,12,p_0.44_stores_20_uniform,factorial_cell,0.44,1.0,1.0,20,uniform,baseline,False,0.4513888888888889,0.2951388888888889,-0.15625,0.8679203293646378,0.6079389676957921,-0.25998136166884567,0.03046280023432923,0.022627445760681486,-0.007835354473647745,0.43333333333333335,0.2733333333333333,-0.16000000000000003,0.56,0.7166666666666667,0.15666666666666662,0.006666666666666667,0.01,0.003333333333333333,55.8,55.853658536585364,0.05365853658536679,0.8549618320610687,1.2289156626506024,0.3739538305895337,0.67,0.6833333333333333,0.013333333333333308,8.396946564885496,7.036144578313253,-1.3608019865722438,32.60769230769231,34.25609756097561,1.6484052532833005,4270.9152412,2891.11512823,-1379.80011297,16617.5,11096.58,-5520.92,12723.538092133333,8672.594538436666,-4050.9435536966666,10927.5,6087.913333333333,-4839.586666666667,1969.6153846153845,2651.6470588235293,682.0316742081448,256050,225390,-30660,853.5,751.3,-102.20000000000005,1969.6153846153845,2748.6585365853657,779.0431519699812,0.5200810185185185,0.485474537037037,-0.03460648148148149,273187.5,152197.83333333334,-120989.66666666666,-0.3739538305895337,-43.739242685025815,-45,-10220.0,,-34.61538461538461,-11.974223784417106,0.3459220204387164
2,43,18ebb2b7c75ab008f1a899b9ec13a0db0b1a98ff7363db46ce8b697e3d7fb4d3,300,12,p_0.44_stores_20_nearest_restaurant,factorial_cell,0.44,1.0,1.0,20,nearest_restaurant,baseline,False,0.4513888888888889,0.3402777777777778,-0.1111111111111111,0.8679203293646378,0.6960227272727272,-0.17189760209191063,0.03046280023432923,0.02680891806866366,-0.003653882165665572,0.43333333333333335,0.27666666666666667,-0.15666666666666668,0.56,0.7133333333333334,0.15333333333333332,0.006666666666666667,0.01,0.003333333333333333,55.8,57.42168674698795,1.6216867469879546,0.8549618320610687,1.0238095238095237,0.16884769174845504,0.67,0.7333333333333333,0.06333333333333324,8.396946564885496,9.083333333333334,0.6863867684478375,32.60769230769231,33.24096385542169,0.6332715477293789,4270.9152412,3256.15221825,-1014.7630229500005,16617.5,11155.23,-5462.27,12723.538092133333,10293.19278175,-2430.3453103833326,10927.5,6281.23,-4646.27,1969.6153846153845,2238.061224489796,268.4458398744116,256050,219330,-36720,853.5,731.1,-122.39999999999998,1969.6153846153845,2642.5301204819275,672.914735866543,0.5200810185185185,0.4888888888888889,-0.03119212962962964,273187.5,157030.75,-116156.75,-0.16884769174845504,-19.74914965986394,-32,-2448.0,,-24.615384615384617,-14.340949033391915,0.5826010544815465
2,43,18ebb2b7c75ab008f1a899b9ec13a0db0b1a98ff7363db46ce8b697e3d7fb4d3,300,12,p_0.44_stores_20_nearest_customer,factorial_cell,0.44,1.0,1.0,20,nearest_customer,baseline,False,0.4513888888888889,0.28125,-0.1701388888888889,0.8679203293646378,0.5763073639274279,-0.29161296543720994,0.03046280023432923,0.021756647864625302,-0.008706152369703929,0.43333333333333335,0.26,-0.17333333333333334,0.56,0.7333333333333333,0.17333333333333323,0.006666666666666667,0.006666666666666667,0.0,55.8,55.53846153846154,-0.26153846153845706,0.8549618320610687,1.0256410256410255,0.17067919357995687,0.67,0.6321070234113713,-0.03789297658862878,8.396946564885496,7.153846153846154,-1.2431004110393422,32.60769230769231,33.91025641025641,1.302564102564098,4270.9152412,2757.86405224,-1513.0511889600002,16617.5,10431.88,-6185.620000000001,12723.538092133333,8332.87994776,-4390.658144373332,10927.5,5467.88,-5459.62,1969.6153846153845,2757.777777777778,788.1623931623933,256050,223380,-32670,853.5,744.6,-108.89999999999998,1969.6153846153845,2863.846153846154,894.2307692307693,0.5200810185185185,0.48802083333333335,-0.032060185185185164,273187.5,136697.0,-136490.5,-0.17067919357995687,-19.963369963369956,-49,-10890.0,,-37.69230769230769,-12.759226713532513,0.33851009648147484
2,43,18ebb2b7c75ab008f1a899b9ec13a0db0b1a98ff7363db46ce8b697e3d7fb4d3,300,12,p_0.66_stores_10_uniform,factorial_cell,0.66,1.0,1.0,10,uniform,baseline,False,0.4513888888888889,0.1909722222222222,-0.2604166666666667,0.8679203293646378,0.4031765424557117,-0.4647437869089261,0.03046280023432923,0.01632289657219172,-0.01413990366213751,0.43333333333333335,0.16666666666666666,-0.2666666666666667,0.56,0.8266666666666667,0.2666666666666666,0.006666666666666667,0.006666666666666667,0.0,55.8,54.08,-1.7199999999999989,0.8549618320610687,1.94,1.0850381679389312,0.67,0.6766666666666666,0.006666666666666599,8.396946564885496,6.76,-1.6369465648854966,32.60769230769231,31.78,-0.8276923076923097,4270.9152412,1776.62011258,-2494.2951286200005,16617.5,6416.31,-10201.189999999999,12723.538092133333,5487.044554086667,-7236.493538046666,10927.5,1923.6433333333334,-9003.856666666667,1969.6153846153845,3675.818181818182,1706.2027972027975,256050,202170,-53880,853.5,673.9,-179.60000000000002,1969.6153846153845,4043.4,2073.784615384616,0.5200810185185185,0.47366898148148145,-0.04641203703703706,273187.5,48091.083333333336,-225096.41666666666,-1.0850381679389312,-126.91071428571428,-75,-10776.0,,-57.692307692307686,-21.04276508494435,0.36474126147236874
2,43,18ebb2b7c75ab008f1a899b9ec13a0db0b1a98ff7363db46ce8b697e3d7fb4d3,300,12,p_0.66_stores_10_nearest_restaurant,factorial_cell,0.66,1.0,1.0,10,nearest_restaurant,baseline,False,0.4513888888888889,0.2604166666666667,-0.1909722222222222,0.8679203293646378,0.5359056806002144,-0.33201464876442344,0.03046280023432923,0.021279614129663782,-0.00918318610466545,0.43333333333333335,0.21666666666666667,-0.21666666666666667,0.56,0.7766666666666666,0.21666666666666656,0.006666666666666667,0.006666666666666667,0.0,55.8,54.53846153846154,-1.261538461538457,0.8549618320610687,1.7121212121212122,0.8571593800601435,0.67,0.7066666666666667,0.036666666666666625,8.396946564885496,6.2272727272727275,-2.169673837612769,32.60769230769231,33.323076923076925,0.7153846153846146,4270.9152412,2534.81293288,-1736.1023083200002,16617.5,8750.58,-7866.92,12723.538092133333,7986.861733786666,-4736.676358346666,10927.5,4051.2466666666664,-6876.253333333334,1969.6153846153845,2819.6,849.9846153846154,256050,211470,-44580,853.5,704.9,-148.60000000000002,1969.6153846153845,3253.3846153846152,1283.7692307692307,0.5200810185185185,0.4859375,-0.03414351851851849,273187.5,101281.16666666667,-171906.3333333333,-0.8571593800601435,-100.25703463203463,-55,-4458.0,,-42.30769230769231,-17.410661980082015,0.41152473771102943
2,43,18ebb2b7c75ab008f1a899b9ec13a0db0b1a98ff7363db46ce8b697e3d7fb4d3,300,12,p_0.66_stores_10_nearest_customer,factorial_cell,0.66,1.0,1.0,10,nearest_customer,baseline,False,0.4513888888888889,0.22569444444444445,-0.22569444444444445,0.8679203293646378,0.4702194357366772,-0.3977008936279606,0.03046280023432923,0.019496100779844032,-0.0109666994544852,0.43333333333333335,0.20666666666666667,-0.22666666666666668,0.56,0.7833333333333333,0.22333333333333327,0.006666666666666667,0.01,0.003333333333333333,55.8,54.75806451612903,-1.0419354838709651,0.8549618320610687,1.492063492063492,0.6371016600024234,0.67,0.6722408026755853,0.0022408026755852406,8.396946564885496,7.222222222222222,-1.174724342663274,32.60769230769231,32.70967741935484,0.101985111662529,4270.9152412,2181.12208968,-2089.7931515200003,16617.5,8019.41,-8598.09,12723.538092133333,6680.652576986667,-6042.885515146666,10927.5,3574.076666666667,-7353.423333333333,1969.6153846153845,3077.5384615384614,1107.923076923077,256050,200040,-56010,853.5,666.8,-186.70000000000005,1969.6153846153845,3226.451612903226,1256.8362282878413,0.5200810185185185,0.47997685185185185,-0.04010416666666666,273187.5,89351.91666666667,-183835.5833333333,-0.6371016600024234,-74.51814058956917,-65,-18670.0,,-50.0,-21.874633860574104,0.43749267721148205
2,43,18ebb2b7c75ab008f1a899b9ec13a0db0b1a98ff7363db46ce8b697e3d7fb4d3,300,12,p_0.66_stores_15_uniform,factorial_cell,0.66,1.0,1.0,15,uniform,baseline,False,0.4513888888888889,0.22569444444444445,-0.22569444444444445,0.8679203293646378,0.46807489198271723,-0.3998454373819206,0.03046280023432923,0.018505338078291814,-0.011957462156037418,0.43333333333333335,0.20333333333333334,-0.23,0.56,0.79,0.22999999999999998,0.006666666666666667,0.006666666666666667,0.0,55.8,56.21311475409836,0.4131147540983662,0.8549618320610687,1.096774193548387,0.24181236148731833,0.67,0.6174496644295302,-0.05255033557046984,8.396946564885496,7.403225806451613,-0.9937207584338834,32.60769230769231,33.68852459016394,1.0808322824716257,4270.9152412,2232.39988884,-2038.5153523600002,16617.5,8242.28,-8375.22,12723.538092133333,6824.270777826667,-5899.267314306666,10927.5,3558.9466666666667,-7368.553333333333,1969.6153846153845,3242.3076923076924,1272.6923076923078,256050,210750,-45300,853.5,702.5,-151.0,1969.6153846153845,3454.9180327868853,1485.3026481715008,0.5200810185185185,0.48217592592592595,-0.03790509259259256,273187.5,88973.66666666667,-184213.8333333333,-0.24181236148731833,-28.283410138248843,-65,-11325.0,,-50.0,-17.691857059168132,0.3538371411833626
2,43,18ebb2b7c75ab008f1a899b9ec13a0db0b1a98ff7363db46ce8b697e3d7fb4d3,300,12,p_0.66_stores_15_nearest_restaurant,factorial_cell,0.66,1.0,1.0,15,nearest_restaurant,baseline,False,0.4513888888888889,0.3715277777777778,-0.0798611111111111,0.8679203293646378,0.7347219043259328,-0.13319842503870505,0.03046280023432923,0.028682482240986462,-0.0017803179933427692,0.43333333333333335,0.2833333333333333,-0.15000000000000002,0.56,0.7066666666666667,0.1466666666666666,0.006666666666666667,0.01,0.003333333333333333,55.8,58.07058823529412,2.2705882352941202,0.8549618320610687,0.813953488372093,-0.04100834368897566,0.67,0.7,0.029999999999999916,8.396946564885496,9.430232558139535,1.0332859932540384,32.60769230769231,33.8235294117647,1.215837104072392,4270.9152412,3627.76403,-643.1512112000005,16617.5,11686.99,-4930.51,12723.538092133333,11758.162636666666,-965.3754554666666,10927.5,6712.99,-4214.51,1969.6153846153845,2091.8691588785045,122.25377426312002,256050,223830,-32220,853.5,746.1,-107.39999999999998,1969.6153846153845,2633.294117647059,663.6787330316745,0.5200810185185185,0.5056712962962963,-0.014409722222222254,273187.5,167824.75,-105362.75,0.04100834368897566,4.796511627906974,-23,-1464.5454545454545,,-17.692307692307693,-12.583479789103691,0.7112401619928173
2,43,18ebb2b7c75ab008f1a899b9ec13a0db0b1a98ff7363db46ce8b697e3d7fb4d3,300,12,p_0.66_stores_15_nearest_customer,factorial_cell,0.66,1.0,1.0,15,nearest_customer,baseline,False,0.4513888888888889,0.19791666666666666,-0.2534722222222222,0.8679203293646378,0.4112059636888301,-0.4567143656758077,0.03046280023432923,0.017173847544441095,-0.013288952689888136,0.43333333333333335,0.18666666666666668,-0.24666666666666667,0.56,0.8033333333333333,0.2433333333333333,0.006666666666666667,0.01,0.003333333333333333,55.8,56.357142857142854,0.5571428571428569,0.8549618320610687,0.8245614035087719,-0.030400428552296743,0.67,0.6833333333333333,0.013333333333333308,8.396946564885496,7.140350877192983,-1.2565956876925135,32.60769230769231,34.732142857142854,2.1244505494505432,4270.9152412,1899.51123377,-2371.40400743,16617.5,7651.87,-8965.630000000001,12723.538092133333,5556.612432896667,-7166.9256592366655,10927.5,3226.536666666667,-7700.963333333333,1969.6153846153845,3493.684210526316,1524.0688259109313,256050,199140,-56910,853.5,663.8,-189.70000000000005,1969.6153846153845,3556.0714285714284,1586.456043956044,0.5200810185185185,0.48130787037037037,-0.03877314814814814,273187.5,80663.41666666667,-192524.0833333333,0.030400428552296743,3.5557644110275657,-73,-56910.0,,-56.15384615384615,-22.22612770943175,0.3958077537296065
2,43,18ebb2b7c75ab008f1a899b9ec13a0db0b1a98ff7363db46ce8b697e3d7fb4d3,300,12,p_0.66_stores_20_uniform,factorial_cell,0.66,1.0,1.0,20,uniform,baseline,False,0.4513888888888889,0.21875,-0.2326388888888889,0.8679203293646378,0.4542723230380964,-0.4136480063265414,0.03046280023432923,0.01792573623559539,-0.01253706399873384,0.43333333333333335,0.2,-0.23333333333333334,0.56,0.7933333333333333,0.23333333333333328,0.006666666666666667,0.006666666666666667,0.0,55.8,56.65,0.8500000000000014,0.8549618320610687,1.0,0.14503816793893132,0.67,0.7233333333333334,0.053333333333333344,8.396946564885496,8.183333333333334,-0.21361323155216283,32.60769230769231,33.18333333333333,0.5756410256410192,4270.9152412,2100.34141864,-2170.5738225600003,16617.5,7968.58,-8648.92,12723.538092133333,6336.84258136,-6386.695510773333,10927.5,3282.58,-7644.92,1969.6153846153845,3347.1428571428573,1377.5274725274728,256050,210870,-45180,853.5,702.9,-150.60000000000002,1969.6153846153845,3514.5,1544.8846153846155,0.5200810185185185,0.48153935185185187,-0.03854166666666664,273187.5,82064.5,-191123.0,-0.14503816793893132,-16.96428571428572,-67,-15060.0,,-51.53846153846153,-17.64499121265378,0.34236550114104347
2,43,18ebb2b7c75ab008f1a899b9ec13a0db0b1a98ff7363db46ce8b697e3d7fb4d3,300,12,p_0.66_stores_20_nearest_restaurant,factorial_cell,0.66,1.0,1.0,20,nearest_restaurant,baseline,False,0.4513888888888889,0.3263888888888889,-0.125,0.8679203293646378,0.6657223796033995,-0.20219794976123828,0.03046280023432923,0.02571467651484065,-0.00474812371948858,0.43333333333333335,0.24666666666666667,-0.18666666666666668,0.56,0.7433333333333333,0.18333333333333324,0.006666666666666667,0.01,0.003333333333333333,55.8,57.0,1.2000000000000028,0.8549618320610687,0.7733333333333333,-0.08162849872773537,0.67,0.6833333333333333,0.013333333333333308,8.396946564885496,8.453333333333333,0.056386768447836744,32.60769230769231,33.87837837837838,1.270686070686068,4270.9152412,3051.20280147,-1219.7124397300004,16617.5,10173.82,-6443.68,12723.538092133333,9754.657531863333,-2968.8805602699995,10927.5,5299.82,-5627.68,1969.6153846153845,2333.2978723404253,363.6824877250408,256050,219330,-36720,853.5,731.1,-122.39999999999998,1969.6153846153845,2963.9189189189187,994.3035343035342,0.5200810185185185,0.49027777777777776,-0.029803240740740755,273187.5,132495.5,-140692.0,0.08162849872773537,9.547619047619047,-36,-1836.0,,-27.692307692307693,-14.340949033391915,0.5178676039835969
2,43,18ebb2b7c75ab008f1a899b9ec13a0db0b1a98ff7363db46ce8b697e3d7fb4d3,300,12,p_0.66_stores_20_nearest_customer,factorial_cell,0.66,1.0,1.0,20,nearest_customer,baseline,False,0.4513888888888889,0.1909722222222222,-0.2604166666666667,0.8679203293646378,0.4041146216017634,-0.4638057077628744,0.03046280023432923,0.016646489104116223,-0.013816311130213008,0.43333333333333335,0.17666666666666667,-0.2566666666666667,0.56,0.8166666666666667,0.2566666666666666,0.006666666666666667,0.006666666666666667,0.0,55.8,55.41509433962264,-0.3849056603773562,0.8549618320610687,0.8490566037735849,-0.005905228287483744,0.67,0.6488294314381271,-0.021170568561872938,8.396946564885496,8.660377358490566,0.26343079360506927,32.60769230769231,32.60377358490566,-0.003918722786650619,4270.9152412,1764.27344167,-2506.6417995300003,16617.5,6842.5,-9775.0,12723.538092133333,5264.59355833,-7458.944533803333,10927.5,2437.1666666666665,-8490.333333333334,1969.6153846153845,3604.3636363636365,1634.748251748252,256050,198240,-57810,853.5,660.8,-192.70000000000005,1969.6153846153845,3740.377358490566,1770.7619738751816,0.5200810185185185,0.47256944444444443,-0.04751157407407408,273187.5,60929.166666666664,-212258.33333333334,0.005905228287483744,0.6907008086253308,-75,-28905.0,,-57.692307692307686,-22.577621558289394,0.39134544034368285
3,44,f47ae80f949a781aafdac786a79f571f13ff85cc8778971262309e838f981903,300,12,p_0.22_stores_10_uniform,factorial_cell,0.22,1.0,1.0,10,uniform,baseline,False,0.4826388888888889,0.4097222222222222,-0.07291666666666669,0.9039670496423151,0.7959527824620574,-0.10801426718025775,0.032105323940408825,0.028925113371736734,-0.0031802105686720913,0.4633333333333333,0.38333333333333336,-0.07999999999999996,0.52,0.6066666666666667,0.08666666666666667,0.016666666666666666,0.01,-0.006666666666666666,53.86330935251799,54.15652173913043,0.29321238661244564,1.49645390070922,1.0,-0.4964539007092199,0.44333333333333336,0.44666666666666666,0.0033333333333332993,7.453900709219858,7.556521739130435,0.1026210299105772,31.784172661870503,32.37391304347826,0.5897403816077578,4612.25512892,3946.28789741,-665.9672315100001,17336.94,14709.42,-2627.5199999999986,13978.730204413334,12008.966435923334,-1969.76376849,11564.273333333333,9270.086666666666,-2294.1866666666665,1868.8489208633093,2074.322033898305,205.47311303499578,259770,244770,-15000,865.9,815.9,-50.0,1868.8489208633093,2128.4347826086955,259.5858617453862,0.533912037037037,0.5147569444444444,-0.019155092592592626,289106.8333333333,231752.16666666666,-57354.66666666666,0.4964539007092199,33.17535545023697,-21,-5000.0,,-15.107913669064748,-5.774338838203025,0.38220623738581927
3,44,f47ae80f949a781aafdac786a79f571f13ff85cc8778971262309e838f981903,300,12,p_0.22_stores_10_nearest_restaurant,factorial_cell,0.22,1.0,1.0,10,nearest_restaurant,baseline,False,0.4826388888888889,0.4027777777777778,-0.0798611111111111,0.9039670496423151,0.7861741782446627,-0.11779287139765238,0.032105323940408825,0.028805562453439286,-0.0032997614869695394,0.4633333333333333,0.37,-0.09333333333333332,0.52,0.6166666666666667,0.09666666666666668,0.016666666666666666,0.013333333333333334,-0.0033333333333333322,53.86330935251799,54.450450450450454,0.5871410979324665,1.49645390070922,1.1339285714285714,-0.3625253292806485,0.44333333333333336,0.44,-0.003333333333333355,7.453900709219858,7.580357142857143,0.12645643363728531,31.784172661870503,31.82882882882883,0.04465616695832608,4612.25512892,3880.43551454,-731.8196143800001,17336.94,13993.89,-3343.0499999999993,13978.730204413334,11992.611818793333,-1986.1183856200005,11564.273333333333,8624.556666666667,-2939.7166666666653,1868.8489208633093,2082.9310344827586,214.08211361944927,259770,241620,-18150,865.9,805.4,-60.5,1868.8489208633093,2176.7567567567567,307.9078358934473,0.533912037037037,0.5123263888888889,-0.021585648148148118,289106.8333333333,215613.91666666666,-73492.91666666666,0.3625253292806485,24.225626269465135,-23,-3630.0,,-16.546762589928058,-6.986949994225661,0.4222548039988552
3,44,f47ae80f949a781aafdac786a79f571f13ff85cc8778971262309e838f981903,300,12,p_0.22_stores_10_nearest_customer,factorial_cell,0.22,1.0,1.0,10,nearest_customer,baseline,False,0.4826388888888889,0.3506944444444444,-0.13194444444444448,0.9039670496423151,0.6963116166839021,-0.20765543295841304,0.032105323940408825,0.02581799591002045,-0.006287328030388374,0.4633333333333333,0.33666666666666667,-0.12666666666666665,0.52,0.6433333333333333,0.1233333333333333,0.016666666666666666,0.02,0.003333333333333334,53.86330935251799,53.336633663366335,-0.5266756891516522,1.49645390070922,1.3269230769230769,-0.16953082378614304,0.44333333333333336,0.45666666666666667,0.013333333333333308,7.453900709219858,7.490384615384615,0.03648390616475705,31.784172661870503,31.801980198019802,0.01780753614929864,4612.25512892,3284.64481146,-1327.6103174600003,17336.94,12617.57,-4719.369999999999,13978.730204413334,9848.947855206667,-4129.782349206667,11564.273333333333,7401.57,-4162.703333333333,1868.8489208633093,2323.960396039604,455.11147517629456,259770,234720,-25050,865.9,782.4,-83.5,1868.8489208633093,2323.960396039604,455.11147517629456,0.533912037037037,0.5036458333333333,-0.030266203703703698,289106.8333333333,185039.25,-104067.58333333331,0.16953082378614304,11.32883703973752,-38,,,-27.33812949640288,-9.643145859799054,0.35273612487159695
3,44,f47ae80f949a781aafdac786a79f571f13ff85cc8778971262309e838f981903,300,12,p_0.22_stores_15_uniform,factorial_cell,0.22,1.0,1.0,15,uniform,baseline,False,0.4826388888888889,0.3645833333333333,-0.11805555555555558,0.9039670496423151,0.711864406779661,-0.1921026428626541,0.032105323940408825,0.026035209521448055,-0.00607011441896077,0.4633333333333333,0.3433333333333333,-0.12,0.52,0.6366666666666667,0.1166666666666667,0.016666666666666666,0.02,0.003333333333333334,53.86330935251799,56.077669902912625,2.2143605503946375,1.49645390070922,1.3113207547169812,-0.18513314599223873,0.44333333333333336,0.4666666666666667,0.023333333333333317,7.453900709219858,7.386792452830188,-0.06710825638966966,31.784172661870503,33.9126213592233,2.1284486973527983,4612.25512892,3509.79689259,-1102.45823633,17336.94,13814.03,-3522.909999999998,13978.730204413334,10394.248774076666,-3584.4814303366675,11564.273333333333,8436.696666666667,-3127.576666666666,1868.8489208633093,2304.5714285714284,435.7225077081191,259770,241980,-17790,865.9,806.6,-59.299999999999955,1868.8489208633093,2349.3203883495144,480.47146748620503,0.533912037037037,0.5121527777777778,-0.021759259259259256,289106.8333333333,210917.41666666666,-78189.41666666666,0.18513314599223873,12.37145667531074,-34,-8895.0,,-24.46043165467626,-6.848365862108789,0.2799773102450358
3,44,f47ae80f949a781aafdac786a79f571f13ff85cc8778971262309e838f981903,300,12,p_0.22_stores_15_nearest_restaurant,factorial_cell,0.22,1.0,1.0,15,nearest_restaurant,baseline,False,0.4826388888888889,0.3784722222222222,-0.10416666666666669,0.9039670496423151,0.7491408934707904,-0.15482615617152473,0.032105323940408825,0.027421383647798742,-0.004683940292610083,0.4633333333333333,0.3433333333333333,-0.12,0.52,0.64,0.12,0.016666666666666666,0.016666666666666666,0.0,53.86330935251799,54.76699029126213,0.9036809387441451,1.49645390070922,1.276190476190476,-0.2202634245187438,0.44333333333333336,0.43333333333333335,-0.010000000000000009,7.453900709219858,7.247619047619048,-0.2062816616008103,31.784172661870503,33.10679611650485,1.3226234546343498,4612.25512892,3643.0998621,-969.1552668200002,17336.94,13477.77,-3859.1699999999983,13978.730204413334,11126.0901379,-2852.6400665133333,11564.273333333333,8177.77,-3386.503333333332,1868.8489208633093,2188.0733944954127,319.22447363210335,259770,238500,-21270,865.9,795.0,-70.89999999999998,1868.8489208633093,2315.5339805825242,446.6850597192149,0.533912037037037,0.5052083333333334,-0.028703703703703676,289106.8333333333,204444.25,-84662.58333333331,0.2202634245187438,14.719025050778614,-30,-3545.0,,-21.58273381294964,-8.18801247257189,0.3793779112291642
3,44,f47ae80f949a781aafdac786a79f571f13ff85cc8778971262309e838f981903,300,12,p_0.22_stores_15_nearest_customer,factorial_cell,0.22,1.0,1.0,15,nearest_customer,baseline,False,0.4826388888888889,0.3506944444444444,-0.13194444444444448,0.9039670496423151,0.6875425459496256,-0.2164245036926895,0.032105323940408825,0.025124378109452738,-0.0069809458309560875,0.4633333333333333,0.33666666666666667,-0.12666666666666665,0.52,0.6466666666666666,0.1266666666666666,0.016666666666666666,0.016666666666666666,0.0,53.86330935251799,56.13861386138614,2.275304508868153,1.49645390070922,1.2718446601941749,-0.22460924051504505,0.44333333333333336,0.39464882943143814,-0.048684503901895215,7.453900709219858,7.048543689320389,-0.40535701989946915,31.784172661870503,34.31683168316832,2.532659021297814,4612.25512892,3360.5763946,-1251.6787343199999,17336.94,13583.34,-3753.5999999999985,13978.730204413334,9812.710272066666,-4166.019932346668,11564.273333333333,8223.34,-3340.9333333333325,1868.8489208633093,2388.1188118811883,519.269891017879,259770,241200,-18570,865.9,804.0,-61.89999999999998,1868.8489208633093,2388.1188118811883,519.269891017879,0.533912037037037,0.5100694444444445,-0.023842592592592582,289106.8333333333,205583.5,-83523.33333333331,0.22460924051504505,15.00943266001012,-38,,,-27.33812949640288,-7.148631481695346,0.26148941472517184
3,44,f47ae80f949a781aafdac786a79f571f13ff85cc8778971262309e838f981903,300,12,p_0.22_stores_20_uniform,factorial_cell,0.22,1.0,1.0,20,uniform,baseline,False,0.4826388888888889,0.3715277777777778,-0.1111111111111111,0.9039670496423151,0.730458527705086,-0.1735085219372291,0.032105323940408825,0.026478594407324918,-0.005626729533083907,0.4633333333333333,0.35333333333333333,-0.10999999999999999,0.52,0.6333333333333333,0.11333333333333329,0.016666666666666666,0.013333333333333334,-0.0033333333333333322,53.86330935251799,55.89622641509434,2.0329170625763524,1.49645390070922,1.2523364485981308,-0.24411745211108915,0.44333333333333336,0.46,0.016666666666666663,7.453900709219858,7.728971962616822,0.27507125339696437,31.784172661870503,33.764150943396224,1.979978281525721,4612.25512892,3612.36206802,-999.8930608999999,17336.94,14111.19,-3225.749999999998,13978.730204413334,10739.69993198,-3239.030272433334,11564.273333333333,8723.19,-2841.083333333332,1868.8489208633093,2265.9813084112147,397.1323875479054,259770,242460,-17310,865.9,808.2,-57.69999999999993,1868.8489208633093,2287.3584905660377,418.5095697027284,0.533912037037037,0.5086226851851852,-0.025289351851851882,289106.8333333333,218079.75,-71027.08333333331,0.24411745211108915,16.31306196571733,-32,-17310.0,,-23.021582733812952,-6.663587019286292,0.2894495611502483
3,44,f47ae80f949a781aafdac786a79f571f13ff85cc8778971262309e838f981903,300,12,p_0.22_stores_20_nearest_restaurant,factorial_cell,0.22,1.0,1.0,20,nearest_restaurant,baseline,False,0.4826388888888889,0.4097222222222222,-0.07291666666666669,0.9039670496423151,0.8019028202514441,-0.10206422939087101,0.032105323940408825,0.02880156211862338,-0.003303761821785444,0.4633333333333333,0.37,-0.09333333333333332,0.52,0.6133333333333333,0.09333333333333327,0.016666666666666666,0.016666666666666666,0.0,53.86330935251799,54.9009009009009,1.0375915483829132,1.49645390070922,0.8761061946902655,-0.6203477060189544,0.44333333333333336,0.44666666666666666,0.0033333333333332993,7.453900709219858,7.84070796460177,0.3868072553819122,31.784172661870503,32.054054054054056,0.269881392183553,4612.25512892,3963.73696991,-648.5181590100001,17336.94,14111.19,-3225.749999999998,13978.730204413334,12321.747363423334,-1656.98284099,11564.273333333333,8648.523333333333,-2915.75,1868.8489208633093,2083.2203389830506,214.3714181197413,259770,245820,-13950,865.9,819.4,-46.5,1868.8489208633093,2214.5945945945946,345.74567373128525,0.533912037037037,0.5109375,-0.022974537037037,289106.8333333333,216213.08333333334,-72893.74999999997,0.6203477060189544,41.454514951977515,-21,-1992.857142857143,,-15.107913669064748,-5.370135119528814,0.35545180076881194
3,44,f47ae80f949a781aafdac786a79f571f13ff85cc8778971262309e838f981903,300,12,p_0.22_stores_20_nearest_customer,factorial_cell,0.22,1.0,1.0,20,nearest_customer,baseline,False,0.4826388888888889,0.3576388888888889,-0.125,0.9039670496423151,0.7094478245895993,-0.1945192250527158,0.032105323940408825,0.026006817321045324,-0.0060985066193635015,0.4633333333333333,0.34,-0.1233333333333333,0.52,0.6433333333333333,0.1233333333333333,0.016666666666666666,0.016666666666666666,0.0,53.86330935251799,54.068627450980394,0.20531809846240634,1.49645390070922,1.0576923076923077,-0.4387615930169122,0.44333333333333336,0.45666666666666667,0.013333333333333308,7.453900709219858,7.144230769230769,-0.30966993998908876,31.784172661870503,32.44117647058823,0.6570038087177288,4612.25512892,3374.66693009,-1237.5881988300002,17336.94,13035.94,-4300.999999999998,13978.730204413334,10090.468736576666,-3888.261467836668,11564.273333333333,7755.2733333333335,-3808.999999999999,1868.8489208633093,2307.0873786407765,438.23845777746715,259770,237630,-22140,865.9,792.1,-73.79999999999995,1868.8489208633093,2329.705882352941,460.85696148963166,0.533912037037037,0.5041087962962963,-0.0298032407407407,289106.8333333333,193881.83333333334,-95224.99999999997,0.4387615930169122,29.320087495442948,-36,-22140.0,,-25.899280575539567,-8.522924125187666,0.32907957038919045
3,44,f47ae80f949a781aafdac786a79f571f13ff85cc8778971262309e838f981903,300,12,p_0.44_stores_10_uniform,factorial_cell,0.44,1.0,1.0,10,uniform,baseline,False,0.4826388888888889,0.2777777777777778,-0.2048611111111111,0.9039670496423151,0.5673758865248227,-0.3365911631174924,0.032105323940408825,0.021968968831525472,-0.010136355108883353,0.4633333333333333,0.25666666666666665,-0.20666666666666667,0.52,0.7333333333333333,0.21333333333333326,0.016666666666666666,0.01,-0.006666666666666666,53.86330935251799,55.15584415584416,1.2925348033261699,1.49645390070922,0.961038961038961,-0.5354149396702589,0.44333333333333336,0.4080267558528428,-0.03530657748049054,7.453900709219858,8.519480519480519,1.0655798102606608,31.784172661870503,31.77922077922078,-0.004951882649724126,4612.25512892,2668.86682367,-1943.38830525,17336.94,9669.43,-7667.509999999998,13978.730204413334,8230.686842996667,-5748.043361416667,11564.273333333333,4814.096666666666,-6750.176666666666,1868.8489208633093,2731.125,862.2760791366907,259770,218490,-41280,865.9,728.3,-137.60000000000002,1868.8489208633093,2837.5324675324673,968.683546669158,0.533912037037037,0.4895833333333333,-0.04432870370370373,289106.8333333333,120352.41666666667,-168754.41666666663,0.5354149396702589,35.77891303009787,-59,-13760.0,,-42.44604316546763,-15.890980482734726,0.3743807266271401
3,44,f47ae80f949a781aafdac786a79f571f13ff85cc8778971262309e838f981903,300,12,p_0.44_stores_10_nearest_restaurant,factorial_cell,0.44,1.0,1.0,10,nearest_restaurant,baseline,False,0.4826388888888889,0.3472222222222222,-0.13541666666666669,0.9039670496423151,0.6952491309385863,-0.2087179187037288,0.032105323940408825,0.02786679671171799,-0.004238527228690836,0.4633333333333333,0.2833333333333333,-0.18,0.52,0.7,0.17999999999999994,0.016666666666666666,0.016666666666666666,0.0,53.86330935251799,57.588235294117645,3.7249259415996576,1.49645390070922,0.632183908045977,-0.8642699926632429,0.44333333333333336,0.43666666666666665,-0.00666666666666671,7.453900709219858,9.091954022988507,1.6380533137686486,31.784172661870503,33.082352941176474,1.2981802793059707,4612.25512892,3357.77999135,-1254.4751375700002,17336.94,11491.49,-5845.449999999999,13978.730204413334,10619.11500865,-3359.6151957633338,11564.273333333333,6706.823333333334,-4857.449999999999,1868.8489208633093,2153.1,284.2510791366906,259770,215310,-44460,865.9,717.7,-148.19999999999993,1868.8489208633093,2533.0588235294117,664.2099026661024,0.533912037037037,0.4994212962962963,-0.034490740740740766,289106.8333333333,167670.58333333334,-121436.24999999997,0.8642699926632429,57.754535054747514,-39,-2964.0,,-28.05755395683453,-17.11514031643377,0.6100011548677677
3,44,f47ae80f949a781aafdac786a79f571f13ff85cc8778971262309e838f981903,300,12,p_0.44_stores_10_nearest_customer,factorial_cell,0.44,1.0,1.0,10,nearest_customer,baseline,False,0.4826388888888889,0.2847222222222222,-0.19791666666666669,0.9039670496423151,0.5801202688362221,-0.32384678080609297,0.032105323940408825,0.02264567798950566,-0.009459645950903164,0.4633333333333333,0.2633333333333333,-0.2,0.52,0.7233333333333334,0.20333333333333337,0.016666666666666666,0.013333333333333334,-0.0033333333333333322,53.86330935251799,56.08860759493671,2.2252982424187238,1.49645390070922,1.1125,-0.38395390070921986,0.44333333333333336,0.48333333333333334,0.03999999999999998,7.453900709219858,7.6,0.14609929078014172,31.784172661870503,33.89873417721519,2.114561515344686,4612.25512892,2718.36868857,-1893.8864403500002,17336.94,10631.29,-6705.649999999998,13978.730204413334,8076.981644763333,-5901.748559650001,11564.273333333333,5803.29,-5760.983333333333,1868.8489208633093,2649.512195121951,780.6632742586419,259770,217260,-42510,865.9,724.2,-141.69999999999993,1868.8489208633093,2750.1265822784812,881.2776614151719,0.533912037037037,0.4907986111111111,-0.04311342592592593,289106.8333333333,145082.25,-144024.5833333333,0.38395390070921986,25.65758293838862,-57,-14170.0,,-41.007194244604314,-16.364476267467374,0.39906354406630967
3,44,f47ae80f949a781aafdac786a79f571f13ff85cc8778971262309e838f981903,300,12,p_0.44_stores_15_uniform,factorial_cell,0.44,1.0,1.0,15,uniform,baseline,True,0.4826388888888889,0.28125,-0.2013888888888889,0.9039670496423151,0.5748078060319338,-0.3291592436103813,0.032105323940408825,0.0220949263502455,-0.010010397590163325,0.4633333333333333,0.25666666666666665,-0.20666666666666667,0.52,0.73,0.20999999999999996,0.016666666666666666,0.013333333333333334,-0.0033333333333333322,53.86330935251799,54.90909090909091,1.0457815565729192,1.49645390070922,1.7820512820512822,0.28559738134206225,0.44333333333333336,0.47,0.026666666666666616,7.453900709219858,7.243589743589744,-0.2103109656301143,31.784172661870503,32.81818181818182,1.034009156311317,4612.25512892,2651.54185379,-1960.71327513,17336.94,10099.53,-7237.409999999998,13978.730204413334,7984.290479543333,-5994.439724870001,11564.273333333333,5211.53,-6352.743333333333,1868.8489208633093,2715.5555555555557,846.7066346922463,259770,219960,-39810,865.9,733.2,-132.69999999999993,1868.8489208633093,2856.6233766233768,987.7744557600674,0.533912037037037,0.48929398148148145,-0.04461805555555559,289106.8333333333,130288.25,-158818.5833333333,-0.28559738134206225,-19.084943492526435,-58,-9952.5,,-41.726618705035975,-15.325095276590831,0.3672738350769182
3,44,f47ae80f949a781aafdac786a79f571f13ff85cc8778971262309e838f981903,300,12,p_0.44_stores_15_nearest_restaurant,factorial_cell,0.44,1.0,1.0,15,nearest_restaurant,baseline,False,0.4826388888888889,0.3472222222222222,-0.13541666666666669,0.9039670496423151,0.6929206605843631,-0.21104638905795203,0.032105323940408825,0.02663825253063399,-0.005467071409774836,0.4633333333333333,0.2866666666666667,-0.17666666666666664,0.52,0.7,0.17999999999999994,0.016666666666666666,0.013333333333333334,-0.0033333333333333322,53.86330935251799,57.52325581395349,3.659946461435503,1.49645390070922,0.8275862068965517,-0.6688676938126682,0.44333333333333336,0.44666666666666666,0.0033333333333332993,7.453900709219858,8.735632183908047,1.281731474688189,31.784172661870503,34.24418604651163,2.460013384641126,4612.25512892,3283.65815921,-1328.59696971,17336.94,11831.66,-5505.279999999999,13978.730204413334,10152.20284079,-3826.527363623334,11564.273333333333,6826.326666666667,-4737.946666666666,1868.8489208633093,2252.4,383.55107913669076,259770,225240,-34530,865.9,750.8,-115.10000000000002,1868.8489208633093,2619.0697674418607,750.2208465785513,0.533912037037037,0.501099537037037,-0.03281250000000002,289106.8333333333,170658.16666666666,-118448.66666666666,0.6688676938126682,44.69684588985128,-39,-2466.4285714285716,,-28.05755395683453,-13.292528005543366,0.47375933147962257
3,44,f47ae80f949a781aafdac786a79f571f13ff85cc8778971262309e838f981903,300,12,p_0.44_stores_15_nearest_customer,factorial_cell,0.44,1.0,1.0,15,nearest_customer,baseline,False,0.4826388888888889,0.2916666666666667,-0.1909722222222222,0.9039670496423151,0.5980066445182725,-0.30596040512404266,0.032105323940408825,0.022699635184434536,-0.009405688755974289,0.4633333333333333,0.27,-0.1933333333333333,0.52,0.7133333333333334,0.19333333333333336,0.016666666666666666,0.016666666666666666,0.0,53.86330935251799,55.34567901234568,1.4823696598276896,1.49645390070922,1.1204819277108433,-0.3759719729983766,0.44333333333333336,0.45666666666666667,0.013333333333333308,7.453900709219858,7.578313253012048,0.12441254379219036,31.784172661870503,33.04938271604938,1.2652100541788762,4612.25512892,2818.15744477,-1794.09768415,17336.94,10627.38,-6709.5599999999995,13978.730204413334,8527.806221896666,-5450.923982516668,11564.273333333333,5693.38,-5870.8933333333325,1868.8489208633093,2643.214285714286,774.3653648509764,259770,222030,-37740,865.9,740.1,-125.79999999999995,1868.8489208633093,2741.1111111111113,872.262190247802,0.533912037037037,0.4877314814814815,-0.04618055555555556,289106.8333333333,142334.5,-146772.3333333333,0.3759719729983766,25.124193456289618,-55,-12580.0,,-39.568345323741006,-14.528236516918813,0.3671681592457664
3,44,f47ae80f949a781aafdac786a79f571f13ff85cc8778971262309e838f981903,300,12,p_0.44_stores_20_uniform,factorial_cell,0.44,1.0,1.0,20,uniform,baseline,False,0.4826388888888889,0.2673611111111111,-0.2152777777777778,0.9039670496423151,0.5479777013402918,-0.35598934830202333,0.032105323940408825,0.021130625686059275,-0.01097469825434955,0.4633333333333333,0.25333333333333335,-0.20999999999999996,0.52,0.7333333333333333,0.21333333333333326,0.016666666666666666,0.013333333333333334,-0.0033333333333333322,53.86330935251799,55.473684210526315,1.6103748580083277,1.49645390070922,1.6363636363636365,0.13990973565441656,0.44333333333333336,0.45666666666666667,0.013333333333333308,7.453900709219858,6.818181818181818,-0.6357188910380396,31.784172661870503,34.01315789473684,2.2289852328663393,4612.25512892,2579.23704213,-2033.0180867899999,17336.94,10142.54,-7194.399999999998,13978.730204413334,7641.902624536667,-6336.827579876667,11564.273333333333,5283.873333333333,-6280.4,1868.8489208633093,2839.4805194805194,970.6315986172101,259770,218640,-41130,865.9,728.8,-137.10000000000002,1868.8489208633093,2876.842105263158,1007.9931843998486,0.533912037037037,0.48790509259259257,-0.046006944444444475,289106.8333333333,132096.83333333334,-157009.99999999997,-0.13990973565441656,-9.349418354157693,-62,-41130.0,,-44.60431654676259,-15.833237094352699,0.35497096066371375
3,44,f47ae80f949a781aafdac786a79f571f13ff85cc8778971262309e838f981903,300,12,p_0.44_stores_20_nearest_restaurant,factorial_cell,0.44,1.0,1.0,20,nearest_restaurant,baseline,False,0.4826388888888889,0.3125,-0.1701388888888889,0.9039670496423151,0.6405693950177936,-0.26339765462452147,0.032105323940408825,0.024855012427506214,-0.007250311512902612,0.4633333333333333,0.25666666666666665,-0.20666666666666667,0.52,0.73,0.20999999999999996,0.016666666666666666,0.013333333333333334,-0.0033333333333333322,53.86330935251799,56.311688311688314,2.448378959170327,1.49645390070922,1.0128205128205128,-0.48363338788870713,0.44333333333333336,0.4013377926421405,-0.04199554069119288,7.453900709219858,8.064102564102564,0.610201854882706,31.784172661870503,33.42857142857143,1.6443987667009274,4612.25512892,3082.18936374,-1530.0657651800002,17336.94,10338.04,-6998.899999999998,13978.730204413334,9829.877969593334,-4148.85223482,11564.273333333333,5510.04,-6054.233333333333,1868.8489208633093,2414.0,545.1510791366907,259770,217260,-42510,865.9,724.2,-141.69999999999993,1868.8489208633093,2821.5584415584417,952.7095206951324,0.533912037037037,0.4878472222222222,-0.046064814814814836,289106.8333333333,137751.0,-151355.8333333333,0.48363338788870713,32.318629238060524,-49,-3270.0,,-35.25179856115108,-16.364476267467374,0.46421677575060516
3,44,f47ae80f949a781aafdac786a79f571f13ff85cc8778971262309e838f981903,300,12,p_0.44_stores_20_nearest_customer,factorial_cell,0.44,1.0,1.0,20,nearest_customer,baseline,False,0.4826388888888889,0.28125,-0.2013888888888889,0.9039670496423151,0.582803693488428,-0.32116335615388714,0.032105323940408825,0.0219720602197206,-0.010133263720688224,0.4633333333333333,0.2633333333333333,-0.2,0.52,0.72,0.19999999999999996,0.016666666666666666,0.016666666666666666,0.0,53.86330935251799,54.21518987341772,0.35188052089973354,1.49645390070922,1.0987654320987654,-0.3976884686104545,0.44333333333333336,0.44666666666666666,0.0033333333333332993,7.453900709219858,8.234567901234568,0.7806671920147101,31.784172661870503,31.810126582278482,0.025953920407978615,4612.25512892,2670.84011575,-1941.4150131699998,17336.94,9966.59,-7370.3499999999985,13978.730204413334,8123.228217583333,-5855.5019868300005,11564.273333333333,5051.256666666667,-6513.0166666666655,1868.8489208633093,2730.740740740741,861.8918198774315,259770,221190,-38580,865.9,737.3,-128.60000000000002,1868.8489208633093,2799.8734177215188,931.0244968582094,0.533912037037037,0.48258101851851853,-0.05133101851851851,289106.8333333333,126281.41666666667,-162825.41666666663,0.3976884686104545,26.575390556433216,-58,-19290.0,,-41.726618705035975,-14.851599491858183,0.35592626368418745
3,44,f47ae80f949a781aafdac786a79f571f13ff85cc8778971262309e838f981903,300,12,p_0.66_stores_10_uniform,factorial_cell,0.66,1.0,1.0,10,uniform,baseline,False,0.4826388888888889,0.1840277777777778,-0.2986111111111111,0.9039670496423151,0.3923019985196151,-0.5116650511227,0.032105323940408825,0.01662223616120433,-0.015483087779204496,0.4633333333333333,0.16666666666666666,-0.29666666666666663,0.52,0.8233333333333334,0.30333333333333334,0.016666666666666666,0.01,-0.006666666666666666,53.86330935251799,54.84,0.9766906474820161,1.49645390070922,0.78,-0.7164539007092199,0.44333333333333336,0.45666666666666667,0.013333333333333308,7.453900709219858,7.66,0.20609929078014222,31.784172661870503,33.46,1.6758273381294977,4612.25512892,1816.54723555,-2795.70789337,17336.94,6697.83,-10639.109999999999,13978.730204413334,5556.594431116667,-8422.135773296668,11564.273333333333,2446.4966666666664,-9117.776666666667,1868.8489208633093,3609.622641509434,1740.7737206461245,259770,191310,-68460,865.9,637.7,-228.19999999999993,1868.8489208633093,3826.2,1957.3510791366905,0.533912037037037,0.4690972222222222,-0.06481481481481483,289106.8333333333,61162.416666666664,-227944.41666666666,0.7164539007092199,47.87677725118483,-86,-22820.0,,-61.87050359712231,-26.354082457558608,0.4259555187907728
3,44,f47ae80f949a781aafdac786a79f571f13ff85cc8778971262309e838f981903,300,12,p_0.66_stores_10_nearest_restaurant,factorial_cell,0.66,1.0,1.0,10,nearest_restaurant,baseline,False,0.4826388888888889,0.2638888888888889,-0.21875,0.9039670496423151,0.5459116485095176,-0.35805540113279755,0.032105323940408825,0.022757897888905525,-0.0093474260515033,0.4633333333333333,0.21333333333333335,-0.24999999999999997,0.52,0.7733333333333333,0.2533333333333333,0.016666666666666666,0.013333333333333334,-0.0033333333333333322,53.86330935251799,59.40625,5.542940647482013,1.49645390070922,0.5384615384615384,-0.9579923622476815,0.44333333333333336,0.44,-0.003333333333333355,7.453900709219858,9.153846153846153,1.6999454446262954,31.784172661870503,35.640625,3.856452338129497,4612.25512892,2622.19228276,-1990.06284616,17336.94,9325.35,-8011.589999999998,13978.730204413334,8155.250383906667,-5823.479820506667,11564.273333333333,4872.683333333333,-6691.589999999999,1868.8489208633093,2636.4473684210525,767.5984475577432,259770,200370,-59400,865.9,667.9,-198.0,1868.8489208633093,3130.78125,1261.9323291366907,0.533912037037037,0.4833912037037037,-0.05052083333333335,289106.8333333333,121817.08333333333,-167289.75,0.9579923622476815,64.01749908858913,-63,-4950.0,,-45.32374100719424,-22.86638179928398,0.5045122333492815
3,44,f47ae80f949a781aafdac786a79f571f13ff85cc8778971262309e838f981903,300,12,p_0.66_stores_10_nearest_customer,factorial_cell,0.66,1.0,1.0,10,nearest_customer,baseline,False,0.4826388888888889,0.1840277777777778,-0.2986111111111111,0.9039670496423151,0.3957192633150821,-0.508247786327233,0.032105323940408825,0.01662223616120433,-0.015483087779204496,0.4633333333333333,0.17,-0.29333333333333333,0.52,0.82,0.29999999999999993,0.016666666666666666,0.01,-0.006666666666666666,53.86330935251799,52.76470588235294,-1.0986034701650453,1.49645390070922,1.3529411764705883,-0.1435127242386316,0.44333333333333336,0.4633333333333333,0.019999999999999962,7.453900709219858,6.431372549019608,-1.0225281602002498,31.784172661870503,31.686274509803923,-0.09789815206658048,4612.25512892,1715.25658125,-2896.9985476700003,17336.94,6463.23,-10873.71,13978.730204413334,5192.38841875,-8786.341785663335,11564.273333333333,2211.8966666666665,-9352.376666666667,1868.8489208633093,3609.622641509434,1740.7737206461245,259770,191310,-68460,865.9,637.7,-228.19999999999993,1868.8489208633093,3751.176470588235,1882.3275497249258,0.533912037037037,0.4650462962962963,-0.06886574074074076,289106.8333333333,55297.416666666664,-233809.41666666666,0.1435127242386316,9.59018678561472,-86,-34230.0,,-61.87050359712231,-26.354082457558608,0.4259555187907728
3,44,f47ae80f949a781aafdac786a79f571f13ff85cc8778971262309e838f981903,300,12,p_0.66_stores_15_uniform,factorial_cell,0.66,1.0,1.0,15,uniform,baseline,False,0.4826388888888889,0.20833333333333334,-0.2743055555555556,0.9039670496423151,0.44031311154598823,-0.4636539380963269,0.032105323940408825,0.017748853719863924,-0.014356470220544901,0.4633333333333333,0.19666666666666666,-0.26666666666666666,0.52,0.79,0.27,0.016666666666666666,0.013333333333333334,-0.0033333333333333322,53.86330935251799,53.355932203389834,-0.5073771491281533,1.49645390070922,0.7666666666666667,-0.7297872340425532,0.44333333333333336,0.4214046822742475,-0.02192865105908587,7.453900709219858,7.983333333333333,0.5294326241134755,31.784172661870503,31.25423728813559,-0.5299353737349115,4612.25512892,1998.4242737,-2613.83085522,17336.94,7249.14,-10087.8,13978.730204413334,6159.639059633333,-7819.091144780001,11564.273333333333,2741.806666666667,-8822.466666666665,1868.8489208633093,3380.5,1511.6510791366907,259770,202830,-56940,865.9,676.1,-189.79999999999995,1868.8489208633093,3437.7966101694915,1568.9476893061822,0.533912037037037,0.47314814814814815,-0.060763888888888895,289106.8333333333,68545.16666666667,-220561.66666666663,0.7297872340425532,48.76777251184834,-79,-56940.0,,-56.83453237410072,-21.919390229818685,0.3856702837904807
3,44,f47ae80f949a781aafdac786a79f571f13ff85cc8778971262309e838f981903,300,12,p_0.66_stores_15_nearest_restaurant,factorial_cell,0.66,1.0,1.0,15,nearest_restaurant,baseline,False,0.4826388888888889,0.3020833333333333,-0.18055555555555558,0.9039670496423151,0.6342648845686513,-0.26970216507366385,0.032105323940408825,0.025213737139544994,-0.006891586800863832,0.4633333333333333,0.23333333333333334,-0.22999999999999998,0.52,0.7533333333333333,0.23333333333333328,0.016666666666666666,0.013333333333333334,-0.0033333333333333322,53.86330935251799,54.97142857142857,1.1081192189105806,1.49645390070922,1.056338028169014,-0.4401158725402059,0.44333333333333336,0.44333333333333336,0.0,7.453900709219858,8.140845070422536,0.686944361202678,31.784172661870503,31.914285714285715,0.13011305241521143,4612.25512892,2927.24789933,-1685.00722959,17336.94,9258.88,-8078.0599999999995,13978.730204413334,9554.771767336666,-4423.958437076668,11564.273333333333,4658.213333333333,-6906.0599999999995,1868.8489208633093,2379.655172413793,510.8062515504837,259770,207030,-52740,865.9,690.1,-175.79999999999995,1868.8489208633093,2957.5714285714284,1088.722507708119,0.533912037037037,0.47627314814814814,-0.057638888888888906,289106.8333333333,116455.33333333333,-172651.5,0.4401158725402059,29.41058674320807,-52,-3102.3529411764707,,-37.410071942446045,-20.30257535512184,0.5427034566080645
3,44,f47ae80f949a781aafdac786a79f571f13ff85cc8778971262309e838f981903,300,12,p_0.66_stores_15_nearest_customer,factorial_cell,0.66,1.0,1.0,15,nearest_customer,baseline,False,0.4826388888888889,0.2222222222222222,-0.2604166666666667,0.9039670496423151,0.4708190289357528,-0.43314802070656233,0.032105323940408825,0.019130174861754595,-0.01297514907865423,0.4633333333333333,0.20333333333333334,-0.26,0.52,0.7833333333333333,0.2633333333333333,0.016666666666666666,0.013333333333333334,-0.0033333333333333322,53.86330935251799,52.80327868852459,-1.0600306639933947,1.49645390070922,1.3870967741935485,-0.10935712651567142,0.44333333333333336,0.44666666666666666,0.0033333333333332993,7.453900709219858,8.161290322580646,0.707389613360788,31.784172661870503,29.737704918032787,-2.0464677438377166,4612.25512892,2049.69114705,-2562.56398187,17336.94,7241.32,-10095.619999999999,13978.730204413334,6393.527186283333,-7585.203018130001,11564.273333333333,2780.653333333333,-8783.619999999999,1868.8489208633093,3136.40625,1267.5573291366907,259770,200730,-59040,865.9,669.1,-196.79999999999995,1868.8489208633093,3290.655737704918,1421.8068168416087,0.533912037037037,0.47199074074074077,-0.06192129629629628,289106.8333333333,69516.33333333333,-219590.5,0.10935712651567142,7.307751108393208,-75,-19680.0,,-53.956834532374096,-22.72779766716711,0.4212218500981638
3,44,f47ae80f949a781aafdac786a79f571f13ff85cc8778971262309e838f981903,300,12,p_0.66_stores_20_uniform,factorial_cell,0.66,1.0,1.0,20,uniform,baseline,False,0.4826388888888889,0.17708333333333334,-0.3055555555555556,0.9039670496423151,0.37624492807082255,-0.5277221215714926,0.032105323940408825,0.01565617805065234,-0.016449145889756486,0.4633333333333333,0.16333333333333333,-0.3,0.52,0.8266666666666667,0.30666666666666664,0.016666666666666666,0.01,-0.006666666666666666,53.86330935251799,56.224489795918366,2.3611804434003787,1.49645390070922,0.6326530612244898,-0.8638008394847301,0.44333333333333336,0.45666666666666667,0.013333333333333308,7.453900709219858,8.693877551020408,1.2399768418005506,31.784172661870503,34.204081632653065,2.4199089707825614,4612.25512892,1750.80762347,-2861.44750545,17336.94,6709.56,-10627.379999999997,13978.730204413334,5256.012709863333,-8722.717494550001,11564.273333333333,2366.2266666666665,-9198.046666666665,1868.8489208633093,3832.3529411764707,1963.5040203131614,259770,195450,-64320,865.9,651.5,-214.39999999999998,1868.8489208633093,3988.7755102040815,2119.926589340772,0.533912037037037,0.47065972222222224,-0.0632523148148148,289106.8333333333,59155.666666666664,-229951.16666666666,0.8638008394847301,57.723184060353994,-88,-32160.0,,-63.30935251798561,-24.760364938214575,0.3911012189104348
3,44,f47ae80f949a781aafdac786a79f571f13ff85cc8778971262309e838f981903,300,12,p_0.66_stores_20_nearest_restaurant,factorial_cell,0.66,1.0,1.0,20,nearest_restaurant,baseline,False,0.4826388888888889,0.2986111111111111,-0.1840277777777778,0.9039670496423151,0.6339845189826759,-0.2699825306596392,0.032105323940408825,0.024844720496894408,-0.007260603443514417,0.4633333333333333,0.22666666666666666,-0.23666666666666666,0.52,0.76,0.24,0.016666666666666666,0.013333333333333334,-0.0033333333333333322,53.86330935251799,54.36764705882353,0.5043377063055416,1.49645390070922,1.0724637681159421,-0.4239901325932778,0.44333333333333336,0.45,0.006666666666666654,7.453900709219858,8.478260869565217,1.024360160345359,31.784172661870503,31.11764705882353,-0.6665256030469742,4612.25512892,2903.9650122,-1708.2901167200002,17336.94,8727.12,-8609.819999999998,13978.730204413334,9658.1349878,-4320.595216613334,11564.273333333333,4111.786666666667,-7452.486666666666,1868.8489208633093,2415.0,546.1510791366907,259770,207690,-52080,865.9,692.3,-173.60000000000002,1868.8489208633093,3054.264705882353,1185.4157850190438,0.533912037037037,0.47100694444444446,-0.06290509259259258,289106.8333333333,102794.66666666667,-186312.16666666663,0.4239901325932778,28.332989903152683,-53,-2893.3333333333335,,-38.1294964028777,-20.048504446240905,0.5258003996278275
3,44,f47ae80f949a781aafdac786a79f571f13ff85cc8778971262309e838f981903,300,12,p_0.66_stores_20_nearest_customer,factorial_cell,0.66,1.0,1.0,20,nearest_customer,baseline,False,0.4826388888888889,0.21180555555555555,-0.27083333333333337,0.9039670496423151,0.44466043008139955,-0.45930661956091556,0.032105323940408825,0.01762496388327073,-0.014480360057138094,0.4633333333333333,0.19666666666666666,-0.26666666666666666,0.52,0.7933333333333333,0.2733333333333333,0.016666666666666666,0.01,-0.006666666666666666,53.86330935251799,54.271186440677965,0.40787708815997803,1.49645390070922,1.2542372881355932,-0.2422166125736267,0.44333333333333336,0.46,0.016666666666666663,7.453900709219858,7.067796610169491,-0.3861040990503666,31.784172661870503,32.067796610169495,0.28362394829899173,4612.25512892,2008.68581467,-2603.5693142500004,17336.94,7561.94,-9775.0,13978.730204413334,6083.374518663333,-7895.355685750001,11564.273333333333,2947.2733333333335,-8617.0,1868.8489208633093,3404.2622950819673,1535.413374218658,259770,207660,-52110,865.9,692.2,-173.69999999999993,1868.8489208633093,3519.6610169491523,1650.812096085843,0.533912037037037,0.4763310185185185,-0.057581018518518545,289106.8333333333,73681.83333333333,-215425.0,0.2422166125736267,16.186039039280267,-78,-26055.0,,-56.11510791366906,-20.060053123917314,0.3574804338749368
4,45,71bd088936c410167d9967a229387f93c847d372b2b468cb3176219f3b58c98e,300,12,p_0.22_stores_10_uniform,factorial_cell,0.22,1.0,1.0,10,uniform,baseline,False,0.4583333333333333,0.3645833333333333,-0.09375,0.9040063919643876,0.7283236994219654,-0.1756826925424222,0.03201164059658058,0.026888604353393086,-0.005123036243187492,0.44,0.35,-0.09000000000000002,0.5566666666666666,0.6466666666666666,0.08999999999999997,0.0033333333333333335,0.0033333333333333335,0.0,53.18181818181818,53.923809523809524,0.7419913419913442,1.300751879699248,1.361904761904762,0.06115288220551385,0.72,0.6375838926174496,-0.08241610738255034,6.390977443609023,6.552380952380952,0.16140350877192944,31.545454545454547,32.10476190476191,0.5593073593073612,4413.04875919,3560.29394783,-852.7548113600001,16414.18,13250.99,-3163.1900000000005,13443.09024081,10842.04905217,-2601.0411886399997,10916.18,8044.323333333334,-2871.8566666666666,1874.3181818181818,2231.4285714285716,357.1103896103898,247410,234300,-13110,824.7,781.0,-43.700000000000045,1874.3181818181818,2231.4285714285716,357.1103896103898,0.5070023148148148,0.5005787037037037,-0.006423611111111116,272904.5,201108.08333333334,-71796.41666666666,-0.06115288220551385,-4.701348747591528,-27,,,-20.454545454545457,-5.298896568449133,0.25905716556862424
4,45,71bd088936c410167d9967a229387f93c847d372b2b468cb3176219f3b58c98e,300,12,p_0.22_stores_10_nearest_restaurant,factorial_cell,0.22,1.0,1.0,10,nearest_restaurant,baseline,False,0.4583333333333333,0.40625,-0.052083333333333315,0.9040063919643876,0.7989074769545921,-0.10509891500979551,0.03201164059658058,0.029213483146067417,-0.0027981574505131605,0.44,0.37333333333333335,-0.06666666666666665,0.5566666666666666,0.6233333333333333,0.06666666666666665,0.0033333333333333335,0.0033333333333333335,0.0,53.18181818181818,55.30357142857143,2.1217532467532507,1.300751879699248,1.2589285714285714,-0.04182330827067671,0.72,0.5906040268456376,-0.12939597315436235,6.390977443609023,7.392857142857143,1.0018796992481205,31.545454545454547,33.1875,1.6420454545454533,4413.04875919,3931.84008801,-481.20867118000024,16414.18,14685.96,-1728.2200000000012,13443.09024081,11953.10091199,-1489.9893288199983,10916.18,9345.96,-1570.2200000000012,1874.3181818181818,2053.846153846154,179.52797202797206,247410,240300,-7110,824.7,801.0,-23.700000000000045,1874.3181818181818,2145.535714285714,271.21753246753246,0.5070023148148148,0.5085069444444444,0.0015046296296296058,272904.5,233649.0,-39255.5,0.04182330827067671,3.215317919075146,-15,-1422.0,,-11.363636363636363,-2.8737722808293924,0.25289196071298653
4,45,71bd088936c410167d9967a229387f93c847d372b2b468cb3176219f3b58c98e,300,12,p_0.22_stores_10_nearest_customer,factorial_cell,0.22,1.0,1.0,10,nearest_customer,baseline,False,0.4583333333333333,0.375,-0.08333333333333331,0.9040063919643876,0.7458563535911602,-0.1581500383732274,0.03201164059658058,0.02725208175624527,-0.004759558840335309,0.44,0.3566666666666667,-0.08333333333333331,0.5566666666666666,0.64,0.08333333333333337,0.0033333333333333335,0.0033333333333333335,0.0,53.18181818181818,54.691588785046726,1.5097706032285458,1.300751879699248,1.0373831775700935,-0.26336870212915464,0.72,0.5973154362416108,-0.12268456375838921,6.390977443609023,8.317757009345794,1.926779565736771,31.545454545454547,31.66355140186916,0.11809685641461343,4413.04875919,3610.03373932,-803.0150198699998,16414.18,13352.65,-3061.5300000000007,13443.09024081,11026.19826068,-2416.89198013,10916.18,8068.65,-2847.5300000000007,1874.3181818181818,2201.6666666666665,327.34848484848476,247410,237780,-9630,824.7,792.6,-32.10000000000002,1874.3181818181818,2222.2429906542056,347.9248088360239,0.5070023148148148,0.5027777777777778,-0.004224537037037068,272904.5,201716.25,-71188.25,0.26336870212915464,20.247420452703796,-24,-9630.0,,-18.181818181818183,-3.892324481629684,0.2140778464896326
4,45,71bd088936c410167d9967a229387f93c847d372b2b468cb3176219f3b58c98e,300,12,p_0.22_stores_15_uniform,factorial_cell,0.22,1.0,1.0,15,uniform,baseline,False,0.4583333333333333,0.375,-0.08333333333333331,0.9040063919643876,0.7404021937842779,-0.16360419818010974,0.03201164059658058,0.02720060445787684,-0.004811036138703737,0.44,0.3566666666666667,-0.08333333333333331,0.5566666666666666,0.64,0.08333333333333337,0.0033333333333333335,0.0033333333333333335,0.0,53.18181818181818,55.6822429906542,2.500424808836023,1.300751879699248,0.9813084112149533,-0.31944346848429483,0.72,0.69,-0.030000000000000027,6.390977443609023,8.317757009345794,1.926779565736771,31.545454545454547,32.89719626168224,1.3517417162276928,4413.04875919,3614.66135687,-798.3874023200001,16414.18,13860.95,-2553.2299999999996,13443.09024081,10848.02564313,-2595.0645976799988,10916.18,8566.95,-2349.2299999999996,1874.3181818181818,2205.8333333333335,331.51515151515173,247410,238230,-9180,824.7,794.1,-30.600000000000023,1874.3181818181818,2226.448598130841,352.13041631265946,0.5070023148148148,0.5064814814814815,-0.0005208333333333037,272904.5,214173.75,-58730.75,0.31944346848429483,24.55837069850359,-24,-9180.0,,-18.181818181818183,-3.710440160058203,0.20407420880320115
4,45,71bd088936c410167d9967a229387f93c847d372b2b468cb3176219f3b58c98e,300,12,p_0.22_stores_15_nearest_restaurant,factorial_cell,0.22,1.0,1.0,15,nearest_restaurant,baseline,False,0.4583333333333333,0.4027777777777778,-0.055555555555555525,0.9040063919643876,0.7993568393246813,-0.10464955263970632,0.03201164059658058,0.029539088362617774,-0.0024725522339628034,0.44,0.37333333333333335,-0.06666666666666665,0.5566666666666666,0.6233333333333333,0.06666666666666665,0.0033333333333333335,0.0033333333333333335,0.0,53.18181818181818,52.69642857142857,-0.4853896103896105,1.300751879699248,1.3571428571428572,0.0563909774436091,0.72,0.6488294314381271,-0.07117056856187287,6.390977443609023,6.348214285714286,-0.04276315789473717,31.545454545454547,31.232142857142858,-0.3133116883116891,4413.04875919,3815.22715715,-597.82160204,16414.18,13837.49,-2576.6900000000005,13443.09024081,11760.24784285,-1682.8423979599993,10916.18,8601.49,-2314.6900000000005,1874.3181818181818,2031.2068965517242,156.88871473354243,247410,235620,-11790,824.7,785.4,-39.30000000000007,1874.3181818181818,2103.75,229.43181818181824,0.5070023148148148,0.5038773148148148,-0.0031250000000000444,272904.5,215037.25,-57867.25,-0.0563909774436091,-4.335260115606943,-16,-2947.5,,-12.121212121212121,-4.76536922517279,0.3931429610767552
4,45,71bd088936c410167d9967a229387f93c847d372b2b468cb3176219f3b58c98e,300,12,p_0.22_stores_15_nearest_customer,factorial_cell,0.22,1.0,1.0,15,nearest_customer,baseline,False,0.4583333333333333,0.3368055555555556,-0.12152777777777773,0.9040063919643876,0.6757227446882619,-0.2282836472761257,0.03201164059658058,0.02498712004121587,-0.0070245205553647085,0.44,0.3233333333333333,-0.1166666666666667,0.5566666666666666,0.6733333333333333,0.1166666666666667,0.0033333333333333335,0.0033333333333333335,0.0,53.18181818181818,53.27835051546392,0.09653233364574021,1.300751879699248,1.711340206185567,0.4105883264863188,0.72,0.6688963210702341,-0.05110367892976586,6.390977443609023,7.030927835051546,0.6399503914425235,31.545454545454547,31.783505154639176,0.23805060918462928,4413.04875919,3234.52965744,-1178.5191017500001,16414.18,12097.54,-4316.639999999999,13443.09024081,9826.907675893333,-3616.182564916666,10916.18,6921.54,-3994.6400000000003,1874.3181818181818,2401.237113402062,526.9189315838801,247410,232920,-14490,824.7,776.4,-48.30000000000007,1874.3181818181818,2401.237113402062,526.9189315838801,0.5070023148148148,0.4984375,-0.008564814814814858,272904.5,173038.5,-99866.0,-0.4105883264863188,-31.56546093796555,-35,,,-26.515151515151516,-5.856675154601673,0.22088032011640593
4,45,71bd088936c410167d9967a229387f93c847d372b2b468cb3176219f3b58c98e,300,12,p_0.22_stores_20_uniform,factorial_cell,0.22,1.0,1.0,20,uniform,baseline,False,0.4583333333333333,0.3715277777777778,-0.08680555555555552,0.9040063919643876,0.7374224672639559,-0.1665839247004317,0.03201164059658058,0.027531197735751963,-0.004480442860828614,0.44,0.3566666666666667,-0.08333333333333331,0.5566666666666666,0.6366666666666667,0.08000000000000007,0.0033333333333333335,0.006666666666666667,0.0033333333333333335,53.18181818181818,52.05607476635514,-1.1257434154630417,1.300751879699248,1.5,0.1992481203007519,0.72,0.6866666666666666,-0.033333333333333326,6.390977443609023,7.194444444444445,0.8034670008354219,31.545454545454547,30.009345794392523,-1.5361087510620237,4413.04875919,3522.37067362,-890.6780855699999,16414.18,12609.75,-3804.4300000000003,13443.09024081,10922.357993046666,-2520.7322477633334,10916.18,7427.75,-3488.4300000000003,1874.3181818181818,2179.345794392523,305.02761257434145,247410,233190,-14220,824.7,777.3,-47.40000000000009,1874.3181818181818,2179.345794392523,305.02761257434145,0.5070023148148148,0.5038194444444445,-0.00318287037037035,272904.5,185693.75,-87210.75,-0.1992481203007519,-15.31791907514451,-25,,,-18.939393939393938,-5.747544561658785,0.3034703528555839
4,45,71bd088936c410167d9967a229387f93c847d372b2b468cb3176219f3b58c98e,300,12,p_0.22_stores_20_nearest_restaurant,factorial_cell,0.22,1.0,1.0,20,nearest_restaurant,baseline,False,0.4583333333333333,0.3958333333333333,-0.0625,0.9040063919643876,0.7858455882352942,-0.11816080372909343,0.03201164059658058,0.028489316506310133,-0.003522324090270444,0.44,0.36333333333333334,-0.07666666666666666,0.5566666666666666,0.6333333333333333,0.07666666666666666,0.0033333333333333335,0.0033333333333333335,0.0,53.18181818181818,54.440366972477065,1.2585487906588853,1.300751879699248,1.201834862385321,-0.0989170173139271,0.72,0.6488294314381271,-0.07117056856187287,6.390977443609023,6.81651376146789,0.42553631785886736,31.545454545454547,32.60550458715596,1.060050041701416,4413.04875919,3821.36777916,-591.6809800300002,16414.18,14044.72,-2369.460000000001,13443.09024081,11706.761554173334,-1736.3286866366652,10916.18,8709.386666666667,-2206.793333333333,1874.3181818181818,2106.0526315789475,231.73444976076576,247410,240090,-7320,824.7,800.3,-24.40000000000009,1874.3181818181818,2202.6605504587155,328.3423686405338,0.5070023148148148,0.5037037037037037,-0.0032986111111111827,272904.5,217734.66666666666,-55169.83333333334,0.0989170173139271,7.604603065174742,-18,-1464.0,,-13.636363636363635,-2.958651630896083,0.21696778626571278
4,45,71bd088936c410167d9967a229387f93c847d372b2b468cb3176219f3b58c98e,300,12,p_0.22_stores_20_nearest_customer,factorial_cell,0.22,1.0,1.0,20,nearest_customer,baseline,False,0.4583333333333333,0.3854166666666667,-0.07291666666666663,0.9040063919643876,0.7538200339558574,-0.1501863580085302,0.03201164059658058,0.027482050012379303,-0.004529590584201274,0.44,0.36666666666666664,-0.07333333333333336,0.5566666666666666,0.63,0.07333333333333336,0.0033333333333333335,0.0033333333333333335,0.0,53.18181818181818,54.20909090909091,1.027272727272731,1.300751879699248,0.8818181818181818,-0.41893369788106627,0.72,0.7033333333333334,-0.016666666666666607,6.390977443609023,7.709090909090909,1.3181134654818862,31.545454545454547,32.018181818181816,0.4727272727272691,4413.04875919,3699.99339943,-713.0553597600001,16414.18,13810.12,-2604.0599999999995,13443.09024081,11252.12960057,-2190.9606402399986,10916.18,8424.786666666667,-2491.3933333333334,1874.3181818181818,2183.2432432432433,308.9250614250616,247410,242340,-5070,824.7,807.8,-16.90000000000009,1874.3181818181818,2203.090909090909,328.77272727272725,0.5070023148148148,0.5112847222222222,0.004282407407407374,272904.5,210619.66666666666,-62284.83333333334,0.41893369788106627,32.20704151339989,-21,-5070.0,,-15.909090909090908,-2.049230023038681,0.12880874430528852
4,45,71bd088936c410167d9967a229387f93c847d372b2b468cb3176219f3b58c98e,300,12,p_0.44_stores_10_uniform,factorial_cell,0.44,1.0,1.0,10,uniform,baseline,False,0.4583333333333333,0.2881944444444444,-0.1701388888888889,0.9040063919643876,0.5953377166766288,-0.30866867528775876,0.03201164059658058,0.022937681359679427,-0.009073959236901151,0.44,0.26666666666666666,-0.17333333333333334,0.5566666666666666,0.7266666666666667,0.17000000000000004,0.0033333333333333335,0.006666666666666667,0.0033333333333333335,53.18181818181818,53.55,0.3681818181818173,1.300751879699248,1.382716049382716,0.08196416968346787,0.72,0.6789297658862876,-0.041070234113712356,6.390977443609023,7.839506172839506,1.4485287292304836,31.545454545454547,31.2125,-0.33295454545454817,4413.04875919,2793.11792269,-1619.9308365000002,16414.18,9904.03,-6510.15,13443.09024081,8698.27107731,-4744.8191634999985,10916.18,5079.363333333334,-5836.816666666667,1874.3181818181818,2615.7831325301204,741.4649507119386,247410,217110,-30300,824.7,723.7,-101.0,1874.3181818181818,2713.875,839.5568181818182,0.5070023148148148,0.48408564814814814,-0.022916666666666696,272904.5,126984.08333333333,-145920.4166666667,-0.08196416968346787,-6.301291657746373,-49,-10100.0,,-37.121212121212125,-12.24687765247969,0.3299158877810855
4,45,71bd088936c410167d9967a229387f93c847d372b2b468cb3176219f3b58c98e,300,12,p_0.44_stores_10_nearest_restaurant,factorial_cell,0.44,1.0,1.0,10,nearest_restaurant,baseline,False,0.4583333333333333,0.34375,-0.11458333333333331,0.9040063919643876,0.6982485012342776,-0.20575789073010997,0.03201164059658058,0.026789338384521716,-0.005222302212058862,0.44,0.29,-0.15000000000000002,0.5566666666666666,0.7066666666666667,0.15000000000000002,0.0033333333333333335,0.0033333333333333335,0.0,53.18181818181818,56.758620689655174,3.5768025078369945,1.300751879699248,1.0344827586206897,-0.2662691210785584,0.72,0.6153846153846154,-0.10461538461538455,6.390977443609023,7.873563218390805,1.482585774781782,31.545454545454547,34.18390804597701,2.6384535005224663,4413.04875919,3245.58237611,-1167.46638308,16414.18,12019.34,-4394.84,13443.09024081,9907.28862389,-3535.80161692,10916.18,7092.006666666667,-3824.173333333333,1874.3181818181818,2239.6969696969695,365.37878787878776,247410,221730,-25680,824.7,739.1,-85.60000000000002,1874.3181818181818,2548.6206896551726,674.3025078369908,0.5070023148148148,0.4923032407407407,-0.014699074074074114,272904.5,177300.16666666666,-95604.33333333334,0.2662691210785584,20.470400637831368,-33,-2140.0,,-25.0,-10.37953195101249,0.4151812780404996
4,45,71bd088936c410167d9967a229387f93c847d372b2b468cb3176219f3b58c98e,300,12,p_0.44_stores_10_nearest_customer,factorial_cell,0.44,1.0,1.0,10,nearest_customer,baseline,False,0.4583333333333333,0.2638888888888889,-0.19444444444444442,0.9040063919643876,0.5498613288315447,-0.3541450631328429,0.03201164059658058,0.021273617914625613,-0.010738022681954965,0.44,0.25333333333333335,-0.18666666666666665,0.5566666666666666,0.7433333333333333,0.18666666666666665,0.0033333333333333335,0.0033333333333333335,0.0,53.18181818181818,50.9078947368421,-2.2739234449760772,1.300751879699248,1.4736842105263157,0.1729323308270676,0.72,0.7558528428093646,0.03585284280936463,6.390977443609023,5.697368421052632,-0.6936090225563909,31.545454545454547,30.18421052631579,-1.3612440191387556,4413.04875919,2476.39795996,-1936.6507992299998,16414.18,9000.82,-7413.360000000001,13443.09024081,7625.87804004,-5817.212200769999,10916.18,4237.486666666667,-6678.693333333334,1874.3181818181818,2820.3947368421054,946.0765550239237,247410,214350,-33060,824.7,714.5,-110.20000000000005,1874.3181818181818,2820.3947368421054,946.0765550239237,0.5070023148148148,0.4799189814814815,-0.027083333333333348,272904.5,105937.16666666667,-166967.3333333333,-0.1729323308270676,-13.294797687861267,-56,,,-42.42424242424242,-13.362434824784769,0.31497167801278386
4,45,71bd088936c410167d9967a229387f93c847d372b2b468cb3176219f3b58c98e,300,12,p_0.44_stores_15_uniform,factorial_cell,0.44,1.0,1.0,15,uniform,baseline,True,0.4583333333333333,0.3194444444444444,-0.1388888888888889,0.9040063919643876,0.6425328832499126,-0.26147350871447494,0.03201164059658058,0.024794502088667295,-0.007217138507913282,0.44,0.3,-0.14,0.5566666666666666,0.6933333333333334,0.13666666666666671,0.0033333333333333335,0.006666666666666667,0.0033333333333333335,53.18181818181818,54.81111111111111,1.6292929292929301,1.300751879699248,1.4505494505494505,0.1497975708502024,0.72,0.69,-0.030000000000000027,6.390977443609023,6.802197802197802,0.41122035858877926,31.545454545454547,33.01111111111111,1.465656565656566,4413.04875919,3046.55238817,-1366.49637102,16414.18,11745.64,-4668.540000000001,13443.09024081,9118.32461183,-4324.76562898,10916.18,6798.306666666666,-4117.873333333334,1874.3181818181818,2419.891304347826,545.5731225296443,247410,222630,-24780,824.7,742.1,-82.60000000000002,1874.3181818181818,2473.6666666666665,599.3484848484848,0.5070023148148148,0.49716435185185187,-0.009837962962962965,272904.5,169957.66666666666,-102946.83333333334,-0.1497975708502024,-11.516229435304577,-40,-12390.0,,-30.303030303030305,-10.015763307869529,0.33052018915969444
4,45,71bd088936c410167d9967a229387f93c847d372b2b468cb3176219f3b58c98e,300,12,p_0.44_stores_15_nearest_restaurant,factorial_cell,0.44,1.0,1.0,15,nearest_restaurant,baseline,False,0.4583333333333333,0.3923611111111111,-0.06597222222222221,0.9040063919643876,0.7835432797873569,-0.12046311217703065,0.03201164059658058,0.0297838692672641,-0.002227771329316477,0.44,0.3333333333333333,-0.10666666666666669,0.5566666666666666,0.6633333333333333,0.10666666666666669,0.0033333333333333335,0.0033333333333333335,0.0,53.18181818181818,54.41,1.2281818181818167,1.300751879699248,1.37,0.069248120300752,0.72,0.6510067114093959,-0.06899328859060405,6.390977443609023,9.08,2.6890225563909773,31.545454545454547,30.93,-0.615454545454547,4413.04875919,3721.29648266,-691.75227653,16414.18,12429.89,-3984.290000000001,13443.09024081,11888.42951734,-1554.6607234699986,10916.18,7371.223333333333,-3544.956666666667,1874.3181818181818,2014.513274336283,140.19509251810132,247410,227640,-19770,824.7,758.8,-65.90000000000009,1874.3181818181818,2276.4,402.08181818181833,0.5070023148148148,0.5007523148148149,-0.006249999999999978,272904.5,184280.58333333334,-88623.91666666666,-0.069248120300752,-5.323699421965328,-19,-1520.7692307692307,,-14.393939393939394,-7.990784527707046,0.5551492408722789
4,45,71bd088936c410167d9967a229387f93c847d372b2b468cb3176219f3b58c98e,300,12,p_0.44_stores_15_nearest_customer,factorial_cell,0.44,1.0,1.0,15,nearest_customer,baseline,False,0.4583333333333333,0.2743055555555556,-0.18402777777777773,0.9040063919643876,0.5646217986896963,-0.3393845932746913,0.03201164059658058,0.021874567354284922,-0.010137073242295656,0.44,0.26,-0.18,0.5566666666666666,0.7366666666666667,0.18000000000000005,0.0033333333333333335,0.0033333333333333335,0.0,53.18181818181818,52.76923076923077,-0.4125874125874134,1.300751879699248,1.5256410256410255,0.22488914594177745,0.72,0.7558528428093646,0.03585284280936463,6.390977443609023,7.435897435897436,1.0449199922884134,31.545454545454547,30.71794871794872,-0.8275058275058278,4413.04875919,2590.08941865,-1822.95934054,16414.18,9450.47,-6963.710000000001,13443.09024081,7961.7222480166665,-5481.367992793333,10916.18,4635.136666666666,-6281.043333333334,1874.3181818181818,2742.9113924050635,868.5932105868817,247410,216690,-30720,824.7,722.3,-102.40000000000009,1874.3181818181818,2778.076923076923,903.7587412587411,0.5070023148148148,0.48582175925925924,-0.02118055555555559,272904.5,115878.41666666667,-157026.0833333333,-0.22488914594177745,-17.2891655550615,-53,-30720.0,,-40.15151515151515,-12.416636352613072,0.3092445280273444
4,45,71bd088936c410167d9967a229387f93c847d372b2b468cb3176219f3b58c98e,300,12,p_0.44_stores_20_uniform,factorial_cell,0.44,1.0,1.0,20,uniform,baseline,False,0.4583333333333333,0.3159722222222222,-0.1423611111111111,0.9040063919643876,0.6453137926958987,-0.25869259926848887,0.03201164059658058,0.02501718213058419,-0.006994458465996386,0.44,0.29,-0.15000000000000002,0.5566666666666666,0.7066666666666667,0.15000000000000002,0.0033333333333333335,0.0033333333333333335,0.0,53.18181818181818,53.86206896551724,0.6802507836990586,1.300751879699248,1.2988505747126438,-0.0019013049866043463,0.72,0.7266666666666667,0.00666666666666671,6.390977443609023,8.471264367816092,2.080286924207069,31.545454545454547,30.471264367816094,-1.074190177638453,4413.04875919,3023.71308803,-1389.33567116,16414.18,10502.26,-5911.92,13443.09024081,9502.296578636666,-3940.7936621733334,10916.18,5652.26,-5263.92,1874.3181818181818,2398.3516483516482,524.0334665334665,247410,218250,-29160,824.7,727.5,-97.20000000000005,1874.3181818181818,2508.6206896551726,634.3025078369908,0.5070023148148148,0.48964120370370373,-0.017361111111111105,272904.5,141306.5,-131598.0,0.0019013049866043463,0.14616968972160582,-41,-7290.0,,-31.060606060606062,-11.786104037831938,0.37945505682775993
4,45,71bd088936c410167d9967a229387f93c847d372b2b468cb3176219f3b58c98e,300,12,p_0.44_stores_20_nearest_restaurant,factorial_cell,0.44,1.0,1.0,20,nearest_restaurant,baseline,False,0.4583333333333333,0.3854166666666667,-0.07291666666666663,0.9040063919643876,0.7900355871886121,-0.11397080477577548,0.03201164059658058,0.02990301724137931,-0.002108623355201268,0.44,0.3233333333333333,-0.1166666666666667,0.5566666666666666,0.6733333333333333,0.1166666666666667,0.0033333333333333335,0.0033333333333333335,0.0,53.18181818181818,53.628865979381445,0.44704779756326474,1.300751879699248,1.1649484536082475,-0.1358034260910006,0.72,0.62751677852349,-0.09248322147651,6.390977443609023,8.350515463917526,1.9595380203085035,31.545454545454547,30.257731958762886,-1.287722586691661,4413.04875919,3603.86584489,-809.1829143,16414.18,11855.12,-4559.0599999999995,13443.09024081,11584.736488443334,-1858.3537523666655,10916.18,6905.786666666667,-4010.3933333333334,1874.3181818181818,2006.4864864864865,132.1683046683047,247410,222720,-24690,824.7,742.4,-82.30000000000007,1874.3181818181818,2296.082474226804,421.7642924086224,0.5070023148148148,0.4878472222222222,-0.019155092592592626,272904.5,172644.66666666666,-100259.83333333334,0.1358034260910006,10.440379000059584,-21,-1763.5714285714287,,-15.909090909090908,-9.979386443555233,0.6272757193091861
4,45,71bd088936c410167d9967a229387f93c847d372b2b468cb3176219f3b58c98e,300,12,p_0.44_stores_20_nearest_customer,factorial_cell,0.44,1.0,1.0,20,nearest_customer,baseline,False,0.4583333333333333,0.2708333333333333,-0.1875,0.9040063919643876,0.5516265912305516,-0.352379800733836,0.03201164059658058,0.02104411169566977,-0.010967528900910808,0.44,0.25666666666666665,-0.18333333333333335,0.5566666666666666,0.74,0.18333333333333335,0.0033333333333333335,0.0033333333333333335,0.0,53.18181818181818,55.077922077922075,1.8961038961038952,1.300751879699248,1.1428571428571428,-0.1578947368421053,0.72,0.7766666666666666,0.05666666666666664,6.390977443609023,7.753246753246753,1.36226930963773,31.545454545454547,32.142857142857146,0.5974025974025992,4413.04875919,2598.72780464,-1814.32095455,16414.18,9731.99,-6682.1900000000005,13443.09024081,7890.39619536,-5552.694045449999,10916.18,4789.99,-6126.1900000000005,1874.3181818181818,2851.153846153846,976.8356643356644,247410,222390,-25020,824.7,741.3,-83.40000000000009,1874.3181818181818,2888.181818181818,1013.8636363636363,0.5070023148148148,0.4909722222222222,-0.016030092592592637,272904.5,119749.75,-153154.75,0.1578947368421053,12.138728323699425,-54,-25020.0,,-40.909090909090914,-10.112768279374318,0.24720100238470552
4,45,71bd088936c410167d9967a229387f93c847d372b2b468cb3176219f3b58c98e,300,12,p_0.66_stores_10_uniform,factorial_cell,0.66,1.0,1.0,10,uniform,baseline,False,0.4583333333333333,0.1909722222222222,-0.2673611111111111,0.9040063919643876,0.4050570762243771,-0.4989493157400105,0.03201164059658058,0.016245753950671984,-0.015765886645908594,0.44,0.17666666666666667,-0.2633333333333333,0.5566666666666666,0.82,0.2633333333333333,0.0033333333333333335,0.0033333333333333335,0.0,53.18181818181818,55.339622641509436,2.1578044596912562,1.300751879699248,0.9433962264150944,-0.35735565328415375,0.72,0.6722408026755853,-0.04775919732441469,6.390977443609023,7.320754716981132,0.9297772733721095,31.545454545454547,33.132075471698116,1.5866209262435689,4413.04875919,1860.49983852,-2552.5489206700004,16414.18,6994.99,-9419.19,13443.09024081,5638.145494813333,-7804.944745996666,10916.18,2480.99,-8435.19,1874.3181818181818,3693.2727272727275,1818.9545454545457,247410,203130,-44280,824.7,677.1,-147.60000000000002,1874.3181818181818,3832.6415094339623,1958.3233276157805,0.5070023148148148,0.4714699074074074,-0.03553240740740743,272904.5,62024.75,-210879.75,0.35735565328415375,27.473006870978296,-77,-22140.0,,-58.333333333333336,-17.897417242633683,0.3068128670165774
4,45,71bd088936c410167d9967a229387f93c847d372b2b468cb3176219f3b58c98e,300,12,p_0.66_stores_10_nearest_restaurant,factorial_cell,0.66,1.0,1.0,10,nearest_restaurant,baseline,False,0.4583333333333333,0.2569444444444444,-0.2013888888888889,0.9040063919643876,0.537270087124879,-0.3667363048395086,0.03201164059658058,0.022272385252069225,-0.009739255344511352,0.44,0.20333333333333334,-0.23666666666666666,0.5566666666666666,0.7933333333333333,0.2366666666666667,0.0033333333333333335,0.0033333333333333335,0.0,53.18181818181818,56.557377049180324,3.3755588673621446,1.300751879699248,0.9508196721311475,-0.3499322075681006,0.72,0.7,-0.020000000000000018,6.390977443609023,10.245901639344263,3.85492419573524,31.545454545454547,31.491803278688526,-0.053651266766021166,4413.04875919,2377.3719081,-2035.6768510900001,16414.18,7843.46,-8570.720000000001,13443.09024081,7633.1447585666665,-5809.945482243333,10916.18,3413.46,-7502.72,1874.3181818181818,2693.9189189189187,819.600737100737,247410,199350,-48060,824.7,664.5,-160.20000000000005,1874.3181818181818,3268.032786885246,1393.7146050670642,0.5070023148148148,0.47824074074074074,-0.028761574074074092,272904.5,85336.5,-187568.0,0.3499322075681006,26.902302662749932,-58,-3696.923076923077,,-43.93939393939394,-19.425245543834123,0.4420917951355352
4,45,71bd088936c410167d9967a229387f93c847d372b2b468cb3176219f3b58c98e,300,12,p_0.66_stores_10_nearest_customer,factorial_cell,0.66,1.0,1.0,10,nearest_customer,baseline,False,0.4583333333333333,0.2152777777777778,-0.24305555555555552,0.9040063919643876,0.4618249534450652,-0.4421814385193224,0.03201164059658058,0.0191713048855906,-0.012840335710989977,0.44,0.19666666666666666,-0.24333333333333335,0.5566666666666666,0.8,0.2433333333333334,0.0033333333333333335,0.0033333333333333335,0.0,53.18181818181818,51.76271186440678,-1.4191063174113978,1.300751879699248,1.4067796610169492,0.10602778131770108,0.72,0.7558528428093646,0.03585284280936463,6.390977443609023,6.932203389830509,0.5412259462214859,31.545454545454547,29.71186440677966,-1.8335901386748858,4413.04875919,2037.6686316,-2375.38012759,16414.18,6951.98,-9462.2,13443.09024081,6452.678035066667,-6990.412205743332,10916.18,2639.98,-8276.2,1874.3181818181818,3129.6774193548385,1255.3592375366568,247410,194040,-53370,824.7,646.8,-177.9000000000001,1874.3181818181818,3288.813559322034,1414.4953775038523,0.5070023148148148,0.4661458333333333,-0.04085648148148152,272904.5,65999.5,-206905.0,-0.10602778131770108,-8.15126873714118,-70,-17790.0,,-53.03030303030303,-21.571480538377592,0.4067764901522632
4,45,71bd088936c410167d9967a229387f93c847d372b2b468cb3176219f3b58c98e,300,12,p_0.66_stores_15_uniform,factorial_cell,0.66,1.0,1.0,15,uniform,baseline,False,0.4583333333333333,0.22916666666666666,-0.22916666666666666,0.9040063919643876,0.4888285396864584,-0.4151778522779292,0.03201164059658058,0.019391802556192154,-0.012619838040388423,0.44,0.20666666666666667,-0.23333333333333334,0.5566666666666666,0.79,0.2333333333333334,0.0033333333333333335,0.0033333333333333335,0.0,53.18181818181818,52.75806451612903,-0.42375366568914785,1.300751879699248,1.2741935483870968,-0.02655833131215135,0.72,0.6140939597315436,-0.1059060402684564,6.390977443609023,7.209677419354839,0.8186999757458162,31.545454545454547,30.758064516129032,-0.7873900293255147,4413.04875919,2164.82296287,-2248.22579632,16414.18,7733.98,-8680.2,13443.09024081,6719.0173704633335,-6724.072870346666,10916.18,3195.98,-7720.200000000001,1874.3181818181818,3094.090909090909,1219.7727272727273,247410,204210,-43200,824.7,680.7,-144.0,1874.3181818181818,3293.7096774193546,1419.391495601173,0.5070023148148148,0.46880787037037036,-0.038194444444444475,272904.5,79899.5,-193005.0,0.02655833131215135,2.041767667350364,-66,-10800.0,,-50.0,-17.46089487086213,0.34921789741724263
4,45,71bd088936c410167d9967a229387f93c847d372b2b468cb3176219f3b58c98e,300,12,p_0.66_stores_15_nearest_restaurant,factorial_cell,0.66,1.0,1.0,15,nearest_restaurant,baseline,False,0.4583333333333333,0.3298611111111111,-0.1284722222222222,0.9040063919643876,0.6876583423814694,-0.2163480495829182,0.03201164059658058,0.028102351723117883,-0.003909288873462695,0.44,0.24333333333333335,-0.19666666666666666,0.5566666666666666,0.7533333333333333,0.19666666666666666,0.0033333333333333335,0.0033333333333333335,0.0,53.18181818181818,55.02739726027397,1.845579078455792,1.300751879699248,1.5205479452054795,0.21979606550623143,0.72,0.7766666666666666,0.05666666666666664,6.390977443609023,10.26027397260274,3.8692965289937167,31.545454545454547,29.71232876712329,-1.833125778331258,4413.04875919,3033.21857652,-1379.8301826699999,16414.18,9082.93,-7331.25,13443.09024081,10100.786756813333,-3342.303483996666,10916.18,4575.596666666666,-6340.583333333334,1874.3181818181818,2135.0526315789475,260.73444976076576,247410,202830,-44580,824.7,676.1,-148.60000000000002,1874.3181818181818,2778.4931506849316,904.1749688667499,0.5070023148148148,0.4796875,-0.027314814814814847,272904.5,114389.91666666667,-158514.5833333333,-0.21979606550623143,-16.897616596721836,-37,-2026.3636363636363,,-28.030303030303028,-18.01867345701467,0.6428283503583613
4,45,71bd088936c410167d9967a229387f93c847d372b2b468cb3176219f3b58c98e,300,12,p_0.66_stores_15_nearest_customer,factorial_cell,0.66,1.0,1.0,15,nearest_customer,baseline,False,0.4583333333333333,0.2222222222222222,-0.2361111111111111,0.9040063919643876,0.4663023679417122,-0.4377040240226754,0.03201164059658058,0.01841461660192778,-0.013597023994652797,0.44,0.20333333333333334,-0.23666666666666666,0.5566666666666666,0.7933333333333333,0.2366666666666667,0.0033333333333333335,0.0033333333333333335,0.0,53.18181818181818,54.032786885245905,0.8509687034277249,1.300751879699248,1.2950819672131149,-0.005669912486133244,0.72,0.7157190635451505,-0.004280936454849504,6.390977443609023,7.590163934426229,1.1991864908172065,31.545454545454547,31.524590163934427,-0.020864381520119935,4413.04875919,2132.91971366,-2280.12904553,16414.18,7679.24,-8734.94,13443.09024081,6596.80628634,-6846.283954469999,10916.18,3045.24,-7870.9400000000005,1874.3181818181818,3258.28125,1383.9630681818182,247410,208530,-38880,824.7,695.1,-129.60000000000002,1874.3181818181818,3418.5245901639346,1544.2064083457528,0.5070023148148148,0.4765625,-0.030439814814814836,272904.5,76131.0,-196773.5,0.005669912486133244,0.4358950061593766,-68,-12960.0,,-51.515151515151516,-15.714805383775918,0.3050521045085913
4,45,71bd088936c410167d9967a229387f93c847d372b2b468cb3176219f3b58c98e,300,12,p_0.66_stores_20_uniform,factorial_cell,0.66,1.0,1.0,20,uniform,baseline,False,0.4583333333333333,0.20833333333333334,-0.24999999999999997,0.9040063919643876,0.4397215097105167,-0.4642848822538709,0.03201164059658058,0.017155110793423873,-0.014856529803156705,0.44,0.17333333333333334,-0.26666666666666666,0.5566666666666666,0.8233333333333334,0.2666666666666667,0.0033333333333333335,0.0033333333333333335,0.0,53.18181818181818,55.98076923076923,2.7989510489510536,1.300751879699248,0.5769230769230769,-0.7238288027761712,0.72,0.6521739130434783,-0.0678260869565217,6.390977443609023,8.48076923076923,2.089791787160207,31.545454545454547,32.80769230769231,1.2622377622377599,4413.04875919,1998.77931061,-2414.2694485800002,16414.18,6901.15,-9513.03,13443.09024081,6297.48168939,-7145.6085514199995,10916.18,2237.8166666666666,-8678.363333333335,1874.3181818181818,3497.5,1623.1818181818182,247410,209850,-37560,824.7,699.5,-125.20000000000005,1874.3181818181818,4035.576923076923,2161.258741258741,0.5070023148148148,0.47378472222222223,-0.033217592592592604,272904.5,55945.416666666664,-216959.08333333334,0.7238288027761712,55.6469542018675,-72,-4695.0,,-54.54545454545454,-15.181278040499576,0.2783234307424923
4,45,71bd088936c410167d9967a229387f93c847d372b2b468cb3176219f3b58c98e,300,12,p_0.66_stores_20_nearest_restaurant,factorial_cell,0.66,1.0,1.0,20,nearest_restaurant,baseline,False,0.4583333333333333,0.3368055555555556,-0.12152777777777773,0.9040063919643876,0.7108831073653353,-0.19312328459905226,0.03201164059658058,0.028647371529828707,-0.003364269066751871,0.44,0.25666666666666665,-0.18333333333333335,0.5566666666666666,0.74,0.18333333333333335,0.0033333333333333335,0.0033333333333333335,0.0,53.18181818181818,51.03896103896104,-2.142857142857139,1.300751879699248,1.5454545454545454,0.2447026657552973,0.72,0.7866666666666666,0.06666666666666665,6.390977443609023,8.727272727272727,2.336295283663704,31.545454545454547,27.467532467532468,-4.077922077922079,4413.04875919,3077.8609274,-1335.18783179,16414.18,8727.12,-7687.0599999999995,13443.09024081,10441.092405933334,-3001.9978348766654,10916.18,4212.453333333333,-6703.726666666667,1874.3181818181818,2094.4329896907216,220.1148078725398,247410,203160,-44250,824.7,677.2,-147.5,1874.3181818181818,2638.4415584415583,764.1233766233765,0.5070023148148148,0.47378472222222223,-0.033217592592592604,272904.5,105311.33333333333,-167593.1666666667,-0.2447026657552973,-18.812401471361007,-35,-2212.5,,-26.515151515151516,-17.885291621195588,0.6745309982850908
4,45,71bd088936c410167d9967a229387f93c847d372b2b468cb3176219f3b58c98e,300,12,p_0.66_stores_20_nearest_customer,factorial_cell,0.66,1.0,1.0,20,nearest_customer,baseline,False,0.4583333333333333,0.20833333333333334,-0.24999999999999997,0.9040063919643876,0.4427499692534743,-0.46125642271091327,0.03201164059658058,0.018012608826178327,-0.013999031770402251,0.44,0.18666666666666668,-0.2533333333333333,0.5566666666666666,0.81,0.2533333333333334,0.0033333333333333335,0.0033333333333333335,0.0,53.18181818181818,51.642857142857146,-1.538961038961034,1.300751879699248,2.0714285714285716,0.7706766917293235,0.72,0.7190635451505016,-0.000936454849498336,6.390977443609023,6.142857142857143,-0.24812030075187952,31.545454545454547,30.053571428571427,-1.4918831168831197,4413.04875919,1900.30030952,-2512.74844967,16414.18,6776.03,-9638.150000000001,13443.09024081,5903.07169048,-7540.018550329999,10916.18,2334.6966666666667,-8581.483333333334,1874.3181818181818,3331.0,1456.6818181818182,247410,199860,-47550,824.7,666.2,-158.5,1874.3181818181818,3568.9285714285716,1694.6103896103898,0.5070023148148148,0.47054398148148147,-0.03645833333333337,272904.5,58367.416666666664,-214537.08333333334,-0.7706766917293235,-59.24855491329482,-72,-11887.5,,-54.54545454545454,-19.21910997938644,0.3523503496220848
5,46,fcda7911603075b27df4282bc3a325cbb7d7163d5510095791020584fea35747,300,12,p_0.22_stores_10_uniform,factorial_cell,0.22,1.0,1.0,10,uniform,baseline,False,0.4826388888888889,0.3645833333333333,-0.11805555555555558,0.9306996986943422,0.7269789983844911,-0.20372070030985112,0.03287217689487998,0.026565464895635674,-0.006306711999244305,0.4633333333333333,0.35,-0.11333333333333334,0.5266666666666666,0.6366666666666667,0.1100000000000001,0.01,0.013333333333333334,0.003333333333333334,53.330935251798564,52.857142857142854,-0.4737923946557103,1.0357142857142858,1.4018691588785046,0.3661548731642188,0.782608695652174,0.85,0.06739130434782603,7.571428571428571,7.308411214953271,-0.26301735647530045,30.949640287769785,31.057142857142857,0.10750256937307157,4625.8540314,3494.0326165,-1131.8214149,16879.47,12781.79,-4097.68,14219.0659686,10727.410716833334,-3491.655251766666,11241.47,7511.79,-3729.6799999999994,1825.2517985611512,2258.5714285714284,433.31963001027725,253710,237150,-16560,845.7,790.5,-55.200000000000045,1825.2517985611512,2258.5714285714284,433.31963001027725,0.5185763888888889,0.5015046296296296,-0.0170717592592593,281036.75,187794.75,-93242.0,-0.3661548731642188,-35.35288430551078,-34,,,-24.46043165467626,-6.52713728272437,0.26684473008784926
5,46,fcda7911603075b27df4282bc3a325cbb7d7163d5510095791020584fea35747,300,12,p_0.22_stores_10_nearest_restaurant,factorial_cell,0.22,1.0,1.0,10,nearest_restaurant,baseline,False,0.4826388888888889,0.4027777777777778,-0.0798611111111111,0.9306996986943422,0.8004600345025877,-0.13023966419175448,0.03287217689487998,0.02963719979560552,-0.00323497709927446,0.4633333333333333,0.37333333333333335,-0.08999999999999997,0.5266666666666666,0.6166666666666667,0.09000000000000008,0.01,0.01,0.0,53.330935251798564,52.642857142857146,-0.6880781089414185,1.0357142857142858,1.5044247787610618,0.46871049304677603,0.782608695652174,0.8933333333333333,0.11072463768115937,7.571428571428571,6.893805309734513,-0.6776232616940581,30.949640287769785,30.696428571428573,-0.2532117163412124,4625.8540314,3785.33604924,-840.51798216,16879.47,13602.89,-3276.5800000000017,14219.0659686,11717.514617426667,-2501.5513511733334,11241.47,8384.223333333333,-2857.246666666666,1825.2517985611512,2024.4827586206898,199.23096005953857,253710,234840,-18870,845.7,782.8,-62.90000000000009,1825.2517985611512,2096.785714285714,271.53391572456303,0.5185763888888889,0.5031828703703703,-0.015393518518518556,281036.75,209605.58333333334,-71431.16666666666,-0.46871049304677603,-45.254806225205954,-23,-4717.5,,-16.546762589928058,-7.437625635568168,0.449491288410424
5,46,fcda7911603075b27df4282bc3a325cbb7d7163d5510095791020584fea35747,300,12,p_0.22_stores_10_nearest_customer,factorial_cell,0.22,1.0,1.0,10,nearest_customer,baseline,False,0.4826388888888889,0.375,-0.1076388888888889,0.9306996986943422,0.7520891364902508,-0.17861056220409144,0.03287217689487998,0.027724297266076243,-0.005147879628803736,0.4633333333333333,0.35333333333333333,-0.10999999999999999,0.5266666666666666,0.63,0.10333333333333339,0.01,0.016666666666666666,0.006666666666666666,53.330935251798564,52.10377358490566,-1.2271616668929042,1.0357142857142858,0.9541284403669725,-0.08158584534731328,0.782608695652174,0.8266666666666667,0.044057971014492714,7.571428571428571,8.65137614678899,1.0799475753604195,30.949640287769785,29.0188679245283,-1.9307723632414842,4625.8540314,3549.0678317,-1076.7861997,16879.47,12257.85,-4621.620000000001,14219.0659686,11180.335501633333,-3038.7304669666664,11241.47,7063.85,-4177.619999999999,1825.2517985611512,2164.1666666666665,338.9148681055153,253710,233730,-19980,845.7,779.1,-66.60000000000002,1825.2517985611512,2205.0,379.7482014388488,0.5185763888888889,0.4986111111111111,-0.01996527777777779,281036.75,176596.25,-104440.5,0.08158584534731328,7.877254033533696,-31,-9990.0,,-22.302158273381295,-7.875133025895707,0.3531108034191946
5,46,fcda7911603075b27df4282bc3a325cbb7d7163d5510095791020584fea35747,300,12,p_0.22_stores_15_uniform,factorial_cell,0.22,1.0,1.0,15,uniform,baseline,False,0.4826388888888889,0.3645833333333333,-0.11805555555555558,0.9306996986943422,0.7225599265970868,-0.20813977209725543,0.03287217689487998,0.026465028355387523,-0.006407148539492456,0.4633333333333333,0.3433333333333333,-0.12,0.5266666666666666,0.64,0.1133333333333334,0.01,0.016666666666666666,0.006666666666666666,53.330935251798564,54.85436893203884,1.5234336802402737,1.0357142857142858,1.0188679245283019,-0.016846361185983927,0.782608695652174,0.8266666666666667,0.044057971014492714,7.571428571428571,8.650943396226415,1.0795148247978439,30.949640287769785,31.436893203883496,0.4872529161137109,4625.8540314,3560.42405753,-1065.4299738700001,16879.47,12824.8,-4054.670000000002,14219.0659686,11009.495609136668,-3209.5703594633324,11241.47,7534.8,-3706.669999999999,1825.2517985611512,2267.1428571428573,441.89105858170615,253710,238050,-15660,845.7,793.5,-52.200000000000045,1825.2517985611512,2311.1650485436894,485.9132499825382,0.5185763888888889,0.5045717592592592,-0.014004629629629672,281036.75,188370.0,-92666.75,0.016846361185983927,1.6265452179570687,-34,-7830.0,,-24.46043165467626,-6.1724015608371765,0.252342299104814
5,46,fcda7911603075b27df4282bc3a325cbb7d7163d5510095791020584fea35747,300,12,p_0.22_stores_15_nearest_restaurant,factorial_cell,0.22,1.0,1.0,15,nearest_restaurant,baseline,False,0.4826388888888889,0.4201388888888889,-0.0625,0.9306996986943422,0.8180281690140846,-0.11267152968025762,0.03287217689487998,0.03055169801792703,-0.0023204788769529486,0.4633333333333333,0.38333333333333336,-0.07999999999999996,0.5266666666666666,0.6,0.07333333333333336,0.01,0.016666666666666666,0.006666666666666666,53.330935251798564,54.608695652173914,1.2777604003753495,1.0357142857142858,1.0932203389830508,0.05750605326876501,0.782608695652174,0.8494983277591973,0.06688963210702337,7.571428571428571,8.703389830508474,1.1319612590799029,30.949640287769785,31.22608695652174,0.2764466687519551,4625.8540314,4066.11865866,-559.73537274,16879.47,14212.85,-2666.620000000001,14219.0659686,12742.914008006666,-1476.1519605933336,11241.47,8932.183333333332,-2309.286666666667,1825.2517985611512,1963.8842975206612,138.63249895951003,253710,237630,-16080,845.7,792.1,-53.60000000000002,1825.2517985611512,2066.3478260869565,241.0960275258053,0.5185763888888889,0.5135995370370371,-0.004976851851851816,281036.75,223304.58333333334,-57732.16666666666,-0.05750605326876501,-5.552308591466966,-18,-2680.0,,-12.949640287769784,-6.3379448977178665,0.4894301893237686
5,46,fcda7911603075b27df4282bc3a325cbb7d7163d5510095791020584fea35747,300,12,p_0.22_stores_15_nearest_customer,factorial_cell,0.22,1.0,1.0,15,nearest_customer,baseline,False,0.4826388888888889,0.3645833333333333,-0.11805555555555558,0.9306996986943422,0.7390896292820273,-0.19161006941231495,0.03287217689487998,0.026943802925327175,-0.005928373969552803,0.4633333333333333,0.3466666666666667,-0.11666666666666664,0.5266666666666666,0.64,0.1133333333333334,0.01,0.013333333333333334,0.003333333333333334,53.330935251798564,52.34615384615385,-0.9847814056447177,1.0357142857142858,1.1320754716981132,0.09636118598382737,0.782608695652174,0.8466666666666667,0.06405797101449273,7.571428571428571,7.556603773584905,-0.014824797843665749,30.949640287769785,29.942307692307693,-1.007332595462092,4625.8540314,3477.72059373,-1148.1334376700001,16879.47,12300.86,-4578.610000000001,14219.0659686,10842.259072936668,-3376.8068956633324,11241.47,7104.86,-4136.61,1825.2517985611512,2226.8571428571427,401.6053442959915,253710,233820,-19890,845.7,779.4,-66.30000000000007,1825.2517985611512,2248.269230769231,423.01743220807975,0.5185763888888889,0.493287037037037,-0.025289351851851882,281036.75,177621.5,-103415.25,-0.09636118598382737,-9.303838646714366,-34,-19890.0,,-24.46043165467626,-7.839659453706989,0.3205037247250798
5,46,fcda7911603075b27df4282bc3a325cbb7d7163d5510095791020584fea35747,300,12,p_0.22_stores_20_uniform,factorial_cell,0.22,1.0,1.0,20,uniform,baseline,False,0.4826388888888889,0.3958333333333333,-0.08680555555555558,0.9306996986943422,0.7806436886555581,-0.1500560100387841,0.03287217689487998,0.028860759493670885,-0.0040114174012090935,0.4633333333333333,0.38,-0.08333333333333331,0.5266666666666666,0.61,0.08333333333333337,0.01,0.01,0.0,53.330935251798564,53.40350877192982,0.0725735201312574,1.0357142857142858,1.4782608695652173,0.4425465838509315,0.782608695652174,0.7926421404682275,0.010033444816053505,7.571428571428571,8.539130434782608,0.9677018633540371,30.949640287769785,29.736842105263158,-1.2127981825066279,4625.8540314,3747.22330048,-878.6307309200001,16879.47,13317.46,-3562.010000000002,14219.0659686,11657.66469952,-2561.401269079999,11241.47,8050.793333333333,-3190.6766666666663,1825.2517985611512,2078.9473684210525,253.6955698599013,253710,237000,-16710,845.7,790.0,-55.700000000000045,1825.2517985611512,2078.9473684210525,253.6955698599013,0.5185763888888889,0.5070601851851851,-0.011516203703703765,281036.75,201269.83333333334,-79766.91666666666,-0.4425465838509315,-42.7286356821589,-25,,,-17.985611510791365,-6.586259903038903,0.36619605060896304
5,46,fcda7911603075b27df4282bc3a325cbb7d7163d5510095791020584fea35747,300,12,p_0.22_stores_20_nearest_restaurant,factorial_cell,0.22,1.0,1.0,20,nearest_restaurant,baseline,False,0.4826388888888889,0.4583333333333333,-0.02430555555555558,0.9306996986943422,0.8833370510818648,-0.04736264761247744,0.03287217689487998,0.032500307768065985,-0.0003718691268139937,0.4633333333333333,0.41333333333333333,-0.04999999999999999,0.5266666666666666,0.5766666666666667,0.050000000000000044,0.01,0.01,0.0,53.330935251798564,55.475806451612904,2.1448711998143395,1.0357142857142858,1.24,0.20428571428571418,0.782608695652174,0.8394648829431438,0.05685618729096986,7.571428571428571,8.768,1.1965714285714295,30.949640287769785,32.42741935483871,1.4777790670689264,4625.8540314,4417.22731132,-208.62672008000027,16879.47,15925.43,-954.0400000000009,14219.0659686,13653.258022013333,-565.8079465866667,11241.47,10510.096666666666,-731.373333333333,1825.2517985611512,1846.1363636363637,20.88456507521255,253710,243690,-10020,845.7,812.3,-33.40000000000009,1825.2517985611512,1965.241935483871,139.99013692271978,0.5185763888888889,0.5188657407407408,0.0002893518518518601,281036.75,262752.4166666667,-18284.333333333314,-0.20428571428571418,-19.724137931034473,-7,-1252.5,,-5.0359712230215825,-3.9493910370107606,0.7842362202064225
5,46,fcda7911603075b27df4282bc3a325cbb7d7163d5510095791020584fea35747,300,12,p_0.22_stores_20_nearest_customer,factorial_cell,0.22,1.0,1.0,20,nearest_customer,baseline,False,0.4826388888888889,0.3819444444444444,-0.10069444444444448,0.9306996986943422,0.7680670313045502,-0.16263266738979199,0.03287217689487998,0.028310384763865656,-0.004561792131014323,0.4633333333333333,0.36333333333333334,-0.09999999999999998,0.5266666666666666,0.6233333333333333,0.09666666666666668,0.01,0.013333333333333334,0.003333333333333334,53.330935251798564,52.25688073394495,-1.074054517853611,1.0357142857142858,0.918918918918919,-0.11679536679536684,0.782608695652174,0.8633333333333333,0.08072463768115934,7.571428571428571,8.45045045045045,0.8790218790218791,30.949640287769785,28.954128440366972,-1.9955118474028133,4625.8540314,3602.4799528,-1023.3740786000003,16879.47,12496.36,-4383.110000000001,14219.0659686,11327.4400472,-2891.6259214,11241.47,7315.693333333334,-3925.7766666666657,1825.2517985611512,2119.3636363636365,294.1118378024853,253710,233130,-20580,845.7,777.1,-68.60000000000002,1825.2517985611512,2138.8073394495414,313.55554088839017,0.5185763888888889,0.4972800925925926,-0.021296296296296313,281036.75,182892.33333333334,-98144.41666666666,0.11679536679536684,11.276794035414728,-29,-20580.0,,-20.863309352517987,-8.111623507153837,0.38879850603254595
5,46,fcda7911603075b27df4282bc3a325cbb7d7163d5510095791020584fea35747,300,12,p_0.44_stores_10_uniform,factorial_cell,0.44,1.0,1.0,10,uniform,baseline,False,0.4826388888888889,0.3090277777777778,-0.1736111111111111,0.9306996986943422,0.6378404204491162,-0.29285927824522606,0.03287217689487998,0.02442371020856202,-0.008448466686317959,0.4633333333333333,0.29333333333333333,-0.16999999999999998,0.5266666666666666,0.6966666666666667,0.17000000000000004,0.01,0.01,0.0,53.330935251798564,51.93181818181818,-1.3991170699803845,1.0357142857142858,1.3595505617977528,0.323836276083467,0.782608695652174,0.8662207357859532,0.08361204013377921,7.571428571428571,7.629213483146067,0.057784911717496,30.949640287769785,28.943181818181817,-2.006458469587969,4625.8540314,2889.43909538,-1736.4149360200004,16879.47,10060.43,-6819.040000000001,14219.0659686,9070.71890462,-5148.34706398,11241.47,5201.763333333333,-6039.706666666666,1825.2517985611512,2456.629213483146,631.3774149219948,253710,218640,-35070,845.7,728.8,-116.90000000000009,1825.2517985611512,2484.5454545454545,659.2936559843033,0.5185763888888889,0.4844907407407407,-0.034085648148148184,281036.75,130044.08333333333,-150992.6666666667,-0.323836276083467,-31.266950794265775,-50,-35070.0,,-35.97122302158273,-13.82286862953766,0.384275747901147
5,46,fcda7911603075b27df4282bc3a325cbb7d7163d5510095791020584fea35747,300,12,p_0.44_stores_10_nearest_restaurant,factorial_cell,0.44,1.0,1.0,10,nearest_restaurant,baseline,False,0.4826388888888889,0.3263888888888889,-0.15625,0.9306996986943422,0.6502940159114493,-0.2804056827828929,0.03287217689487998,0.025756953007261267,-0.0071152238876187116,0.4633333333333333,0.28,-0.1833333333333333,0.5266666666666666,0.71,0.18333333333333335,0.01,0.01,0.0,53.330935251798564,58.36904761904762,5.038112367249056,1.0357142857142858,1.4352941176470588,0.399579831932773,0.782608695652174,0.9466666666666667,0.1640579710144927,7.571428571428571,9.235294117647058,1.6638655462184868,30.949640287769785,34.04761904761905,3.0979787598492656,4625.8540314,3166.43669395,-1459.41733745,16879.47,11444.57,-5434.9000000000015,14219.0659686,9775.971639383333,-4443.094329216667,11241.47,6578.57,-4662.9,1825.2517985611512,2329.468085106383,504.2162865452319,253710,218970,-34740,845.7,729.9,-115.80000000000007,1825.2517985611512,2606.785714285714,781.533915724563,0.5185763888888889,0.5019097222222222,-0.01666666666666672,281036.75,164464.25,-116572.5,-0.399579831932773,-38.58012170385394,-45,-3474.0,,-32.37410071942446,-13.69279886484569,0.4229553427141224
5,46,fcda7911603075b27df4282bc3a325cbb7d7163d5510095791020584fea35747,300,12,p_0.44_stores_10_nearest_customer,factorial_cell,0.44,1.0,1.0,10,nearest_customer,baseline,False,0.4826388888888889,0.3194444444444444,-0.16319444444444448,0.9306996986943422,0.6512505899008966,-0.27944910879344564,0.03287217689487998,0.024955920249559203,-0.007916256645320776,0.4633333333333333,0.3,-0.16333333333333333,0.5266666666666666,0.69,0.16333333333333333,0.01,0.01,0.0,53.330935251798564,52.611111111111114,-0.7198241406874502,1.0357142857142858,1.2527472527472527,0.21703296703296693,0.782608695652174,0.822742474916388,0.04013377926421402,7.571428571428571,7.725274725274725,0.1538461538461542,30.949640287769785,29.38888888888889,-1.560751398880896,4625.8540314,3064.62671874,-1561.2273126600003,16879.47,10584.37,-6295.1,14219.0659686,9654.360614593334,-4564.705354006666,11241.47,5669.036666666667,-5572.4333333333325,1825.2517985611512,2404.2391304347825,578.9873318736313,253710,221190,-32520,845.7,737.3,-108.40000000000009,1825.2517985611512,2457.6666666666665,632.4148681055153,0.5185763888888889,0.49050925925925926,-0.02806712962962965,281036.75,141725.91666666666,-139310.83333333334,-0.21703296703296693,-20.9549071618037,-47,-16260.0,,-33.81294964028777,-12.817784084190611,0.3790791463196798
5,46,fcda7911603075b27df4282bc3a325cbb7d7163d5510095791020584fea35747,300,12,p_0.44_stores_15_uniform,factorial_cell,0.44,1.0,1.0,15,uniform,baseline,True,0.4826388888888889,0.2847222222222222,-0.19791666666666669,0.9306996986943422,0.5890099365497427,-0.34168976214459956,0.03287217689487998,0.02249348511863942,-0.01037869177624056,0.4633333333333333,0.26666666666666666,-0.19666666666666666,0.5266666666666666,0.72,0.19333333333333336,0.01,0.013333333333333334,0.003333333333333334,53.330935251798564,52.85,-0.480935251798563,1.0357142857142858,1.353658536585366,0.31794425087108014,0.782608695652174,0.7993311036789298,0.01672240802675584,7.571428571428571,8.25609756097561,0.6846689895470384,30.949640287769785,29.9375,-1.0121402877697854,4625.8540314,2709.33472377,-1916.5193076300002,16879.47,9477.84,-7401.630000000001,14219.0659686,8487.90227623,-5731.163692370001,11241.47,4617.173333333333,-6624.296666666666,1825.2517985611512,2667.439024390244,842.1872258290928,253710,218730,-34980,845.7,729.1,-116.60000000000002,1825.2517985611512,2734.125,908.8732014388488,0.5185763888888889,0.4833912037037037,-0.03518518518518521,281036.75,115429.33333333333,-165607.4166666667,-0.31794425087108014,-30.698065601345665,-57,-17490.0,,-41.007194244604314,-13.787395057348942,0.3362189321002637
5,46,fcda7911603075b27df4282bc3a325cbb7d7163d5510095791020584fea35747,300,12,p_0.44_stores_15_nearest_restaurant,factorial_cell,0.44,1.0,1.0,15,nearest_restaurant,baseline,False,0.4826388888888889,0.3784722222222222,-0.10416666666666669,0.9306996986943422,0.7350792401933236,-0.1956204585010186,0.03287217689487998,0.028348504551365408,-0.00452367234351457,0.4633333333333333,0.32666666666666666,-0.13666666666666666,0.5266666666666666,0.6633333333333333,0.13666666666666671,0.01,0.01,0.0,53.330935251798564,57.295918367346935,3.964983115548371,1.0357142857142858,1.0505050505050506,0.014790764790764799,0.782608695652174,0.785234899328859,0.0026262036766850905,7.571428571428571,9.06060606060606,1.4891774891774894,30.949640287769785,33.316326530612244,2.3666862428424587,4625.8540314,3631.70376991,-994.15026149,16879.47,13051.58,-3827.8900000000012,14219.0659686,11241.640563423334,-2977.4254051766657,11241.47,7924.913333333333,-3316.5566666666664,1825.2517985611512,2116.5137614678897,291.2619629067385,253710,230700,-23010,845.7,769.0,-76.70000000000005,1825.2517985611512,2354.081632653061,528.82983409191,0.5185763888888889,0.5148726851851851,-0.0037037037037037646,281036.75,198122.83333333334,-82913.91666666666,-0.014790764790764799,-1.4280738418669459,-30,-2091.818181818182,,-21.58273381294964,-9.069409956249261,0.4202159946395491
5,46,fcda7911603075b27df4282bc3a325cbb7d7163d5510095791020584fea35747,300,12,p_0.44_stores_15_nearest_customer,factorial_cell,0.44,1.0,1.0,15,nearest_customer,baseline,False,0.4826388888888889,0.2916666666666667,-0.1909722222222222,0.9306996986943422,0.6055508830950378,-0.3251488155993044,0.03287217689487998,0.023453860114477174,-0.009418316780402804,0.4633333333333333,0.27666666666666667,-0.18666666666666665,0.5266666666666666,0.7166666666666667,0.19000000000000006,0.01,0.006666666666666667,-0.003333333333333333,53.330935251798564,51.46987951807229,-1.8610557337262748,1.0357142857142858,0.9518072289156626,-0.0839070567986232,0.782608695652174,0.785234899328859,0.0026262036766850905,7.571428571428571,7.963855421686747,0.39242685025817625,30.949640287769785,28.27710843373494,-2.672531854034844,4625.8540314,2731.79130914,-1894.06272226,16879.47,9286.25,-7593.220000000001,14219.0659686,8664.02269086,-5555.04327774,11241.47,4510.916666666667,-6730.553333333332,1825.2517985611512,2558.214285714286,732.9624871531346,253710,214890,-38820,845.7,716.3,-129.4000000000001,1825.2517985611512,2589.0361445783133,763.7843460171621,0.5185763888888889,0.4816550925925926,-0.03692129629629631,281036.75,112772.91666666667,-168263.8333333333,0.0839070567986232,8.101371001246378,-55,-38820.0,,-39.568345323741006,-15.30093413740097,0.38669633547249727
5,46,fcda7911603075b27df4282bc3a325cbb7d7163d5510095791020584fea35747,300,12,p_0.44_stores_20_uniform,factorial_cell,0.44,1.0,1.0,20,uniform,baseline,False,0.4826388888888889,0.2916666666666667,-0.1909722222222222,0.9306996986943422,0.5955334987593052,-0.33516619993503705,0.03287217689487998,0.022456890790001335,-0.010415286104878643,0.4633333333333333,0.28,-0.1833333333333333,0.5266666666666666,0.71,0.18333333333333335,0.01,0.01,0.0,53.330935251798564,53.38095238095238,0.050017129153815176,1.0357142857142858,1.7058823529411764,0.6701680672268906,0.782608695652174,0.7959866220735786,0.013377926421404673,7.571428571428571,7.305882352941176,-0.2655462184873949,30.949640287769785,31.0,0.050359712230214626,4625.8540314,2791.23338637,-1834.62064503,16879.47,10212.92,-6666.550000000001,14219.0659686,8568.850280296667,-5650.215688303333,11241.47,5225.586666666667,-6015.883333333332,1825.2517985611512,2671.785714285714,846.533915724563,253710,224430,-29280,845.7,748.1,-97.60000000000002,1825.2517985611512,2671.785714285714,846.533915724563,0.5185763888888889,0.48975694444444445,-0.028819444444444453,281036.75,130639.66666666667,-150397.0833333333,-0.6701680672268906,-64.70588235294116,-55,,,-39.568345323741006,-11.540735485396713,0.2916658604491169
5,46,fcda7911603075b27df4282bc3a325cbb7d7163d5510095791020584fea35747,300,12,p_0.44_stores_20_nearest_restaurant,factorial_cell,0.44,1.0,1.0,20,nearest_restaurant,baseline,False,0.4826388888888889,0.3715277777777778,-0.1111111111111111,0.9306996986943422,0.7435719249478805,-0.18712777374646172,0.03287217689487998,0.02855998932336848,-0.0043121875715115,0.4633333333333333,0.31666666666666665,-0.14666666666666667,0.5266666666666666,0.6766666666666666,0.15000000000000002,0.01,0.006666666666666667,-0.003333333333333333,53.330935251798564,55.45263157894737,2.121696327148804,1.0357142857142858,0.8947368421052632,-0.14097744360902265,0.782608695652174,0.8633333333333333,0.08072463768115934,7.571428571428571,8.410526315789474,0.8390977443609025,30.949640287769785,32.31578947368421,1.366149185914427,4625.8540314,3453.84371,-1172.0103214,16879.47,12261.76,-4617.710000000001,14219.0659686,10750.062956666667,-3469.0030119333333,11241.47,7266.426666666666,-3975.043333333333,1825.2517985611512,2100.841121495327,275.5893229341759,253710,224790,-28920,845.7,749.3,-96.40000000000009,1825.2517985611512,2366.2105263157896,540.9587277546384,0.5185763888888889,0.4996527777777778,-0.018923611111111127,281036.75,181660.66666666666,-99376.08333333334,0.14097744360902265,13.611615245009082,-32,-2410.0,,-23.021582733812952,-11.398841196641834,0.49513716447912964
5,46,fcda7911603075b27df4282bc3a325cbb7d7163d5510095791020584fea35747,300,12,p_0.44_stores_20_nearest_customer,factorial_cell,0.44,1.0,1.0,20,nearest_customer,baseline,False,0.4826388888888889,0.3125,-0.1701388888888889,0.9306996986943422,0.6395830865805993,-0.29111661211374296,0.03287217689487998,0.024627171979750992,-0.008245004915128987,0.4633333333333333,0.29333333333333333,-0.16999999999999998,0.5266666666666666,0.7,0.17333333333333334,0.01,0.006666666666666667,-0.003333333333333333,53.330935251798564,51.78409090909091,-1.546844342707658,1.0357142857142858,1.3181818181818181,0.2824675324675323,0.782608695652174,0.8361204013377926,0.05351170568561869,7.571428571428571,7.136363636363637,-0.4350649350649345,30.949640287769785,29.636363636363637,-1.3132766514061487,4625.8540314,2965.37806355,-1660.47596785,16879.47,10373.23,-6506.240000000002,14219.0659686,9290.163603116667,-4928.902365483333,11241.47,5500.5633333333335,-5740.906666666666,1825.2517985611512,2436.3333333333335,611.0815347721823,253710,219270,-34440,845.7,730.9,-114.80000000000007,1825.2517985611512,2491.7045454545455,666.4527468933943,0.5185763888888889,0.488599537037037,-0.029976851851851893,281036.75,137514.08333333334,-143522.66666666666,-0.2824675324675323,-27.272727272727256,-49,-17220.0,,-35.25179856115108,-13.574553624216627,0.38507407219716555
5,46,fcda7911603075b27df4282bc3a325cbb7d7163d5510095791020584fea35747,300,12,p_0.66_stores_10_uniform,factorial_cell,0.66,1.0,1.0,10,uniform,baseline,False,0.4826388888888889,0.20833333333333334,-0.2743055555555556,0.9306996986943422,0.43636363636363634,-0.49433606233070587,0.03287217689487998,0.018206645425580335,-0.014665531469299643,0.4633333333333333,0.18666666666666668,-0.2766666666666666,0.5266666666666666,0.8066666666666666,0.28,0.01,0.006666666666666667,-0.003333333333333333,53.330935251798564,56.892857142857146,3.5619218910585815,1.0357142857142858,1.4464285714285714,0.4107142857142856,0.782608695652174,0.9297658862876255,0.14715719063545152,7.571428571428571,8.017857142857142,0.4464285714285712,30.949640287769785,33.267857142857146,2.3182168550873605,4625.8540314,1938.67868223,-2687.17534917,16879.47,7468.1,-9411.37,14219.0659686,5804.910984436667,-8414.154984163333,11241.47,3074.1,-8167.369999999999,1825.2517985611512,3295.5,1470.2482014388488,253710,197730,-55980,845.7,659.1,-186.60000000000002,1825.2517985611512,3530.8928571428573,1705.6410585817061,0.5185763888888889,0.4774305555555556,-0.041145833333333326,281036.75,76852.5,-204184.25,-0.4107142857142856,-39.65517241379309,-79,-13995.0,,-56.83453237410072,-22.06456190138347,0.3882245701635826
5,46,fcda7911603075b27df4282bc3a325cbb7d7163d5510095791020584fea35747,300,12,p_0.66_stores_10_nearest_restaurant,factorial_cell,0.66,1.0,1.0,10,nearest_restaurant,baseline,False,0.4826388888888889,0.19791666666666666,-0.2847222222222222,0.9306996986943422,0.4203023227233624,-0.5103973759709799,0.03287217689487998,0.018390062913373126,-0.014482113981506853,0.4633333333333333,0.17333333333333334,-0.29,0.5266666666666666,0.82,0.29333333333333333,0.01,0.006666666666666667,-0.003333333333333333,53.330935251798564,54.82692307692308,1.4959878251245158,1.0357142857142858,1.2307692307692308,0.19505494505494503,0.782608695652174,0.89,0.10739130434782607,7.571428571428571,8.98076923076923,1.4093406593406588,30.949640287769785,31.192307692307693,0.24266740453790803,4625.8540314,1890.82744803,-2735.0265833700005,16879.47,6455.41,-10424.060000000001,14219.0659686,5985.948885303334,-8233.117083296667,11241.47,2322.7433333333333,-8918.726666666666,1825.2517985611512,3262.6315789473683,1437.3797803862171,253710,185970,-67740,845.7,619.9,-225.80000000000007,1825.2517985611512,3576.346153846154,1751.0943552850026,0.5185763888888889,0.4708912037037037,-0.04768518518518522,281036.75,58068.583333333336,-222968.16666666666,-0.19505494505494503,-18.832891246684348,-82,-13548.0,,-58.992805755395686,-26.6997753340428,0.45259375261365237
5,46,fcda7911603075b27df4282bc3a325cbb7d7163d5510095791020584fea35747,300,12,p_0.66_stores_10_nearest_customer,factorial_cell,0.66,1.0,1.0,10,nearest_customer,baseline,False,0.4826388888888889,0.2152777777777778,-0.2673611111111111,0.9306996986943422,0.45560318432333125,-0.47509651437101097,0.03287217689487998,0.018957345971563982,-0.013914830923315996,0.4633333333333333,0.2,-0.2633333333333333,0.5266666666666666,0.7933333333333333,0.2666666666666667,0.01,0.006666666666666667,-0.003333333333333333,53.330935251798564,53.266666666666666,-0.0642685851318987,1.0357142857142858,1.2166666666666666,0.18095238095238075,0.782608695652174,0.8127090301003345,0.030100334448160515,7.571428571428571,6.983333333333333,-0.5880952380952378,30.949640287769785,31.816666666666666,0.8670263788968811,4625.8540314,2117.68268075,-2508.17135065,16879.47,7632.32,-9247.150000000001,14219.0659686,6546.57231925,-7672.49364935,11241.47,3271.653333333333,-7969.816666666666,1825.2517985611512,3165.0,1339.7482014388488,253710,196230,-57480,845.7,654.1,-191.60000000000002,1825.2517985611512,3270.5,1445.2482014388488,0.5185763888888889,0.47251157407407407,-0.046064814814814836,281036.75,81791.33333333333,-199245.4166666667,-0.18095238095238075,-17.471264367816072,-77,-28740.0,,-55.39568345323741,-22.655788104528792,0.40898110993889636
5,46,fcda7911603075b27df4282bc3a325cbb7d7163d5510095791020584fea35747,300,12,p_0.66_stores_15_uniform,factorial_cell,0.66,1.0,1.0,15,uniform,baseline,False,0.4826388888888889,0.1909722222222222,-0.2916666666666667,0.9306996986943422,0.409683426443203,-0.5210162722511392,0.03287217689487998,0.016661617691608604,-0.016210559203271375,0.4633333333333333,0.17666666666666667,-0.2866666666666666,0.5266666666666666,0.8166666666666667,0.29000000000000004,0.01,0.006666666666666667,-0.003333333333333333,53.330935251798564,51.056603773584904,-2.2743314782136608,1.0357142857142858,1.9433962264150944,0.9076819407008085,0.782608695652174,0.9333333333333333,0.1507246376811594,7.571428571428571,6.849056603773585,-0.7223719676549862,30.949640287769785,29.0,-1.9496402877697854,4625.8540314,1816.25487317,-2809.5991582300003,16879.47,6099.6,-10779.87,14219.0659686,5789.4954601633335,-8429.570508436667,11241.47,1698.2666666666667,-9543.203333333333,1825.2517985611512,3601.090909090909,1775.8391105297578,253710,198060,-55650,845.7,660.2,-185.5,1825.2517985611512,3736.9811320754716,1911.7293335143204,0.5185763888888889,0.4661458333333333,-0.05243055555555559,281036.75,42456.666666666664,-238580.08333333334,-0.9076819407008085,-87.63825634352634,-84,-27825.0,,-60.431654676258994,-21.934492136691496,0.3629636198809664
5,46,fcda7911603075b27df4282bc3a325cbb7d7163d5510095791020584fea35747,300,12,p_0.66_stores_15_nearest_restaurant,factorial_cell,0.66,1.0,1.0,15,nearest_restaurant,baseline,False,0.4826388888888889,0.2465277777777778,-0.2361111111111111,0.9306996986943422,0.5061787072243346,-0.42452099147000766,0.03287217689487998,0.021251122418437594,-0.011621054476442384,0.4633333333333333,0.21,-0.2533333333333333,0.5266666666666666,0.78,0.2533333333333334,0.01,0.01,0.0,53.330935251798564,56.07936507936508,2.748429827566518,1.0357142857142858,1.34375,0.3080357142857142,0.782608695652174,0.89,0.10739130434782607,7.571428571428571,7.625,0.053571428571428825,30.949640287769785,33.41269841269841,2.463058124928626,4625.8540314,2387.57785697,-2238.27617443,16879.47,8441.69,-8437.78,14219.0659686,7444.87914303,-6774.18682557,11241.47,3987.0233333333335,-7254.446666666666,1825.2517985611512,2823.3802816901407,998.1284831289895,253710,200460,-53250,845.7,668.2,-177.5,1825.2517985611512,3181.904761904762,1356.6529633436107,0.5185763888888889,0.48703703703703705,-0.03153935185185186,281036.75,99675.58333333333,-181361.1666666667,-0.3080357142857142,-29.74137931034482,-68,-6656.25,,-48.92086330935252,-20.988530211658983,0.4290302499147939
5,46,fcda7911603075b27df4282bc3a325cbb7d7163d5510095791020584fea35747,300,12,p_0.66_stores_15_nearest_customer,factorial_cell,0.66,1.0,1.0,15,nearest_customer,baseline,False,0.4826388888888889,0.1840277777777778,-0.2986111111111111,0.9306996986943422,0.39640987284966345,-0.5342898258446788,0.03287217689487998,0.016973578863090474,-0.015898598031789505,0.4633333333333333,0.17333333333333334,-0.29,0.5266666666666666,0.8166666666666667,0.29000000000000004,0.01,0.01,0.0,53.330935251798564,50.15384615384615,-3.177089097952411,1.0357142857142858,1.528301886792453,0.4925876010781671,0.782608695652174,0.8729096989966555,0.09030100334448155,7.571428571428571,6.566037735849057,-1.0053908355795143,30.949640287769785,28.51923076923077,-2.4304095185390153,4625.8540314,1738.80711773,-2887.0469136700003,16879.47,5904.1,-10975.37,14219.0659686,5517.332548936667,-8701.733419663333,11241.47,1740.7666666666667,-9500.703333333333,1825.2517985611512,3534.9056603773583,1709.6538618162072,253710,187350,-66360,845.7,624.5,-221.20000000000005,1825.2517985611512,3602.8846153846152,1777.632816823464,0.5185763888888889,0.4642361111111111,-0.05434027777777778,281036.75,43519.166666666664,-237517.58333333334,-0.4925876010781671,-47.560182173064405,-86,-66360.0,,-61.87050359712231,-26.15584722714911,0.4227514842527588
5,46,fcda7911603075b27df4282bc3a325cbb7d7163d5510095791020584fea35747,300,12,p_0.66_stores_20_uniform,factorial_cell,0.66,1.0,1.0,20,uniform,baseline,False,0.4826388888888889,0.1909722222222222,-0.2916666666666667,0.9306996986943422,0.4160887656033287,-0.5146109330910136,0.03287217689487998,0.017179447134155864,-0.015692729760724115,0.4633333333333333,0.17666666666666667,-0.2866666666666666,0.5266666666666666,0.8166666666666667,0.29000000000000004,0.01,0.006666666666666667,-0.003333333333333333,53.330935251798564,51.15094339622642,-2.1799918555721476,1.0357142857142858,1.7358490566037736,0.7001347708894878,0.782608695652174,0.7651006711409396,-0.017508024511234344,7.571428571428571,7.283018867924528,-0.28840970350404316,30.949640287769785,28.641509433962263,-2.3081308538075227,4625.8540314,1757.66426196,-2868.1897694400004,16879.47,6064.41,-10815.060000000001,14219.0659686,5539.47173804,-8679.59423056,11241.47,1795.7433333333333,-9445.726666666666,1825.2517985611512,3492.5454545454545,1667.2936559843033,253710,192090,-61620,845.7,640.3,-205.4000000000001,1825.2517985611512,3624.3396226415093,1799.0878240803581,0.5185763888888889,0.4589699074074074,-0.05960648148148151,281036.75,44893.583333333336,-236143.16666666666,-0.7001347708894878,-67.59921925829538,-84,-30810.0,,-60.431654676258994,-24.287572425209884,0.40190149608383025
5,46,fcda7911603075b27df4282bc3a325cbb7d7163d5510095791020584fea35747,300,12,p_0.66_stores_20_nearest_restaurant,factorial_cell,0.66,1.0,1.0,20,nearest_restaurant,baseline,False,0.4826388888888889,0.2673611111111111,-0.2152777777777778,0.9306996986943422,0.5664541441883276,-0.3642455545060146,0.03287217689487998,0.02353660400427938,-0.009335572890600597,0.4633333333333333,0.21333333333333335,-0.24999999999999997,0.5266666666666666,0.78,0.2533333333333334,0.01,0.006666666666666667,-0.003333333333333333,53.330935251798564,54.609375,1.2784397482014356,1.0357142857142858,1.3125,0.2767857142857142,0.782608695652174,0.9,0.11739130434782608,7.571428571428571,9.46875,1.8973214285714288,30.949640287769785,30.40625,-0.5433902877697854,4625.8540314,2445.77466626,-2180.0793651400004,16879.47,7874.74,-9004.730000000001,14219.0659686,7928.878000406667,-6290.187968193333,11241.47,3512.74,-7728.73,1825.2517985611512,2549.220779220779,723.968980659628,253710,196290,-57420,845.7,654.3,-191.4000000000001,1825.2517985611512,3067.03125,1241.7794514388488,0.5185763888888889,0.47199074074074077,-0.04658564814814814,281036.75,87818.5,-193218.25,-0.2767857142857142,-26.72413793103447,-62,-4416.923076923077,,-44.60431654676259,-22.63213905640298,0.5073979562645184
5,46,fcda7911603075b27df4282bc3a325cbb7d7163d5510095791020584fea35747,300,12,p_0.66_stores_20_nearest_customer,factorial_cell,0.66,1.0,1.0,20,nearest_customer,baseline,False,0.4826388888888889,0.17708333333333334,-0.3055555555555556,0.9306996986943422,0.38183179435987025,-0.548867904334472,0.03287217689487998,0.015917602996254682,-0.016954573898625296,0.4633333333333333,0.16666666666666666,-0.29666666666666663,0.5266666666666666,0.8266666666666667,0.30000000000000004,0.01,0.006666666666666667,-0.003333333333333333,53.330935251798564,50.5,-2.8309352517985644,1.0357142857142858,1.4,0.3642857142857141,0.782608695652174,0.842809364548495,0.06020066889632103,7.571428571428571,6.14,-1.4314285714285715,30.949640287769785,29.56,-1.3896402877697867,4625.8540314,1694.69599908,-2931.15803232,16879.47,5884.55,-10994.920000000002,14219.0659686,5326.378667586667,-8892.687301013333,11241.47,1612.55,-9628.92,1825.2517985611512,3769.4117647058824,1944.1599661447312,253710,192240,-61470,845.7,640.8,-204.9000000000001,1825.2517985611512,3844.8,2019.548201438849,0.5185763888888889,0.46377314814814813,-0.05480324074074078,281036.75,40313.75,-240723.0,-0.3642857142857141,-35.17241379310343,-88,-61470.0,,-63.30935251798561,-24.22844980489535,0.38269937760005157
6,47,de345b5e9501dbcc935425ca46bb73f718f1b4023e647f0fb2d69251223f67ce,300,12,p_0.22_stores_10_uniform,factorial_cell,0.22,1.0,1.0,10,uniform,baseline,False,0.4513888888888889,0.3680555555555556,-0.08333333333333331,0.8519003931847969,0.7227272727272728,-0.12917312045752416,0.030106530801296896,0.026619789050728277,-0.003486741750568619,0.43333333333333335,0.35,-0.08333333333333337,0.55,0.6433333333333333,0.09333333333333327,0.016666666666666666,0.006666666666666667,-0.009999999999999998,54.86153846153846,57.695238095238096,2.833699633699638,1.1567164179104477,1.542857142857143,0.38614072494669527,0.8193979933110368,0.882943143812709,0.0635451505016722,7.119402985074627,6.733333333333333,-0.3860696517412938,32.40769230769231,34.99047619047619,2.582783882783879,4378.17494511,3667.6013402,-710.5736049100005,16586.22,14486.55,-2099.670000000002,13218.71605489,10841.451993133333,-2377.2640617566667,10828.886666666667,9177.216666666667,-1651.67,1992.923076923077,2253.9622641509436,261.0391872278667,259080,238920,-20160,863.6,796.4,-67.20000000000005,1992.923076923077,2275.4285714285716,282.50549450549465,0.5298611111111111,0.5092592592592593,-0.020601851851851816,270722.1666666667,229430.41666666666,-41291.75000000003,-0.38614072494669527,-33.38248847926269,-24,-20160.0,,-18.461538461538463,-7.78138026864289,0.42149143121815646
6,47,de345b5e9501dbcc935425ca46bb73f718f1b4023e647f0fb2d69251223f67ce,300,12,p_0.22_stores_10_nearest_restaurant,factorial_cell,0.22,1.0,1.0,10,nearest_restaurant,baseline,False,0.4513888888888889,0.4201388888888889,-0.03125,0.8519003931847969,0.8098159509202455,-0.042084442264551436,0.030106530801296896,0.030208463362876047,0.00010193256157915026,0.43333333333333335,0.38666666666666666,-0.04666666666666669,0.55,0.6066666666666667,0.05666666666666664,0.016666666666666666,0.006666666666666667,-0.009999999999999998,54.86153846153846,55.87068965517241,1.0091511936339543,1.1567164179104477,1.606837606837607,0.45012118892715924,0.8193979933110368,0.842809364548495,0.02341137123745818,7.119402985074627,6.871794871794871,-0.24760811327975585,32.40769230769231,33.14655172413793,0.7388594164456208,4378.17494511,4051.65590869,-326.51903642000025,16586.22,15198.17,-1388.050000000001,13218.71605489,12292.026424643333,-926.6896302466666,10828.886666666667,9857.503333333334,-971.3833333333332,1992.923076923077,1986.198347107438,-6.724729815638966,259080,240330,-18750,863.6,801.1,-62.5,1992.923076923077,2071.810344827586,78.88726790450914,0.5298611111111111,0.5188078703703703,-0.011053240740740766,270722.1666666667,246437.58333333334,-24284.583333333343,-0.45012118892715924,-38.91370278467055,-9,-3750.0,,-6.923076923076923,-7.237146827234831,1.0453656528228088
6,47,de345b5e9501dbcc935425ca46bb73f718f1b4023e647f0fb2d69251223f67ce,300,12,p_0.22_stores_10_nearest_customer,factorial_cell,0.22,1.0,1.0,10,nearest_customer,baseline,False,0.4513888888888889,0.3645833333333333,-0.08680555555555558,0.8519003931847969,0.7043040804918949,-0.14759631269290208,0.030106530801296896,0.02582073035780155,-0.004285800443495347,0.43333333333333335,0.3466666666666667,-0.08666666666666667,0.55,0.64,0.08999999999999997,0.016666666666666666,0.013333333333333334,-0.0033333333333333322,54.86153846153846,57.76923076923077,2.907692307692308,1.1567164179104477,1.6635514018691588,0.5068349839587112,0.8193979933110368,0.8996655518394648,0.08026755852842804,7.119402985074627,5.953271028037383,-1.1661319570372441,32.40769230769231,35.875,3.467307692307692,4378.17494511,3650.96122492,-727.2137201900005,16586.22,14705.51,-1880.710000000001,13218.71605489,10680.804108413333,-2537.9119464766663,10828.886666666667,9283.51,-1545.376666666667,1992.923076923077,2323.714285714286,330.7912087912089,259080,243990,-15090,863.6,813.3,-50.30000000000007,1992.923076923077,2346.0576923076924,353.1346153846155,0.5298611111111111,0.5176504629629629,-0.012210648148148207,270722.1666666667,232087.75,-38634.416666666686,-0.5068349839587112,-43.81670183901116,-25,-15090.0,,-19.230769230769234,-5.824455766558592,0.30287169986104673
6,47,de345b5e9501dbcc935425ca46bb73f718f1b4023e647f0fb2d69251223f67ce,300,12,p_0.22_stores_15_uniform,factorial_cell,0.22,1.0,1.0,15,uniform,baseline,False,0.4513888888888889,0.40625,-0.045138888888888895,0.8519003931847969,0.7860262008733625,-0.06587419231143443,0.030106530801296896,0.028778748001475833,-0.0013277827998210631,0.43333333333333335,0.38,-0.053333333333333344,0.55,0.61,0.05999999999999994,0.016666666666666666,0.01,-0.006666666666666666,54.86153846153846,55.824561403508774,0.9630229419703156,1.1567164179104477,1.646551724137931,0.4898353062274834,0.8193979933110368,0.9266666666666666,0.10726867335562984,7.119402985074627,6.310344827586207,-0.8090581574884199,32.40769230769231,33.666666666666664,1.2589743589743563,4378.17494511,4023.92001512,-354.2549299900006,16586.22,15174.71,-1411.510000000002,13218.71605489,12176.33198488,-1042.384070009999,10828.886666666667,9754.043333333333,-1074.8433333333342,1992.923076923077,2084.871794871795,91.94871794871801,259080,243930,-15150,863.6,813.1,-50.5,1992.923076923077,2139.7368421052633,146.81376518218644,0.5298611111111111,0.5168402777777777,-0.01302083333333337,270722.1666666667,243851.08333333334,-26871.083333333343,-0.4898353062274834,-42.34705228031147,-13,-5050.0,,-10.0,-5.847614636405743,0.5847614636405744
6,47,de345b5e9501dbcc935425ca46bb73f718f1b4023e647f0fb2d69251223f67ce,300,12,p_0.22_stores_15_nearest_restaurant,factorial_cell,0.22,1.0,1.0,15,nearest_restaurant,baseline,False,0.4513888888888889,0.4027777777777778,-0.048611111111111105,0.8519003931847969,0.7710202725157861,-0.08088012066901085,0.030106530801296896,0.028354925446101197,-0.001751605355195699,0.43333333333333335,0.38,-0.053333333333333344,0.55,0.6133333333333333,0.06333333333333324,0.016666666666666666,0.006666666666666667,-0.009999999999999998,54.86153846153846,56.36842105263158,1.5068825910931238,1.1567164179104477,1.9210526315789473,0.7643362136684997,0.8193979933110368,0.8933333333333333,0.07393534002229651,7.119402985074627,6.675438596491228,-0.4439643885833995,32.40769230769231,33.93859649122807,1.5309041835357604,4378.17494511,3970.94335544,-407.23158967000063,16586.22,15237.27,-1348.9500000000007,13218.71605489,11913.313977893333,-1305.4020769966664,10828.886666666667,9782.603333333333,-1046.2833333333347,1992.923076923077,2116.0344827586205,123.11140583554356,259080,245460,-13620,863.6,818.2,-45.39999999999998,1992.923076923077,2153.157894736842,160.23481781376518,0.5298611111111111,0.5223958333333333,-0.0074652777777778345,270722.1666666667,244565.08333333334,-26157.083333333343,-0.7643362136684997,-66.07809847198644,-14,-6810.0,,-10.76923076923077,-5.257063455303381,0.4881558922781711
6,47,de345b5e9501dbcc935425ca46bb73f718f1b4023e647f0fb2d69251223f67ce,300,12,p_0.22_stores_15_nearest_customer,factorial_cell,0.22,1.0,1.0,15,nearest_customer,baseline,False,0.4513888888888889,0.3506944444444444,-0.10069444444444448,0.8519003931847969,0.6822787660436839,-0.16962162714111306,0.030106530801296896,0.024691358024691357,-0.00541517277660554,0.43333333333333335,0.33666666666666667,-0.09666666666666668,0.55,0.6566666666666666,0.10666666666666658,0.016666666666666666,0.006666666666666667,-0.009999999999999998,54.86153846153846,57.613861386138616,2.7523229246001577,1.1567164179104477,1.4215686274509804,0.2648522095405328,0.8193979933110368,0.8729096989966555,0.05351170568561869,7.119402985074627,7.8431372549019605,0.7237342698273332,32.40769230769231,34.336633663366335,1.9289413556740271,4378.17494511,3440.60658172,-937.5683633900003,16586.22,13630.26,-2955.960000000001,13218.71605489,10154.672084946667,-3064.043969943332,10828.886666666667,8176.26,-2652.626666666667,1992.923076923077,2430.0,437.0769230769231,259080,245430,-13650,863.6,818.1,-45.5,1992.923076923077,2430.0,437.0769230769231,0.5298611111111111,0.5140046296296297,-0.015856481481481444,270722.1666666667,204406.5,-66315.66666666669,-0.2648522095405328,-22.89690069576219,-29,,,-22.30769230769231,-5.268642890226957,0.2361805433550015
6,47,de345b5e9501dbcc935425ca46bb73f718f1b4023e647f0fb2d69251223f67ce,300,12,p_0.22_stores_20_uniform,factorial_cell,0.22,1.0,1.0,20,uniform,baseline,False,0.4513888888888889,0.3993055555555556,-0.052083333333333315,0.8519003931847969,0.7819582955575702,-0.0699420976272267,0.030106530801296896,0.028703357044802195,-0.0014031737564947008,0.43333333333333335,0.37666666666666665,-0.0566666666666667,0.55,0.6133333333333333,0.06333333333333324,0.016666666666666666,0.01,-0.006666666666666666,54.86153846153846,56.10619469026549,1.244656228727031,1.1567164179104477,1.5304347826086957,0.37371836469824804,0.8193979933110368,0.8422818791946308,0.022883885883594024,7.119402985074627,6.3304347826086955,-0.7889682024659317,32.40769230769231,34.05309734513274,1.6454050374404332,4378.17494511,3931.01898158,-447.15596353000046,16586.22,15147.34,-1438.880000000001,13218.71605489,11768.765685086666,-1449.9503698033332,10828.886666666667,9805.34,-1023.5466666666671,1992.923076923077,2090.3478260869565,97.4247491638796,259080,240390,-18690,863.6,801.3,-62.30000000000007,1992.923076923077,2127.3451327433627,134.42205582028578,0.5298611111111111,0.5106481481481482,-0.01921296296296293,270722.1666666667,245133.5,-25588.666666666686,-0.37371836469824804,-32.308555399719516,-15,-9345.0,,-11.538461538461538,-7.21398795738768,0.6252122896402655
6,47,de345b5e9501dbcc935425ca46bb73f718f1b4023e647f0fb2d69251223f67ce,300,12,p_0.22_stores_20_nearest_restaurant,factorial_cell,0.22,1.0,1.0,20,nearest_restaurant,baseline,False,0.4513888888888889,0.4131944444444444,-0.038194444444444475,0.8519003931847969,0.7891246684350132,-0.06277572474978377,0.030106530801296896,0.029241921611991645,-0.0008646091893052509,0.43333333333333335,0.38666666666666666,-0.04666666666666669,0.55,0.6066666666666667,0.05666666666666664,0.016666666666666666,0.006666666666666667,-0.009999999999999998,54.86153846153846,55.87931034482759,1.0177718832891287,1.1567164179104477,2.5344827586206895,1.3777663407102418,0.8193979933110368,0.8933333333333333,0.07393534002229651,7.119402985074627,5.974137931034483,-1.1452650540401441,32.40769230769231,34.28448275862069,1.8767904509283824,4378.17494511,4098.21958425,-279.95536086000084,16586.22,15690.83,-895.3900000000012,13218.71605489,12308.792082416667,-909.9239724733325,10828.886666666667,10264.83,-564.0566666666673,1992.923076923077,2051.8487394957983,58.92566257272142,259080,244170,-14910,863.6,813.9,-49.700000000000045,1992.923076923077,2104.9137931034484,111.99071618037146,0.5298611111111111,0.5236111111111111,-0.006249999999999978,270722.1666666667,256620.75,-14101.416666666686,-1.3777663407102418,-119.11012235817576,-11,-4970.0,,-8.461538461538462,-5.754979157017138,0.6801339003747526
6,47,de345b5e9501dbcc935425ca46bb73f718f1b4023e647f0fb2d69251223f67ce,300,12,p_0.22_stores_20_nearest_customer,factorial_cell,0.22,1.0,1.0,20,nearest_customer,baseline,False,0.4513888888888889,0.3715277777777778,-0.0798611111111111,0.8519003931847969,0.7328767123287672,-0.11902368085602977,0.030106530801296896,0.02654757474258777,-0.0035589560587091264,0.43333333333333335,0.3466666666666667,-0.08666666666666667,0.55,0.64,0.08999999999999997,0.016666666666666666,0.013333333333333334,-0.0033333333333333322,54.86153846153846,54.90384615384615,0.04230769230769482,1.1567164179104477,1.5233644859813085,0.3666480680708608,0.8193979933110368,0.9166666666666666,0.09726867335562983,7.119402985074627,6.953271028037383,-0.16613195703724415,32.40769230769231,32.34615384615385,-0.06153846153846132,4378.17494511,3581.16613702,-797.0088080900005,16586.22,13340.92,-3245.300000000001,13218.71605489,10900.81586298,-2317.900191909999,10828.886666666667,7966.92,-2861.966666666667,1992.923076923077,2260.0934579439254,267.1703810208485,259080,241830,-17250,863.6,806.1,-57.5,1992.923076923077,2325.2884615384614,332.3653846153845,0.5298611111111111,0.5069444444444444,-0.022916666666666696,270722.1666666667,199173.0,-71549.16666666669,-0.3666480680708608,-31.697316852577647,-23,-5750.0,,-17.692307692307693,-6.6581750810560445,0.3763316350162112
6,47,de345b5e9501dbcc935425ca46bb73f718f1b4023e647f0fb2d69251223f67ce,300,12,p_0.44_stores_10_uniform,factorial_cell,0.44,1.0,1.0,10,uniform,baseline,False,0.4513888888888889,0.2847222222222222,-0.16666666666666669,0.8519003931847969,0.5821107430194037,-0.26978965016539325,0.030106530801296896,0.022502744237102086,-0.00760378656419481,0.43333333333333335,0.27,-0.16333333333333333,0.55,0.7233333333333334,0.17333333333333334,0.016666666666666666,0.006666666666666667,-0.009999999999999998,54.86153846153846,55.98765432098765,1.1261158594491931,1.1567164179104477,1.9753086419753085,0.8185922240648609,0.8193979933110368,0.9166666666666666,0.09726867335562983,7.119402985074627,6.604938271604938,-0.5144647134696889,32.40769230769231,33.111111111111114,0.7034188034188062,4378.17494511,2790.66565509,-1587.5092900200002,16586.22,10592.19,-5994.030000000001,13218.71605489,8417.80334491,-4800.912709979999,10828.886666666667,5733.5233333333335,-5095.363333333334,1992.923076923077,2666.3414634146343,673.4183864915574,259080,218640,-40440,863.6,728.8,-134.80000000000007,1992.923076923077,2699.259259259259,706.3361823361822,0.5298611111111111,0.48912037037037037,-0.040740740740740744,270722.1666666667,143338.08333333334,-127384.08333333334,-0.8185922240648609,-70.76861808044605,-48,-40440.0,,-36.92307692307693,-15.609078276980085,0.42274587000154396
6,47,de345b5e9501dbcc935425ca46bb73f718f1b4023e647f0fb2d69251223f67ce,300,12,p_0.44_stores_10_nearest_restaurant,factorial_cell,0.44,1.0,1.0,10,nearest_restaurant,baseline,False,0.4513888888888889,0.2951388888888889,-0.15625,0.8519003931847969,0.5975395430579965,-0.25436085012680043,0.030106530801296896,0.023756288429290107,-0.006350242372006789,0.43333333333333335,0.27,-0.16333333333333333,0.55,0.7233333333333334,0.17333333333333334,0.016666666666666666,0.006666666666666667,-0.009999999999999998,54.86153846153846,58.19753086419753,3.3359924026590733,1.1567164179104477,1.9506172839506173,0.7939008660401696,0.8193979933110368,0.8327759197324415,0.013377926421404673,7.119402985074627,7.925925925925926,0.8065229408512984,32.40769230769231,34.80246913580247,2.3947768281101602,4378.17494511,2956.78888877,-1421.3860563400003,16586.22,11139.59,-5446.630000000001,13218.71605489,8951.44811123,-4267.267943659999,10828.886666666667,6368.923333333333,-4459.963333333334,1992.923076923077,2525.6470588235293,532.7239819004524,259080,214680,-44400,863.6,715.6,-148.0,1992.923076923077,2650.3703703703704,657.4472934472935,0.5298611111111111,0.4939236111111111,-0.03593750000000001,270722.1666666667,159223.08333333334,-111499.08333333334,-0.7939008660401696,-68.63401035444048,-45,-11100.0,,-34.61538461538461,-17.13756368689208,0.49508517317688233
6,47,de345b5e9501dbcc935425ca46bb73f718f1b4023e647f0fb2d69251223f67ce,300,12,p_0.44_stores_10_nearest_customer,factorial_cell,0.44,1.0,1.0,10,nearest_customer,baseline,False,0.4513888888888889,0.2708333333333333,-0.18055555555555558,0.8519003931847969,0.557341907824223,-0.29455848536057394,0.030106530801296896,0.021711899791231733,-0.008394631010065164,0.43333333333333335,0.26,-0.17333333333333334,0.55,0.7333333333333333,0.18333333333333324,0.016666666666666666,0.006666666666666667,-0.009999999999999998,54.86153846153846,56.62820512820513,1.7666666666666728,1.1567164179104477,1.8076923076923077,0.65097588978186,0.8193979933110368,0.8127090301003345,-0.006688963210702337,7.119402985074627,6.923076923076923,-0.19632606199770386,32.40769230769231,33.80769230769231,1.3999999999999986,4378.17494511,2669.27195063,-1708.9029944800004,16586.22,10357.59,-6228.630000000001,13218.71605489,7963.084382703333,-5255.631672186666,10828.886666666667,5567.59,-5261.296666666667,1992.923076923077,2763.4615384615386,770.5384615384617,259080,215550,-43530,863.6,718.5,-145.10000000000002,1992.923076923077,2763.4615384615386,770.5384615384617,0.5298611111111111,0.4859375,-0.043923611111111094,270722.1666666667,139189.75,-131532.4166666667,-0.65097588978186,-56.27791563275436,-52,,,-40.0,-16.801760074108383,0.42004400185270957
6,47,de345b5e9501dbcc935425ca46bb73f718f1b4023e647f0fb2d69251223f67ce,300,12,p_0.44_stores_15_uniform,factorial_cell,0.44,1.0,1.0,15,uniform,baseline,True,0.4513888888888889,0.2951388888888889,-0.15625,0.8519003931847969,0.5833238018986617,-0.2685765912861352,0.030106530801296896,0.02181164998716962,-0.008294880814127277,0.43333333333333335,0.2733333333333333,-0.16000000000000003,0.55,0.7166666666666667,0.16666666666666663,0.016666666666666666,0.01,-0.006666666666666666,54.86153846153846,59.048780487804876,4.187242026266418,1.1567164179104477,1.7228915662650603,0.5661751483546127,0.8193979933110368,0.8355704697986577,0.01617247648762088,7.119402985074627,7.0120481927710845,-0.10735479230354272,32.40769230769231,35.76829268292683,3.360600375234519,4378.17494511,2955.33727398,-1422.8376711300002,16586.22,11632.25,-4953.970000000001,13218.71605489,8752.027392686667,-4466.688662203333,10828.886666666667,6436.25,-4392.636666666667,1992.923076923077,2750.823529411765,757.900452488688,259080,233820,-25260,863.6,779.4,-84.20000000000005,1992.923076923077,2851.4634146341464,858.5403377110695,0.5298611111111111,0.5059606481481481,-0.023900462962963,270722.1666666667,160906.25,-109815.91666666669,-0.5661751483546127,-48.946754760979424,-45,-8420.0,,-34.61538461538461,-9.749884205650766,0.2816633214965777
6,47,de345b5e9501dbcc935425ca46bb73f718f1b4023e647f0fb2d69251223f67ce,300,12,p_0.44_stores_15_nearest_restaurant,factorial_cell,0.44,1.0,1.0,15,nearest_restaurant,baseline,False,0.4513888888888889,0.3402777777777778,-0.1111111111111111,0.8519003931847969,0.6830855018587361,-0.16881489132606087,0.030106530801296896,0.026493646931603138,-0.0036128838696937587,0.43333333333333335,0.30666666666666664,-0.1266666666666667,0.55,0.6866666666666666,0.1366666666666666,0.016666666666666666,0.006666666666666667,-0.009999999999999998,54.86153846153846,55.619565217391305,0.7580267558528462,1.1567164179104477,2.1847826086956523,1.0280661907852047,0.8193979933110368,0.94,0.12060200668896315,7.119402985074627,6.6521739130434785,-0.4672290720311487,32.40769230769231,32.76086956521739,0.35317725752508267,4378.17494511,3325.40929142,-1052.7656536900004,16586.22,12031.07,-4555.1500000000015,13218.71605489,10262.11270858,-2956.6033463099993,10828.886666666667,7099.07,-3729.8166666666675,1992.923076923077,2264.6938775510203,271.77080062794334,259080,221940,-37140,863.6,739.8,-123.80000000000007,1992.923076923077,2412.391304347826,419.4682274247491,0.5298611111111111,0.4981481481481482,-0.03171296296296294,270722.1666666667,177476.75,-93245.41666666669,-1.0280661907852047,-88.87798036465642,-32,-6190.0,,-24.615384615384617,-14.335340435386753,0.5823732051875868
6,47,de345b5e9501dbcc935425ca46bb73f718f1b4023e647f0fb2d69251223f67ce,300,12,p_0.44_stores_15_nearest_customer,factorial_cell,0.44,1.0,1.0,15,nearest_customer,baseline,False,0.4513888888888889,0.2465277777777778,-0.2048611111111111,0.8519003931847969,0.5030703826169107,-0.3488300105678862,0.030106530801296896,0.019510854630392965,-0.010595676170903932,0.43333333333333335,0.23333333333333334,-0.2,0.55,0.7566666666666667,0.20666666666666667,0.016666666666666666,0.01,-0.006666666666666666,54.86153846153846,55.214285714285715,0.3527472527472568,1.1567164179104477,2.028169014084507,0.8714525961740593,0.8193979933110368,0.8963210702341137,0.07692307692307687,7.119402985074627,7.169014084507042,0.04961109943241482,32.40769230769231,32.75714285714286,0.34945054945055176,4378.17494511,2375.89612669,-2002.2788184200003,16586.22,9020.37,-7565.85,13218.71605489,7165.719539976667,-6052.996514913332,10828.886666666667,4168.37,-6660.516666666667,1992.923076923077,3075.211267605634,1082.2881906825571,259080,218340,-40740,863.6,727.8,-135.80000000000007,1992.923076923077,3119.1428571428573,1126.2197802197804,0.5298611111111111,0.4900462962962963,-0.0398148148148148,270722.1666666667,104209.25,-166512.9166666667,-0.8714525961740593,-75.33848250795094,-59,-40740.0,,-45.38461538461539,-15.724872626215841,0.34648024430645075
6,47,de345b5e9501dbcc935425ca46bb73f718f1b4023e647f0fb2d69251223f67ce,300,12,p_0.44_stores_20_uniform,factorial_cell,0.44,1.0,1.0,20,uniform,baseline,False,0.4513888888888889,0.3194444444444444,-0.13194444444444448,0.8519003931847969,0.6408916753744339,-0.211008717810363,0.030106530801296896,0.023821853961677887,-0.006284676839619009,0.43333333333333335,0.29333333333333333,-0.14,0.55,0.6966666666666667,0.1466666666666666,0.016666666666666666,0.01,-0.006666666666666666,54.86153846153846,56.56818181818182,1.7066433566433616,1.1567164179104477,1.2921348314606742,0.13541841355022655,0.8193979933110368,0.8762541806020067,0.05685618729096986,7.119402985074627,7.573033707865169,0.4536307227905416,32.40769230769231,33.44318181818182,1.035489510489512,4378.17494511,3177.17460259,-1201.0003425200002,16586.22,11651.8,-4934.420000000002,13218.71605489,9743.18439741,-3475.53165748,10828.886666666667,6502.466666666666,-4326.420000000001,1992.923076923077,2518.695652173913,525.7725752508361,259080,231720,-27360,863.6,772.4,-91.20000000000005,1992.923076923077,2633.181818181818,640.2587412587411,0.5298611111111111,0.4984375,-0.03142361111111114,270722.1666666667,162561.66666666666,-108160.50000000003,-0.13541841355022655,-11.707140268213134,-38,-6840.0,,-29.230769230769234,-10.560444650301065,0.3612783696155627
6,47,de345b5e9501dbcc935425ca46bb73f718f1b4023e647f0fb2d69251223f67ce,300,12,p_0.44_stores_20_nearest_restaurant,factorial_cell,0.44,1.0,1.0,20,nearest_restaurant,baseline,False,0.4513888888888889,0.3368055555555556,-0.11458333333333331,0.8519003931847969,0.6728323699421965,-0.1790680232426004,0.030106530801296896,0.026142029376094864,-0.003964501425202032,0.43333333333333335,0.30333333333333334,-0.13,0.55,0.6866666666666666,0.1366666666666666,0.016666666666666666,0.01,-0.006666666666666666,54.86153846153846,56.175824175824175,1.3142857142857167,1.1567164179104477,2.0217391304347827,0.865022712524335,0.8193979933110368,0.9166666666666666,0.09726867335562983,7.119402985074627,6.826086956521739,-0.29331602855288796,32.40769230769231,33.42857142857143,1.0208791208791226,4378.17494511,3309.92836384,-1068.2465812700002,16586.22,12070.17,-4516.050000000001,13218.71605489,10177.102302826666,-3041.613752063333,10828.886666666667,7122.836666666667,-3706.05,1992.923076923077,2295.1546391752577,302.23156225218077,259080,222630,-36450,863.6,742.1,-121.5,1992.923076923077,2446.4835164835163,453.56043956043936,0.5298611111111111,0.5005787037037037,-0.029282407407407396,270722.1666666667,178070.91666666666,-92651.25000000003,-0.865022712524335,-74.7826086956522,-33,-6075.0,,-25.384615384615383,-14.069013432144512,0.5542338624784202
6,47,de345b5e9501dbcc935425ca46bb73f718f1b4023e647f0fb2d69251223f67ce,300,12,p_0.44_stores_20_nearest_customer,factorial_cell,0.44,1.0,1.0,20,nearest_customer,baseline,False,0.4513888888888889,0.2847222222222222,-0.16666666666666669,0.8519003931847969,0.5725590596997556,-0.2793413334850413,0.030106530801296896,0.02166446499339498,-0.008442065807901918,0.43333333333333335,0.26666666666666666,-0.16666666666666669,0.55,0.72,0.16999999999999993,0.016666666666666666,0.013333333333333334,-0.0033333333333333322,54.86153846153846,55.55,0.6884615384615387,1.1567164179104477,1.7317073170731707,0.5749908991627231,0.8193979933110368,0.8322147651006712,0.012816771789634362,7.119402985074627,7.890243902439025,0.7708409173643975,32.40769230769231,32.05,-0.35769230769231086,4378.17494511,2690.29602076,-1687.8789243500005,16586.22,10205.1,-6381.120000000001,13218.71605489,8117.446645906667,-5101.269408983332,10828.886666666667,5158.433333333333,-5670.453333333334,1992.923076923077,2769.512195121951,776.5891181988743,259080,227100,-31980,863.6,757.0,-106.60000000000002,1992.923076923077,2838.75,845.8269230769231,0.5298611111111111,0.4972800925925926,-0.03258101851851852,270722.1666666667,128960.83333333333,-141761.33333333337,-0.5749908991627231,-49.70889063729348,-48,-15990.0,,-36.92307692307693,-12.343677628531728,0.33430793577273427
6,47,de345b5e9501dbcc935425ca46bb73f718f1b4023e647f0fb2d69251223f67ce,300,12,p_0.66_stores_10_uniform,factorial_cell,0.66,1.0,1.0,10,uniform,baseline,False,0.4513888888888889,0.1875,-0.2638888888888889,0.8519003931847969,0.39774122268598083,-0.4541591704988161,0.030106530801296896,0.01620891490319676,-0.013897615898100138,0.43333333333333335,0.17,-0.2633333333333333,0.55,0.82,0.2699999999999999,0.016666666666666666,0.01,-0.006666666666666666,54.86153846153846,57.745098039215684,2.883559577677225,1.1567164179104477,1.1346153846153846,-0.022101033295063077,0.8193979933110368,0.9533333333333334,0.13393534002229657,7.119402985074627,7.288461538461538,0.16905855338691111,32.40769230769231,34.09803921568628,1.6903469079939697,4378.17494511,1848.08339852,-2530.0915465900007,16586.22,6944.16,-9642.060000000001,13218.71605489,5602.141934813333,-7616.574120076666,10828.886666666667,2502.16,-8326.726666666667,1992.923076923077,3701.6666666666665,1708.7435897435896,259080,199890,-59190,863.6,666.3,-197.30000000000007,1992.923076923077,3919.4117647058824,1926.4886877828055,0.5298611111111111,0.47141203703703705,-0.05844907407407407,270722.1666666667,62554.0,-208168.1666666667,0.022101033295063077,1.9106699751860985,-76,-19730.0,,-58.46153846153847,-22.846225104214916,0.3907906925720972
6,47,de345b5e9501dbcc935425ca46bb73f718f1b4023e647f0fb2d69251223f67ce,300,12,p_0.66_stores_10_nearest_restaurant,factorial_cell,0.66,1.0,1.0,10,nearest_restaurant,baseline,False,0.4513888888888889,0.2361111111111111,-0.2152777777777778,0.8519003931847969,0.4990825688073395,-0.35281782437745746,0.030106530801296896,0.02134672735834249,-0.008759803442954406,0.43333333333333335,0.20666666666666667,-0.22666666666666668,0.55,0.7866666666666666,0.23666666666666658,0.016666666666666666,0.006666666666666667,-0.009999999999999998,54.86153846153846,56.95161290322581,2.0900744416873493,1.1567164179104477,0.967741935483871,-0.18897448242657666,0.8193979933110368,0.7953020134228188,-0.02409597988821799,7.119402985074627,8.725806451612904,1.6064034665382767,32.40769230769231,32.403225806451616,-0.0044665012406923665,4378.17494511,2243.77840452,-2134.3965405900003,16586.22,8093.7,-8492.52,13218.71605489,6933.67359548,-6285.0424594099995,10828.886666666667,3846.366666666667,-6982.52,1992.923076923077,2810.735294117647,817.8122171945699,259080,191130,-67950,863.6,637.1,-226.5,1992.923076923077,3082.7419354838707,1089.8188585607938,0.5298611111111111,0.4730902777777778,-0.056770833333333326,270722.1666666667,96159.16666666667,-174563.0,0.18897448242657666,16.337148803329853,-62,-11325.0,,-47.69230769230769,-26.22742010189903,0.549929776330141
6,47,de345b5e9501dbcc935425ca46bb73f718f1b4023e647f0fb2d69251223f67ce,300,12,p_0.66_stores_10_nearest_customer,factorial_cell,0.66,1.0,1.0,10,nearest_customer,baseline,False,0.4513888888888889,0.21180555555555555,-0.23958333333333334,0.8519003931847969,0.4423495286439449,-0.40955086454085204,0.030106530801296896,0.018090154211150653,-0.012016376590146243,0.43333333333333335,0.2,-0.23333333333333334,0.55,0.7933333333333333,0.2433333333333333,0.016666666666666666,0.006666666666666667,-0.009999999999999998,54.86153846153846,56.43333333333333,1.5717948717948715,1.1567164179104477,1.1,-0.05671641791044757,0.8193979933110368,0.802013422818792,-0.017384570492244844,7.119402985074627,9.1,1.9805970149253724,32.40769230769231,31.883333333333333,-0.5243589743589752,4378.17494511,2068.62794658,-2309.5469985300006,16586.22,7565.85,-9020.37,13218.71605489,6351.73005342,-6866.986001469999,10828.886666666667,3069.85,-7759.036666666667,1992.923076923077,3316.72131147541,1323.798234552333,259080,202320,-56760,863.6,674.4,-189.20000000000005,1992.923076923077,3372.0,1379.076923076923,0.5298611111111111,0.47881944444444446,-0.05104166666666665,270722.1666666667,76746.25,-193975.9166666667,0.05671641791044757,4.903225806451597,-69,-56760.0,,-53.07692307692308,-21.90829087540528,0.412764900551114
6,47,de345b5e9501dbcc935425ca46bb73f718f1b4023e647f0fb2d69251223f67ce,300,12,p_0.66_stores_15_uniform,factorial_cell,0.66,1.0,1.0,15,uniform,baseline,False,0.4513888888888889,0.1909722222222222,-0.2604166666666667,0.8519003931847969,0.4090740052063965,-0.44282638797840046,0.030106530801296896,0.01611721611721612,-0.013989314684080777,0.43333333333333335,0.18,-0.25333333333333335,0.55,0.8133333333333334,0.2633333333333333,0.016666666666666666,0.006666666666666667,-0.009999999999999998,54.86153846153846,56.351851851851855,1.4903133903133963,1.1567164179104477,1.2407407407407407,0.08402432283029304,0.8193979933110368,0.8561872909698997,0.03678929765886285,7.119402985074627,7.018518518518518,-0.10088446655610905,32.40769230769231,33.425925925925924,1.0182336182336158,4378.17494511,1828.91498533,-2549.2599597800004,16586.22,7143.57,-9442.650000000001,13218.71605489,5437.764681336666,-7780.951373553333,10828.886666666667,2593.57,-8235.316666666668,1992.923076923077,3722.7272727272725,1729.8041958041956,259080,204750,-54330,863.6,682.5,-181.10000000000002,1992.923076923077,3791.6666666666665,1798.7435897435896,0.5298611111111111,0.46684027777777776,-0.06302083333333336,270722.1666666667,64839.25,-205882.9166666667,-0.08402432283029304,-7.264038231780173,-75,-54330.0,,-57.692307692307686,-20.970356646595643,0.3634861818743245
6,47,de345b5e9501dbcc935425ca46bb73f718f1b4023e647f0fb2d69251223f67ce,300,12,p_0.66_stores_15_nearest_restaurant,factorial_cell,0.66,1.0,1.0,15,nearest_restaurant,baseline,False,0.4513888888888889,0.2569444444444444,-0.19444444444444448,0.8519003931847969,0.534231741066057,-0.31766865211873996,0.030106530801296896,0.02182247124741964,-0.008284059553877256,0.43333333333333335,0.22,-0.21333333333333335,0.55,0.7733333333333333,0.22333333333333327,0.016666666666666666,0.006666666666666667,-0.009999999999999998,54.86153846153846,59.68181818181818,4.820279720279721,1.1567164179104477,1.5909090909090908,0.43419267299864317,0.8193979933110368,0.8327759197324415,0.013377926421404673,7.119402985074627,7.242424242424242,0.123021257349615,32.40769230769231,36.72727272727273,4.319580419580419,4378.17494511,2630.09299391,-1748.0819512000003,16586.22,9692.89,-6893.330000000002,13218.71605489,8046.924672756667,-5171.791382133332,10828.886666666667,5171.556666666666,-5657.330000000001,1992.923076923077,2749.4594594594596,756.5363825363827,259080,203460,-55620,863.6,678.2,-185.39999999999998,1992.923076923077,3082.7272727272725,1089.8041958041956,0.5298611111111111,0.48096064814814815,-0.048900462962962965,270722.1666666667,129288.91666666667,-141433.25,-0.43419267299864317,-37.5366568914956,-56,-6952.5,,-43.07692307692308,-21.4682723483094,0.49837060808575395
6,47,de345b5e9501dbcc935425ca46bb73f718f1b4023e647f0fb2d69251223f67ce,300,12,p_0.66_stores_15_nearest_customer,factorial_cell,0.66,1.0,1.0,15,nearest_customer,baseline,False,0.4513888888888889,0.2013888888888889,-0.25,0.8519003931847969,0.42186931749302947,-0.43003107569176746,0.030106530801296896,0.01684088269454123,-0.013265648106755665,0.43333333333333335,0.19,-0.24333333333333335,0.55,0.8033333333333333,0.2533333333333333,0.016666666666666666,0.006666666666666667,-0.009999999999999998,54.86153846153846,57.24561403508772,2.3840755735492607,1.1567164179104477,1.263157894736842,0.10644147682639438,0.8193979933110368,0.9063545150501672,0.08695652173913038,7.119402985074627,7.280701754385965,0.1612987693113377,32.40769230769231,34.31578947368421,1.9080971659919044,4378.17494511,2005.58694624,-2372.5879988700003,16586.22,7710.52,-8875.7,13218.71605489,6011.250387093333,-7207.465667796666,10828.886666666667,3118.52,-7710.366666666667,1992.923076923077,3562.7586206896553,1569.8355437665784,259080,206640,-52440,863.6,688.8,-174.80000000000007,1992.923076923077,3625.2631578947367,1632.3400809716597,0.5298611111111111,0.47737268518518516,-0.05248842592592595,270722.1666666667,77963.0,-192759.1666666667,-0.10644147682639438,-9.202037351443128,-72,-52440.0,,-55.38461538461539,-20.240852246410377,0.365459832226854
6,47,de345b5e9501dbcc935425ca46bb73f718f1b4023e647f0fb2d69251223f67ce,300,12,p_0.66_stores_20_uniform,factorial_cell,0.66,1.0,1.0,20,uniform,baseline,False,0.4513888888888889,0.2222222222222222,-0.22916666666666669,0.8519003931847969,0.4599904168663153,-0.3919099763184816,0.030106530801296896,0.017388941719875015,-0.012717589081421881,0.43333333333333335,0.21,-0.22333333333333336,0.55,0.78,0.22999999999999998,0.016666666666666666,0.01,-0.006666666666666666,54.86153846153846,55.65079365079365,0.7892551892551936,1.1567164179104477,1.71875,0.5620335820895523,0.8193979933110368,0.7818791946308725,-0.03751879868016428,7.119402985074627,6.546875,-0.5725279850746272,32.40769230769231,32.80952380952381,0.4018315018315022,4378.17494511,2167.56118329,-2210.6137618200005,16586.22,8132.8,-8453.420000000002,13218.71605489,6575.201150043334,-6643.514904846666,10828.886666666667,3225.4666666666667,-7603.42,1992.923076923077,3450.46875,1457.545673076923,259080,220830,-38250,863.6,736.1,-127.5,1992.923076923077,3505.2380952380954,1512.3150183150185,0.5298611111111111,0.48310185185185184,-0.04675925925925928,270722.1666666667,80636.66666666667,-190085.5,-0.5620335820895523,-48.58870967741937,-66,-38250.0,,-50.76923076923077,-14.763779527559054,0.29080171796707227
6,47,de345b5e9501dbcc935425ca46bb73f718f1b4023e647f0fb2d69251223f67ce,300,12,p_0.66_stores_20_nearest_restaurant,factorial_cell,0.66,1.0,1.0,20,nearest_restaurant,baseline,False,0.4513888888888889,0.2673611111111111,-0.1840277777777778,0.8519003931847969,0.5534259702922856,-0.29847442289251136,0.030106530801296896,0.023382933495293044,-0.006723597306003852,0.43333333333333335,0.22666666666666666,-0.2066666666666667,0.55,0.7666666666666667,0.21666666666666667,0.016666666666666666,0.006666666666666667,-0.009999999999999998,54.86153846153846,55.64705882352941,0.7855203619909545,1.1567164179104477,1.9558823529411764,0.7991659350307287,0.8193979933110368,0.8729096989966555,0.05351170568561869,7.119402985074627,6.852941176470588,-0.26646180860403934,32.40769230769231,32.911764705882355,0.504072398190047,4378.17494511,2636.81487761,-1741.3600675000002,16586.22,8957.81,-7628.410000000002,13218.71605489,8364.98612239,-4853.7299324999985,10828.886666666667,4567.143333333333,-6261.743333333334,1992.923076923077,2565.974025974026,573.0509490509492,259080,197580,-61500,863.6,658.6,-205.0,1992.923076923077,2905.5882352941176,912.6651583710407,0.5298611111111111,0.48310185185185184,-0.04675925925925928,270722.1666666667,114178.58333333333,-156543.58333333337,-0.7991659350307287,-69.08918406072108,-53,-6833.333333333333,,-40.76923076923077,-23.737841593330245,0.5822489447420627
6,47,de345b5e9501dbcc935425ca46bb73f718f1b4023e647f0fb2d69251223f67ce,300,12,p_0.66_stores_20_nearest_customer,factorial_cell,0.66,1.0,1.0,20,nearest_customer,baseline,False,0.4513888888888889,0.2048611111111111,-0.2465277777777778,0.8519003931847969,0.4411214953271028,-0.4107788978576941,0.030106530801296896,0.017284312289438993,-0.012822218511857903,0.43333333333333335,0.19,-0.24333333333333335,0.55,0.8033333333333333,0.2533333333333333,0.016666666666666666,0.006666666666666667,-0.009999999999999998,54.86153846153846,52.94736842105263,-1.9141700404858284,1.1567164179104477,1.1228070175438596,-0.03390940036658807,0.8193979933110368,0.8322147651006712,0.012816771789634362,7.119402985074627,7.631578947368421,0.512175962293794,32.40769230769231,29.859649122807017,-2.548043184885291,4378.17494511,1949.43385886,-2428.74108625,16586.22,6795.58,-9790.640000000001,13218.71605489,6116.638807806667,-7102.077247083333,10828.886666666667,2244.2466666666664,-8584.640000000001,1992.923076923077,3471.35593220339,1478.4328552803129,259080,204810,-54270,863.6,682.7,-180.89999999999998,1992.923076923077,3593.157894736842,1600.2348178137652,0.5298611111111111,0.4644097222222222,-0.0654513888888889,270722.1666666667,56106.166666666664,-214616.00000000003,0.03390940036658807,2.9315223542727757,-71,-27135.0,,-54.61538461538461,-20.947197776748496,0.38354024098271894
7,48,0bc4b7e09dc31c924dbedbda824c7f2f62e1befcfb6d8fa2464e10cd22df9190,300,12,p_0.22_stores_10_uniform,factorial_cell,0.22,1.0,1.0,10,uniform,baseline,False,0.4652777777777778,0.3784722222222222,-0.08680555555555558,0.8909574468085106,0.7482837528604119,-0.1426736939480987,0.03147017379051198,0.027601924537857685,-0.003868249252654294,0.44666666666666666,0.36,-0.08666666666666667,0.5466666666666666,0.63,0.08333333333333337,0.006666666666666667,0.01,0.003333333333333333,55.223880597014926,55.74074074074074,0.5168601437258147,1.237037037037037,1.5363636363636364,0.29932659932659944,0.6342281879194631,0.5771812080536913,-0.057046979865771785,7.9037037037037035,7.327272727272727,-0.5764309764309763,32.73880597014925,33.370370370370374,0.6315644002211229,4517.69913815,3706.93287023,-810.7662679200002,17231.37,14220.67,-3010.699999999999,13594.329195183333,11122.636796436667,-2471.6923987466653,11554.036666666667,8955.336666666666,-2598.7000000000007,1906.5671641791046,2173.761467889908,267.1943037108035,255480,236940,-18540,851.6,789.8,-61.80000000000007,1906.5671641791046,2193.8888888888887,287.3217247097841,0.5222222222222223,0.5057870370370371,-0.016435185185185164,288850.9166666667,223883.41666666666,-64967.50000000003,-0.29932659932659944,-24.197060424605347,-25,-18540.0,,-18.65671641791045,-7.256928135274777,0.388971348050728
7,48,0bc4b7e09dc31c924dbedbda824c7f2f62e1befcfb6d8fa2464e10cd22df9190,300,12,p_0.22_stores_10_nearest_restaurant,factorial_cell,0.22,1.0,1.0,10,nearest_restaurant,baseline,False,0.4652777777777778,0.3993055555555556,-0.06597222222222221,0.8909574468085106,0.7800135654533122,-0.11094388135519839,0.03147017379051198,0.029069767441860465,-0.0024004063486515147,0.44666666666666666,0.36,-0.08666666666666667,0.5466666666666666,0.6333333333333333,0.08666666666666667,0.006666666666666667,0.006666666666666667,0.0,55.223880597014926,55.21296296296296,-0.010917634051963887,1.237037037037037,1.146788990825688,-0.09024804621134885,0.6342281879194631,0.6053511705685619,-0.028877017350901202,7.9037037037037035,8.119266055045872,0.21556235134216806,32.73880597014925,32.657407407407405,-0.08139856274184609,4517.69913815,3764.14010382,-753.55903433,17231.37,14083.82,-3147.5499999999993,13594.329195183333,11433.788562846667,-2160.540632336666,11554.036666666667,8809.153333333334,-2744.883333333333,1906.5671641791046,2064.0,157.43283582089543,255480,237360,-18120,851.6,791.2,-60.39999999999998,1906.5671641791046,2197.777777777778,291.21061359867326,0.5222222222222223,0.5119212962962963,-0.010300925925925908,288850.9166666667,220228.83333333334,-68622.08333333334,0.09024804621134885,7.295500741635985,-19,-2588.5714285714284,,-14.17910447761194,-7.092531705025834,0.5002101307755062
7,48,0bc4b7e09dc31c924dbedbda824c7f2f62e1befcfb6d8fa2464e10cd22df9190,300,12,p_0.22_stores_10_nearest_customer,factorial_cell,0.22,1.0,1.0,10,nearest_customer,baseline,False,0.4652777777777778,0.3923611111111111,-0.07291666666666669,0.8909574468085106,0.7775229357798165,-0.11343451102869417,0.03147017379051198,0.029052577452114668,-0.002417596338397311,0.44666666666666666,0.37666666666666665,-0.07,0.5466666666666666,0.6166666666666667,0.07000000000000006,0.006666666666666667,0.006666666666666667,0.0,55.223880597014926,52.92920353982301,-2.294677057191919,1.237037037037037,1.456140350877193,0.21910331384015613,0.6342281879194631,0.6375838926174496,0.003355704697986517,7.9037037037037035,6.7105263157894735,-1.19317738791423,32.73880597014925,31.38053097345133,-1.3582749966979222,4517.69913815,3747.84999709,-769.84914106,17231.37,13962.61,-3268.7599999999984,13594.329195183333,11407.89900291,-2186.430192273332,11554.036666666667,8776.61,-2777.4266666666663,1906.5671641791046,2065.221238938053,158.65407475894835,255480,233370,-22110,851.6,777.9,-73.70000000000005,1906.5671641791046,2065.221238938053,158.65407475894835,0.5222222222222223,0.5046296296296297,-0.017592592592592604,288850.9166666667,219415.25,-69435.66666666669,-0.21910331384015613,-17.71194453198867,-21,,,-15.671641791044777,-8.654297792390794,0.5522266210382697
7,48,0bc4b7e09dc31c924dbedbda824c7f2f62e1befcfb6d8fa2464e10cd22df9190,300,12,p_0.22_stores_15_uniform,factorial_cell,0.22,1.0,1.0,15,uniform,baseline,False,0.4652777777777778,0.3784722222222222,-0.08680555555555558,0.8909574468085106,0.7301551858881322,-0.16080226092037841,0.03147017379051198,0.02700693756194252,-0.004463236228569461,0.44666666666666666,0.36333333333333334,-0.08333333333333331,0.5466666666666666,0.6266666666666667,0.08000000000000007,0.006666666666666667,0.01,0.003333333333333333,55.223880597014926,56.91743119266055,1.6935505956456254,1.237037037037037,1.3272727272727274,0.09023569023569045,0.6342281879194631,0.7391304347826086,0.10490224686314553,7.9037037037037035,7.6909090909090905,-0.21279461279461298,32.73880597014925,34.41284403669725,1.6740380665480004,4517.69913815,3731.26819702,-786.4309411300001,17231.37,14775.89,-2455.4799999999996,13594.329195183333,11014.827136313334,-2579.502058869999,11554.036666666667,9394.556666666667,-2159.4799999999996,1906.5671641791046,2221.651376146789,315.0842119676845,255480,242160,-13320,851.6,807.2,-44.39999999999998,1906.5671641791046,2221.651376146789,315.0842119676845,0.5222222222222223,0.5183449074074075,-0.003877314814814792,288850.9166666667,234863.91666666666,-53987.00000000003,-0.09023569023569045,-7.294501905280367,-25,,,-18.65671641791045,-5.2137153593236265,0.27945514325974635
7,48,0bc4b7e09dc31c924dbedbda824c7f2f62e1befcfb6d8fa2464e10cd22df9190,300,12,p_0.22_stores_15_nearest_restaurant,factorial_cell,0.22,1.0,1.0,15,nearest_restaurant,baseline,False,0.4652777777777778,0.4027777777777778,-0.0625,0.8909574468085106,0.7914487150329771,-0.09950873177553354,0.03147017379051198,0.029774127310061602,-0.001696046480450377,0.44666666666666666,0.36666666666666664,-0.08000000000000002,0.5466666666666666,0.6233333333333333,0.07666666666666666,0.006666666666666667,0.01,0.003333333333333333,55.223880597014926,54.472727272727276,-0.7511533242876496,1.237037037037037,1.5714285714285714,0.33439153439153446,0.6342281879194631,0.7433333333333333,0.10910514541387017,7.9037037037037035,6.991071428571429,-0.9126322751322746,32.73880597014925,32.5,-0.23880597014925087,4517.69913815,3813.25277997,-704.4463581800001,17231.37,14201.12,-3030.249999999998,13594.329195183333,11608.990886696667,-1985.3383084866655,11554.036666666667,9006.453333333333,-2547.583333333334,1906.5671641791046,2015.1724137931035,108.60524961399892,255480,233760,-21720,851.6,779.2,-72.39999999999998,1906.5671641791046,2125.090909090909,218.52374491180444,0.5222222222222223,0.508912037037037,-0.01331018518518523,288850.9166666667,225161.33333333334,-63689.58333333334,-0.33439153439153446,-27.0316509837468,-18,-3620.0,,-13.432835820895523,-8.50164396430249,0.6329001617869631
7,48,0bc4b7e09dc31c924dbedbda824c7f2f62e1befcfb6d8fa2464e10cd22df9190,300,12,p_0.22_stores_15_nearest_customer,factorial_cell,0.22,1.0,1.0,15,nearest_customer,baseline,False,0.4652777777777778,0.3819444444444444,-0.08333333333333337,0.8909574468085106,0.7562736335510485,-0.13468381325746215,0.03147017379051198,0.027950705120060985,-0.0035194686704509946,0.44666666666666666,0.36666666666666664,-0.08000000000000002,0.5466666666666666,0.6233333333333333,0.07666666666666666,0.006666666666666667,0.01,0.003333333333333333,55.223880597014926,54.5,-0.7238805970149258,1.237037037037037,1.4594594594594594,0.2224224224224225,0.6342281879194631,0.6722408026755853,0.038012614756122165,7.9037037037037035,7.117117117117117,-0.7865865865865862,32.73880597014925,32.518181818181816,-0.220624151967435,4517.69913815,3678.91471267,-838.7844254800002,17231.37,14083.82,-3147.5499999999993,13594.329195183333,11050.065620663334,-2544.2635745199987,11554.036666666667,8836.486666666666,-2717.550000000001,1906.5671641791046,2146.6363636363635,240.06919945725895,255480,236130,-19350,851.6,787.1,-64.5,1906.5671641791046,2146.6363636363635,240.06919945725895,0.5222222222222223,0.5050347222222222,-0.017187500000000022,288850.9166666667,220912.16666666666,-67938.75000000003,-0.2224224224224225,-17.98025570480661,-24,,,-17.91044776119403,-7.573978393612024,0.4228804603100047
7,48,0bc4b7e09dc31c924dbedbda824c7f2f62e1befcfb6d8fa2464e10cd22df9190,300,12,p_0.22_stores_20_uniform,factorial_cell,0.22,1.0,1.0,20,uniform,baseline,False,0.4652777777777778,0.3784722222222222,-0.08680555555555558,0.8909574468085106,0.7490550910548619,-0.14190235575364873,0.03147017379051198,0.027356004517505333,-0.004114169273006646,0.44666666666666666,0.36,-0.08666666666666667,0.5466666666666666,0.63,0.08333333333333337,0.006666666666666667,0.01,0.003333333333333333,55.223880597014926,54.851851851851855,-0.37202874516307105,1.237037037037037,1.614678899082569,0.37764186204553196,0.6342281879194631,0.6755852842809364,0.04135709636147333,7.9037037037037035,7.128440366972477,-0.7752633367312267,32.73880597014925,32.2962962962963,-0.44250967385295326,4517.69913815,3709.07332809,-808.6258100600003,17231.37,13774.93,-3456.4399999999987,13594.329195183333,11306.789005243334,-2287.5401899399985,11554.036666666667,8462.263333333334,-3091.7733333333326,1906.5671641791046,2193.302752293578,286.73558811447356,255480,239070,-16410,851.6,796.9,-54.700000000000045,1906.5671641791046,2213.6111111111113,307.04394693200675,0.5222222222222223,0.5052662037037037,-0.01695601851851858,288850.9166666667,211556.58333333334,-77294.33333333334,-0.37764186204553196,-30.527934955776537,-25,-16410.0,,-18.65671641791045,-6.423203381869421,0.34428370126820096
7,48,0bc4b7e09dc31c924dbedbda824c7f2f62e1befcfb6d8fa2464e10cd22df9190,300,12,p_0.22_stores_20_nearest_restaurant,factorial_cell,0.22,1.0,1.0,20,nearest_restaurant,baseline,False,0.4652777777777778,0.40625,-0.05902777777777779,0.8909574468085106,0.7930411206507004,-0.09791632615781021,0.03147017379051198,0.029315960912052116,-0.002154212878459863,0.44666666666666666,0.37333333333333335,-0.0733333333333333,0.5466666666666666,0.6166666666666667,0.07000000000000006,0.006666666666666667,0.01,0.003333333333333333,55.223880597014926,55.973214285714285,0.7493336886993589,1.237037037037037,1.4336283185840708,0.19659128154703387,0.6342281879194631,0.6488294314381271,0.014601243518663987,7.9037037037037035,8.725663716814159,0.8219600131104556,32.73880597014925,32.625,-0.11380597014925087,4517.69913815,3901.42236429,-616.27677386,17231.37,14498.28,-2733.0899999999983,13594.329195183333,11889.62663571,-1704.7025594733332,11554.036666666667,9176.946666666667,-2377.09,1906.5671641791046,2046.6666666666667,140.09950248756218,255480,239460,-16020,851.6,798.2,-53.39999999999998,1906.5671641791046,2138.035714285714,231.46855010660965,0.5222222222222223,0.5122685185185185,-0.009953703703703742,288850.9166666667,229423.66666666666,-59427.25000000003,-0.19659128154703387,-15.89210958613747,-17,-3204.0,,-12.686567164179104,-6.270549553781119,0.49426684718039404
7,48,0bc4b7e09dc31c924dbedbda824c7f2f62e1befcfb6d8fa2464e10cd22df9190,300,12,p_0.22_stores_20_nearest_customer,factorial_cell,0.22,1.0,1.0,20,nearest_customer,baseline,False,0.4652777777777778,0.3715277777777778,-0.09375,0.8909574468085106,0.736576411197797,-0.1543810356107136,0.03147017379051198,0.027446453764268307,-0.004023720026243672,0.44666666666666666,0.3566666666666667,-0.08999999999999997,0.5466666666666666,0.6333333333333333,0.08666666666666667,0.006666666666666667,0.01,0.003333333333333333,55.223880597014926,53.85981308411215,-1.3640675129027784,1.237037037037037,1.4537037037037037,0.21666666666666679,0.6342281879194631,0.6308724832214765,-0.003355704697986628,7.9037037037037035,7.62962962962963,-0.2740740740740737,32.73880597014925,31.57943925233645,-1.1593667178128015,4517.69913815,3556.48122012,-961.21791803,17231.37,13274.45,-3956.9199999999983,13594.329195183333,10815.697446546666,-2778.631748636666,11554.036666666667,8076.45,-3477.586666666667,1906.5671641791046,2186.07476635514,279.50760217603556,255480,233910,-21570,851.6,779.7,-71.89999999999998,1906.5671641791046,2186.07476635514,279.50760217603556,0.5222222222222223,0.5043981481481481,-0.01782407407407416,288850.9166666667,201911.25,-86939.66666666669,-0.21666666666666679,-17.51497005988025,-27,,,-20.149253731343283,-8.442930953499296,0.4190195362107058
7,48,0bc4b7e09dc31c924dbedbda824c7f2f62e1befcfb6d8fa2464e10cd22df9190,300,12,p_0.44_stores_10_uniform,factorial_cell,0.44,1.0,1.0,10,uniform,baseline,False,0.4652777777777778,0.3159722222222222,-0.14930555555555558,0.8909574468085106,0.6331168831168832,-0.25784056369162744,0.03147017379051198,0.024684660246846603,-0.006785513543665377,0.44666666666666666,0.29,-0.15666666666666668,0.5466666666666666,0.7033333333333334,0.15666666666666673,0.006666666666666667,0.006666666666666667,0.0,55.223880597014926,55.97701149425287,0.7531308972379449,1.237037037037037,1.839080459770115,0.602043422733078,0.6342281879194631,0.6308724832214765,-0.003355704697986628,7.9037037037037035,7.011494252873563,-0.8922094508301406,32.73880597014925,33.91954022988506,1.1807342597358073,4517.69913815,3130.87218249,-1386.8269556600003,17231.37,11745.64,-5485.73,13594.329195183333,9497.970150843334,-4096.359044339999,11554.036666666667,6830.306666666666,-4723.7300000000005,1906.5671641791046,2430.6593406593406,524.092176480236,255480,221190,-34290,851.6,737.3,-114.30000000000007,1906.5671641791046,2542.4137931034484,635.8466289243438,0.5222222222222223,0.49907407407407406,-0.023148148148148195,288850.9166666667,170757.66666666666,-118093.25000000003,-0.602043422733078,-48.66818087962008,-43,-8572.5,,-32.08955223880597,-13.421794269610146,0.41826056561110686
7,48,0bc4b7e09dc31c924dbedbda824c7f2f62e1befcfb6d8fa2464e10cd22df9190,300,12,p_0.44_stores_10_nearest_restaurant,factorial_cell,0.44,1.0,1.0,10,nearest_restaurant,baseline,False,0.4652777777777778,0.3819444444444444,-0.08333333333333337,0.8909574468085106,0.7671742415436476,-0.12378320526486308,0.03147017379051198,0.03048358043508383,-0.0009865933554281496,0.44666666666666666,0.33,-0.11666666666666664,0.5466666666666666,0.6633333333333333,0.1166666666666667,0.006666666666666667,0.006666666666666667,0.0,55.223880597014926,52.73737373737374,-2.486506859641189,1.237037037037037,1.59,0.35296296296296314,0.6342281879194631,0.7366666666666667,0.10243847874720358,7.9037037037037035,7.92,0.016296296296296475,32.73880597014925,30.07070707070707,-2.6680988994421817,4517.69913815,3626.53023457,-891.16890358,17231.37,11988.06,-5243.3099999999995,13594.329195183333,11634.733432096667,-1959.595763086665,11554.036666666667,7176.7266666666665,-4377.31,1906.5671641791046,1968.2727272727273,61.705563093622686,255480,216510,-38970,851.6,721.7,-129.89999999999998,1906.5671641791046,2186.969696969697,280.40253279059243,0.5222222222222223,0.4978587962962963,-0.02436342592592594,288850.9166666667,179418.16666666666,-109432.75000000003,-0.35296296296296314,-28.532934131736543,-24,-3542.7272727272725,,-17.91044776119403,-15.253640206669797,0.8516615782057304
7,48,0bc4b7e09dc31c924dbedbda824c7f2f62e1befcfb6d8fa2464e10cd22df9190,300,12,p_0.44_stores_10_nearest_customer,factorial_cell,0.44,1.0,1.0,10,nearest_customer,baseline,False,0.4652777777777778,0.2986111111111111,-0.16666666666666669,0.8909574468085106,0.5979835438637154,-0.2929739029447952,0.03147017379051198,0.023379094739703683,-0.008091079050808296,0.44666666666666666,0.2833333333333333,-0.16333333333333333,0.5466666666666666,0.71,0.16333333333333333,0.006666666666666667,0.006666666666666667,0.0,55.223880597014926,55.188235294117646,-0.03564530289727941,1.237037037037037,2.058139534883721,0.8211024978466841,0.6342281879194631,0.67003367003367,0.035805482114206866,7.9037037037037035,7.406976744186046,-0.4967269595176571,32.73880597014925,32.63529411764706,-0.1035118525021943,4517.69913815,2860.2303081,-1657.4688300500002,17231.37,10944.09,-6287.279999999999,13594.329195183333,8593.2396919,-5001.089503283332,11554.036666666667,6039.423333333333,-5514.613333333334,1906.5671641791046,2566.3953488372094,659.8281846581049,255480,220710,-34770,851.6,735.7,-115.89999999999998,1906.5671641791046,2596.5882352941176,690.021071115013,0.5222222222222223,0.4993634259259259,-0.022858796296296335,288850.9166666667,150985.58333333334,-137865.33333333334,-0.8211024978466841,-66.37654922712717,-48,-34770.0,,-35.82089552238806,-13.609675904180365,0.3799367856583686
7,48,0bc4b7e09dc31c924dbedbda824c7f2f62e1befcfb6d8fa2464e10cd22df9190,300,12,p_0.44_stores_15_uniform,factorial_cell,0.44,1.0,1.0,15,uniform,baseline,True,0.4652777777777778,0.2881944444444444,-0.17708333333333337,0.8909574468085106,0.5894886363636364,-0.3014688104448743,0.03147017379051198,0.023014002495494245,-0.008456171295017734,0.44666666666666666,0.27666666666666667,-0.16999999999999998,0.5466666666666666,0.7166666666666667,0.17000000000000004,0.006666666666666667,0.006666666666666667,0.0,55.223880597014926,54.855421686746986,-0.36845891026793964,1.237037037037037,1.7261904761904763,0.48915343915343934,0.6342281879194631,0.8166666666666667,0.18243847874720354,7.9037037037037035,7.619047619047619,-0.28465608465608483,32.73880597014925,32.01204819277108,-0.7267577773781682,4517.69913815,2762.67733288,-1755.0218052700002,17231.37,10451.43,-6779.939999999999,13594.329195183333,8346.897333786666,-5247.431861396666,11554.036666666667,5642.763333333333,-5911.2733333333335,1906.5671641791046,2607.10843373494,700.5412695558352,255480,216390,-39090,851.6,721.3,-130.30000000000007,1906.5671641791046,2607.10843373494,700.5412695558352,0.5222222222222223,0.4888888888888889,-0.03333333333333338,288850.9166666667,141069.08333333334,-147781.83333333334,-0.48915343915343934,-39.54234388366127,-51,,,-38.059701492537314,-15.300610615312355,0.40201604361801085
7,48,0bc4b7e09dc31c924dbedbda824c7f2f62e1befcfb6d8fa2464e10cd22df9190,300,12,p_0.44_stores_15_nearest_restaurant,factorial_cell,0.44,1.0,1.0,15,nearest_restaurant,baseline,False,0.4652777777777778,0.3854166666666667,-0.0798611111111111,0.8909574468085106,0.766398158803222,-0.1245592880052886,0.03147017379051198,0.029651395752637907,-0.001818778037874072,0.44666666666666666,0.33666666666666667,-0.10999999999999999,0.5466666666666666,0.6533333333333333,0.10666666666666669,0.006666666666666667,0.01,0.003333333333333333,55.223880597014926,52.851485148514854,-2.372395448500072,1.237037037037037,1.7281553398058251,0.4911183027687882,0.6342281879194631,0.6933333333333334,0.05910514541387024,7.9037037037037035,7.553398058252427,-0.35030564545127607,32.73880597014925,30.603960396039604,-2.1348455741096473,4517.69913815,3623.0538272,-894.6453109500003,17231.37,12402.52,-4828.8499999999985,13594.329195183333,11456.812839466667,-2137.516355716665,11554.036666666667,7411.1866666666665,-4142.85,1906.5671641791046,2023.5135135135135,116.94634933440898,255480,224610,-30870,851.6,748.7,-102.89999999999998,1906.5671641791046,2223.861386138614,317.2942219595093,0.5222222222222223,0.5028935185185185,-0.019328703703703765,288850.9166666667,185279.66666666666,-103571.25000000003,-0.4911183027687882,-39.70118016394396,-23,-3087.0,,-17.16417910447761,-12.083137623297322,0.7039741050094962
7,48,0bc4b7e09dc31c924dbedbda824c7f2f62e1befcfb6d8fa2464e10cd22df9190,300,12,p_0.44_stores_15_nearest_customer,factorial_cell,0.44,1.0,1.0,15,nearest_customer,baseline,False,0.4652777777777778,0.3055555555555556,-0.1597222222222222,0.8909574468085106,0.6324110671936759,-0.25854637961483473,0.03147017379051198,0.02471215950575681,-0.0067580142847551705,0.44666666666666666,0.29,-0.15666666666666668,0.5466666666666666,0.7033333333333334,0.15666666666666673,0.006666666666666667,0.006666666666666667,0.0,55.223880597014926,53.40229885057471,-1.8215817464402164,1.237037037037037,1.5517241379310345,0.31468710089399754,0.6342281879194631,0.6644295302013423,0.030201342281879207,7.9037037037037035,7.103448275862069,-0.8002554278416341,32.73880597014925,31.114942528735632,-1.6238634414136186,4517.69913815,2920.80225954,-1596.8968786100004,17231.37,10709.49,-6521.879999999999,13594.329195183333,8957.81174046,-4636.517454723333,11554.036666666667,5961.49,-5592.546666666667,1906.5671641791046,2427.9545454545455,521.3873812754409,255480,213660,-41820,851.6,712.2,-139.39999999999998,1906.5671641791046,2455.862068965517,549.2949047864126,0.5222222222222223,0.4831597222222222,-0.039062500000000056,288850.9166666667,149037.25,-139813.6666666667,-0.31468710089399754,-25.438777617179444,-46,-41820.0,,-34.32835820895522,-16.369187411930483,0.47684154634754017
7,48,0bc4b7e09dc31c924dbedbda824c7f2f62e1befcfb6d8fa2464e10cd22df9190,300,12,p_0.44_stores_20_uniform,factorial_cell,0.44,1.0,1.0,20,uniform,baseline,False,0.4652777777777778,0.2986111111111111,-0.16666666666666669,0.8909574468085106,0.5993727494482519,-0.2915846973602587,0.03147017379051198,0.022778439941729574,-0.008691733848782406,0.44666666666666666,0.28,-0.16666666666666663,0.5466666666666666,0.7133333333333334,0.16666666666666674,0.006666666666666667,0.006666666666666667,0.0,55.223880597014926,57.976190476190474,2.7523098791755487,1.237037037037037,1.4588235294117646,0.2217864923747277,0.6342281879194631,0.6510067114093959,0.016778523489932806,7.9037037037037035,8.635294117647058,0.7315904139433549,32.73880597014925,34.095238095238095,1.356432125088844,4517.69913815,2942.13689001,-1575.56224814,17231.37,11315.54,-5915.829999999998,13594.329195183333,8816.590776656667,-4777.738418526666,11554.036666666667,6281.54,-5272.496666666667,1906.5671641791046,2634.0697674418607,727.5026032627561,255480,226530,-28950,851.6,755.1,-96.5,1906.5671641791046,2696.785714285714,790.2185501066097,0.5222222222222223,0.49820601851851853,-0.02401620370370372,288850.9166666667,157038.5,-131812.4166666667,-0.2217864923747277,-17.928848185980982,-48,-14475.0,,-35.82089552238806,-11.331611085016439,0.31634080945670895
7,48,0bc4b7e09dc31c924dbedbda824c7f2f62e1befcfb6d8fa2464e10cd22df9190,300,12,p_0.44_stores_20_nearest_restaurant,factorial_cell,0.44,1.0,1.0,20,nearest_restaurant,baseline,False,0.4652777777777778,0.3611111111111111,-0.10416666666666669,0.8909574468085106,0.7286314806165344,-0.16232596619197626,0.03147017379051198,0.028334014439449665,-0.003136159351062314,0.44666666666666666,0.31,-0.13666666666666666,0.5466666666666666,0.6833333333333333,0.13666666666666671,0.006666666666666667,0.006666666666666667,0.0,55.223880597014926,53.39784946236559,-1.8260311346493339,1.237037037037037,1.3829787234042554,0.1459416863672185,0.6342281879194631,0.7333333333333333,0.09910514541387017,7.9037037037037035,7.808510638297872,-0.09519306540583106,32.73880597014925,30.849462365591396,-1.8893436045578547,4517.69913815,3369.94718001,-1147.7519581400002,17231.37,11507.13,-5724.24,13594.329195183333,10667.77381999,-2926.555375193333,11554.036666666667,6613.13,-4940.906666666667,1906.5671641791046,2117.596153846154,211.02898966704925,255480,220230,-35250,851.6,734.1,-117.5,1906.5671641791046,2368.064516129032,461.49735194992763,0.5222222222222223,0.49560185185185185,-0.026620370370370405,288850.9166666667,165328.25,-123522.66666666669,-0.1459416863672185,-11.797681233278142,-30,-3204.5454545454545,,-22.388059701492537,-13.797557538750588,0.6162909033975262
7,48,0bc4b7e09dc31c924dbedbda824c7f2f62e1befcfb6d8fa2464e10cd22df9190,300,12,p_0.44_stores_20_nearest_customer,factorial_cell,0.44,1.0,1.0,20,nearest_customer,baseline,False,0.4652777777777778,0.3090277777777778,-0.15625,0.8909574468085106,0.6348828914516704,-0.2560745553568402,0.03147017379051198,0.02488466377743604,-0.006585510013075939,0.44666666666666666,0.29333333333333333,-0.15333333333333332,0.5466666666666666,0.7,0.15333333333333332,0.006666666666666667,0.006666666666666667,0.0,55.223880597014926,52.67045454545455,-2.553426051560379,1.237037037037037,1.4943820224719102,0.2573449854348733,0.6342281879194631,0.7290969899665551,0.09486880204709203,7.9037037037037035,7.056179775280899,-0.8475239284228042,32.73880597014925,30.09090909090909,-2.647896879240161,4517.69913815,2916.36106454,-1601.3380736100003,17231.37,10455.34,-6776.029999999999,13594.329195183333,9037.319602126667,-4557.009593056666,11554.036666666667,5686.673333333333,-5867.363333333334,1906.5671641791046,2411.123595505618,504.5564313265136,255480,214590,-40890,851.6,715.3,-136.30000000000007,1906.5671641791046,2438.5227272727275,531.9555630936229,0.5222222222222223,0.4867476851851852,-0.03547453703703707,288850.9166666667,142166.83333333334,-146684.08333333334,-0.2573449854348733,-20.803337145932872,-45,-40890.0,,-33.582089552238806,-16.00516674495068,0.4765982986274203
7,48,0bc4b7e09dc31c924dbedbda824c7f2f62e1befcfb6d8fa2464e10cd22df9190,300,12,p_0.66_stores_10_uniform,factorial_cell,0.66,1.0,1.0,10,uniform,baseline,False,0.4652777777777778,0.2013888888888889,-0.2638888888888889,0.8909574468085106,0.426052889324192,-0.46490455748431864,0.03147017379051198,0.0176238225463385,-0.01384635124417348,0.44666666666666666,0.19,-0.25666666666666665,0.5466666666666666,0.8033333333333333,0.2566666666666667,0.006666666666666667,0.006666666666666667,0.0,55.223880597014926,55.78947368421053,0.5655930871956016,1.237037037037037,1.603448275862069,0.366411238825032,0.6342281879194631,0.7123745819397993,0.07814639402033619,7.9037037037037035,6.344827586206897,-1.5588761174968067,32.73880597014925,33.50877192982456,0.7699659596753108,4517.69913815,1966.13251778,-2551.5666203700002,17231.37,7538.48,-9692.89,13594.329195183333,5900.96548222,-7693.363712963333,11554.036666666667,3150.48,-8403.556666666667,1906.5671641791046,3404.4827586206898,1497.9155944415852,255480,197460,-58020,851.6,658.2,-193.39999999999998,1906.5671641791046,3464.2105263157896,1557.643362136685,0.5222222222222223,0.4726851851851852,-0.049537037037037046,288850.9166666667,78762.0,-210088.9166666667,-0.366411238825032,-29.62007020441876,-76,-58020.0,,-56.71641791044776,-22.710192578675432,0.4004165533608563
7,48,0bc4b7e09dc31c924dbedbda824c7f2f62e1befcfb6d8fa2464e10cd22df9190,300,12,p_0.66_stores_10_nearest_restaurant,factorial_cell,0.66,1.0,1.0,10,nearest_restaurant,baseline,False,0.4652777777777778,0.2569444444444444,-0.20833333333333337,0.8909574468085106,0.5463942899335467,-0.34456315687496397,0.03147017379051198,0.023329129886506934,-0.008141043904005045,0.44666666666666666,0.21,-0.23666666666666666,0.5466666666666666,0.78,0.2333333333333334,0.006666666666666667,0.01,0.003333333333333333,55.223880597014926,55.87301587301587,0.6491352760009477,1.237037037037037,1.4461538461538461,0.2091168091168092,0.6342281879194631,0.6889632107023411,0.05473502278287801,7.9037037037037035,8.830769230769231,0.9270655270655279,32.73880597014925,31.58730158730159,-1.151504382847662,4517.69913815,2468.75969575,-2048.9394424,17231.37,8148.44,-9082.93,13594.329195183333,7925.208637583333,-5669.120557599999,11554.036666666667,3919.1066666666666,-7634.93,1906.5671641791046,2571.891891891892,665.3247277127875,255480,190320,-65160,851.6,634.4,-217.20000000000005,1906.5671641791046,3020.9523809523807,1114.3852167732762,0.5222222222222223,0.4702546296296296,-0.05196759259259265,288850.9166666667,97977.66666666667,-190873.25,-0.2091168091168092,-16.90465223399356,-60,-5923.636363636364,,-44.776119402985074,-25.504931892907468,0.5696101456082668
7,48,0bc4b7e09dc31c924dbedbda824c7f2f62e1befcfb6d8fa2464e10cd22df9190,300,12,p_0.66_stores_10_nearest_customer,factorial_cell,0.66,1.0,1.0,10,nearest_customer,baseline,False,0.4652777777777778,0.18055555555555555,-0.2847222222222222,0.8909574468085106,0.3852327447833066,-0.505724702025204,0.03147017379051198,0.016134036611852313,-0.015336137178659667,0.44666666666666666,0.17333333333333334,-0.2733333333333333,0.5466666666666666,0.82,0.2733333333333333,0.006666666666666667,0.006666666666666667,0.0,55.223880597014926,54.23076923076923,-0.9931113662456923,1.237037037037037,1.6153846153846154,0.3783475783475785,0.6342281879194631,0.7090301003344481,0.07480191241498502,7.9037037037037035,7.576923076923077,-0.3267806267806268,32.73880597014925,31.53846153846154,-1.2003444316877108,4517.69913815,1703.87467905,-2813.8244591000002,17231.37,6455.41,-10775.96,13594.329195183333,5144.203654283333,-8450.1255409,11554.036666666667,2158.076666666667,-9395.96,1906.5671641791046,3718.846153846154,1812.2789896670492,255480,193380,-62100,851.6,644.6,-207.0,1906.5671641791046,3718.846153846154,1812.2789896670492,0.5222222222222223,0.46869212962962964,-0.053530092592592615,288850.9166666667,53951.916666666664,-234899.00000000003,-0.3783475783475785,-30.584983878397065,-82,,,-61.19402985074627,-24.30718647252231,0.39721499845341335
7,48,0bc4b7e09dc31c924dbedbda824c7f2f62e1befcfb6d8fa2464e10cd22df9190,300,12,p_0.66_stores_15_uniform,factorial_cell,0.66,1.0,1.0,15,uniform,baseline,False,0.4652777777777778,0.20833333333333334,-0.2569444444444444,0.8909574468085106,0.4422604422604423,-0.4486970045480683,0.03147017379051198,0.018564356435643563,-0.012905817354868416,0.44666666666666666,0.18666666666666668,-0.26,0.5466666666666666,0.8066666666666666,0.26,0.006666666666666667,0.006666666666666667,0.0,55.223880597014926,53.160714285714285,-2.063166311300641,1.237037037037037,1.7678571428571428,0.5308201058201059,0.6342281879194631,0.7233333333333334,0.08910514541387027,7.9037037037037035,8.035714285714286,0.13201058201058302,32.73880597014925,29.178571428571427,-3.560234541577824,4517.69913815,1889.54604423,-2628.15309392,17231.37,6576.62,-10654.75,13594.329195183333,5932.723622436667,-7661.6055727466655,11554.036666666667,2267.286666666667,-9286.75,1906.5671641791046,3232.0,1325.4328358208954,255480,193920,-61560,851.6,646.4,-205.20000000000005,1906.5671641791046,3462.8571428571427,1556.289978678038,0.5222222222222223,0.4710648148148148,-0.05115740740740743,288850.9166666667,56682.166666666664,-232168.75000000003,-0.5308201058201059,-42.91060735671515,-74,-15390.0,,-55.223880597014926,-24.095819633630814,0.4363297068792607
7,48,0bc4b7e09dc31c924dbedbda824c7f2f62e1befcfb6d8fa2464e10cd22df9190,300,12,p_0.66_stores_15_nearest_restaurant,factorial_cell,0.66,1.0,1.0,15,nearest_restaurant,baseline,False,0.4652777777777778,0.2951388888888889,-0.1701388888888889,0.8909574468085106,0.6230149034937699,-0.26794254331474077,0.03147017379051198,0.02689873417721519,-0.004571439613296788,0.44666666666666666,0.23,-0.21666666666666665,0.5466666666666666,0.7633333333333333,0.21666666666666667,0.006666666666666667,0.006666666666666667,0.0,55.223880597014926,54.85507246376812,-0.3688081332468087,1.237037037037037,1.2142857142857142,-0.022751322751322745,0.6342281879194631,0.7123745819397993,0.07814639402033619,7.9037037037037035,8.885714285714286,0.9820105820105827,32.73880597014925,31.08695652173913,-1.6518494484101218,4517.69913815,2670.12853276,-1847.5706053900003,17231.37,8918.71,-8312.66,13594.329195183333,8530.28746724,-5064.041727943333,11554.036666666667,4705.376666666667,-6848.66,1906.5671641791046,2230.5882352941176,324.021071115013,255480,189600,-65880,851.6,632.0,-219.60000000000002,1906.5671641791046,2747.8260869565215,841.258922777417,0.5222222222222223,0.47372685185185187,-0.04849537037037038,288850.9166666667,117634.41666666667,-171216.5,0.022751322751322745,1.8391787852865695,-49,-4117.5,,-36.56716417910448,-25.786754344762798,0.7051887922853499
7,48,0bc4b7e09dc31c924dbedbda824c7f2f62e1befcfb6d8fa2464e10cd22df9190,300,12,p_0.66_stores_15_nearest_customer,factorial_cell,0.66,1.0,1.0,15,nearest_customer,baseline,False,0.4652777777777778,0.19444444444444445,-0.27083333333333337,0.8909574468085106,0.4202101050525262,-0.4707473417559844,0.03147017379051198,0.017643352236925015,-0.013826821553586964,0.44666666666666666,0.18333333333333332,-0.2633333333333333,0.5466666666666666,0.81,0.2633333333333334,0.006666666666666667,0.006666666666666667,0.0,55.223880597014926,50.945454545454545,-4.2784260515603805,1.237037037037037,2.0357142857142856,0.7986772486772487,0.6342281879194631,0.7357859531772575,0.10155776525779436,7.9037037037037035,7.071428571428571,-0.8322751322751323,32.73880597014925,28.854545454545455,-3.8842605156037955,4517.69913815,1767.08091019,-2750.6182279600002,17231.37,6275.55,-10955.82,13594.329195183333,5499.204756476666,-8095.124438706666,11554.036666666667,2043.55,-9510.486666666668,1906.5671641791046,3400.714285714286,1494.1471215351812,255480,190440,-65040,851.6,634.8,-216.80000000000007,1906.5671641791046,3462.5454545454545,1555.97829036635,0.5222222222222223,0.46273148148148147,-0.05949074074074079,288850.9166666667,51088.75,-237762.1666666667,-0.7986772486772487,-64.56372968349017,-78,-65040.0,,-58.2089552238806,-25.457961484264914,0.4373547229348075
7,48,0bc4b7e09dc31c924dbedbda824c7f2f62e1befcfb6d8fa2464e10cd22df9190,300,12,p_0.66_stores_20_uniform,factorial_cell,0.66,1.0,1.0,20,uniform,baseline,False,0.4652777777777778,0.1840277777777778,-0.28125,0.8909574468085106,0.39071138960560264,-0.5002460572029079,0.03147017379051198,0.01577146257997322,-0.01569871121053876,0.44666666666666666,0.17,-0.2766666666666666,0.5466666666666666,0.82,0.2733333333333333,0.006666666666666667,0.01,0.003333333333333333,55.223880597014926,53.588235294117645,-1.6356453028972808,1.237037037037037,1.8461538461538463,0.6091168091168093,0.6342281879194631,0.62751677852349,-0.006711409395973145,7.9037037037037035,6.653846153846154,-1.2498575498575493,32.73880597014925,30.96078431372549,-1.7780216564237605,4517.69913815,1731.16347381,-2786.53566434,17231.37,6342.02,-10889.349999999999,13594.329195183333,5311.464192856667,-8282.865002326665,11554.036666666667,1861.3533333333332,-9692.683333333334,1906.5671641791046,3804.3396226415093,1897.7724584624048,255480,201630,-53850,851.6,672.1,-179.5,1906.5671641791046,3953.529411764706,2046.9622475856013,0.5222222222222223,0.47100694444444446,-0.05121527777777779,288850.9166666667,46533.833333333336,-242317.08333333334,-0.6091168091168093,-49.239981575310935,-81,-26925.0,,-60.447761194029844,-21.07797087834664,0.3486972960121543
7,48,0bc4b7e09dc31c924dbedbda824c7f2f62e1befcfb6d8fa2464e10cd22df9190,300,12,p_0.66_stores_20_nearest_restaurant,factorial_cell,0.66,1.0,1.0,20,nearest_restaurant,baseline,False,0.4652777777777778,0.3090277777777778,-0.15625,0.8909574468085106,0.6404413528424082,-0.2505160939661024,0.03147017379051198,0.02640166122812222,-0.0050685125623897605,0.44666666666666666,0.23666666666666666,-0.21,0.5466666666666666,0.7566666666666667,0.21000000000000008,0.006666666666666667,0.006666666666666667,0.0,55.223880597014926,56.014084507042256,0.7902039100273299,1.237037037037037,1.4583333333333333,0.22129629629629632,0.6342281879194631,0.7023411371237458,0.06811294920428268,7.9037037037037035,9.11111111111111,1.2074074074074073,32.73880597014925,31.760563380281692,-0.9782425898675591,4517.69913815,2859.36729836,-1658.3318397900002,17231.37,9340.99,-7890.379999999999,13594.329195183333,9216.995368306667,-4377.333826876666,11554.036666666667,4846.323333333334,-6707.713333333333,1906.5671641791046,2272.5842696629215,366.017105483817,255480,202260,-53220,851.6,674.2,-177.39999999999998,1906.5671641791046,2848.7323943661972,942.1652301870927,0.5222222222222223,0.4825231481481482,-0.03969907407407408,288850.9166666667,121158.08333333333,-167692.83333333337,-0.22129629629629632,-17.88922155688623,-45,-2956.6666666666665,,-33.582089552238806,-20.831376232973227,0.6203120922707583
7,48,0bc4b7e09dc31c924dbedbda824c7f2f62e1befcfb6d8fa2464e10cd22df9190,300,12,p_0.66_stores_20_nearest_customer,factorial_cell,0.66,1.0,1.0,20,nearest_customer,baseline,False,0.4652777777777778,0.19791666666666666,-0.26736111111111116,0.8909574468085106,0.42447561126970335,-0.4664818355388073,0.03147017379051198,0.017476621186570597,-0.013993552603941382,0.44666666666666666,0.18333333333333332,-0.2633333333333333,0.5466666666666666,0.81,0.2633333333333334,0.006666666666666667,0.006666666666666667,0.0,55.223880597014926,51.81818181818182,-3.4056987788331057,1.237037037037037,1.1785714285714286,-0.05846560846560833,0.6342281879194631,0.7157190635451505,0.08149087562568735,7.9037037037037035,8.107142857142858,0.2034391534391542,32.73880597014925,29.10909090909091,-3.6297150610583415,4517.69913815,1851.0821764,-2666.61696175,17231.37,6361.57,-10869.8,13594.329195183333,5843.7378236,-7750.591371583332,11554.036666666667,2012.9033333333334,-9541.133333333333,1906.5671641791046,3433.157894736842,1526.5907305577375,255480,195690,-59790,851.6,652.3,-199.30000000000007,1906.5671641791046,3558.0,1651.4328358208954,0.5222222222222223,0.4662615740740741,-0.05596064814814816,288850.9166666667,50322.583333333336,-238528.33333333334,0.05846560846560833,4.726261762189895,-77,-29895.0,,-57.46268656716418,-23.403006106153125,0.40727309327591155
8,49,7d535bcd06f0897005805ba86c9e932ecc87d4d6c3175215693faf276097cf05,300,12,p_0.22_stores_10_uniform,factorial_cell,0.22,1.0,1.0,10,uniform,baseline,False,0.4236111111111111,0.3680555555555556,-0.055555555555555525,0.8173291648057167,0.7395348837209302,-0.07779428108478648,0.028588166373755126,0.026818469323213155,-0.0017696970505419705,0.4066666666666667,0.35333333333333333,-0.053333333333333344,0.5833333333333334,0.6366666666666667,0.053333333333333344,0.01,0.01,0.0,57.17213114754098,54.20754716981132,-2.96458397772966,0.7459016393442623,1.1121495327102804,0.36624789336601804,0.5317725752508361,0.6133333333333333,0.08156075808249719,7.442622950819672,6.588785046728972,-0.8538379040906996,34.83606557377049,32.4811320754717,-2.3549334982987915,4254.32210988,3585.54957355,-668.7725363300005,16707.43,13497.32,-3210.1100000000006,12613.619223453334,10859.318759783333,-1754.3004636700007,11017.43,8227.32,-2790.1100000000006,2098.7704918032787,2237.264150943396,138.49365914011742,256050,237150,-18900,853.5,790.5,-63.0,2098.7704918032787,2237.264150943396,138.49365914011742,0.518287037037037,0.4976851851851852,-0.02060185185185187,275435.75,205683.0,-69752.75,-0.36624789336601804,-49.10136592379582,-16,,,-13.114754098360656,-7.381370826010544,0.562829525483304
8,49,7d535bcd06f0897005805ba86c9e932ecc87d4d6c3175215693faf276097cf05,300,12,p_0.22_stores_10_nearest_restaurant,factorial_cell,0.22,1.0,1.0,10,nearest_restaurant,baseline,False,0.4236111111111111,0.3923611111111111,-0.03125,0.8173291648057167,0.7687074829931972,-0.04862168181251947,0.028588166373755126,0.027877143209571974,-0.0007110231641831513,0.4066666666666667,0.37,-0.03666666666666668,0.5833333333333334,0.6166666666666667,0.033333333333333326,0.01,0.013333333333333334,0.003333333333333334,57.17213114754098,55.513513513513516,-1.6586176340274648,0.7459016393442623,1.0892857142857142,0.34338407494145184,0.5317725752508361,0.6266666666666667,0.0948940914158306,7.442622950819672,6.75,-0.692622950819672,34.83606557377049,33.52252252252252,-1.3135430512479687,4254.32210988,3873.010794,-381.3113158800006,16707.43,14682.05,-2025.380000000001,12613.619223453334,11689.755872666667,-923.8633507866671,11017.43,9277.383333333333,-1740.046666666667,2098.7704918032787,2152.3008849557523,53.53039315247361,256050,243210,-12840,853.5,810.7,-42.799999999999955,2098.7704918032787,2191.0810810810813,92.31058927780259,0.518287037037037,0.5104166666666666,-0.007870370370370416,275435.75,231934.58333333334,-43501.16666666666,-0.34338407494145184,-46.03610675039244,-9,-6420.0,,-7.377049180327869,-5.014645577035735,0.6797630671092886
8,49,7d535bcd06f0897005805ba86c9e932ecc87d4d6c3175215693faf276097cf05,300,12,p_0.22_stores_10_nearest_customer,factorial_cell,0.22,1.0,1.0,10,nearest_customer,baseline,False,0.4236111111111111,0.375,-0.048611111111111105,0.8173291648057167,0.7362799681854335,-0.0810491966202832,0.028588166373755126,0.026503067484662576,-0.00208509888909255,0.4066666666666667,0.35333333333333333,-0.053333333333333344,0.5833333333333334,0.6366666666666667,0.053333333333333344,0.01,0.01,0.0,57.17213114754098,57.45283018867924,0.28069904113826283,0.7459016393442623,1.4299065420560748,0.6840049027118125,0.5317725752508361,0.5302013422818792,-0.0015712329689568927,7.442622950819672,6.626168224299065,-0.8164547265206066,34.83606557377049,34.95283018867924,0.11676461490875312,4254.32210988,3675.45493234,-578.8671775400003,16707.43,14549.11,-2158.3199999999997,12613.619223453334,10852.31906766,-1761.300155793333,11017.43,9115.776666666667,-1901.6533333333336,2098.7704918032787,2263.8888888888887,165.11839708561,256050,244500,-11550,853.5,815.0,-38.5,2098.7704918032787,2306.603773584906,207.8332817816272,0.518287037037037,0.5093171296296296,-0.00896990740740744,275435.75,227894.41666666666,-47541.33333333334,-0.6840049027118125,-91.70175618773749,-14,-5775.0,,-11.475409836065573,-4.510837727006444,0.393087287639133
8,49,7d535bcd06f0897005805ba86c9e932ecc87d4d6c3175215693faf276097cf05,300,12,p_0.22_stores_15_uniform,factorial_cell,0.22,1.0,1.0,15,uniform,baseline,False,0.4236111111111111,0.3680555555555556,-0.055555555555555525,0.8173291648057167,0.7200271708366354,-0.09730199396908135,0.028588166373755126,0.025923208608461725,-0.0026649577652934006,0.4066666666666667,0.35333333333333333,-0.053333333333333344,0.5833333333333334,0.6366666666666667,0.053333333333333344,0.01,0.01,0.0,57.17213114754098,57.0188679245283,-0.15326322301267936,0.7459016393442623,1.2990654205607477,0.5531637812164854,0.5317725752508361,0.6466666666666666,0.11489409141583051,7.442622950819672,7.02803738317757,-0.41458556764210197,34.83606557377049,34.386792452830186,-0.4492731209403047,4254.32210988,3636.75047598,-617.5716339000005,16707.43,14298.87,-2408.5599999999995,12613.619223453334,10776.02752402,-1837.591699433333,11017.43,8846.87,-2170.5599999999995,2098.7704918032787,2314.5283018867926,215.75781008351396,256050,245340,-10710,853.5,817.8,-35.700000000000045,2098.7704918032787,2314.5283018867926,215.75781008351396,0.518287037037037,0.5111689814814815,-0.007118055555555558,275435.75,221171.75,-54264.0,-0.5531637812164854,-74.1604190202321,-16,,,-13.114754098360656,-4.182776801405976,0.31893673110720566
8,49,7d535bcd06f0897005805ba86c9e932ecc87d4d6c3175215693faf276097cf05,300,12,p_0.22_stores_15_nearest_restaurant,factorial_cell,0.22,1.0,1.0,15,nearest_restaurant,baseline,False,0.4236111111111111,0.3819444444444444,-0.041666666666666685,0.8173291648057167,0.7498295841854125,-0.06749958062030426,0.028588166373755126,0.02717391304347826,-0.0014142533302768656,0.4066666666666667,0.36,-0.04666666666666669,0.5833333333333334,0.6266666666666667,0.043333333333333335,0.01,0.013333333333333334,0.003333333333333334,57.17213114754098,56.342592592592595,-0.8295385549483854,0.7459016393442623,1.1192660550458715,0.37336441570160916,0.5317725752508361,0.5933333333333334,0.06156075808249728,7.442622950819672,6.394495412844036,-1.0481275379756356,34.83606557377049,34.97222222222222,0.13615664845173114,4254.32210988,3834.66540469,-419.6567051900006,16707.43,14842.36,-1865.0699999999997,12613.619223453334,11454.34359531,-1159.275628143334,11017.43,9445.026666666667,-1572.4033333333336,2098.7704918032787,2208.0,109.22950819672133,256050,242880,-13170,853.5,809.6,-43.89999999999998,2098.7704918032787,2248.8888888888887,150.11839708561,0.518287037037037,0.509375,-0.008912037037037024,275435.75,236125.66666666666,-39310.08333333334,-0.37336441570160916,-50.05544913801793,-12,-6585.0,,-9.836065573770492,-5.143526654950205,0.5229252099199375
8,49,7d535bcd06f0897005805ba86c9e932ecc87d4d6c3175215693faf276097cf05,300,12,p_0.22_stores_15_nearest_customer,factorial_cell,0.22,1.0,1.0,15,nearest_customer,baseline,False,0.4236111111111111,0.3541666666666667,-0.06944444444444442,0.8173291648057167,0.6972769739090806,-0.1200521908966361,0.028588166373755126,0.025082995204721504,-0.003505171169033622,0.4066666666666667,0.3333333333333333,-0.07333333333333336,0.5833333333333334,0.6566666666666666,0.07333333333333325,0.01,0.01,0.0,57.17213114754098,59.16,1.987868852459016,0.7459016393442623,1.188118811881188,0.4422171725369257,0.5317725752508361,0.5919732441471572,0.06020066889632114,7.442622950819672,7.623762376237623,0.18113942541795147,34.83606557377049,35.79,0.9539344262295089,4254.32210988,3480.69928951,-773.6228203700002,16707.43,14126.83,-2580.6000000000004,12613.619223453334,10140.77171049,-2472.8475129633334,11017.43,8704.83,-2312.6000000000004,2098.7704918032787,2392.0588235294117,293.28833172613304,256050,243990,-12060,853.5,813.3,-40.200000000000045,2098.7704918032787,2439.9,341.1295081967214,0.518287037037037,0.5079282407407407,-0.010358796296296324,275435.75,217620.75,-57815.0,-0.4422171725369257,-59.28625829615927,-20,-6030.0,,-16.39344262295082,-4.710017574692443,0.287311072056239
8,49,7d535bcd06f0897005805ba86c9e932ecc87d4d6c3175215693faf276097cf05,300,12,p_0.22_stores_20_uniform,factorial_cell,0.22,1.0,1.0,20,uniform,baseline,False,0.4236111111111111,0.3958333333333333,-0.02777777777777779,0.8173291648057167,0.779398359161349,-0.03793080564436768,0.028588166373755126,0.027889908256880733,-0.0006982581168743923,0.4066666666666667,0.37666666666666665,-0.030000000000000027,0.5833333333333334,0.6133333333333333,0.029999999999999916,0.01,0.01,0.0,57.17213114754098,57.51327433628319,0.3411431887422083,0.7459016393442623,0.7345132743362832,-0.011388365007979129,0.5317725752508361,0.5886287625418061,0.05685618729096997,7.442622950819672,7.522123893805309,0.07950094298563748,34.83606557377049,35.06194690265487,0.22588132888437684,4254.32210988,3931.54845584,-322.77365404000057,16707.43,15604.81,-1102.6200000000008,12613.619223453334,11592.042210826667,-1021.577012626667,11017.43,10154.81,-862.6200000000008,2098.7704918032787,2151.315789473684,52.54529767040549,256050,245250,-10800,853.5,817.5,-36.0,2098.7704918032787,2170.353982300885,71.58349049760636,0.518287037037037,0.5078703703703704,-0.01041666666666663,275435.75,253870.25,-21565.5,0.011388365007979129,1.5267917922785206,-8,-10800.0,,-6.557377049180328,-4.21792618629174,0.6432337434094902
8,49,7d535bcd06f0897005805ba86c9e932ecc87d4d6c3175215693faf276097cf05,300,12,p_0.22_stores_20_nearest_restaurant,factorial_cell,0.22,1.0,1.0,20,nearest_restaurant,baseline,False,0.4236111111111111,0.3923611111111111,-0.03125,0.8173291648057167,0.76714188730482,-0.05018727750089669,0.028588166373755126,0.02772325809617272,-0.000864908277582406,0.4066666666666667,0.36666666666666664,-0.040000000000000036,0.5833333333333334,0.6233333333333333,0.039999999999999925,0.01,0.01,0.0,57.17213114754098,56.372727272727275,-0.7994038748137058,0.7459016393442623,1.0545454545454545,0.3086438152011921,0.5317725752508361,0.5933333333333334,0.06156075808249728,7.442622950819672,6.590909090909091,-0.8517138599105811,34.83606557377049,34.95454545454545,0.11847988077496296,4254.32210988,3979.79496387,-274.52714601000025,16707.43,15139.52,-1567.9099999999999,12613.619223453334,11991.438702796666,-622.1805206566678,11017.43,9704.853333333333,-1312.5766666666677,2098.7704918032787,2164.2477876106195,65.47729580734085,256050,244560,-11490,853.5,815.2,-38.299999999999955,2098.7704918032787,2223.2727272727275,124.5022354694488,0.518287037037037,0.5114583333333333,-0.006828703703703698,275435.75,242621.33333333334,-32814.41666666666,-0.3086438152011921,-41.378621378621354,-9,-3830.0,,-7.377049180327869,-4.487404803749268,0.6082926511749007
8,49,7d535bcd06f0897005805ba86c9e932ecc87d4d6c3175215693faf276097cf05,300,12,p_0.22_stores_20_nearest_customer,factorial_cell,0.22,1.0,1.0,20,nearest_customer,baseline,False,0.4236111111111111,0.3611111111111111,-0.0625,0.8173291648057167,0.7034949267192784,-0.11383423808643833,0.028588166373755126,0.025552825552825554,-0.003035340820929572,0.4066666666666667,0.3433333333333333,-0.06333333333333335,0.5833333333333334,0.6433333333333333,0.05999999999999994,0.01,0.013333333333333334,0.003333333333333334,57.17213114754098,57.601941747572816,0.4298106000318356,0.7459016393442623,1.4711538461538463,0.7252522068095839,0.5317725752508361,0.568561872909699,0.03678929765886285,7.442622950819672,7.865384615384615,0.422761664564943,34.83606557377049,34.43689320388349,-0.39917236988699756,4254.32210988,3566.01955313,-688.3025567500003,16707.43,13978.25,-2729.1800000000003,12613.619223453334,10583.09344687,-2030.525776583334,11017.43,8551.583333333334,-2465.8466666666664,2098.7704918032787,2348.076923076923,249.3064312736442,256050,244200,-11850,853.5,814.0,-39.5,2098.7704918032787,2370.873786407767,272.1032946044884,0.518287037037037,0.5133101851851852,-0.004976851851851816,275435.75,213789.58333333334,-61646.16666666666,-0.7252522068095839,-97.23161453930685,-18,-11850.0,,-14.754098360655737,-4.628002343292326,0.31367571437870206
8,49,7d535bcd06f0897005805ba86c9e932ecc87d4d6c3175215693faf276097cf05,300,12,p_0.44_stores_10_uniform,factorial_cell,0.44,1.0,1.0,10,uniform,baseline,False,0.4236111111111111,0.2743055555555556,-0.14930555555555552,0.8173291648057167,0.5518686692280824,-0.2654604955776343,0.028588166373755126,0.02173314993122421,-0.006855016442530917,0.4066666666666667,0.26,-0.14666666666666667,0.5833333333333334,0.73,0.1466666666666666,0.01,0.01,0.0,57.17213114754098,57.07692307692308,-0.09520807061790038,0.7459016393442623,1.294871794871795,0.5489701555275326,0.5317725752508361,0.5886287625418061,0.05685618729096997,7.442622950819672,6.666666666666667,-0.775956284153005,34.83606557377049,34.41025641025641,-0.4258091635140815,4254.32210988,2730.50758709,-1523.8145227900004,16707.43,10639.11,-6068.32,12613.619223453334,8128.574746243334,-4485.04447721,11017.43,5792.443333333334,-5224.986666666667,2098.7704918032787,2760.759493670886,661.9890018676074,256050,218100,-37950,853.5,727.0,-126.5,2098.7704918032787,2796.153846153846,697.3833543505675,0.518287037037037,0.4970486111111111,-0.021238425925925952,275435.75,144811.08333333334,-130624.66666666666,-0.5489701555275326,-73.59819667511975,-43,-37950.0,,-35.24590163934426,-14.821323960164031,0.42051198212558416
8,49,7d535bcd06f0897005805ba86c9e932ecc87d4d6c3175215693faf276097cf05,300,12,p_0.44_stores_10_nearest_restaurant,factorial_cell,0.44,1.0,1.0,10,nearest_restaurant,baseline,False,0.4236111111111111,0.3506944444444444,-0.07291666666666669,0.8173291648057167,0.7049790600279199,-0.11235010477779683,0.028588166373755126,0.0264813843733613,-0.0021067820003938253,0.4066666666666667,0.29333333333333333,-0.11333333333333334,0.5833333333333334,0.6933333333333334,0.10999999999999999,0.01,0.013333333333333334,0.003333333333333334,57.17213114754098,58.44318181818182,1.2710506706408395,0.7459016393442623,0.7640449438202247,0.018143304475962352,0.5317725752508361,0.5833333333333334,0.05156075808249727,7.442622950819672,7.617977528089888,0.17535457727021608,34.83606557377049,36.02272727272727,1.186661698956783,4254.32210988,3459.27539471,-795.0467151700004,16707.43,12746.6,-3960.83,12613.619223453334,10584.69560529,-2028.9236181633332,11017.43,7661.266666666666,-3356.163333333334,2098.7704918032787,2265.7425742574255,166.97208245414686,256050,228840,-27210,853.5,762.8,-90.70000000000005,2098.7704918032787,2600.4545454545455,501.6840536512668,0.518287037037037,0.49745370370370373,-0.020833333333333315,275435.75,191531.66666666666,-83904.08333333334,-0.018143304475962352,-2.432399061612535,-21,-2093.076923076923,,-17.21311475409836,-10.626830697129467,0.6173682595475215
8,49,7d535bcd06f0897005805ba86c9e932ecc87d4d6c3175215693faf276097cf05,300,12,p_0.44_stores_10_nearest_customer,factorial_cell,0.44,1.0,1.0,10,nearest_customer,baseline,False,0.4236111111111111,0.2638888888888889,-0.1597222222222222,0.8173291648057167,0.5369759773904852,-0.2803531874152315,0.028588166373755126,0.020782061799289035,-0.0078061045744660905,0.4066666666666667,0.25,-0.15666666666666668,0.5833333333333334,0.7366666666666667,0.15333333333333332,0.01,0.013333333333333334,0.003333333333333334,57.17213114754098,57.56,0.3878688524590217,0.7459016393442623,1.6973684210526316,0.9514667817083693,0.5317725752508361,0.5418060200668896,0.010033444816053505,7.442622950819672,6.868421052631579,-0.5742018981880932,34.83606557377049,34.85333333333333,0.017267759562841434,4254.32210988,2619.25476571,-1635.0673441700005,16707.43,10302.85,-6404.58,12613.619223453334,7759.31623429,-4854.302989163334,11017.43,5426.85,-5590.58,2098.7704918032787,2887.1052631578946,788.3347713546159,256050,219420,-36630,853.5,731.4,-122.10000000000002,2098.7704918032787,2925.6,826.8295081967212,0.518287037037037,0.4914351851851852,-0.02685185185185185,275435.75,135671.25,-139764.5,-0.9514667817083693,-127.55928282244071,-46,-36630.0,,-37.704918032786885,-14.30579964850615,0.37941468632994574
8,49,7d535bcd06f0897005805ba86c9e932ecc87d4d6c3175215693faf276097cf05,300,12,p_0.44_stores_15_uniform,factorial_cell,0.44,1.0,1.0,15,uniform,baseline,True,0.4236111111111111,0.2777777777777778,-0.14583333333333331,0.8173291648057167,0.5681818181818181,-0.2491473466238986,0.028588166373755126,0.021831082003001774,-0.006757084370753352,0.4066666666666667,0.26666666666666666,-0.14,0.5833333333333334,0.7233333333333334,0.14,0.01,0.01,0.0,57.17213114754098,57.1625,-0.009631147540979157,0.7459016393442623,1.225,0.47909836065573774,0.5317725752508361,0.6287625418060201,0.09698996655518399,7.442622950819672,7.225,-0.2176229508196723,34.83606557377049,34.55,-0.28606557377049313,4254.32210988,2766.17297131,-1488.1491385700006,16707.43,10912.81,-5794.620000000001,12613.619223453334,8181.99802869,-4431.621194763334,11017.43,6026.81,-4990.62,2098.7704918032787,2748.375,649.6045081967213,256050,219870,-36180,853.5,732.9,-120.60000000000002,2098.7704918032787,2748.375,649.6045081967213,0.518287037037037,0.4888888888888889,-0.029398148148148173,275435.75,150670.25,-124765.5,-0.47909836065573774,-64.23076923076924,-42,,,-34.42622950819672,-14.13005272407733,0.4104443886517701
8,49,7d535bcd06f0897005805ba86c9e932ecc87d4d6c3175215693faf276097cf05,300,12,p_0.44_stores_15_nearest_restaurant,factorial_cell,0.44,1.0,1.0,15,nearest_restaurant,baseline,False,0.4236111111111111,0.3402777777777778,-0.08333333333333331,0.8173291648057167,0.6894934333958724,-0.12783573140984428,0.028588166373755126,0.02628755364806867,-0.002300612725686456,0.4066666666666667,0.27666666666666667,-0.13,0.5833333333333334,0.7133333333333334,0.13,0.01,0.01,0.0,57.17213114754098,58.55421686746988,1.3820857199289023,0.7459016393442623,0.5476190476190477,-0.19828259172521467,0.5317725752508361,0.54,0.008227424749163936,7.442622950819672,8.392857142857142,0.9502341920374704,34.83606557377049,35.626506024096386,0.7904404503258959,4254.32210988,3308.82988673,-945.4922231500004,16707.43,11976.33,-4731.1,12613.619223453334,10208.896446603334,-2404.7227768499997,11017.43,7005.663333333333,-4011.7666666666673,2098.7704918032787,2282.4489795918366,183.67848778855796,256050,223680,-32370,853.5,745.6,-107.89999999999998,2098.7704918032787,2694.9397590361446,596.1692672328659,0.518287037037037,0.4935185185185185,-0.024768518518518523,275435.75,175141.58333333334,-100294.16666666666,0.19828259172521467,26.582940868655154,-24,-2158.0,,-19.672131147540984,-12.642062097246631,0.6426381566100371
8,49,7d535bcd06f0897005805ba86c9e932ecc87d4d6c3175215693faf276097cf05,300,12,p_0.44_stores_15_nearest_customer,factorial_cell,0.44,1.0,1.0,15,nearest_customer,baseline,False,0.4236111111111111,0.2708333333333333,-0.1527777777777778,0.8173291648057167,0.5568114217727542,-0.2605177430329625,0.028588166373755126,0.0212678936605317,-0.007320272713223427,0.4066666666666667,0.25333333333333335,-0.15333333333333332,0.5833333333333334,0.7366666666666667,0.15333333333333332,0.01,0.01,0.0,57.17213114754098,56.0,-1.1721311475409806,0.7459016393442623,0.9605263157894737,0.21462467644521133,0.5317725752508361,0.48322147651006714,-0.04855109874076896,7.442622950819672,8.052631578947368,0.6100086281276962,34.83606557377049,32.53947368421053,-2.296591889559963,4254.32210988,2691.60109207,-1562.7210178100004,16707.43,9782.82,-6924.610000000001,12613.619223453334,8288.652574596666,-4324.966648856667,11017.43,4892.82,-6124.610000000001,2098.7704918032787,2821.153846153846,722.3833543505675,256050,220050,-36000,853.5,733.5,-120.0,2098.7704918032787,2895.3947368421054,796.6242450388268,0.518287037037037,0.48640046296296297,-0.03188657407407408,275435.75,122320.5,-153115.25,-0.21462467644521133,-28.773857721226133,-44,-18000.0,,-36.0655737704918,-14.059753954305801,0.38983863236938815
8,49,7d535bcd06f0897005805ba86c9e932ecc87d4d6c3175215693faf276097cf05,300,12,p_0.44_stores_20_uniform,factorial_cell,0.44,1.0,1.0,20,uniform,baseline,False,0.4236111111111111,0.2986111111111111,-0.125,0.8173291648057167,0.5994423791821561,-0.21788678562356056,0.028588166373755126,0.023218142548596114,-0.005370023825159012,0.4066666666666667,0.26666666666666666,-0.14,0.5833333333333334,0.7233333333333334,0.14,0.01,0.01,0.0,57.17213114754098,58.0375,0.8653688524590208,0.7459016393442623,1.1625,0.41659836065573774,0.5317725752508361,0.5852842809364549,0.053511705685618804,7.442622950819672,7.3125,-0.13012295081967196,34.83606557377049,35.975,1.1389344262295111,4254.32210988,2986.97834043,-1267.3437694500003,16707.43,11593.15,-5114.280000000001,12613.619223453334,8909.797992903334,-3703.82123055,11017.43,6654.483333333334,-4362.946666666667,2098.7704918032787,2584.186046511628,485.4155547083492,256050,222240,-33810,853.5,740.8,-112.70000000000005,2098.7704918032787,2778.0,679.2295081967213,0.518287037037037,0.4981481481481482,-0.020138888888888873,275435.75,166362.08333333334,-109073.66666666666,-0.41659836065573774,-55.85164835164835,-36,-5635.0,,-29.508196721311474,-13.204452255418865,0.4474842153225282
8,49,7d535bcd06f0897005805ba86c9e932ecc87d4d6c3175215693faf276097cf05,300,12,p_0.44_stores_20_nearest_restaurant,factorial_cell,0.44,1.0,1.0,20,nearest_restaurant,baseline,False,0.4236111111111111,0.3680555555555556,-0.055555555555555525,0.8173291648057167,0.7402234636871509,-0.07710570111856585,0.028588166373755126,0.028008984013740256,-0.0005791823600148696,0.4066666666666667,0.3,-0.10666666666666669,0.5833333333333334,0.69,0.10666666666666658,0.01,0.01,0.0,57.17213114754098,57.17777777777778,0.005646630236796568,0.7459016393442623,0.8901098901098901,0.1442082507656277,0.5317725752508361,0.59,0.05822742474916387,7.442622950819672,7.846153846153846,0.40353089533417386,34.83606557377049,34.17777777777778,-0.6582877959927131,4254.32210988,3556.7927178,-697.5293920800004,16707.43,12472.9,-4234.530000000001,12613.619223453334,11130.920615533334,-1482.6986079199996,11017.43,7426.9,-3590.5300000000007,2098.7704918032787,2142.169811320755,43.399319517476215,256050,227070,-28980,853.5,756.9,-96.60000000000002,2098.7704918032787,2523.0,424.2295081967213,0.518287037037037,0.49722222222222223,-0.021064814814814814,275435.75,185672.5,-89763.25,-0.1442082507656277,-19.333413838908328,-16,-1811.25,,-13.114754098360656,-11.318101933216168,0.8630052724077327
8,49,7d535bcd06f0897005805ba86c9e932ecc87d4d6c3175215693faf276097cf05,300,12,p_0.44_stores_20_nearest_customer,factorial_cell,0.44,1.0,1.0,20,nearest_customer,baseline,False,0.4236111111111111,0.2743055555555556,-0.14930555555555552,0.8173291648057167,0.5550351288056206,-0.26229403600009615,0.028588166373755126,0.0212194466827827,-0.007368719690972424,0.4066666666666667,0.26,-0.14666666666666667,0.5833333333333334,0.73,0.1466666666666666,0.01,0.01,0.0,57.17213114754098,59.44871794871795,2.2765868011769683,0.7459016393442623,1.2179487179487178,0.4720470786044555,0.5317725752508361,0.5604026845637584,0.028630109312922314,7.442622950819672,8.23076923076923,0.788146279949558,34.83606557377049,35.333333333333336,0.4972677595628454,4254.32210988,2754.87527641,-1499.4468334700005,16707.43,10842.43,-5865.0,12613.619223453334,8158.68572359,-4454.933499863334,11017.43,5878.43,-5139.0,2098.7704918032787,2827.5949367088606,728.8244449055819,256050,223380,-32670,853.5,744.6,-108.89999999999998,2098.7704918032787,2863.846153846154,765.0756620428751,0.518287037037037,0.49421296296296297,-0.02407407407407408,275435.75,146960.75,-128475.0,-0.4720470786044555,-63.28543251620172,-43,-32670.0,,-35.24590163934426,-12.759226713532513,0.362005967221155
8,49,7d535bcd06f0897005805ba86c9e932ecc87d4d6c3175215693faf276097cf05,300,12,p_0.66_stores_10_uniform,factorial_cell,0.66,1.0,1.0,10,uniform,baseline,False,0.4236111111111111,0.1909722222222222,-0.2326388888888889,0.8173291648057167,0.4097342935187485,-0.4075948712869682,0.028588166373755126,0.016835016835016835,-0.011753149538738291,0.4066666666666667,0.17666666666666667,-0.23,0.5833333333333334,0.8133333333333334,0.22999999999999998,0.01,0.01,0.0,57.17213114754098,55.075471698113205,-2.0966594494277757,0.7459016393442623,1.6603773584905661,0.9144757191463038,0.5317725752508361,0.5536912751677853,0.02191869991694917,7.442622950819672,6.490566037735849,-0.9520569130838226,34.83606557377049,33.0377358490566,-1.7983297247138879,4254.32210988,1854.90678264,-2399.4153272400004,16707.43,7006.72,-9700.71,12613.619223453334,5608.370550693333,-7005.248672760001,11017.43,2650.72,-8366.710000000001,2098.7704918032787,3564.0,1465.2295081967213,256050,196020,-60030,853.5,653.4,-200.10000000000002,2098.7704918032787,3698.490566037736,1599.7200742344571,0.518287037037037,0.46608796296296295,-0.05219907407407409,275435.75,66268.0,-209167.75,-0.9144757191463038,-122.600041467966,-67,-30015.0,,-54.91803278688525,-23.444639718804922,0.4269023948797314
8,49,7d535bcd06f0897005805ba86c9e932ecc87d4d6c3175215693faf276097cf05,300,12,p_0.66_stores_10_nearest_restaurant,factorial_cell,0.66,1.0,1.0,10,nearest_restaurant,baseline,False,0.4236111111111111,0.2222222222222222,-0.2013888888888889,0.8173291648057167,0.47413260896406967,-0.34319655584164704,0.028588166373755126,0.019863438857852266,-0.00872472751590286,0.4066666666666667,0.18,-0.22666666666666668,0.5833333333333334,0.81,0.22666666666666668,0.01,0.01,0.0,57.17213114754098,58.48148148148148,1.3093503339405004,0.7459016393442623,1.2777777777777777,0.5318761384335153,0.5317725752508361,0.5886287625418061,0.05685618729096997,7.442622950819672,8.333333333333334,0.890710382513662,34.83606557377049,34.55555555555556,-0.28051001821493315,4254.32210988,2225.60306318,-2028.7190467000005,16707.43,7522.84,-9184.59,12613.619223453334,7075.341603486667,-5538.277619966667,11017.43,3226.84,-7790.59,2098.7704918032787,3020.625,921.8545081967213,256050,193320,-62730,853.5,644.4,-209.10000000000002,2098.7704918032787,3580.0,1481.2295081967213,0.518287037037037,0.46869212962962964,-0.04959490740740741,275435.75,80671.0,-194764.75,-0.5318761384335153,-71.30647130647128,-58,-6273.0,,-47.540983606557376,-24.499121265377855,0.515326343857948
8,49,7d535bcd06f0897005805ba86c9e932ecc87d4d6c3175215693faf276097cf05,300,12,p_0.66_stores_10_nearest_customer,factorial_cell,0.66,1.0,1.0,10,nearest_customer,baseline,False,0.4236111111111111,0.1736111111111111,-0.25,0.8173291648057167,0.3744383424862706,-0.4428908223194461,0.028588166373755126,0.015777847901546228,-0.012810318472208898,0.4066666666666667,0.15666666666666668,-0.25,0.5833333333333334,0.8333333333333334,0.25,0.01,0.01,0.0,57.17213114754098,54.57446808510638,-2.5976630624345987,0.7459016393442623,2.106382978723404,1.3604813393791417,0.5317725752508361,0.5919732441471572,0.06020066889632114,7.442622950819672,6.9361702127659575,-0.5064527380537145,34.83606557377049,31.638297872340427,-3.197767701430063,4254.32210988,1667.44328168,-2586.8788282000005,16707.43,5931.47,-10775.96,12613.619223453334,5185.30471832,-7428.314505133334,11017.43,1706.1366666666668,-9311.293333333333,2098.7704918032787,3802.8,1704.0295081967215,256050,190140,-65910,853.5,633.8,-219.70000000000005,2098.7704918032787,4045.531914893617,1946.7614230903382,0.518287037037037,0.4636574074074074,-0.05462962962962964,275435.75,42653.416666666664,-232782.33333333334,-1.3604813393791417,-182.39420154313768,-72,-21970.0,,-59.01639344262295,-25.7410661980082,0.4361680661329167
8,49,7d535bcd06f0897005805ba86c9e932ecc87d4d6c3175215693faf276097cf05,300,12,p_0.66_stores_15_uniform,factorial_cell,0.66,1.0,1.0,15,uniform,baseline,False,0.4236111111111111,0.1875,-0.2361111111111111,0.8173291648057167,0.39579770339604203,-0.4215314614096747,0.028588166373755126,0.016204051012753188,-0.012384115361001938,0.4066666666666667,0.16666666666666666,-0.24000000000000002,0.5833333333333334,0.8233333333333334,0.24,0.01,0.01,0.0,57.17213114754098,56.84,-0.33213114754097717,0.7459016393442623,1.18,0.4340983606557376,0.5317725752508361,0.6,0.06822742474916388,7.442622950819672,7.06,-0.38262295081967235,34.83606557377049,34.08,-0.756065573770492,4254.32210988,1886.593922,-2367.7281878800004,16707.43,6901.15,-9806.28,12613.619223453334,5792.372744666666,-6821.2464787866675,11017.43,2457.8166666666666,-8559.613333333335,2098.7704918032787,3702.777777777778,1604.0072859744992,256050,199950,-56100,853.5,666.5,-187.0,2098.7704918032787,3999.0,1900.2295081967213,0.518287037037037,0.47372685185185187,-0.044560185185185175,275435.75,61445.416666666664,-213990.33333333334,-0.4340983606557376,-58.197802197802176,-68,-14025.0,,-55.73770491803278,-21.90978324545987,0.393087287639133
8,49,7d535bcd06f0897005805ba86c9e932ecc87d4d6c3175215693faf276097cf05,300,12,p_0.66_stores_15_nearest_restaurant,factorial_cell,0.66,1.0,1.0,15,nearest_restaurant,baseline,False,0.4236111111111111,0.2743055555555556,-0.14930555555555552,0.8173291648057167,0.5815950920245399,-0.23573407278117686,0.028588166373755126,0.023820292477008894,-0.004767873896746232,0.4066666666666667,0.21333333333333335,-0.19333333333333333,0.5833333333333334,0.7766666666666666,0.19333333333333325,0.01,0.01,0.0,57.17213114754098,58.78125,1.6091188524590194,0.7459016393442623,1.125,0.37909836065573765,0.5317725752508361,0.6466666666666666,0.11489409141583051,7.442622950819672,8.71875,1.276127049180328,34.83606557377049,33.96875,-0.8673155737704903,4254.32210988,2618.6552103,-1635.6668995800005,16707.43,8809.23,-7898.200000000001,12613.619223453334,8341.3947897,-4272.224433753334,11017.43,4387.23,-6630.200000000001,2098.7704918032787,2518.8607594936707,420.090267690392,256050,198990,-57060,853.5,663.3,-190.20000000000005,2098.7704918032787,3109.21875,1010.4482581967213,0.518287037037037,0.47164351851851855,-0.0466435185185185,275435.75,109680.75,-165755.0,-0.37909836065573765,-50.82417582417581,-43,-3804.0,,-35.24590163934426,-22.284710017574692,0.6322638656149099
8,49,7d535bcd06f0897005805ba86c9e932ecc87d4d6c3175215693faf276097cf05,300,12,p_0.66_stores_15_nearest_customer,factorial_cell,0.66,1.0,1.0,15,nearest_customer,baseline,False,0.4236111111111111,0.19791666666666666,-0.22569444444444445,0.8173291648057167,0.4125950054288816,-0.4047341593768351,0.028588166373755126,0.01694915254237288,-0.011639013831382244,0.4066666666666667,0.18,-0.22666666666666668,0.5833333333333334,0.81,0.22666666666666668,0.01,0.01,0.0,57.17213114754098,58.18518518518518,1.0130540376442028,0.7459016393442623,1.8703703703703705,1.1244687310261081,0.5317725752508361,0.6153846153846154,0.08361204013377932,7.442622950819672,7.055555555555555,-0.3870673952641166,34.83606557377049,34.666666666666664,-0.169398907103826,4254.32210988,1967.3414353,-2286.9806745800006,16707.43,7507.2,-9200.23,12613.619223453334,5918.655231366667,-6694.963992086667,11017.43,3023.2,-7994.2300000000005,2098.7704918032787,3540.0,1441.2295081967213,256050,201780,-54270,853.5,672.6,-180.89999999999998,2098.7704918032787,3736.6666666666665,1637.8961748633878,0.518287037037037,0.4796875,-0.03859953703703706,275435.75,75580.0,-199855.75,-1.1244687310261081,-150.75295075295074,-65,-18090.0,,-53.278688524590166,-21.195079086115992,0.3978153305394078
8,49,7d535bcd06f0897005805ba86c9e932ecc87d4d6c3175215693faf276097cf05,300,12,p_0.66_stores_20_uniform,factorial_cell,0.66,1.0,1.0,20,uniform,baseline,False,0.4236111111111111,0.2152777777777778,-0.20833333333333331,0.8173291648057167,0.46228408102398405,-0.35504508378173266,0.028588166373755126,0.01865222623345367,-0.009935940140301455,0.4066666666666667,0.19,-0.21666666666666667,0.5833333333333334,0.8,0.21666666666666667,0.01,0.01,0.0,57.17213114754098,56.771929824561404,-0.40020132297957645,0.7459016393442623,1.0701754385964912,0.3242737992522289,0.5317725752508361,0.5302013422818792,-0.0015712329689568927,7.442622950819672,8.543859649122806,1.1012366983031345,34.83606557377049,32.87719298245614,-1.9588725913143534,4254.32210988,2085.2165324,-2169.1055774800006,16707.43,7530.66,-9176.77,12613.619223453334,6440.196800933333,-6173.4224225200005,11017.43,3098.66,-7918.77,2098.7704918032787,3216.7741935483873,1118.0037017451086,256050,199440,-56610,853.5,664.8,-188.70000000000005,2098.7704918032787,3498.9473684210525,1400.1768766177738,0.518287037037037,0.46568287037037037,-0.052604166666666674,275435.75,77466.5,-197969.25,-0.3242737992522289,-43.47406978985926,-60,-11322.0,,-49.18032786885246,-22.10896309314587,0.44954891622729937
8,49,7d535bcd06f0897005805ba86c9e932ecc87d4d6c3175215693faf276097cf05,300,12,p_0.66_stores_20_nearest_restaurant,factorial_cell,0.66,1.0,1.0,20,nearest_restaurant,baseline,False,0.4236111111111111,0.2534722222222222,-0.1701388888888889,0.8173291648057167,0.5394753048404977,-0.27785385996521905,0.028588166373755126,0.022667287688247165,-0.00592087868550796,0.4066666666666667,0.19666666666666666,-0.21000000000000002,0.5833333333333334,0.7933333333333333,0.20999999999999996,0.01,0.01,0.0,57.17213114754098,57.42372881355932,0.2515976660183412,0.7459016393442623,1.2333333333333334,0.48743169398907105,0.5317725752508361,0.6466666666666666,0.11489409141583051,7.442622950819672,7.15,-0.2926229508196716,34.83606557377049,34.440677966101696,-0.39538760766879477,4254.32210988,2394.08566185,-1860.2364480300002,16707.43,8304.84,-8402.59,12613.619223453334,7527.75933815,-5085.859885303334,11017.43,4010.84,-7006.59,2098.7704918032787,2646.986301369863,548.2158095665845,256050,193230,-62820,853.5,644.1,-209.39999999999998,2098.7704918032787,3275.084745762712,1176.3142539594332,0.518287037037037,0.469849537037037,-0.04843750000000002,275435.75,100271.0,-175164.75,-0.48743169398907105,-65.34798534798534,-49,-4487.142857142857,,-40.16393442622951,-24.534270650263622,0.6108532692514616
8,49,7d535bcd06f0897005805ba86c9e932ecc87d4d6c3175215693faf276097cf05,300,12,p_0.66_stores_20_nearest_customer,factorial_cell,0.66,1.0,1.0,20,nearest_customer,baseline,False,0.4236111111111111,0.16319444444444445,-0.26041666666666663,0.8173291648057167,0.34875092752906256,-0.46857823727665415,0.028588166373755126,0.014609884986011812,-0.013978281387743314,0.4066666666666667,0.15333333333333332,-0.25333333333333335,0.5833333333333334,0.8366666666666667,0.2533333333333333,0.01,0.01,0.0,57.17213114754098,55.69565217391305,-1.476478973627934,0.7459016393442623,1.108695652173913,0.36279401282965074,0.5317725752508361,0.6375838926174496,0.10581131736661353,7.442622950819672,7.130434782608695,-0.3121881682109766,34.83606557377049,32.65217391304348,-2.1838916607270136,4254.32210988,1598.21819073,-2656.1039191500004,16707.43,5951.02,-10756.41,12613.619223453334,4865.968142603333,-7747.651080850001,11017.43,1661.6866666666667,-9355.743333333334,2098.7704918032787,4106.808510638298,2008.038018835019,256050,193020,-63030,853.5,643.4,-210.10000000000002,2098.7704918032787,4196.086956521739,2097.3164647184603,0.518287037037037,0.46793981481481484,-0.05034722222222221,275435.75,41542.166666666664,-233893.58333333334,-0.36279401282965074,-48.63831820353559,-75,-63030.0,,-61.47540983606557,-24.61628588166374,0.40042491700839683
9,50,9e0caad9f7d690ffbe59762e9d464b82ef8e581801e7370cb413fc8ef06039b2,300,12,p_0.22_stores_10_uniform,factorial_cell,0.22,1.0,1.0,10,uniform,baseline,False,0.4513888888888889,0.3784722222222222,-0.07291666666666669,0.8579914200857991,0.7428441617446616,-0.11514725834113748,0.030423589983618066,0.02705385951849094,-0.0033697304651271257,0.43333333333333335,0.36333333333333334,-0.07,0.5533333333333333,0.6266666666666667,0.07333333333333336,0.013333333333333334,0.01,-0.003333333333333334,55.86153846153846,56.45871559633027,0.5971771347918136,1.5681818181818181,1.6727272727272726,0.1045454545454545,0.5766666666666667,0.6,0.023333333333333317,7.696969696969697,6.7,-0.9969696969696971,33.43076923076923,34.68807339449541,1.2573041637261824,4418.83964304,3761.70140505,-657.1382379899997,17020.23,14795.44,-2224.789999999999,13231.88435696,11144.196928283332,-2087.687428676667,11322.896666666667,9423.44,-1899.456666666667,1972.1538461538462,2217.798165137615,245.6443189837687,256380,241740,-14640,854.6,805.8,-48.80000000000007,1972.1538461538462,2217.798165137615,245.6443189837687,0.526099537037037,0.5094907407407407,-0.016608796296296302,283072.4166666667,235586.0,-47486.416666666686,-0.1045454545454545,-6.666666666666663,-21,,,-16.153846153846153,-5.710273812309852,0.35349314076203847
9,50,9e0caad9f7d690ffbe59762e9d464b82ef8e581801e7370cb413fc8ef06039b2,300,12,p_0.22_stores_10_nearest_restaurant,factorial_cell,0.22,1.0,1.0,10,nearest_restaurant,baseline,False,0.4513888888888889,0.3715277777777778,-0.0798611111111111,0.8579914200857991,0.7353109609437636,-0.12268045914203551,0.030423589983618066,0.027174603174603174,-0.003248986809014892,0.43333333333333335,0.3466666666666667,-0.08666666666666667,0.5533333333333333,0.64,0.08666666666666667,0.013333333333333334,0.013333333333333334,0.0,55.86153846153846,53.74038461538461,-2.1211538461538453,1.5681818181818181,1.4476190476190476,-0.12056277056277054,0.5766666666666667,0.5833333333333334,0.00666666666666671,7.696969696969697,6.6571428571428575,-1.0398268398268398,33.43076923076923,32.47115384615385,-0.9596153846153825,4418.83964304,3614.51153325,-804.3281097899999,17020.23,13364.38,-3655.8500000000004,13231.88435696,11041.766800083333,-2190.1175568766666,11322.896666666667,8114.38,-3208.5166666666673,1972.1538461538462,2207.9439252336447,235.7900790797985,256380,236250,-20130,854.6,787.5,-67.10000000000002,1972.1538461538462,2271.6346153846152,299.48076923076906,0.526099537037037,0.5052662037037037,-0.02083333333333337,283072.4166666667,202859.5,-80212.91666666669,0.12056277056277054,7.688060731538991,-23,-6710.0,,-17.692307692307693,-7.851626491926048,0.44378758432625487
9,50,9e0caad9f7d690ffbe59762e9d464b82ef8e581801e7370cb413fc8ef06039b2,300,12,p_0.22_stores_10_nearest_customer,factorial_cell,0.22,1.0,1.0,10,nearest_customer,baseline,False,0.4513888888888889,0.3993055555555556,-0.052083333333333315,0.8579914200857991,0.7911029580371474,-0.06688846204865173,0.030423589983618066,0.029055078322385044,-0.0013685116612330225,0.43333333333333335,0.38,-0.053333333333333344,0.5533333333333333,0.61,0.05666666666666664,0.013333333333333334,0.01,-0.003333333333333334,55.86153846153846,53.75438596491228,-2.1071524966261777,1.5681818181818181,1.4,-0.1681818181818182,0.5766666666666667,0.53,-0.046666666666666634,7.696969696969697,7.0,-0.6969696969696972,33.43076923076923,32.23684210526316,-1.1939271255060717,4418.83964304,3880.82156795,-538.0180750899999,17020.23,14447.45,-2572.779999999999,13231.88435696,11816.77343205,-1415.110924909999,11322.896666666667,9170.116666666667,-2152.7800000000007,1972.1538461538462,2065.0434782608695,92.88963210702332,256380,237480,-18900,854.6,791.6,-63.0,1972.1538461538462,2083.157894736842,111.00404858299589,0.526099537037037,0.5047453703703704,-0.021354166666666674,283072.4166666667,229252.91666666666,-53819.50000000003,0.1681818181818182,10.724637681159424,-15,-18900.0,,-11.538461538461538,-7.371869880645916,0.6388953896559795
9,50,9e0caad9f7d690ffbe59762e9d464b82ef8e581801e7370cb413fc8ef06039b2,300,12,p_0.22_stores_15_uniform,factorial_cell,0.22,1.0,1.0,15,uniform,baseline,False,0.4513888888888889,0.3472222222222222,-0.10416666666666669,0.8579914200857991,0.6980802792321117,-0.1599111408536874,0.030423589983618066,0.025552574421873003,-0.004871015561745063,0.43333333333333335,0.3333333333333333,-0.10000000000000003,0.5533333333333333,0.6566666666666666,0.10333333333333328,0.013333333333333334,0.01,-0.003333333333333334,55.86153846153846,56.29,0.42846153846154067,1.5681818181818181,1.683168316831683,0.11498649864986499,0.5766666666666667,0.5633333333333334,-0.013333333333333308,7.696969696969697,7.98019801980198,0.28322832283228294,33.43076923076923,33.43,-0.000769230769229523,4418.83964304,3442.63130692,-976.2083361199998,17020.23,13086.77,-3933.459999999999,13231.88435696,10376.574026413333,-2855.3103305466666,11322.896666666667,7868.77,-3454.126666666667,1972.1538461538462,2348.1,375.9461538461537,256380,234810,-21570,854.6,782.7,-71.89999999999998,1972.1538461538462,2348.1,375.9461538461537,0.526099537037037,0.4973958333333333,-0.02870370370370373,283072.4166666667,196719.25,-86353.16666666669,-0.11498649864986499,-7.33247237767255,-30,,,-23.076923076923077,-8.41329276854669,0.36457601997035655
9,50,9e0caad9f7d690ffbe59762e9d464b82ef8e581801e7370cb413fc8ef06039b2,300,12,p_0.22_stores_15_nearest_restaurant,factorial_cell,0.22,1.0,1.0,15,nearest_restaurant,baseline,False,0.4513888888888889,0.375,-0.0763888888888889,0.8579914200857991,0.7426934097421204,-0.1152980103436787,0.030423589983618066,0.02705749718151071,-0.0033660928021073573,0.43333333333333335,0.3466666666666667,-0.08666666666666667,0.5533333333333333,0.64,0.08666666666666667,0.013333333333333334,0.013333333333333334,0.0,55.86153846153846,54.21153846153846,-1.6499999999999986,1.5681818181818181,1.1428571428571428,-0.4253246753246753,0.5766666666666667,0.5833333333333334,0.00666666666666671,7.696969696969697,7.904761904761905,0.20779220779220786,33.43076923076923,32.05769230769231,-1.3730769230769226,4418.83964304,3655.09889384,-763.7407491999998,17020.23,13211.89,-3808.34,13231.88435696,11284.211772826666,-1947.6725841333337,11322.896666666667,7889.89,-3433.006666666667,1972.1538461538462,2217.5,245.3461538461538,256380,239490,-16890,854.6,798.3,-56.30000000000007,1972.1538461538462,2302.7884615384614,330.63461538461524,0.526099537037037,0.5049189814814815,-0.021180555555555536,283072.4166666667,197247.25,-85825.16666666669,0.4253246753246753,27.122153209109733,-22,-4222.5,,-16.923076923076923,-6.587877369529604,0.38928366274493115
9,50,9e0caad9f7d690ffbe59762e9d464b82ef8e581801e7370cb413fc8ef06039b2,300,12,p_0.22_stores_15_nearest_customer,factorial_cell,0.22,1.0,1.0,15,nearest_customer,baseline,False,0.4513888888888889,0.3888888888888889,-0.0625,0.8579914200857991,0.777507809788268,-0.08048361029753115,0.030423589983618066,0.028448056896113794,-0.0019755330875042727,0.43333333333333335,0.37333333333333335,-0.06,0.5533333333333333,0.6166666666666667,0.06333333333333335,0.013333333333333334,0.01,-0.003333333333333334,55.86153846153846,53.794642857142854,-2.0668956043956044,1.5681818181818181,1.5803571428571428,0.012175324675324672,0.5766666666666667,0.5333333333333333,-0.043333333333333335,7.696969696969697,6.732142857142857,-0.9648268398268405,33.43076923076923,32.464285714285715,-0.9664835164835139,4418.83964304,3791.64872976,-627.1909132799997,17020.23,14244.13,-2776.1000000000004,13231.88435696,11494.880603573334,-1737.0037533866653,11322.896666666667,8994.796666666667,-2328.1000000000004,1972.1538461538462,2109.1071428571427,136.95329670329647,256380,236220,-20160,854.6,787.4,-67.20000000000005,1972.1538461538462,2109.1071428571427,136.95329670329647,0.526099537037037,0.5001736111111111,-0.025925925925925908,283072.4166666667,224869.91666666666,-58202.50000000003,-0.012175324675324672,-0.7763975155279501,-18,,,-13.846153846153847,-7.863327872688977,0.5679070130275372
9,50,9e0caad9f7d690ffbe59762e9d464b82ef8e581801e7370cb413fc8ef06039b2,300,12,p_0.22_stores_20_uniform,factorial_cell,0.22,1.0,1.0,20,uniform,baseline,False,0.4513888888888889,0.3263888888888889,-0.125,0.8579914200857991,0.6583401424069103,-0.1996512776788888,0.030423589983618066,0.024472793543348085,-0.0059507964402699814,0.43333333333333335,0.31,-0.12333333333333335,0.5533333333333333,0.68,0.1266666666666667,0.013333333333333334,0.01,-0.003333333333333334,55.86153846153846,54.903225806451616,-0.9583126550868428,1.5681818181818181,1.3191489361702127,-0.24903288201160545,0.5766666666666667,0.57,-0.00666666666666671,7.696969696969697,7.872340425531915,0.1753707285622177,33.43076923076923,32.623655913978496,-0.8071133167907334,4418.83964304,3192.52333448,-1226.31630856,17020.23,11933.32,-5086.91,13231.88435696,9702.071332186666,-3529.8130247733334,11322.896666666667,6811.986666666667,-4510.910000000001,1972.1538461538462,2451.7021276595747,479.5482815057285,256380,230460,-25920,854.6,768.2,-86.39999999999998,1972.1538461538462,2478.064516129032,505.910669975186,0.526099537037037,0.495775462962963,-0.03032407407407406,283072.4166666667,170299.66666666666,-112772.75000000003,0.24903288201160545,15.880357693493682,-36,-25920.0,,-27.692307692307693,-10.109992979171542,0.3650830798034168
9,50,9e0caad9f7d690ffbe59762e9d464b82ef8e581801e7370cb413fc8ef06039b2,300,12,p_0.22_stores_20_nearest_restaurant,factorial_cell,0.22,1.0,1.0,20,nearest_restaurant,baseline,False,0.4513888888888889,0.3784722222222222,-0.07291666666666669,0.8579914200857991,0.7544122736186412,-0.10357914646715793,0.030423589983618066,0.027647431832593532,-0.002776158151024534,0.43333333333333335,0.3566666666666667,-0.07666666666666666,0.5533333333333333,0.63,0.07666666666666666,0.013333333333333334,0.013333333333333334,0.0,55.86153846153846,53.67289719626168,-2.188641265276779,1.5681818181818181,1.1376146788990826,-0.4305671392827355,0.5766666666666667,0.5833333333333334,0.00666666666666671,7.696969696969697,7.5963302752293576,-0.10063942174033969,33.43076923076923,31.934579439252335,-1.496189791516894,4418.83964304,3726.61867968,-692.22096336,17020.23,13477.77,-3542.459999999999,13231.88435696,11502.12932032,-1729.7550366399992,11322.896666666667,8221.103333333333,-3101.793333333335,1972.1538461538462,2170.183486238532,198.02964008468598,256380,236550,-19830,854.6,788.5,-66.10000000000002,1972.1538461538462,2210.7476635514017,238.59381739755554,0.526099537037037,0.5016782407407407,-0.024421296296296302,283072.4166666667,205527.58333333334,-77544.83333333334,0.4305671392827355,27.456455258609218,-21,-9915.0,,-16.153846153846153,-7.7346126842967475,0.4788093566469415
9,50,9e0caad9f7d690ffbe59762e9d464b82ef8e581801e7370cb413fc8ef06039b2,300,12,p_0.22_stores_20_nearest_customer,factorial_cell,0.22,1.0,1.0,20,nearest_customer,baseline,False,0.4513888888888889,0.375,-0.0763888888888889,0.8579914200857991,0.7487866882366536,-0.10920473184914548,0.030423589983618066,0.027111836324839964,-0.003311753658778102,0.43333333333333335,0.36,-0.07333333333333336,0.5533333333333333,0.6266666666666667,0.07333333333333336,0.013333333333333334,0.013333333333333334,0.0,55.86153846153846,53.74074074074074,-2.120797720797718,1.5681818181818181,0.9724770642201835,-0.5957047539616346,0.5766666666666667,0.5633333333333334,-0.013333333333333308,7.696969696969697,7.6422018348623855,-0.05476786210731177,33.43076923076923,31.685185185185187,-1.7455840455840423,4418.83964304,3621.95736812,-796.8822749199999,17020.23,13411.3,-3608.9300000000003,13231.88435696,11056.921298546667,-2174.963058413332,11322.896666666667,8099.966666666666,-3222.930000000001,1972.1538461538462,2213.0555555555557,240.90170940170947,256380,239010,-17370,854.6,796.7,-57.89999999999998,1972.1538461538462,2213.0555555555557,240.90170940170947,0.526099537037037,0.5008101851851852,-0.025289351851851882,283072.4166666667,202499.16666666666,-80573.25000000003,0.5957047539616346,37.98696981784337,-22,,,-16.923076923076923,-6.775099461736485,0.4003467863753377
9,50,9e0caad9f7d690ffbe59762e9d464b82ef8e581801e7370cb413fc8ef06039b2,300,12,p_0.44_stores_10_uniform,factorial_cell,0.44,1.0,1.0,10,uniform,baseline,False,0.4513888888888889,0.3194444444444444,-0.13194444444444448,0.8579914200857991,0.6460674157303371,-0.211924004355462,0.030423589983618066,0.024751143395211193,-0.005672446588406873,0.43333333333333335,0.29333333333333333,-0.14,0.5533333333333333,0.6966666666666667,0.1433333333333333,0.013333333333333334,0.01,-0.003333333333333334,55.86153846153846,56.53409090909091,0.672552447552448,1.5681818181818181,1.4886363636363635,-0.07954545454545459,0.5766666666666667,0.5666666666666667,-0.010000000000000009,7.696969696969697,8.340909090909092,0.6439393939393945,33.43076923076923,33.44318181818182,0.01241258741259088,4418.83964304,3116.57376231,-1302.26588073,17020.23,11690.9,-5329.33,13231.88435696,9455.023904356667,-3776.8604526033323,11322.896666666667,6734.9,-4587.996666666668,1972.1538461538462,2424.1304347826085,451.97658862876233,256380,223020,-33360,854.6,743.4,-111.20000000000005,1972.1538461538462,2534.318181818182,562.1643356643358,0.526099537037037,0.49444444444444446,-0.03165509259259258,283072.4166666667,168372.5,-114699.91666666669,0.07954545454545459,5.072463768115945,-38,-8340.0,,-29.230769230769234,-13.01193540837819,0.44514515870767485
9,50,9e0caad9f7d690ffbe59762e9d464b82ef8e581801e7370cb413fc8ef06039b2,300,12,p_0.44_stores_10_nearest_restaurant,factorial_cell,0.44,1.0,1.0,10,nearest_restaurant,baseline,False,0.4513888888888889,0.3263888888888889,-0.125,0.8579914200857991,0.6590324842252863,-0.19895893586051283,0.030423589983618066,0.025066666666666668,-0.005356923316951399,0.43333333333333335,0.2966666666666667,-0.13666666666666666,0.5533333333333333,0.6933333333333334,0.14,0.013333333333333334,0.01,-0.003333333333333334,55.86153846153846,56.68539325842696,0.8238547968885044,1.5681818181818181,1.247191011235955,-0.3209908069458631,0.5766666666666667,0.56,-0.016666666666666607,7.696969696969697,8.146067415730338,0.4490977187606404,33.43076923076923,33.53932584269663,0.10855661192739774,4418.83964304,3185.61144549,-1233.22819755,17020.23,11839.48,-5180.75,13231.88435696,9707.690887843333,-3524.193469116666,11322.896666666667,6839.48,-4483.416666666668,1972.1538461538462,2393.6170212765956,421.46317512274936,256380,225000,-31380,854.6,750.0,-104.60000000000002,1972.1538461538462,2528.0898876404494,555.9360414866032,0.526099537037037,0.49525462962962963,-0.030844907407407418,283072.4166666667,170987.0,-112085.41666666669,0.3209908069458631,20.468978993649245,-36,-6276.0,,-27.692307692307693,-12.239644278024807,0.4419871544842291
9,50,9e0caad9f7d690ffbe59762e9d464b82ef8e581801e7370cb413fc8ef06039b2,300,12,p_0.44_stores_10_nearest_customer,factorial_cell,0.44,1.0,1.0,10,nearest_customer,baseline,False,0.4513888888888889,0.2604166666666667,-0.1909722222222222,0.8579914200857991,0.5376986497789462,-0.3202927703068529,0.030423589983618066,0.020508613617719443,-0.009914976365898623,0.43333333333333335,0.24666666666666667,-0.18666666666666668,0.5533333333333333,0.7433333333333333,0.18999999999999995,0.013333333333333334,0.01,-0.003333333333333334,55.86153846153846,55.2972972972973,-0.5642411642411602,1.5681818181818181,1.0675675675675675,-0.5006142506142506,0.5766666666666667,0.5466666666666666,-0.030000000000000027,7.696969696969697,7.22972972972973,-0.4672399672399674,33.43076923076923,33.891891891891895,0.46112266112266553,4418.83964304,2563.51871632,-1855.32092672,17020.23,9884.48,-7135.75,13231.88435696,7672.166617013333,-5559.717739946666,11322.896666666667,5008.48,-6314.416666666668,1972.1538461538462,2925.6,953.4461538461537,256380,219420,-36960,854.6,731.4,-123.20000000000005,1972.1538461538462,2965.135135135135,992.9812889812888,0.526099537037037,0.48431712962962964,-0.04178240740740741,283072.4166666667,125212.0,-157860.4166666667,0.5006142506142506,31.923227575401487,-55,-36960.0,,-42.30769230769231,-14.416101099929794,0.3407442078165224
9,50,9e0caad9f7d690ffbe59762e9d464b82ef8e581801e7370cb413fc8ef06039b2,300,12,p_0.44_stores_15_uniform,factorial_cell,0.44,1.0,1.0,15,uniform,baseline,True,0.4513888888888889,0.2847222222222222,-0.16666666666666669,0.8579914200857991,0.5834914611005693,-0.27449995898522983,0.030423589983618066,0.02197213290460879,-0.008451457079009277,0.43333333333333335,0.26666666666666666,-0.16666666666666669,0.5533333333333333,0.7233333333333334,0.17000000000000004,0.013333333333333334,0.01,-0.003333333333333334,55.86153846153846,54.5,-1.3615384615384585,1.5681818181818181,1.4,-0.1681818181818182,0.5766666666666667,0.5366666666666666,-0.040000000000000036,7.696969696969697,7.9875,0.2905303030303026,33.43076923076923,31.85,-1.5807692307692278,4418.83964304,2725.33715163,-1693.50249141,17020.23,10103.44,-6916.789999999999,13231.88435696,8315.019181703334,-4916.865175256666,11322.896666666667,5127.44,-6195.456666666668,1972.1538461538462,2730.731707317073,758.5778611632268,256380,223920,-32460,854.6,746.4,-108.20000000000005,1972.1538461538462,2799.0,826.8461538461538,0.526099537037037,0.487962962962963,-0.03813657407407406,283072.4166666667,128186.0,-154886.4166666667,0.1681818181818182,10.724637681159424,-48,-16230.0,,-36.92307692307693,-12.660893985490288,0.3428992121070286
9,50,9e0caad9f7d690ffbe59762e9d464b82ef8e581801e7370cb413fc8ef06039b2,300,12,p_0.44_stores_15_nearest_restaurant,factorial_cell,0.44,1.0,1.0,15,nearest_restaurant,baseline,False,0.4513888888888889,0.3298611111111111,-0.12152777777777779,0.8579914200857991,0.6696428571428571,-0.188348562942942,0.030423589983618066,0.025661804430037818,-0.004761785553580249,0.43333333333333335,0.29,-0.14333333333333337,0.5533333333333333,0.6966666666666667,0.1433333333333333,0.013333333333333334,0.013333333333333334,0.0,55.86153846153846,54.67816091954023,-1.183377541998226,1.5681818181818181,1.5568181818181819,-0.011363636363636243,0.5766666666666667,0.56,-0.016666666666666607,7.696969696969697,8.170454545454545,0.47348484848484773,33.43076923076923,32.04597701149425,-1.3847922192749778,4418.83964304,3198.92442382,-1219.91521922,17020.23,11139.59,-5880.639999999999,13231.88435696,10041.650909513333,-3190.233447446666,11322.896666666667,6203.59,-5119.306666666667,1972.1538461538462,2338.1052631578946,365.9514170040484,256380,222120,-34260,854.6,740.4,-114.20000000000005,1972.1538461538462,2553.103448275862,580.9496021220157,0.526099537037037,0.4925925925925926,-0.033506944444444464,283072.4166666667,155089.75,-127982.66666666669,0.011363636363636243,0.7246376811594126,-35,-4282.5,,-26.923076923076923,-13.36297683126609,0.49633913944702623
9,50,9e0caad9f7d690ffbe59762e9d464b82ef8e581801e7370cb413fc8ef06039b2,300,12,p_0.44_stores_15_nearest_customer,factorial_cell,0.44,1.0,1.0,15,nearest_customer,baseline,False,0.4513888888888889,0.2881944444444444,-0.16319444444444448,0.8579914200857991,0.5925044616299822,-0.26548695845581693,0.030423589983618066,0.022985322625311548,-0.007438267358306518,0.43333333333333335,0.27666666666666667,-0.15666666666666668,0.5533333333333333,0.7133333333333334,0.16000000000000003,0.013333333333333334,0.01,-0.003333333333333334,55.86153846153846,53.40963855421687,-2.4518999073215895,1.5681818181818181,1.1566265060240963,-0.4115553121577218,0.5766666666666667,0.54,-0.036666666666666625,7.696969696969697,6.831325301204819,-0.8656443957648783,33.43076923076923,31.91566265060241,-1.5151065801668189,4418.83964304,2782.97084577,-1635.86879727,17020.23,10396.69,-6623.539999999999,13231.88435696,8459.699487563334,-4772.184869396666,11322.896666666667,5582.0233333333335,-5740.873333333334,1972.1538461538462,2610.3614457831327,638.2075996292865,256380,216660,-39720,854.6,722.2,-132.39999999999998,1972.1538461538462,2610.3614457831327,638.2075996292865,0.526099537037037,0.48640046296296297,-0.03969907407407408,283072.4166666667,139550.58333333334,-143521.83333333334,0.4115553121577218,26.244106862231536,-47,,,-36.15384615384615,-15.492628130119353,0.4285195014713864
9,50,9e0caad9f7d690ffbe59762e9d464b82ef8e581801e7370cb413fc8ef06039b2,300,12,p_0.44_stores_20_uniform,factorial_cell,0.44,1.0,1.0,20,uniform,baseline,False,0.4513888888888889,0.2916666666666667,-0.1597222222222222,0.8579914200857991,0.5960969840331165,-0.2618944360526826,0.030423589983618066,0.022556390977443608,-0.007867199006174459,0.43333333333333335,0.2733333333333333,-0.16000000000000003,0.5533333333333333,0.7133333333333334,0.16000000000000003,0.013333333333333334,0.013333333333333334,0.0,55.86153846153846,54.8780487804878,-0.9834896810506564,1.5681818181818181,1.3012048192771084,-0.2669769989047097,0.5766666666666667,0.55,-0.026666666666666616,7.696969696969697,7.0602409638554215,-0.6367287331142757,33.43076923076923,33.573170731707314,0.14240150093808523,4418.83964304,2868.58268306,-1550.25695998,17020.23,10877.62,-6142.609999999999,13231.88435696,8656.869983606666,-4575.014373353333,11322.896666666667,5912.286666666667,-5410.610000000001,1972.1538461538462,2660.0,687.8461538461538,256380,223440,-32940,854.6,744.8,-109.80000000000007,1972.1538461538462,2724.878048780488,752.7242026266417,0.526099537037037,0.48929398148148145,-0.03680555555555559,283072.4166666667,147807.16666666666,-135265.25000000003,0.2669769989047097,17.024620220010476,-46,-16470.0,,-35.38461538461539,-12.848116077697169,0.36309893263057214
9,50,9e0caad9f7d690ffbe59762e9d464b82ef8e581801e7370cb413fc8ef06039b2,300,12,p_0.44_stores_20_nearest_restaurant,factorial_cell,0.44,1.0,1.0,20,nearest_restaurant,baseline,False,0.4513888888888889,0.3090277777777778,-0.1423611111111111,0.8579914200857991,0.6342796056538782,-0.2237118144319209,0.030423589983618066,0.024188069031118357,-0.006235520952499709,0.43333333333333335,0.26666666666666666,-0.16666666666666669,0.5533333333333333,0.7233333333333334,0.17000000000000004,0.013333333333333334,0.01,-0.003333333333333334,55.86153846153846,56.275,0.4134615384615401,1.5681818181818181,1.475,-0.09318181818181803,0.5766666666666667,0.5666666666666667,-0.010000000000000009,7.696969696969697,7.7375,0.040530303030302584,33.43076923076923,33.9375,0.5067307692307708,4418.83964304,2967.06820305,-1451.7714399899996,17020.23,10826.79,-6193.439999999999,13231.88435696,9120.19679695,-4111.687560009999,11322.896666666667,5920.79,-5402.1066666666675,1972.1538461538462,2480.561797752809,508.4079515989629,256380,220770,-35610,854.6,735.9,-118.70000000000005,1972.1538461538462,2759.625,787.4711538461538,0.526099537037037,0.48721064814814813,-0.03888888888888892,283072.4166666667,148019.75,-135052.6666666667,0.09318181818181803,5.942028985507237,-41,-3956.6666666666665,,-31.538461538461537,-13.889538965597941,0.44040001598237377
9,50,9e0caad9f7d690ffbe59762e9d464b82ef8e581801e7370cb413fc8ef06039b2,300,12,p_0.44_stores_20_nearest_customer,factorial_cell,0.44,1.0,1.0,20,nearest_customer,baseline,False,0.4513888888888889,0.2638888888888889,-0.1875,0.8579914200857991,0.5590290547995587,-0.29896236528624043,0.030423589983618066,0.021378340365682136,-0.00904524961793593,0.43333333333333335,0.25,-0.18333333333333335,0.5533333333333333,0.74,0.18666666666666665,0.013333333333333334,0.01,-0.003333333333333334,55.86153846153846,53.013333333333335,-2.848205128205123,1.5681818181818181,1.32,-0.24818181818181806,0.5766666666666667,0.54,-0.036666666666666625,7.696969696969697,6.626666666666667,-1.0703030303030303,33.43076923076923,32.266666666666666,-1.1641025641025635,4418.83964304,2553.83728102,-1865.00236202,17020.23,9563.86,-7456.369999999999,13231.88435696,7754.10471898,-5477.779637979999,11322.896666666667,4823.86,-6499.036666666668,1972.1538461538462,2806.5789473684213,834.4251012145751,256380,213300,-43080,854.6,711.0,-143.60000000000002,1972.1538461538462,2844.0,871.8461538461538,0.526099537037037,0.4720486111111111,-0.05405092592592592,283072.4166666667,120596.5,-162475.9166666667,0.24818181818181806,15.826086956521731,-54,-43080.0,,-41.53846153846154,-16.803182775567514,0.4045210668192179
9,50,9e0caad9f7d690ffbe59762e9d464b82ef8e581801e7370cb413fc8ef06039b2,300,12,p_0.66_stores_10_uniform,factorial_cell,0.66,1.0,1.0,10,uniform,baseline,False,0.4513888888888889,0.1875,-0.2638888888888889,0.8579914200857991,0.4100227790432802,-0.4479686410425189,0.030423589983618066,0.016403402187120292,-0.014020187796497774,0.43333333333333335,0.17333333333333334,-0.26,0.5533333333333333,0.8166666666666667,0.2633333333333333,0.013333333333333334,0.01,-0.003333333333333334,55.86153846153846,55.17307692307692,-0.6884615384615387,1.5681818181818181,1.8269230769230769,0.25874125874125875,0.5766666666666667,0.56,-0.016666666666666607,7.696969696969697,7.211538461538462,-0.48543123543123556,33.43076923076923,33.30769230769231,-0.12307692307692264,4418.83964304,1852.53642092,-2566.30322212,17020.23,6815.13,-10205.099999999999,13231.88435696,5672.708912413334,-7559.175444546666,11322.896666666667,2425.7966666666666,-8897.1,1972.1538461538462,3657.777777777778,1685.6239316239316,256380,197520,-58860,854.6,658.4,-196.20000000000005,1972.1538461538462,3798.4615384615386,1826.3076923076924,0.526099537037037,0.45729166666666665,-0.0688078703703704,283072.4166666667,60644.916666666664,-222427.50000000003,-0.25874125874125875,-16.49944258639911,-76,-29430.0,,-58.46153846153847,-22.95810905686871,0.3927044970253858
9,50,9e0caad9f7d690ffbe59762e9d464b82ef8e581801e7370cb413fc8ef06039b2,300,12,p_0.66_stores_10_nearest_restaurant,factorial_cell,0.66,1.0,1.0,10,nearest_restaurant,baseline,False,0.4513888888888889,0.22916666666666666,-0.22222222222222224,0.8579914200857991,0.505811725635458,-0.35217969445034114,0.030423589983618066,0.02096902303415409,-0.009454566949463977,0.43333333333333335,0.17666666666666667,-0.2566666666666667,0.5533333333333333,0.8133333333333334,0.26,0.013333333333333334,0.01,-0.003333333333333334,55.86153846153846,54.62264150943396,-1.238896952104497,1.5681818181818181,1.320754716981132,-0.24742710120068612,0.5766666666666667,0.5766666666666667,0.0,7.696969696969697,8.528301886792454,0.8313321898227564,33.43076923076923,32.15094339622642,-1.2798258345428124,4418.83964304,2216.59454249,-2202.2451005499997,17020.23,7147.48,-9872.75,13231.88435696,7181.741124176667,-6050.143232783333,11322.896666666667,2950.8133333333335,-8372.083333333334,1972.1538461538462,2861.3636363636365,889.2097902097903,256380,188850,-67530,854.6,629.5,-225.10000000000002,1972.1538461538462,3563.2075471698113,1591.053701015965,0.526099537037037,0.45306712962962964,-0.07303240740740741,283072.4166666667,73770.33333333333,-209302.08333333337,0.24742710120068612,15.777960076565492,-64,-5194.615384615385,,-49.23076923076923,-26.339808097355487,0.5350273519775333
9,50,9e0caad9f7d690ffbe59762e9d464b82ef8e581801e7370cb413fc8ef06039b2,300,12,p_0.66_stores_10_nearest_customer,factorial_cell,0.66,1.0,1.0,10,nearest_customer,baseline,False,0.4513888888888889,0.17708333333333334,-0.2743055555555556,0.8579914200857991,0.38495408227449995,-0.47303733781129914,0.030423589983618066,0.015743170242321344,-0.014680419741296722,0.43333333333333335,0.16333333333333333,-0.27,0.5533333333333333,0.8266666666666667,0.2733333333333333,0.013333333333333334,0.01,-0.003333333333333334,55.86153846153846,55.97959183673469,0.11805337519623293,1.5681818181818181,0.16326530612244897,-1.4049165120593692,0.5766666666666667,0.5633333333333334,-0.013333333333333308,7.696969696969697,10.346938775510203,2.649969078540506,33.43076923076923,32.224489795918366,-1.2062794348508632,4418.83964304,1716.73498914,-2702.1046539,17020.23,6318.56,-10701.669999999998,13231.88435696,5255.685677526667,-7976.1986794333325,11322.896666666667,1999.2266666666667,-9323.67,1972.1538461538462,3811.176470588235,1839.022624434389,256380,194370,-62010,854.6,647.9,-206.70000000000005,1972.1538461538462,3966.734693877551,1994.5808477237047,0.526099537037037,0.46001157407407406,-0.06608796296296299,283072.4166666667,49980.666666666664,-233091.75000000003,1.4049165120593692,89.58887902987283,-79,-31005.0,,-60.76923076923077,-24.186754036976364,0.3980098765578389
9,50,9e0caad9f7d690ffbe59762e9d464b82ef8e581801e7370cb413fc8ef06039b2,300,12,p_0.66_stores_15_uniform,factorial_cell,0.66,1.0,1.0,15,uniform,baseline,False,0.4513888888888889,0.20833333333333334,-0.24305555555555555,0.8579914200857991,0.45824847250509165,-0.39974294758070744,0.030423589983618066,0.01853854472423915,-0.011885045259378918,0.43333333333333335,0.18666666666666668,-0.24666666666666667,0.5533333333333333,0.8033333333333333,0.25,0.013333333333333334,0.01,-0.003333333333333334,55.86153846153846,54.0,-1.8615384615384585,1.5681818181818181,0.5714285714285714,-0.9967532467532467,0.5766666666666667,0.6,0.023333333333333317,7.696969696969697,8.5,0.8030303030303028,33.43076923076923,31.946428571428573,-1.4843406593406563,4418.83964304,1969.81080305,-2449.02883999,17020.23,7174.85,-9845.38,13231.88435696,6059.89419695,-7171.990160009999,11322.896666666667,2859.516666666667,-8463.380000000001,1972.1538461538462,3236.5,1264.3461538461538,256380,194190,-62190,854.6,647.3,-207.30000000000007,1972.1538461538462,3467.6785714285716,1495.5247252747254,0.526099537037037,0.4546296296296296,-0.07146990740740744,283072.4166666667,71487.91666666667,-211584.5,0.9967532467532467,63.56107660455487,-70,-15547.5,,-53.84615384615385,-24.256962321553942,0.4504864431145732
9,50,9e0caad9f7d690ffbe59762e9d464b82ef8e581801e7370cb413fc8ef06039b2,300,12,p_0.66_stores_15_nearest_restaurant,factorial_cell,0.66,1.0,1.0,15,nearest_restaurant,baseline,False,0.4513888888888889,0.2638888888888889,-0.1875,0.8579914200857991,0.5571847507331378,-0.3008066693526613,0.030423589983618066,0.022157434402332362,-0.008266155581285704,0.43333333333333335,0.20666666666666667,-0.22666666666666668,0.5533333333333333,0.7833333333333333,0.22999999999999998,0.013333333333333334,0.01,-0.003333333333333334,55.86153846153846,58.903225806451616,3.041687344913157,1.5681818181818181,1.0806451612903225,-0.4875366568914956,0.5766666666666667,0.5666666666666667,-0.010000000000000009,7.696969696969697,10.419354838709678,2.7223851417399807,33.43076923076923,34.306451612903224,0.875682382133995,4418.83964304,2654.09870306,-1764.74093998,17020.23,8824.87,-8195.359999999999,13231.88435696,8494.853963606667,-4737.030393353332,11322.896666666667,4251.536666666667,-7071.360000000001,1972.1538461538462,2707.8947368421054,735.7408906882592,256380,205800,-50580,854.6,686.0,-168.60000000000002,1972.1538461538462,3319.3548387096776,1347.2009925558314,0.526099537037037,0.4736111111111111,-0.05248842592592595,283072.4166666667,106288.41666666667,-176784.0,0.4875366568914956,31.0892940626461,-54,-3612.8571428571427,,-41.53846153846154,-19.728527966300025,0.47494604363314874
9,50,9e0caad9f7d690ffbe59762e9d464b82ef8e581801e7370cb413fc8ef06039b2,300,12,p_0.66_stores_15_nearest_customer,factorial_cell,0.66,1.0,1.0,15,nearest_customer,baseline,False,0.4513888888888889,0.1840277777777778,-0.2673611111111111,0.8579914200857991,0.39167385145953937,-0.4663175686262597,0.030423589983618066,0.016082536792595963,-0.014341053191022104,0.43333333333333335,0.17666666666666667,-0.2566666666666667,0.5533333333333333,0.8133333333333334,0.26,0.013333333333333334,0.01,-0.003333333333333334,55.86153846153846,56.18867924528302,0.3271407837445608,1.5681818181818181,0.8490566037735849,-0.7191252144082332,0.5766666666666667,0.59,0.013333333333333308,7.696969696969697,8.88679245283019,1.189822755860492,33.43076923076923,32.45283018867924,-0.9779390420899858,4418.83964304,1777.75447379,-2641.08516925,17020.23,6748.66,-10271.57,13231.88435696,5362.031192876667,-7869.853164083333,11322.896666666667,2354.66,-8968.236666666668,1972.1538461538462,3730.754716981132,1758.6008708272857,256380,197730,-58650,854.6,659.1,-195.5,1972.1538461538462,3730.754716981132,1758.6008708272857,0.526099537037037,0.469849537037037,-0.05625000000000002,283072.4166666667,58866.5,-224205.9166666667,0.7191252144082332,45.85726004922066,-77,,,-59.23076923076923,-22.8761993915282,0.3862215481686579
9,50,9e0caad9f7d690ffbe59762e9d464b82ef8e581801e7370cb413fc8ef06039b2,300,12,p_0.66_stores_20_uniform,factorial_cell,0.66,1.0,1.0,20,uniform,baseline,False,0.4513888888888889,0.19791666666666666,-0.2534722222222222,0.8579914200857991,0.4320363820111167,-0.4259550380746824,0.030423589983618066,0.017391304347826087,-0.01303228563579198,0.43333333333333335,0.17666666666666667,-0.2566666666666667,0.5533333333333333,0.8133333333333334,0.26,0.013333333333333334,0.01,-0.003333333333333334,55.86153846153846,55.56603773584906,-0.29550072568940067,1.5681818181818181,1.150943396226415,-0.41723842195540306,0.5766666666666667,0.5866666666666667,0.010000000000000009,7.696969696969697,9.433962264150944,1.7369925671812467,33.43076923076923,31.79245283018868,-1.6383164005805497,4418.83964304,1883.137889,-2535.7017540399997,17020.23,6791.67,-10228.56,13231.88435696,5819.675444333333,-7412.2089126266665,11322.896666666667,2421.67,-8901.226666666667,1972.1538461538462,3450.0,1477.8461538461538,256380,196650,-59730,854.6,655.5,-199.10000000000002,1972.1538461538462,3710.377358490566,1738.22351233672,0.526099537037037,0.45810185185185187,-0.06799768518518517,283072.4166666667,60541.75,-222530.6666666667,0.41723842195540306,26.606508066721357,-73,-14932.5,,-56.15384615384615,-23.29744909899368,0.41488607984509296
9,50,9e0caad9f7d690ffbe59762e9d464b82ef8e581801e7370cb413fc8ef06039b2,300,12,p_0.66_stores_20_nearest_restaurant,factorial_cell,0.66,1.0,1.0,20,nearest_restaurant,baseline,False,0.4513888888888889,0.2881944444444444,-0.16319444444444448,0.8579914200857991,0.6093233818671234,-0.24866803821867567,0.030423589983618066,0.024131414449774676,-0.00629217553384339,0.43333333333333335,0.21,-0.22333333333333336,0.5533333333333333,0.7766666666666666,0.22333333333333327,0.013333333333333334,0.013333333333333334,0.0,55.86153846153846,56.23809523809524,0.3765567765567823,1.5681818181818181,1.09375,-0.4744318181818181,0.5766666666666667,0.57,-0.00666666666666671,7.696969696969697,9.6875,1.9905303030303028,33.43076923076923,32.55555555555556,-0.8752136752136721,4418.83964304,2819.73772422,-1599.1019188199998,17020.23,8672.38,-8347.85,13231.88435696,9300.337609113334,-3931.5467478466653,11322.896666666667,4086.38,-7236.516666666667,1972.1538461538462,2486.385542168675,514.2316960148287,256380,206370,-50010,854.6,687.9,-166.70000000000005,1972.1538461538462,3275.714285714286,1303.5604395604396,0.526099537037037,0.472974537037037,-0.05312500000000003,283072.4166666667,102159.5,-180912.9166666667,0.4744318181818181,30.253623188405793,-47,-2500.5,,-36.15384615384615,-19.506201731804353,0.5395332393903332
9,50,9e0caad9f7d690ffbe59762e9d464b82ef8e581801e7370cb413fc8ef06039b2,300,12,p_0.66_stores_20_nearest_customer,factorial_cell,0.66,1.0,1.0,20,nearest_customer,baseline,False,0.4513888888888889,0.17708333333333334,-0.2743055555555556,0.8579914200857991,0.3805970149253731,-0.47739440516042597,0.030423589983618066,0.015475648611743286,-0.01494794137187478,0.43333333333333335,0.16666666666666666,-0.2666666666666667,0.5533333333333333,0.8233333333333334,0.27,0.013333333333333334,0.01,-0.003333333333333334,55.86153846153846,55.84,-0.021538461538455067,1.5681818181818181,0.54,-1.028181818181818,0.5766666666666667,0.59,0.013333333333333308,7.696969696969697,7.52,-0.17696969696969767,33.43076923076923,33.62,0.1892307692307682,4418.83964304,1738.76153389,-2680.07810915,17020.23,6654.82,-10365.41,13231.88435696,5223.20746611,-8008.67689085,11322.896666666667,2260.82,-9062.076666666668,1972.1538461538462,3877.0588235294117,1904.9049773755655,256380,197730,-58650,854.6,659.1,-195.5,1972.1538461538462,3954.6,1982.4461538461537,0.526099537037037,0.4652777777777778,-0.060821759259259256,283072.4166666667,56520.5,-226551.9166666667,1.028181818181818,65.56521739130434,-79,-58650.0,,-60.76923076923077,-22.8761993915282,0.37644378745552737
10,51,a99959aeee3f2d8b468078796b52356c0c4f7dc42100959012a3b7d989af6f39,300,12,p_0.22_stores_10_uniform,factorial_cell,0.22,1.0,1.0,10,uniform,baseline,False,0.4409722222222222,0.3715277777777778,-0.06944444444444442,0.8522536629012414,0.7402282947077136,-0.11202536819352782,0.030073407530191807,0.027481700269680238,-0.0025917072605115693,0.42333333333333334,0.3566666666666667,-0.06666666666666665,0.5633333333333334,0.6333333333333333,0.06999999999999995,0.013333333333333334,0.01,-0.003333333333333334,54.74015748031496,54.57943925233645,-0.16071822797851354,1.2421875,1.2314814814814814,-0.0107060185185186,0.7733333333333333,0.8,0.026666666666666727,7.5546875,8.462962962962964,0.9082754629629637,32.40944881889764,31.869158878504674,-0.5402899403929631,4217.4075653,3532.45785083,-684.9497144699999,16148.3,13376.11,-2772.1899999999987,12666.3224347,10667.731815836667,-1998.5906188633326,10517.633333333333,8184.776666666667,-2332.8566666666666,1995.1181102362204,2183.271028037383,188.15291780116263,253380,233610,-19770,844.6,778.7,-65.89999999999998,1995.1181102362204,2183.271028037383,188.15291780116263,0.5174189814814815,0.5019097222222222,-0.015509259259259278,262940.8333333333,204619.41666666666,-58321.41666666666,0.0107060185185186,0.8618681574656484,-20,,,-15.748031496062993,-7.80251006393559,0.49545938905990994
10,51,a99959aeee3f2d8b468078796b52356c0c4f7dc42100959012a3b7d989af6f39,300,12,p_0.22_stores_10_nearest_restaurant,factorial_cell,0.22,1.0,1.0,10,nearest_restaurant,baseline,False,0.4409722222222222,0.3576388888888889,-0.08333333333333331,0.8522536629012414,0.7223001402524545,-0.1299535226487869,0.030073407530191807,0.02651222651222651,-0.003561181017965296,0.42333333333333334,0.3333333333333333,-0.09000000000000002,0.5633333333333334,0.65,0.08666666666666667,0.013333333333333334,0.016666666666666666,0.0033333333333333322,54.74015748031496,55.28,0.5398425196850383,1.2421875,0.9215686274509803,-0.32061887254901966,0.7733333333333333,0.8160535117056856,0.04272017837235231,7.5546875,7.745098039215686,0.1904105392156863,32.40944881889764,32.52,0.11055118110236606,4217.4075653,3453.75375951,-763.6538057900002,16148.3,12813.07,-3335.2299999999996,12666.3224347,10533.810573823333,-2132.511860876666,10517.633333333333,7633.07,-2884.5633333333335,1995.1181102362204,2263.106796116505,267.9886858802845,253380,233100,-20280,844.6,777.0,-67.60000000000002,1995.1181102362204,2331.0,335.88188976377955,0.5174189814814815,0.4951388888888889,-0.02228009259259256,262940.8333333333,190826.75,-72114.08333333331,0.32061887254901966,25.81082747564435,-24,-6760.0,,-18.89763779527559,-8.003788775751836,0.423533822716868
10,51,a99959aeee3f2d8b468078796b52356c0c4f7dc42100959012a3b7d989af6f39,300,12,p_0.22_stores_10_nearest_customer,factorial_cell,0.22,1.0,1.0,10,nearest_customer,baseline,False,0.4409722222222222,0.3298611111111111,-0.1111111111111111,0.8522536629012414,0.6617134896679824,-0.190540173233259,0.030073407530191807,0.024105556965237248,-0.005967850564954559,0.42333333333333334,0.31666666666666665,-0.10666666666666669,0.5633333333333334,0.67,0.10666666666666669,0.013333333333333334,0.013333333333333334,0.0,54.74015748031496,56.65263157894737,1.9124740986324085,1.2421875,0.8541666666666666,-0.38802083333333337,0.7733333333333333,0.8233333333333334,0.050000000000000044,7.5546875,8.40625,0.8515625,32.40944881889764,33.23157894736842,0.822130128470782,4217.4075653,3183.13928342,-1034.26828188,16148.3,12375.15,-3773.1499999999996,12666.3224347,9486.836049913334,-3179.4863847866654,10517.633333333333,7120.483333333334,-3397.1499999999996,1995.1181102362204,2489.0526315789475,493.93452134272707,253380,236460,-16920,844.6,788.2,-56.39999999999998,1995.1181102362204,2489.0526315789475,493.93452134272707,0.5174189814814815,0.4984953703703704,-0.01892361111111107,262940.8333333333,178012.08333333334,-84928.74999999997,0.38802083333333337,31.236897274633122,-32,,,-25.196850393700785,-6.67771726260952,0.26502190385981533
10,51,a99959aeee3f2d8b468078796b52356c0c4f7dc42100959012a3b7d989af6f39,300,12,p_0.22_stores_15_uniform,factorial_cell,0.22,1.0,1.0,15,uniform,baseline,False,0.4409722222222222,0.3541666666666667,-0.08680555555555552,0.8522536629012414,0.7157057654075546,-0.1365478974936868,0.030073407530191807,0.02591792656587473,-0.004155480964317077,0.42333333333333334,0.3333333333333333,-0.09000000000000002,0.5633333333333334,0.6533333333333333,0.08999999999999997,0.013333333333333334,0.013333333333333334,0.0,54.74015748031496,54.61,-0.13015748031496344,1.2421875,1.0294117647058822,-0.21277573529411775,0.7733333333333333,0.85,0.07666666666666666,7.5546875,8.0,0.4453125,32.40944881889764,32.18,-0.22944881889763735,4217.4075653,3395.52547657,-821.8820887299999,16148.3,12652.76,-3495.539999999999,12666.3224347,10334.404856763333,-2331.917577936667,10517.633333333333,7405.426666666666,-3112.206666666667,1995.1181102362204,2315.0,319.88188976377955,253380,236130,-17250,844.6,787.1,-57.5,1995.1181102362204,2361.3,366.18188976377974,0.5174189814814815,0.49484953703703705,-0.02256944444444442,262940.8333333333,185135.66666666666,-77805.16666666666,0.21277573529411775,17.12911579726231,-25,-8625.0,,-19.68503937007874,-6.807956429078854,0.3458441865972058
10,51,a99959aeee3f2d8b468078796b52356c0c4f7dc42100959012a3b7d989af6f39,300,12,p_0.22_stores_15_nearest_restaurant,factorial_cell,0.22,1.0,1.0,15,nearest_restaurant,baseline,False,0.4409722222222222,0.3576388888888889,-0.08333333333333331,0.8522536629012414,0.7347521103317085,-0.11750155256953287,0.030073407530191807,0.027328203767577608,-0.002745203762614199,0.42333333333333334,0.33,-0.09333333333333332,0.5633333333333334,0.6533333333333333,0.08999999999999997,0.013333333333333334,0.016666666666666666,0.0033333333333333322,54.74015748031496,52.696969696969695,-2.0431877833452674,1.2421875,1.4851485148514851,0.24296101485148514,0.7733333333333333,0.8033333333333333,0.030000000000000027,7.5546875,7.118811881188119,-0.4358756188118811,32.40944881889764,31.373737373737374,-1.0357114451602634,4217.4075653,3415.20403308,-802.2035322199999,16148.3,12273.49,-3874.8099999999995,12666.3224347,10571.497300253333,-2094.825134446666,10517.633333333333,7248.156666666667,-3269.4766666666665,1995.1181102362204,2195.5339805825242,200.4158703463038,253380,226140,-27240,844.6,753.8,-90.80000000000007,1995.1181102362204,2284.242424242424,289.1243140062036,0.5174189814814815,0.4867476851851852,-0.03067129629629628,262940.8333333333,181203.91666666666,-81736.91666666666,-0.24296101485148514,-19.559125723893143,-24,-6810.0,,-18.89763779527559,-10.750651195832345,0.5688886257794616
10,51,a99959aeee3f2d8b468078796b52356c0c4f7dc42100959012a3b7d989af6f39,300,12,p_0.22_stores_15_nearest_customer,factorial_cell,0.22,1.0,1.0,15,nearest_customer,baseline,False,0.4409722222222222,0.3402777777777778,-0.10069444444444442,0.8522536629012414,0.6743892648239477,-0.1778643980772937,0.030073407530191807,0.02481012658227848,-0.005263280947913326,0.42333333333333334,0.32666666666666666,-0.09666666666666668,0.5633333333333334,0.66,0.09666666666666668,0.013333333333333334,0.013333333333333334,0.0,54.74015748031496,56.88775510204081,2.1475976217258506,1.2421875,1.0909090909090908,-0.15127840909090917,0.7733333333333333,0.8133333333333334,0.040000000000000036,7.5546875,8.292929292929292,0.7382417929292924,32.40944881889764,33.62244897959184,1.2130001606942002,4217.4075653,3293.89780306,-923.5097622399999,16148.3,12887.36,-3260.9399999999987,12666.3224347,9784.981530273333,-2881.3409044266664,10517.633333333333,7620.693333333334,-2896.9399999999996,1995.1181102362204,2418.3673469387754,423.249236702555,253380,237000,-16380,844.6,790.0,-54.60000000000002,1995.1181102362204,2418.3673469387754,423.249236702555,0.5174189814814815,0.5045717592592592,-0.012847222222222232,262940.8333333333,190517.33333333334,-72423.49999999997,0.15127840909090917,12.17838765008577,-29,,,-22.83464566929134,-6.46459862656879,0.2831048364049091
10,51,a99959aeee3f2d8b468078796b52356c0c4f7dc42100959012a3b7d989af6f39,300,12,p_0.22_stores_20_uniform,factorial_cell,0.22,1.0,1.0,20,uniform,baseline,False,0.4409722222222222,0.3819444444444444,-0.05902777777777779,0.8522536629012414,0.7760141093474426,-0.07623955355379874,0.030073407530191807,0.028208744710860368,-0.001864662819331439,0.42333333333333334,0.36666666666666664,-0.0566666666666667,0.5633333333333334,0.6166666666666667,0.053333333333333344,0.013333333333333334,0.016666666666666666,0.0033333333333333322,54.74015748031496,53.69090909090909,-1.049248389405875,1.2421875,1.0714285714285714,-0.1707589285714286,0.7733333333333333,0.7558528428093646,-0.017480490523968717,7.5546875,7.794642857142857,0.23995535714285676,32.40944881889764,31.40909090909091,-1.000357909806727,4217.4075653,3603.97276286,-613.4348024400001,16148.3,13567.7,-2580.5999999999985,12666.3224347,10914.71323714,-1751.6091975599993,10517.633333333333,8368.366666666667,-2149.2666666666664,1995.1181102362204,2127.0,131.88188976377955,253380,233970,-19410,844.6,779.9,-64.70000000000005,1995.1181102362204,2127.0,131.88188976377955,0.5174189814814815,0.4921875,-0.025231481481481466,262940.8333333333,209209.16666666666,-53731.66666666666,0.1707589285714286,13.746630727762806,-17,,,-13.385826771653544,-7.6604309732417715,0.5722792550598265
10,51,a99959aeee3f2d8b468078796b52356c0c4f7dc42100959012a3b7d989af6f39,300,12,p_0.22_stores_20_nearest_restaurant,factorial_cell,0.22,1.0,1.0,20,nearest_restaurant,baseline,False,0.4409722222222222,0.3819444444444444,-0.05902777777777779,0.8522536629012414,0.7773851590106007,-0.0748685038906407,0.030073407530191807,0.02838709677419355,-0.001686310755998257,0.42333333333333334,0.3466666666666667,-0.07666666666666666,0.5633333333333334,0.6366666666666667,0.07333333333333336,0.013333333333333334,0.016666666666666666,0.0033333333333333322,54.74015748031496,52.79807692307692,-1.942080557238043,1.2421875,0.6542056074766355,-0.5879818925233645,0.7733333333333333,0.79,0.01666666666666672,7.5546875,9.383177570093459,1.8284900700934585,32.40944881889764,29.028846153846153,-3.3806026650514838,4217.4075653,3469.30529039,-748.1022749099998,16148.3,12015.43,-4132.869999999999,12666.3224347,10916.120376276667,-1750.2020584233323,10517.633333333333,6848.763333333333,-3668.87,1995.1181102362204,2113.6363636363635,118.51825340014307,253380,232500,-20880,844.6,775.0,-69.60000000000002,1995.1181102362204,2235.576923076923,240.45881284070242,0.5174189814814815,0.4913194444444444,-0.026099537037037046,262940.8333333333,171219.08333333334,-91721.74999999997,0.5879818925233645,47.33439134779287,-17,-3480.0,,-13.385826771653544,-8.240587260241535,0.6156203423827499
10,51,a99959aeee3f2d8b468078796b52356c0c4f7dc42100959012a3b7d989af6f39,300,12,p_0.22_stores_20_nearest_customer,factorial_cell,0.22,1.0,1.0,20,nearest_customer,baseline,False,0.4409722222222222,0.34375,-0.09722222222222221,0.8522536629012414,0.6804123711340206,-0.17184129176722074,0.030073407530191807,0.02504110282028582,-0.005032304709905986,0.42333333333333334,0.33,-0.09333333333333332,0.5633333333333334,0.6566666666666666,0.09333333333333327,0.013333333333333334,0.013333333333333334,0.0,54.74015748031496,55.76767676767677,1.0275192873618053,1.2421875,1.24,-0.002187500000000009,0.7733333333333333,0.86,0.08666666666666667,7.5546875,8.69,1.1353124999999995,32.40944881889764,32.292929292929294,-0.11651952596834292,4217.4075653,3280.91580819,-936.49175711,16148.3,12531.55,-3616.75,12666.3224347,9865.836525143333,-2800.4859095566662,10517.633333333333,7260.216666666666,-3257.416666666667,1995.1181102362204,2396.060606060606,400.94249582438556,253380,237210,-16170,844.6,790.7,-53.89999999999998,1995.1181102362204,2396.060606060606,400.94249582438556,0.5174189814814815,0.5052083333333334,-0.012210648148148096,262940.8333333333,181505.41666666666,-81435.41666666666,0.002187500000000009,0.17610062893081832,-28,,,-22.04724409448819,-6.381719156997395,0.2894565474780961
10,51,a99959aeee3f2d8b468078796b52356c0c4f7dc42100959012a3b7d989af6f39,300,12,p_0.44_stores_10_uniform,factorial_cell,0.44,1.0,1.0,10,uniform,baseline,False,0.4409722222222222,0.22916666666666666,-0.21180555555555555,0.8522536629012414,0.48245614035087714,-0.36979752255036424,0.030073407530191807,0.018857142857142857,-0.01121626467304895,0.42333333333333334,0.21666666666666667,-0.20666666666666667,0.5633333333333334,0.77,0.20666666666666667,0.013333333333333334,0.013333333333333334,0.0,54.74015748031496,56.707692307692305,1.9675348273773423,1.2421875,1.507462686567164,0.2652751865671641,0.7733333333333333,0.8833333333333333,0.10999999999999999,7.5546875,7.462686567164179,-0.09200093283582067,32.40944881889764,34.215384615384615,1.8059357964869776,4217.4075653,2246.63950091,-1970.7680643899998,16148.3,8723.21,-7425.09,12666.3224347,6700.09149909,-5966.2309356099995,10517.633333333333,4056.5433333333335,-6461.09,1995.1181102362204,3181.818181818182,1186.7000715819615,253380,210000,-43380,844.6,700.0,-144.60000000000002,1995.1181102362204,3230.769230769231,1235.6511205330105,0.5174189814814815,0.475,-0.04241898148148149,262940.8333333333,101413.58333333333,-161527.25,-0.2652751865671641,-21.355486717356605,-61,-43380.0,,-48.031496062992126,-17.120530428605257,0.35644383023489634
10,51,a99959aeee3f2d8b468078796b52356c0c4f7dc42100959012a3b7d989af6f39,300,12,p_0.44_stores_10_nearest_restaurant,factorial_cell,0.44,1.0,1.0,10,nearest_restaurant,baseline,False,0.4409722222222222,0.2777777777777778,-0.16319444444444442,0.8522536629012414,0.5845104724792985,-0.26774319042194283,0.030073407530191807,0.02288002288002288,-0.007193384650168926,0.42333333333333334,0.25333333333333335,-0.16999999999999998,0.5633333333333334,0.7333333333333333,0.16999999999999993,0.013333333333333334,0.013333333333333334,0.0,54.74015748031496,56.44736842105263,1.7072109407376672,1.2421875,0.3974358974358974,-0.8447516025641026,0.7733333333333333,0.8,0.026666666666666727,7.5546875,8.76923076923077,1.21454326923077,32.40944881889764,33.3421052631579,0.9326564442602603,4217.4075653,2745.4381158,-1471.9694494999999,16148.3,9997.87,-6150.4299999999985,12666.3224347,8446.855217533333,-4219.467217166666,10517.633333333333,5335.87,-5181.763333333333,1995.1181102362204,2622.375,627.2568897637796,253380,209790,-43590,844.6,699.3,-145.30000000000007,1995.1181102362204,2760.3947368421054,765.276626605885,0.5174189814814815,0.4752314814814815,-0.04218749999999999,262940.8333333333,133396.75,-129544.08333333331,0.8447516025641026,68.00516045799066,-47,-10897.5,,-37.00787401574803,-17.203409898176652,0.46485809724860316
10,51,a99959aeee3f2d8b468078796b52356c0c4f7dc42100959012a3b7d989af6f39,300,12,p_0.44_stores_10_nearest_customer,factorial_cell,0.44,1.0,1.0,10,nearest_customer,baseline,False,0.4409722222222222,0.25,-0.1909722222222222,0.8522536629012414,0.5224331841818841,-0.32982047871935727,0.030073407530191807,0.020261713803292527,-0.00981169372689928,0.42333333333333334,0.24,-0.18333333333333335,0.5633333333333334,0.7466666666666667,0.18333333333333335,0.013333333333333334,0.013333333333333334,0.0,54.74015748031496,53.958333333333336,-0.7818241469816272,1.2421875,0.8918918918918919,-0.3502956081081081,0.7733333333333333,0.8266666666666667,0.053333333333333344,7.5546875,7.945945945945946,0.3912584459459456,32.40944881889764,30.944444444444443,-1.4650043744531942,4217.4075653,2363.90611207,-1853.5014532300002,16148.3,8727.12,-7421.1799999999985,12666.3224347,7226.5475545966665,-5439.774880103333,10517.633333333333,3989.12,-6528.513333333333,1995.1181102362204,2961.25,966.1318897637796,253380,213210,-40170,844.6,710.7,-133.89999999999998,1995.1181102362204,2961.25,966.1318897637796,0.5174189814814815,0.4785300925925926,-0.03888888888888886,262940.8333333333,99728.0,-163212.8333333333,0.3502956081081081,28.199898011218767,-55,,,-43.30708661417323,-15.853658536585366,0.36607538802660755
10,51,a99959aeee3f2d8b468078796b52356c0c4f7dc42100959012a3b7d989af6f39,300,12,p_0.44_stores_15_uniform,factorial_cell,0.44,1.0,1.0,15,uniform,baseline,True,0.4409722222222222,0.2673611111111111,-0.1736111111111111,0.8522536629012414,0.5691056910569106,-0.2831479718443308,0.030073407530191807,0.021568627450980392,-0.008504780079211415,0.42333333333333334,0.25333333333333335,-0.16999999999999998,0.5633333333333334,0.7333333333333333,0.16999999999999993,0.013333333333333334,0.013333333333333334,0.0,54.74015748031496,54.5921052631579,-0.1480522171570655,1.2421875,0.935064935064935,-0.30712256493506496,0.7733333333333333,0.82,0.046666666666666634,7.5546875,8.012987012987013,0.4582995129870131,32.40944881889764,31.723684210526315,-0.685764608371322,4217.4075653,2565.23309011,-1652.17447519,16148.3,9466.11,-6682.189999999999,12666.3224347,7843.684576556667,-4822.637858143333,10517.633333333333,4706.11,-5811.5233333333335,1995.1181102362204,2781.818181818182,786.7000715819615,253380,214200,-39180,844.6,714.0,-130.60000000000002,1995.1181102362204,2818.4210526315787,823.3029423953583,0.5174189814814815,0.46979166666666666,-0.0476273148148148,262940.8333333333,117652.75,-145288.0833333333,0.30712256493506496,24.724332271502085,-50,-39180.0,,-39.37007874015748,-15.46294103717736,0.39275870234430493
10,51,a99959aeee3f2d8b468078796b52356c0c4f7dc42100959012a3b7d989af6f39,300,12,p_0.44_stores_15_nearest_restaurant,factorial_cell,0.44,1.0,1.0,15,nearest_restaurant,baseline,False,0.4409722222222222,0.3333333333333333,-0.1076388888888889,0.8522536629012414,0.700218818380744,-0.15203484452049743,0.030073407530191807,0.026471804770439818,-0.0036016027597519894,0.42333333333333334,0.27666666666666667,-0.14666666666666667,0.5633333333333334,0.71,0.1466666666666666,0.013333333333333334,0.013333333333333334,0.0,54.74015748031496,55.86746987951807,1.127312399203106,1.2421875,0.8235294117647058,-0.41865808823529416,0.7733333333333333,0.7866666666666666,0.013333333333333308,7.5546875,8.764705882352942,1.210018382352942,32.40944881889764,32.975903614457835,0.5664547955601975,4217.4075653,3272.46610833,-944.9414569699998,16148.3,11116.13,-5032.17,12666.3224347,10381.953558336667,-2284.3688763633327,10517.633333333333,6280.796666666667,-4236.836666666666,1995.1181102362204,2266.5625,271.44438976377955,253380,217590,-35790,844.6,725.3,-119.30000000000007,1995.1181102362204,2621.5662650602408,626.4481548240203,0.5174189814814815,0.47604166666666664,-0.041377314814814825,262940.8333333333,157019.91666666666,-105920.91666666666,0.41865808823529416,33.703292637809845,-31,-2753.076923076923,,-24.409448818897637,-14.125029599810562,0.5786705674761101
10,51,a99959aeee3f2d8b468078796b52356c0c4f7dc42100959012a3b7d989af6f39,300,12,p_0.44_stores_15_nearest_customer,factorial_cell,0.44,1.0,1.0,15,nearest_customer,baseline,False,0.4409722222222222,0.2638888888888889,-0.17708333333333331,0.8522536629012414,0.5484064942874323,-0.3038471686138091,0.030073407530191807,0.021384355655599326,-0.008689051874592481,0.42333333333333334,0.24333333333333335,-0.18,0.5633333333333334,0.7466666666666667,0.18333333333333335,0.013333333333333334,0.01,-0.003333333333333334,54.74015748031496,56.602739726027394,1.8625822457124315,1.2421875,1.2432432432432432,0.0010557432432432012,0.7733333333333333,0.7866666666666666,0.013333333333333308,7.5546875,8.45945945945946,0.9047719594594597,32.40944881889764,32.64383561643836,0.2343867975407221,4217.4075653,2524.50379921,-1692.9037660899999,16148.3,9446.56,-6701.74,12666.3224347,7667.95720079,-4998.36523391,10517.633333333333,4707.893333333333,-5809.74,1995.1181102362204,2805.7894736842104,810.67136344799,253380,213240,-40140,844.6,710.8,-133.80000000000007,1995.1181102362204,2921.095890410959,925.9777801747384,0.5174189814814815,0.48119212962962965,-0.036226851851851816,262940.8333333333,117697.33333333333,-145243.5,-0.0010557432432432012,-0.08499065102838349,-51,-13380.0,,-40.15748031496063,-15.84181861236088,0.3944923458372219
10,51,a99959aeee3f2d8b468078796b52356c0c4f7dc42100959012a3b7d989af6f39,300,12,p_0.44_stores_20_uniform,factorial_cell,0.44,1.0,1.0,20,uniform,baseline,False,0.4409722222222222,0.21180555555555555,-0.22916666666666666,0.8522536629012414,0.452970297029703,-0.3992833658715384,0.030073407530191807,0.01711560044893378,-0.012957807081258026,0.42333333333333334,0.20333333333333334,-0.22,0.5633333333333334,0.7833333333333333,0.21999999999999997,0.013333333333333334,0.013333333333333334,0.0,54.74015748031496,57.91803278688525,3.177875306570286,1.2421875,1.0158730158730158,-0.22631448412698418,0.7733333333333333,0.7966666666666666,0.023333333333333317,7.5546875,8.841269841269842,1.2865823412698418,32.40944881889764,34.704918032786885,2.2954692138892483,4217.4075653,2107.56891583,-2109.83864947,16148.3,8297.02,-7851.279999999999,12666.3224347,6240.79408417,-6425.528350529999,10517.633333333333,3545.02,-6972.613333333333,1995.1181102362204,3505.5737704918033,1510.4556602555829,253380,213840,-39540,844.6,712.8,-131.80000000000007,1995.1181102362204,3505.5737704918033,1510.4556602555829,0.5174189814814815,0.4675925925925926,-0.04982638888888885,262940.8333333333,88625.5,-174315.3333333333,0.22631448412698418,18.219027652989922,-66,,,-51.96850393700787,-15.60502012787118,0.3002784176120667
10,51,a99959aeee3f2d8b468078796b52356c0c4f7dc42100959012a3b7d989af6f39,300,12,p_0.44_stores_20_nearest_restaurant,factorial_cell,0.44,1.0,1.0,20,nearest_restaurant,baseline,False,0.4409722222222222,0.3576388888888889,-0.08333333333333331,0.8522536629012414,0.7245017584994139,-0.1277519044018275,0.030073407530191807,0.027342713034244757,-0.0027306944959470496,0.42333333333333334,0.3,-0.12333333333333335,0.5633333333333334,0.69,0.1266666666666666,0.013333333333333334,0.01,-0.003333333333333334,54.74015748031496,56.477777777777774,1.7376202974628114,1.2421875,0.7888888888888889,-0.45329861111111114,0.7733333333333333,0.8233333333333334,0.050000000000000044,7.5546875,9.366666666666667,1.8119791666666671,32.40944881889764,32.766666666666666,0.35721784776902865,4217.4075653,3527.52286324,-689.8847020600001,16148.3,11847.3,-4301.0,12666.3224347,11244.067803426668,-1422.254631273332,10517.633333333333,6824.633333333333,-3693.0,1995.1181102362204,2194.368932038835,199.25082180261438,253380,226020,-27360,844.6,753.4,-91.20000000000005,1995.1181102362204,2511.3333333333335,516.215223097113,0.5174189814814815,0.49363425925925924,-0.02378472222222222,262940.8333333333,170615.83333333334,-92324.99999999997,0.45329861111111114,36.49196366177498,-24,-2104.6153846153848,,-18.89763779527559,-10.798010892730286,0.5713947430736444
10,51,a99959aeee3f2d8b468078796b52356c0c4f7dc42100959012a3b7d989af6f39,300,12,p_0.44_stores_20_nearest_customer,factorial_cell,0.44,1.0,1.0,20,nearest_customer,baseline,False,0.4409722222222222,0.2673611111111111,-0.1736111111111111,0.8522536629012414,0.5658297611757501,-0.28642390172549126,0.030073407530191807,0.021843971631205675,-0.008229435898986132,0.42333333333333334,0.24333333333333335,-0.18,0.5633333333333334,0.7433333333333333,0.17999999999999994,0.013333333333333334,0.013333333333333334,0.0,54.74015748031496,54.52054794520548,-0.219609535109484,1.2421875,1.135135135135135,-0.10705236486486491,0.7733333333333333,0.77,-0.0033333333333332993,7.5546875,7.756756756756757,0.20206925675675702,32.40944881889764,32.06849315068493,-0.3409556682127075,4217.4075653,2500.91954529,-1716.4880200100001,16148.3,9340.99,-6807.3099999999995,12666.3224347,7603.102788043333,-5063.219646656667,10517.633333333333,4640.99,-5876.643333333333,1995.1181102362204,2746.753246753247,751.6351365170265,253380,211500,-41880,844.6,705.0,-139.60000000000002,1995.1181102362204,2897.2602739726026,902.1421637363821,0.5174189814814815,0.47251157407407407,-0.044907407407407396,262940.8333333333,116024.75,-146916.0833333333,0.10705236486486491,8.618052014278433,-50,-10470.0,,-39.37007874015748,-16.528534217381008,0.4198247691214776
10,51,a99959aeee3f2d8b468078796b52356c0c4f7dc42100959012a3b7d989af6f39,300,12,p_0.66_stores_10_uniform,factorial_cell,0.66,1.0,1.0,10,uniform,baseline,False,0.4409722222222222,0.21875,-0.2222222222222222,0.8522536629012414,0.4638605963921954,-0.388393066509046,0.030073407530191807,0.019038984587488667,-0.01103442294270314,0.42333333333333334,0.18666666666666668,-0.23666666666666666,0.5633333333333334,0.8033333333333333,0.24,0.013333333333333334,0.01,-0.003333333333333334,54.74015748031496,55.910714285714285,1.1705568053993218,1.2421875,1.7142857142857142,0.4720982142857142,0.7733333333333333,0.8766666666666667,0.10333333333333339,7.5546875,7.714285714285714,0.1595982142857144,32.40944881889764,33.25,0.8405511811023629,4217.4075653,2275.17084108,-1942.2367242199998,16148.3,7604.95,-8543.349999999999,12666.3224347,7266.370492253333,-5399.951942446666,10517.633333333333,3192.95,-7324.683333333333,1995.1181102362204,3151.4285714285716,1156.310461192351,253380,198540,-54840,844.6,661.8,-182.80000000000007,1995.1181102362204,3545.3571428571427,1550.2390326209222,0.5174189814814815,0.47158564814814813,-0.04583333333333334,262940.8333333333,79823.75,-183117.0833333333,-0.4720982142857142,-38.005390835579504,-64,-7834.285714285715,,-50.39370078740157,-21.64338148235851,0.4294858512905517
10,51,a99959aeee3f2d8b468078796b52356c0c4f7dc42100959012a3b7d989af6f39,300,12,p_0.66_stores_10_nearest_restaurant,factorial_cell,0.66,1.0,1.0,10,nearest_restaurant,baseline,False,0.4409722222222222,0.23958333333333334,-0.20138888888888887,0.8522536629012414,0.5182774161241863,-0.33397624677705506,0.030073407530191807,0.020805065581184983,-0.009268341949006824,0.42333333333333334,0.19,-0.23333333333333334,0.5633333333333334,0.8,0.2366666666666667,0.013333333333333334,0.01,-0.003333333333333334,54.74015748031496,56.526315789473685,1.786158309158722,1.2421875,1.293103448275862,0.0509159482758621,0.7733333333333333,0.7424749163879598,-0.0308584169453735,7.5546875,8.327586206896552,0.7728987068965516,32.40944881889764,33.40350877192982,0.9940599530321848,4217.4075653,2356.2054248,-1861.2021405,16148.3,7776.99,-8371.31,12666.3224347,7563.867908533333,-5102.454526166666,10517.633333333333,3354.99,-7162.643333333333,1995.1181102362204,2883.913043478261,888.7949332420405,253380,198990,-54390,844.6,663.3,-181.30000000000007,1995.1181102362204,3491.0526315789475,1495.934521342727,0.5174189814814815,0.4622685185185185,-0.05515046296296294,262940.8333333333,83874.75,-179066.0833333333,-0.0509159482758621,-4.098893949251792,-58,-4532.5,,-45.66929133858268,-21.465782618991238,0.47002661941584256
10,51,a99959aeee3f2d8b468078796b52356c0c4f7dc42100959012a3b7d989af6f39,300,12,p_0.66_stores_10_nearest_customer,factorial_cell,0.66,1.0,1.0,10,nearest_customer,baseline,False,0.4409722222222222,0.15625,-0.2847222222222222,0.8522536629012414,0.342422320862397,-0.5098313420388444,0.030073407530191807,0.014231499051233396,-0.01584190847895841,0.42333333333333334,0.14666666666666667,-0.27666666666666667,0.5633333333333334,0.8433333333333334,0.28,0.013333333333333334,0.01,-0.003333333333333334,54.74015748031496,55.88636363636363,1.1462061560486703,1.2421875,1.3409090909090908,0.09872159090909083,0.7733333333333333,0.7966666666666666,0.023333333333333317,7.5546875,8.659090909090908,1.1044034090909083,32.40944881889764,32.02272727272727,-0.3867215461703637,4217.4075653,1452.49177975,-2764.91578555,16148.3,5556.11,-10592.189999999999,12666.3224347,4364.4565535833335,-8301.865881116666,10517.633333333333,1340.11,-9177.523333333333,1995.1181102362204,4216.0,2220.8818897637793,253380,189720,-63660,844.6,632.4,-212.20000000000005,1995.1181102362204,4311.818181818182,2316.7000715819613,0.5174189814814815,0.45630787037037035,-0.061111111111111116,262940.8333333333,33502.75,-229438.0833333333,-0.09872159090909083,-7.947398513436242,-82,-63660.0,,-64.56692913385827,-25.124319204357093,0.3891205535308964
10,51,a99959aeee3f2d8b468078796b52356c0c4f7dc42100959012a3b7d989af6f39,300,12,p_0.66_stores_15_uniform,factorial_cell,0.66,1.0,1.0,15,uniform,baseline,False,0.4409722222222222,0.18055555555555555,-0.26041666666666663,0.8522536629012414,0.38733705772811916,-0.4649166051731222,0.030073407530191807,0.015398282499259699,-0.014675125030932108,0.42333333333333334,0.17,-0.2533333333333333,0.5633333333333334,0.82,0.2566666666666666,0.013333333333333334,0.01,-0.003333333333333334,54.74015748031496,56.588235294117645,1.848077813802682,1.2421875,0.37254901960784315,-0.8696384803921569,0.7733333333333333,0.8166666666666667,0.043333333333333335,7.5546875,8.529411764705882,0.9747242647058822,32.40944881889764,33.72549019607843,1.3160413771807953,4217.4075653,1730.84081214,-2486.56675316,16148.3,6803.4,-9344.9,12666.3224347,5129.37318786,-7536.949246839999,10517.633333333333,2300.733333333333,-8216.9,1995.1181102362204,3896.5384615384614,1901.420351302241,253380,202620,-50760,844.6,675.4,-169.20000000000005,1995.1181102362204,3972.9411764705883,1977.8230662343678,0.5174189814814815,0.4661458333333333,-0.05127314814814815,262940.8333333333,57518.333333333336,-205422.49999999997,0.8696384803921569,70.00863238377111,-75,-50760.0,,-59.055118110236215,-20.033151787828558,0.33922803694056364
10,51,a99959aeee3f2d8b468078796b52356c0c4f7dc42100959012a3b7d989af6f39,300,12,p_0.66_stores_15_nearest_restaurant,factorial_cell,0.66,1.0,1.0,15,nearest_restaurant,baseline,False,0.4409722222222222,0.3159722222222222,-0.125,0.8522536629012414,0.6601378309756982,-0.19211583192554316,0.030073407530191807,0.026183282980866064,-0.003890124549325743,0.42333333333333334,0.23666666666666666,-0.18666666666666668,0.5633333333333334,0.7533333333333333,0.18999999999999995,0.013333333333333334,0.01,-0.003333333333333334,54.74015748031496,58.478873239436616,3.7387157591216535,1.2421875,1.0704225352112675,-0.1717649647887325,0.7733333333333333,0.7533333333333333,-0.020000000000000018,7.5546875,9.830985915492958,2.276298415492958,32.40944881889764,34.38028169014085,1.9708328712432106,4217.4075653,3199.48333803,-1017.9242272699998,16148.3,10033.06,-6115.24,12666.3224347,10477.392995303333,-2188.9294393966666,10517.633333333333,5399.06,-5118.573333333333,1995.1181102362204,2291.5384615384614,296.420351302241,253380,208530,-44850,844.6,695.1,-149.5,1995.1181102362204,2937.042253521127,941.9241432849064,0.5174189814814815,0.4786458333333333,-0.03877314814814814,262940.8333333333,134976.5,-127964.33333333331,0.1717649647887325,13.827619806891672,-36,-2242.5,,-28.346456692913385,-17.70068671560502,0.6244408924671772
10,51,a99959aeee3f2d8b468078796b52356c0c4f7dc42100959012a3b7d989af6f39,300,12,p_0.66_stores_15_nearest_customer,factorial_cell,0.66,1.0,1.0,15,nearest_customer,baseline,False,0.4409722222222222,0.21875,-0.2222222222222222,0.8522536629012414,0.4651162790697675,-0.3871373838314739,0.030073407530191807,0.018705463182897862,-0.011367944347293945,0.42333333333333334,0.19,-0.23333333333333334,0.5633333333333334,0.8,0.2366666666666667,0.013333333333333334,0.01,-0.003333333333333334,54.74015748031496,56.89473684210526,2.1545793617902973,1.2421875,1.0862068965517242,-0.1559806034482758,0.7733333333333333,0.7625418060200669,-0.01079152731326638,7.5546875,9.39655172413793,1.8418642241379306,32.40944881889764,32.80701754385965,0.3975687249620137,4217.4075653,2106.2913882,-2111.1161771,16148.3,7640.14,-8508.16,12666.3224347,6492.221945133333,-6174.1004895666665,10517.633333333333,3149.4733333333334,-7368.16,1995.1181102362204,3207.6190476190477,1212.5009373828273,253380,202080,-51300,844.6,673.6,-171.0,1995.1181102362204,3545.2631578947367,1550.1450476585162,0.5174189814814815,0.4703125,-0.047106481481481444,262940.8333333333,78736.83333333333,-184204.0,0.1559806034482758,12.556929082628493,-64,-8550.0,,-50.39370078740157,-20.246270423869287,0.4017619287236562
10,51,a99959aeee3f2d8b468078796b52356c0c4f7dc42100959012a3b7d989af6f39,300,12,p_0.66_stores_20_uniform,factorial_cell,0.66,1.0,1.0,20,uniform,baseline,False,0.4409722222222222,0.1840277777777778,-0.2569444444444444,0.8522536629012414,0.40370699504887647,-0.4485466678523649,0.030073407530191807,0.016133942161339423,-0.013939465368852384,0.42333333333333334,0.16666666666666666,-0.2566666666666667,0.5633333333333334,0.82,0.2566666666666666,0.013333333333333334,0.013333333333333334,0.0,54.74015748031496,54.5,-0.24015748031496287,1.2421875,0.8235294117647058,-0.41865808823529416,0.7733333333333333,0.7833333333333333,0.010000000000000009,7.5546875,9.215686274509803,1.6609987745098032,32.40944881889764,31.34,-1.0694488188976372,4217.4075653,1745.93096055,-2471.4766047499998,16148.3,6326.38,-9821.919999999998,12666.3224347,5384.077372783333,-7282.245061916667,10517.633333333333,1946.38,-8571.253333333334,1995.1181102362204,3718.867924528302,1723.7498142920815,253380,197100,-56280,844.6,657.0,-187.60000000000002,1995.1181102362204,3942.0,1946.8818897637796,0.5174189814814815,0.4558449074074074,-0.06157407407407406,262940.8333333333,48659.5,-214281.3333333333,0.41865808823529416,33.703292637809845,-74,-18760.0,,-58.26771653543307,-22.21169784513379,0.381200760315134
10,51,a99959aeee3f2d8b468078796b52356c0c4f7dc42100959012a3b7d989af6f39,300,12,p_0.66_stores_20_nearest_restaurant,factorial_cell,0.66,1.0,1.0,20,nearest_restaurant,baseline,False,0.4409722222222222,0.3298611111111111,-0.1111111111111111,0.8522536629012414,0.6956309494752257,-0.15662271342601564,0.030073407530191807,0.027978206449712856,-0.0020952010804789513,0.42333333333333334,0.24,-0.18333333333333335,0.5633333333333334,0.7466666666666667,0.18333333333333335,0.013333333333333334,0.013333333333333334,0.0,54.74015748031496,53.611111111111114,-1.1290463692038486,1.2421875,1.356164383561644,0.11397688356164393,0.7733333333333333,0.7533333333333333,-0.020000000000000018,7.5546875,8.397260273972602,0.8425727739726021,32.40944881889764,30.73611111111111,-1.6733377077865264,4217.4075653,3192.09817208,-1025.30939322,16148.3,9211.96,-6936.34,12666.3224347,10765.616494586666,-1900.7059401133338,10517.633333333333,4684.626666666667,-5833.006666666666,1995.1181102362204,2144.5263157894738,149.4082055532533,253380,203730,-49650,844.6,679.1,-165.5,1995.1181102362204,2829.5833333333335,834.465223097113,0.5174189814814815,0.4741898148148148,-0.04322916666666665,262940.8333333333,117115.66666666667,-145825.16666666663,-0.11397688356164393,-9.175497544585172,-32,-2158.695652173913,,-25.196850393700785,-19.595074591522614,0.7776795228510538
10,51,a99959aeee3f2d8b468078796b52356c0c4f7dc42100959012a3b7d989af6f39,300,12,p_0.66_stores_20_nearest_customer,factorial_cell,0.66,1.0,1.0,20,nearest_customer,baseline,False,0.4409722222222222,0.24305555555555555,-0.19791666666666666,0.8522536629012414,0.5118206190592249,-0.34043304384201645,0.030073407530191807,0.0203843913803145,-0.009689016149877307,0.42333333333333334,0.21333333333333335,-0.21,0.5633333333333334,0.7733333333333333,0.20999999999999996,0.013333333333333334,0.013333333333333334,0.0,54.74015748031496,54.796875,0.05671751968503713,1.2421875,1.2272727272727273,-0.014914772727272707,0.7733333333333333,0.81,0.036666666666666736,7.5546875,8.545454545454545,0.990767045454545,32.40944881889764,31.296875,-1.112573818897637,4217.4075653,2276.75475411,-1940.6528111900002,16148.3,8085.88,-8062.419999999999,12666.3224347,7085.209579223333,-5581.1128554766665,10517.633333333333,3507.213333333333,-7010.42,1995.1181102362204,2943.4285714285716,948.3104611923511,253380,206040,-47340,844.6,686.8,-157.80000000000007,1995.1181102362204,3219.375,1224.2568897637796,0.5174189814814815,0.47488425925925926,-0.04253472222222221,262940.8333333333,87680.33333333333,-175260.5,0.014914772727272707,1.200686106346482,-57,-7890.0,,-44.881889763779526,-18.683400426237274,0.41627927265476034
