replication,seed,scenario_sha256,daily_customers,num_drivers,condition_id,factor,p_integration,food_preparation_multiplier,grocery_preparation_multiplier,num_stores,store_selection,run_dir,generated_orders,integrated_orders,completed_orders,completed_food_service_units,completed_grocery_service_units,completed_service_units,cancelled_orders,active_orders,service_units_per_driver_hour,service_units_per_busy_driver_hour,service_units_per_km,food_completion_rate,food_cancellation_rate,food_unfinished_rate,mean_food_completion_ticks,mean_food_post_pickup_delivery_ticks,integrated_completion_rate,mean_integrated_completion_ticks,integrated_cancellation_rate,integrated_unfinished_rate,mean_integrated_food_pickup_wait_ticks,mean_integrated_grocery_pickup_wait_ticks,mean_integrated_grocery_preparation_queue_ticks,mean_integrated_grocery_ready_to_handover_ticks,mean_food_pickup_wait_ticks,mean_food_preparation_queue_ticks,mean_food_ready_to_handover_ticks,platform_revenue_per_order,driver_revenue_per_order,merchant_revenue_per_order,driver_profit_per_order,emission_intensity_per_service_unit,total_emission_units,emission_units_per_order,emission_units_per_completed_order,driver_utilization,driver_profit_per_driver,observed_completion_ticks_count,observed_food_pickup_wait_ticks_count
1,42,f870b278390b79455a770c93a42a62b9d997292d4cecfafe5aa5681669e71d75,300,12,baseline,baseline,0.0,1.0,1.0,15,uniform,,300,0,130,130,0,130,166,4,0.4513888888888889,0.8574255248983181,0.030106530801296896,0.43333333333333335,0.5533333333333333,0.013333333333333334,56.12307692307692,33.13076923076923,,,,,,,,,0.7575757575757576,0.6946308724832215,8.530303030303031,4357.24819071,16859.92,13017.336142623333,11102.586666666666,1992.923076923077,259080,863.6,1992.923076923077,0.5264467592592592,277564.6666666667,130,132
1,42,f870b278390b79455a770c93a42a62b9d997292d4cecfafe5aa5681669e71d75,300,12,p_0.22_stores_10_uniform,factorial_cell,0.22,1.0,1.0,10,uniform,,300,71,101,101,1,102,195,4,0.3541666666666667,0.7041767345529859,0.02568622513220851,0.33666666666666667,0.65,0.013333333333333334,57.881188118811885,33.306930693069305,0.014084507042253521,60.0,0.9436619718309859,0.04225352112676056,0.0,5.636363636363637,2.426470588235294,8.272727272727273,1.0,0.7483221476510067,9.46078431372549,3405.0079923,13188.43,10167.375341033334,7893.763333333333,2335.8823529411766,238260,794.2,2359.009900990099,0.5029513888888889,197344.08333333334,101,102
1,42,f870b278390b79455a770c93a42a62b9d997292d4cecfafe5aa5681669e71d75,300,12,p_0.22_stores_10_nearest_restaurant,factorial_cell,0.22,1.0,1.0,10,nearest_restaurant,,300,71,110,110,9,119,187,3,0.4131944444444444,0.810074880871341,0.02975371921490186,0.36666666666666664,0.6233333333333333,0.01,56.35454545454545,32.93636363636364,0.1267605633802817,54.44444444444444,0.8309859154929577,0.04225352112676056,0.0,4.5,1.3478260869565217,6.5,1.1454545454545455,0.7013422818791947,8.8,3963.12910838,14400.53,12205.72889162,9067.863333333333,2016.5546218487395,239970,799.9,2181.5454545454545,0.5100694444444445,226696.58333333334,110,110
1,42,f870b278390b79455a770c93a42a62b9d997292d4cecfafe5aa5681669e71d75,300,12,p_0.22_stores_10_nearest_customer,factorial_cell,0.22,1.0,1.0,10,nearest_customer,,300,71,110,110,2,112,186,4,0.3888888888888889,0.7617320335524824,0.02811597841094515,0.36666666666666664,0.62,0.013333333333333334,56.054545454545455,33.24545454545454,0.028169014084507043,38.5,0.9295774647887324,0.04225352112676056,0.0,6.25,1.3880597014925373,8.1875,1.5135135135135136,0.7080536912751678,7.675675675675675,3735.20933792,14334.06,11205.555995413333,9022.726666666667,2134.0178571428573,239010,796.7,2172.818181818182,0.5105324074074075,225568.16666666666,110,111
1,42,f870b278390b79455a770c93a42a62b9d997292d4cecfafe5aa5681669e71d75,300,12,p_0.22_stores_15_uniform,factorial_cell,0.22,1.0,1.0,15,uniform,,300,71,109,109,2,111,187,4,0.3854166666666667,0.7619265530259696,0.028276652655712647,0.36333333333333334,0.6233333333333333,0.013333333333333334,56.58715596330275,33.77064220183486,0.028169014084507043,55.5,0.9295774647887324,0.04225352112676056,0.0,4.6875,1.6521739130434783,8.0625,1.2252252252252251,0.7306397306397306,7.603603603603603,3779.47071813,14482.64,11346.668948536666,9248.64,2121.891891891892,235530,785.1,2160.8256880733943,0.5058449074074074,231216.0,109,111
1,42,f870b278390b79455a770c93a42a62b9d997292d4cecfafe5aa5681669e71d75,300,12,p_0.22_stores_15_nearest_restaurant,factorial_cell,0.22,1.0,1.0,15,nearest_restaurant,,300,71,110,110,8,118,186,4,0.4097222222222222,0.8084960602946215,0.029437445428464513,0.36666666666666664,0.62,0.013333333333333334,56.28181818181818,32.60909090909091,0.11267605633802817,53.5,0.8450704225352113,0.04225352112676056,0.0,2.642857142857143,0.6521739130434783,9.0,1.2612612612612613,0.6531986531986532,9.045045045045045,3914.98276211,14216.76,12060.901571223334,8872.093333333334,2038.2203389830509,240510,801.7,2186.4545454545455,0.5067708333333333,221802.33333333334,110,111
1,42,f870b278390b79455a770c93a42a62b9d997292d4cecfafe5aa5681669e71d75,300,12,p_0.22_stores_15_nearest_customer,factorial_cell,0.22,1.0,1.0,15,nearest_customer,,300,71,114,114,3,117,182,4,0.40625,0.8007300102657693,0.029396984924623115,0.38,0.6066666666666667,0.013333333333333334,55.04385964912281,32.271929824561404,0.04225352112676056,38.666666666666664,0.9154929577464789,0.04225352112676056,0.0,4.266666666666667,0.9402985074626866,4.666666666666667,1.2521739130434784,0.74,8.504347826086956,3840.53913768,14455.27,11632.342195653333,9148.603333333333,2041.025641025641,238800,796.0,2094.7368421052633,0.507349537037037,228715.08333333334,114,115
1,42,f870b278390b79455a770c93a42a62b9d997292d4cecfafe5aa5681669e71d75,300,12,p_0.22_stores_20_uniform,factorial_cell,0.22,1.0,1.0,20,uniform,,300,71,107,107,1,108,190,3,0.375,0.7438870393755023,0.027279616064662792,0.3566666666666667,0.6333333333333333,0.01,56.626168224299064,34.22429906542056,0.014084507042253521,63.0,0.9436619718309859,0.04225352112676056,0.0,4.142857142857143,1.295774647887324,9.357142857142858,1.9065420560747663,0.7993311036789298,7.383177570093458,3593.53213858,14361.43,10556.94586142,9082.763333333334,2199.4444444444443,237540,791.8,2220.0,0.5041087962962963,227069.08333333334,107,107
1,42,f870b278390b79455a770c93a42a62b9d997292d4cecfafe5aa5681669e71d75,300,12,p_0.22_stores_20_nearest_restaurant,factorial_cell,0.22,1.0,1.0,20,nearest_restaurant,,300,71,114,114,9,123,182,4,0.4270833333333333,0.8285618053216572,0.030574198359433258,0.38,0.6066666666666667,0.013333333333333334,57.228070175438596,34.56140350877193,0.1267605633802817,55.77777777777778,0.8309859154929577,0.04225352112676056,0.0,2.75,0.6714285714285714,7.916666666666667,1.6521739130434783,0.697986577181208,7.869565217391305,4178.74791678,15643.91,12689.736749886666,10279.91,1962.439024390244,241380,804.6,2117.3684210526317,0.5154513888888889,256997.75,114,115
1,42,f870b278390b79455a770c93a42a62b9d997292d4cecfafe5aa5681669e71d75,300,12,p_0.22_stores_20_nearest_customer,factorial_cell,0.22,1.0,1.0,20,nearest_customer,,300,71,106,106,1,107,190,4,0.3715277777777778,0.731373889268626,0.026850690087829362,0.35333333333333333,0.6333333333333333,0.013333333333333334,56.20754716981132,33.93396226415094,0.014084507042253521,44.0,0.9436619718309859,0.04225352112676056,0.0,5.461538461538462,1.1029411764705883,7.538461538461538,1.102803738317757,0.725752508361204,7.672897196261682,3588.22266347,14107.28,10632.54433653,8793.946666666667,2234.5794392523367,239100,797.0,2255.6603773584907,0.5079861111111111,219848.66666666666,106,107
1,42,f870b278390b79455a770c93a42a62b9d997292d4cecfafe5aa5681669e71d75,300,12,p_0.44_stores_10_uniform,factorial_cell,0.44,1.0,1.0,10,uniform,,300,137,73,73,1,74,224,3,0.2569444444444444,0.5304659498207885,0.02080697314775763,0.24333333333333335,0.7466666666666667,0.01,54.64383561643836,32.26027397260274,0.0072992700729927005,44.0,0.9708029197080292,0.021897810218978103,0.0,4.421052631578948,5.214285714285714,9.68421052631579,1.821917808219178,0.8193979933110368,6.863013698630137,2438.14697947,9258.88,7352.62002053,4516.88,2883.6486486486488,213390,711.3,2923.150684931507,0.484375,112922.0,73,73
1,42,f870b278390b79455a770c93a42a62b9d997292d4cecfafe5aa5681669e71d75,300,12,p_0.44_stores_10_nearest_restaurant,factorial_cell,0.44,1.0,1.0,10,nearest_restaurant,,300,137,86,86,6,92,211,3,0.3194444444444444,0.6448598130841122,0.025157232704402517,0.2866666666666667,0.7033333333333334,0.01,57.383720930232556,34.16279069767442,0.043795620437956206,62.333333333333336,0.9343065693430657,0.021897810218978103,0.0,6.5,5.5625,5.2272727272727275,1.1046511627906976,0.8093645484949833,8.0,3066.01288064,11620.52,9254.93111936,6744.52,2385.0,219420,731.4,2551.3953488372094,0.49537037037037035,168613.0,86,86
1,42,f870b278390b79455a770c93a42a62b9d997292d4cecfafe5aa5681669e71d75,300,12,p_0.44_stores_10_nearest_customer,factorial_cell,0.44,1.0,1.0,10,nearest_customer,,300,137,82,82,3,85,214,4,0.2951388888888889,0.6019830028328612,0.023461219983439138,0.2733333333333333,0.7133333333333334,0.013333333333333334,54.329268292682926,32.1219512195122,0.021897810218978103,43.666666666666664,0.9562043795620438,0.021897810218978103,0.0,5.2,5.181818181818182,4.05,1.5783132530120483,0.8461538461538461,7.253012048192771,2817.86400704,10431.88,8603.026659626667,5601.213333333333,2557.4117647058824,217380,724.6,2650.9756097560976,0.49027777777777776,140030.33333333334,82,83
1,42,f870b278390b79455a770c93a42a62b9d997292d4cecfafe5aa5681669e71d75,300,12,p_0.44_stores_15_uniform,factorial_cell,0.44,1.0,1.0,15,uniform,,300,137,88,88,3,91,208,4,0.3159722222222222,0.642504118616145,0.0251589715233619,0.29333333333333333,0.6933333333333334,0.013333333333333334,55.64772727272727,33.875,0.021897810218978103,52.0,0.9562043795620438,0.021897810218978103,0.0,3.7777777777777777,2.976,7.333333333333333,1.1910112359550562,0.7744107744107744,6.966292134831461,3123.64464009,11812.11,9439.40435991,6989.443333333334,2384.835164835165,217020,723.4,2466.1363636363635,0.4917824074074074,174736.08333333334,88,89
1,42,f870b278390b79455a770c93a42a62b9d997292d4cecfafe5aa5681669e71d75,300,12,p_0.44_stores_15_nearest_restaurant,factorial_cell,0.44,1.0,1.0,15,nearest_restaurant,,300,137,94,94,10,104,203,3,0.3611111111111111,0.7109490714367096,0.026527228669812525,0.31333333333333335,0.6766666666666666,0.01,57.6063829787234,33.744680851063826,0.072992700729927,59.6,0.9051094890510949,0.021897810218978103,0.0,3.235294117647059,3.8015873015873014,10.058823529411764,0.8297872340425532,0.6397306397306397,8.96808510638298,3402.83113231,12676.22,10358.113201023334,7448.886666666666,2261.826923076923,235230,784.1,2502.446808510638,0.5079282407407407,186222.16666666666,94,94
1,42,f870b278390b79455a770c93a42a62b9d997292d4cecfafe5aa5681669e71d75,300,12,p_0.44_stores_15_nearest_customer,factorial_cell,0.44,1.0,1.0,15,nearest_customer,,300,137,87,87,4,91,209,4,0.3159722222222222,0.6402439024390244,0.024351083757024352,0.29,0.6966666666666667,0.013333333333333334,55.264367816091955,32.48275862068966,0.029197080291970802,45.0,0.948905109489051,0.021897810218978103,0.0,3.608695652173913,3.030534351145038,4.826086956521739,0.9545454545454546,0.8733333333333333,8.0,3048.82803226,11194.33,9344.41796774,6211.663333333333,2463.956043956044,224220,747.4,2577.2413793103447,0.4935185185185185,155291.58333333334,87,88
1,42,f870b278390b79455a770c93a42a62b9d997292d4cecfafe5aa5681669e71d75,300,12,p_0.44_stores_20_uniform,factorial_cell,0.44,1.0,1.0,20,uniform,,300,137,80,80,1,81,216,4,0.28125,0.5634129376304197,0.022055820285908783,0.26666666666666666,0.72,0.013333333333333334,57.5875,35.4875,0.0072992700729927005,56.0,0.9708029197080292,0.021897810218978103,0.0,4.291666666666667,3.074626865671642,5.583333333333333,1.6666666666666667,0.822742474916388,6.765432098765432,2786.63903207,11166.96,8174.641301263333,6270.293333333333,2720.3703703703704,220350,734.5,2754.375,0.49918981481481484,156757.33333333334,80,81
1,42,f870b278390b79455a770c93a42a62b9d997292d4cecfafe5aa5681669e71d75,300,12,p_0.44_stores_20_nearest_restaurant,factorial_cell,0.44,1.0,1.0,20,nearest_restaurant,,300,137,86,86,16,102,210,4,0.3541666666666667,0.7058823529411765,0.027048528241845664,0.2866666666666667,0.7,0.013333333333333334,57.02325581395349,33.03488372093023,0.11678832116788321,61.3125,0.8613138686131386,0.021897810218978103,0.0,5.423076923076923,3.328358208955224,6.538461538461538,0.7816091954022989,0.7483221476510067,8.96551724137931,3336.51349138,11440.66,10543.26450862,6412.66,2218.235294117647,226260,754.2,2630.9302325581393,0.5017361111111112,160316.5,86,87
1,42,f870b278390b79455a770c93a42a62b9d997292d4cecfafe5aa5681669e71d75,300,12,p_0.44_stores_20_nearest_customer,factorial_cell,0.44,1.0,1.0,20,nearest_customer,,300,137,83,83,3,86,213,4,0.2986111111111111,0.6021003500583431,0.023407729994556342,0.27666666666666667,0.71,0.013333333333333334,54.59036144578313,32.33734939759036,0.021897810218978103,52.0,0.9562043795620438,0.021897810218978103,0.0,3.8333333333333335,3.595419847328244,6.0,1.1904761904761905,0.7171717171717171,7.25,2898.07159338,10654.75,8876.899739953333,5756.083333333333,2563.2558139534885,220440,734.8,2655.9036144578313,0.49594907407407407,143902.08333333334,83,84
1,42,f870b278390b79455a770c93a42a62b9d997292d4cecfafe5aa5681669e71d75,300,12,p_0.66_stores_10_uniform,factorial_cell,0.66,1.0,1.0,10,uniform,,300,191,51,51,0,51,246,3,0.17708333333333334,0.37582903463522477,0.015489749430523917,0.17,0.82,0.01,52.94117647058823,30.941176470588236,0.0,,0.9842931937172775,0.015706806282722512,,6.176470588235294,6.857954545454546,6.705882352941177,1.2745098039215685,0.7919463087248322,6.901960784313726,1659.94133964,6173.89,5056.615993693334,1783.89,3873.529411764706,197550,658.5,3873.529411764706,0.47118055555555555,44597.25,51,51
1,42,f870b278390b79455a770c93a42a62b9d997292d4cecfafe5aa5681669e71d75,300,12,p_0.66_stores_10_nearest_restaurant,factorial_cell,0.66,1.0,1.0,10,nearest_restaurant,,300,191,67,67,13,80,228,5,0.2777777777777778,0.569935882213251,0.023208587177255584,0.22333333333333333,0.76,0.016666666666666666,55.8955223880597,33.059701492537314,0.06806282722513089,63.46153846153846,0.9109947643979057,0.020942408376963352,0.0,5.945945945945946,7.111731843575419,6.1891891891891895,1.463768115942029,0.7785234899328859,7.36231884057971,2482.92226304,9118.12,7609.328403626667,4522.12,2585.25,206820,689.4,3086.865671641791,0.48738425925925927,113053.0,67,69
1,42,f870b278390b79455a770c93a42a62b9d997292d4cecfafe5aa5681669e71d75,300,12,p_0.66_stores_10_nearest_customer,factorial_cell,0.66,1.0,1.0,10,nearest_customer,,300,191,63,63,6,69,233,4,0.23958333333333334,0.4920370810553839,0.020444444444444446,0.21,0.7766666666666666,0.013333333333333334,54.0,31.666666666666668,0.031413612565445025,40.833333333333336,0.9528795811518325,0.015706806282722512,0.0,5.425,6.27906976744186,4.375,1.34375,0.9466666666666667,6.984375,2310.32626549,8011.59,7265.4494011766665,3511.59,2934.782608695652,202500,675.0,3214.285714285714,0.48692129629629627,87789.75,63,64
1,42,f870b278390b79455a770c93a42a62b9d997292d4cecfafe5aa5681669e71d75,300,12,p_0.66_stores_15_uniform,factorial_cell,0.66,1.0,1.0,15,uniform,,300,191,62,62,4,66,235,3,0.22916666666666666,0.4780876494023904,0.01987353206865402,0.20666666666666667,0.7833333333333333,0.01,55.564516129032256,34.354838709677416,0.020942408376963352,55.25,0.9633507853403142,0.015706806282722512,0.0,6.3,5.195530726256983,4.3,1.435483870967742,0.8160535117056856,6.225806451612903,2237.4678032,8539.44,6730.745530133333,4111.44,3019.090909090909,199260,664.2,3213.8709677419356,0.47934027777777777,102786.0,62,62
1,42,f870b278390b79455a770c93a42a62b9d997292d4cecfafe5aa5681669e71d75,300,12,p_0.66_stores_15_nearest_restaurant,factorial_cell,0.66,1.0,1.0,15,nearest_restaurant,,300,191,73,73,19,92,223,4,0.3194444444444444,0.6530225955282148,0.02592644779484289,0.24333333333333335,0.7433333333333333,0.013333333333333334,58.83561643835616,33.9041095890411,0.09947643979057591,64.94736842105263,0.8848167539267016,0.015706806282722512,0.0,4.775,5.365168539325842,5.75,0.8243243243243243,0.8433333333333334,10.0,2907.9469716,10201.19,9098.939695066667,5469.856666666667,2314.2391304347825,212910,709.7,2916.5753424657532,0.48917824074074073,136746.41666666666,73,74
1,42,f870b278390b79455a770c93a42a62b9d997292d4cecfafe5aa5681669e71d75,300,12,p_0.66_stores_15_nearest_customer,factorial_cell,0.66,1.0,1.0,15,nearest_customer,,300,191,60,60,4,64,237,3,0.2222222222222222,0.4649473301852524,0.01931200965600483,0.2,0.79,0.01,53.03333333333333,31.45,0.020942408376963352,40.5,0.9633507853403142,0.015706806282722512,0.0,6.041666666666667,4.677966101694915,3.7083333333333335,1.4833333333333334,0.8662207357859532,6.533333333333333,2135.19546384,7526.75,6666.755202826666,3108.0833333333335,3106.875,198840,662.8,3314.0,0.4779513888888889,77702.08333333333,60,60
1,42,f870b278390b79455a770c93a42a62b9d997292d4cecfafe5aa5681669e71d75,300,12,p_0.66_stores_20_uniform,factorial_cell,0.66,1.0,1.0,20,uniform,,300,191,64,64,2,66,232,4,0.22916666666666666,0.4677533664068037,0.019039376893119863,0.21333333333333335,0.7733333333333333,0.013333333333333334,56.78125,34.28125,0.010471204188481676,62.0,0.9738219895287958,0.015706806282722512,0.0,3.5853658536585367,3.2472527472527473,5.7560975609756095,1.7692307692307692,0.7751677852348994,5.861538461538461,2188.05104011,8691.93,6448.5466265566665,4069.93,3151.3636363636365,207990,693.3,3249.84375,0.48993055555555554,101748.25,64,65
1,42,f870b278390b79455a770c93a42a62b9d997292d4cecfafe5aa5681669e71d75,300,12,p_0.66_stores_20_nearest_restaurant,factorial_cell,0.66,1.0,1.0,20,nearest_restaurant,,300,191,74,74,20,94,223,3,0.3263888888888889,0.6589554854539081,0.025856140833447942,0.24666666666666667,0.7433333333333333,0.01,57.41891891891892,32.648648648648646,0.10471204188481675,56.45,0.8795811518324608,0.015706806282722512,0.0,5.386363636363637,3.9657142857142857,6.4772727272727275,0.6216216216216216,0.7171717171717171,10.27027027027027,3068.93261521,9907.94,9938.581718123334,5060.606666666667,2320.531914893617,218130,727.1,2947.7027027027025,0.4953125,126515.16666666667,74,74
1,42,f870b278390b79455a770c93a42a62b9d997292d4cecfafe5aa5681669e71d75,300,12,p_0.66_stores_20_nearest_customer,factorial_cell,0.66,1.0,1.0,20,nearest_customer,,300,191,52,52,2,54,244,4,0.1875,0.3907851887588952,0.01630188679245283,0.17333333333333334,0.8133333333333334,0.013333333333333334,56.09615384615385,32.80769230769231,0.010471204188481676,41.0,0.9738219895287958,0.015706806282722512,0.0,5.2745098039215685,3.6761363636363638,5.235294117647059,1.1132075471698113,0.8528428093645485,7.943396226415095,1843.41748228,6772.12,5648.49051772,2355.4533333333334,3680.5555555555557,198750,662.5,3822.1153846153848,0.47980324074074077,58886.333333333336,52,53
2,43,18ebb2b7c75ab008f1a899b9ec13a0db0b1a98ff7363db46ce8b697e3d7fb4d3,300,12,baseline,baseline,0.0,1.0,1.0,15,uniform,,300,0,130,130,0,130,168,2,0.4513888888888889,0.8679203293646378,0.03046280023432923,0.43333333333333335,0.56,0.006666666666666667,55.8,32.60769230769231,,,,,,,,,0.8549618320610687,0.67,8.396946564885496,4270.9152412,16617.5,12723.538092133333,10927.5,1969.6153846153845,256050,853.5,1969.6153846153845,0.5200810185185185,273187.5,130,131
2,43,18ebb2b7c75ab008f1a899b9ec13a0db0b1a98ff7363db46ce8b697e3d7fb4d3,300,12,p_0.22_stores_10_uniform,factorial_cell,0.22,1.0,1.0,10,uniform,,300,67,112,112,2,114,186,2,0.3958333333333333,0.7736681370885646,0.027852430979721475,0.37333333333333335,0.62,0.006666666666666667,54.830357142857146,32.42857142857143,0.029850746268656716,73.5,0.9701492537313433,0.0,0.0,2.533333333333333,0.4375,6.0,1.238938053097345,0.7033333333333334,7.132743362831858,3787.34209954,14298.87,11454.058567126667,8841.536666666667,2154.2105263157896,245580,818.6,2192.6785714285716,0.5116319444444445,221038.41666666666,112,113
2,43,18ebb2b7c75ab008f1a899b9ec13a0db0b1a98ff7363db46ce8b697e3d7fb4d3,300,12,p_0.22_stores_10_nearest_restaurant,factorial_cell,0.22,1.0,1.0,10,nearest_restaurant,,300,67,110,110,5,115,187,3,0.3993055555555556,0.7804546996946047,0.028210474671899913,0.36666666666666664,0.6233333333333333,0.01,56.836363636363636,33.3,0.07462686567164178,49.0,0.9253731343283582,0.0,0.0,3.2666666666666666,2.238095238095238,5.266666666666667,1.135135135135135,0.7157190635451505,8.81981981981982,3913.8926,14510.01,11941.180733333333,9074.676666666666,2126.8695652173915,244590,815.3,2223.5454545454545,0.5116319444444445,226866.91666666666,110,111
2,43,18ebb2b7c75ab008f1a899b9ec13a0db0b1a98ff7363db46ce8b697e3d7fb4d3,300,12,p_0.22_stores_10_nearest_customer,factorial_cell,0.22,1.0,1.0,10,nearest_customer,,300,67,107,107,4,111,190,3,0.3854166666666667,0.7649018031468933,0.027994955863808322,0.3566666666666667,0.6333333333333333,0.01,55.61682242990654,33.58878504672897,0.05970149253731343,53.5,0.9402985074626866,0.0,0.0,2.5625,0.7213114754098361,6.8125,1.287037037037037,0.6454849498327759,6.87037037037037,3727.28065844,14259.77,11198.94334156,8973.103333333333,2143.2432432432433,237900,793.0,2223.3644859813085,0.5038773148148148,224327.58333333334,107,108
2,43,18ebb2b7c75ab008f1a899b9ec13a0db0b1a98ff7363db46ce8b697e3d7fb4d3,300,12,p_0.22_stores_15_uniform,factorial_cell,0.22,1.0,1.0,15,uniform,,300,67,105,105,1,106,192,3,0.3680555555555556,0.7188065099457505,0.026021848533202406,0.35,0.64,0.01,56.99047619047619,34.22857142857143,0.014925373134328358,67.0,0.9850746268656716,0.0,0.0,4.9375,0.48484848484848486,5.375,1.1886792452830188,0.7233333333333334,7.679245283018868,3584.60627348,14107.28,10616.26172652,8675.946666666667,2305.754716981132,244410,814.7,2327.714285714286,0.5120370370370371,216898.66666666666,105,106
2,43,18ebb2b7c75ab008f1a899b9ec13a0db0b1a98ff7363db46ce8b697e3d7fb4d3,300,12,p_0.22_stores_15_nearest_restaurant,factorial_cell,0.22,1.0,1.0,15,nearest_restaurant,,300,67,119,119,10,129,178,3,0.4479166666666667,0.8751696065128901,0.03194650817236255,0.39666666666666667,0.5933333333333334,0.01,54.60504201680672,31.6218487394958,0.14925373134328357,53.3,0.8507462686567164,0.0,0.0,3.85,2.2615384615384615,5.15,1.3083333333333333,0.6409395973154363,8.016666666666667,4293.91064359,14920.56,13491.455023076667,9536.56,1878.139534883721,242280,807.6,2035.9663865546217,0.5118055555555555,238414.0,119,120
2,43,18ebb2b7c75ab008f1a899b9ec13a0db0b1a98ff7363db46ce8b697e3d7fb4d3,300,12,p_0.22_stores_15_nearest_customer,factorial_cell,0.22,1.0,1.0,15,nearest_customer,,300,67,108,108,3,111,188,4,0.3854166666666667,0.7511842995713963,0.02776735459662289,0.36,0.6266666666666667,0.013333333333333334,54.398148148148145,32.620370370370374,0.04477611940298507,44.666666666666664,0.9552238805970149,0.0,0.0,4.117647058823529,1.507936507936508,5.705882352941177,1.2342342342342343,0.7166666666666667,6.414414414414415,3767.47626114,13919.6,11513.104405526667,8589.6,2160.810810810811,239850,799.5,2220.8333333333335,0.5130787037037037,214740.0,108,111
2,43,18ebb2b7c75ab008f1a899b9ec13a0db0b1a98ff7363db46ce8b697e3d7fb4d3,300,12,p_0.22_stores_20_uniform,factorial_cell,0.22,1.0,1.0,20,uniform,,300,67,105,105,2,107,193,2,0.3715277777777778,0.7314572177281531,0.02681704260651629,0.35,0.6433333333333333,0.006666666666666667,56.40952380952381,32.80952380952381,0.029850746268656716,53.0,0.9701492537313433,0.0,0.0,6.090909090909091,0.8059701492537313,4.545454545454546,1.019047619047619,0.6588628762541806,8.428571428571429,3593.76400667,13516.87,10888.649659996667,8196.87,2237.3831775700933,239400,798.0,2280.0,0.5079282407407407,204921.75,105,105
2,43,18ebb2b7c75ab008f1a899b9ec13a0db0b1a98ff7363db46ce8b697e3d7fb4d3,300,12,p_0.22_stores_20_nearest_restaurant,factorial_cell,0.22,1.0,1.0,20,nearest_restaurant,,300,67,112,112,8,120,186,2,0.4166666666666667,0.8055493398970687,0.02928972418843056,0.37333333333333335,0.62,0.006666666666666667,56.86607142857143,33.080357142857146,0.11940298507462686,58.375,0.8805970149253731,0.0,0.0,4.684210526315789,3.0,4.7894736842105265,1.3303571428571428,0.6956521739130435,8.857142857142858,4004.31297621,14646.86,12294.714690456667,9184.193333333333,2048.5,245820,819.4,2194.8214285714284,0.5172453703703703,229604.83333333334,112,112
2,43,18ebb2b7c75ab008f1a899b9ec13a0db0b1a98ff7363db46ce8b697e3d7fb4d3,300,12,p_0.22_stores_20_nearest_customer,factorial_cell,0.22,1.0,1.0,20,nearest_customer,,300,67,104,104,3,107,194,2,0.3715277777777778,0.7374224672639559,0.027261146496815287,0.3466666666666667,0.6466666666666666,0.006666666666666667,55.125,32.82692307692308,0.04477611940298507,46.333333333333336,0.9552238805970149,0.0,0.0,4.44,0.8412698412698413,5.32,1.2211538461538463,0.6588628762541806,7.394230769230769,3669.06015326,13473.86,11244.50584674,8240.526666666667,2200.9345794392525,235500,785.0,2264.423076923077,0.5038194444444445,206013.16666666666,104,104
2,43,18ebb2b7c75ab008f1a899b9ec13a0db0b1a98ff7363db46ce8b697e3d7fb4d3,300,12,p_0.44_stores_10_uniform,factorial_cell,0.44,1.0,1.0,10,uniform,,300,130,83,83,2,85,215,2,0.2951388888888889,0.5955856592315777,0.02268784198585346,0.27666666666666667,0.7166666666666667,0.006666666666666667,56.325301204819276,34.16867469879518,0.015384615384615385,47.0,0.9846153846153847,0.0,0.0,5.59375,2.3306451612903225,8.03125,1.2738095238095237,0.66,7.142857142857143,2918.99580435,11159.14,8773.632528983333,6163.806666666666,2644.5882352941176,224790,749.3,2708.3132530120483,0.4955439814814815,154095.16666666666,83,84
2,43,18ebb2b7c75ab008f1a899b9ec13a0db0b1a98ff7363db46ce8b697e3d7fb4d3,300,12,p_0.44_stores_10_nearest_restaurant,factorial_cell,0.44,1.0,1.0,10,nearest_restaurant,,300,130,83,83,10,93,215,2,0.3229166666666667,0.6583294006606889,0.025101214574898785,0.27666666666666667,0.7166666666666667,0.006666666666666667,55.93975903614458,33.16867469879518,0.07692307692307693,54.6,0.9230769230769231,0.0,0.0,5.387096774193548,4.033333333333333,2.774193548387097,1.2530120481927711,0.6174496644295302,8.144578313253012,3299.31043105,11088.76,10513.53456895,6148.76,2390.3225806451615,222300,741.0,2678.3132530120483,0.49050925925925926,153719.0,83,83
2,43,18ebb2b7c75ab008f1a899b9ec13a0db0b1a98ff7363db46ce8b697e3d7fb4d3,300,12,p_0.44_stores_10_nearest_customer,factorial_cell,0.44,1.0,1.0,10,nearest_customer,,300,130,80,80,4,84,217,3,0.2916666666666667,0.5993578308954691,0.023214038966422552,0.26666666666666666,0.7233333333333334,0.01,53.9,32.9125,0.03076923076923077,44.0,0.9692307692307692,0.0,0.75,4.2,4.65546218487395,4.333333333333333,1.6296296296296295,0.6833333333333333,6.444444444444445,2787.73226864,10470.98,8452.05173136,5646.3133333333335,2584.6428571428573,217110,723.7,2713.875,0.48663194444444446,141157.83333333334,80,81
2,43,18ebb2b7c75ab008f1a899b9ec13a0db0b1a98ff7363db46ce8b697e3d7fb4d3,300,12,p_0.44_stores_15_uniform,factorial_cell,0.44,1.0,1.0,15,uniform,,300,130,81,81,1,82,217,2,0.2847222222222222,0.5805309734513274,0.022096469954190245,0.27,0.7233333333333334,0.006666666666666667,56.7037037037037,34.67901234567901,0.007692307692307693,60.0,0.9923076923076923,0.0,0.0,4.435897435897436,1.765625,4.871794871794871,1.2222222222222223,0.6789297658862876,7.2592592592592595,2802.21567875,11018.38,8302.945987916666,6070.38,2715.3658536585367,222660,742.2,2748.8888888888887,0.4904513888888889,151759.5,81,81
2,43,18ebb2b7c75ab008f1a899b9ec13a0db0b1a98ff7363db46ce8b697e3d7fb4d3,300,12,p_0.44_stores_15_nearest_restaurant,factorial_cell,0.44,1.0,1.0,15,nearest_restaurant,,300,130,83,83,13,96,215,2,0.3333333333333333,0.6810120595885552,0.026183008318559936,0.27666666666666667,0.7166666666666667,0.006666666666666667,56.71084337349398,33.19277108433735,0.1,56.61538461538461,0.9,0.0,0.0,4.566666666666666,3.6615384615384614,5.733333333333333,0.9036144578313253,0.7033333333333334,8.698795180722891,3195.97334473,11112.22,10039.07965527,6223.553333333333,2291.5625,219990,733.3,2650.4819277108436,0.4894675925925926,155588.83333333334,83,83
2,43,18ebb2b7c75ab008f1a899b9ec13a0db0b1a98ff7363db46ce8b697e3d7fb4d3,300,12,p_0.44_stores_15_nearest_customer,factorial_cell,0.44,1.0,1.0,15,nearest_customer,,300,130,77,77,1,78,221,2,0.2708333333333333,0.556745182012848,0.021095334685598377,0.25666666666666665,0.7366666666666667,0.006666666666666667,56.324675324675326,34.36363636363637,0.007692307692307693,33.0,0.9923076923076923,0.0,0.0,3.9655172413793105,3.3089430894308944,5.275862068965517,1.0769230769230769,0.6220735785953178,6.948717948717949,2660.85157697,10388.87,7912.92542303,5458.87,2844.230769230769,221850,739.5,2881.1688311688313,0.4864583333333333,136471.75,77,78
2,43,18ebb2b7c75ab008f1a899b9ec13a0db0b1a98ff7363db46ce8b697e3d7fb4d3,300,12,p_0.44_stores_20_uniform,factorial_cell,0.44,1.0,1.0,20,uniform,,300,130,82,82,3,85,215,3,0.2951388888888889,0.6079389676957921,0.022627445760681486,0.2733333333333333,0.7166666666666667,0.01,55.853658536585364,34.25609756097561,0.023076923076923078,47.0,0.9769230769230769,0.0,0.0,3.875,0.9448818897637795,6.4,1.2289156626506024,0.6833333333333333,7.036144578313253,2891.11512823,11096.58,8672.594538436666,6087.913333333333,2651.6470588235293,225390,751.3,2748.6585365853657,0.485474537037037,152197.83333333334,82,83
2,43,18ebb2b7c75ab008f1a899b9ec13a0db0b1a98ff7363db46ce8b697e3d7fb4d3,300,12,p_0.44_stores_20_nearest_restaurant,factorial_cell,0.44,1.0,1.0,20,nearest_restaurant,,300,130,83,83,15,98,214,3,0.3402777777777778,0.6960227272727272,0.02680891806866366,0.27666666666666667,0.7133333333333334,0.01,57.42168674698795,33.24096385542169,0.11538461538461539,57.333333333333336,0.8846153846153846,0.0,0.4666666666666667,6.387096774193548,3.1875,4.258064516129032,1.0238095238095237,0.7333333333333333,9.083333333333334,3256.15221825,11155.23,10293.19278175,6281.23,2238.061224489796,219330,731.1,2642.5301204819275,0.4888888888888889,157030.75,83,84
2,43,18ebb2b7c75ab008f1a899b9ec13a0db0b1a98ff7363db46ce8b697e3d7fb4d3,300,12,p_0.44_stores_20_nearest_customer,factorial_cell,0.44,1.0,1.0,20,nearest_customer,,300,130,78,78,3,81,220,2,0.28125,0.5763073639274279,0.021756647864625302,0.26,0.7333333333333333,0.006666666666666667,55.53846153846154,33.91025641025641,0.023076923076923078,36.666666666666664,0.9769230769230769,0.0,3.0,4.806451612903226,2.3548387096774195,2.806451612903226,1.0256410256410255,0.6321070234113713,7.153846153846154,2757.86405224,10431.88,8332.87994776,5467.88,2757.777777777778,223380,744.6,2863.846153846154,0.48802083333333335,136697.0,78,78
2,43,18ebb2b7c75ab008f1a899b9ec13a0db0b1a98ff7363db46ce8b697e3d7fb4d3,300,12,p_0.66_stores_10_uniform,factorial_cell,0.66,1.0,1.0,10,uniform,,300,187,50,50,5,55,248,2,0.1909722222222222,0.4031765424557117,0.01632289657219172,0.16666666666666666,0.8266666666666667,0.006666666666666667,54.08,31.78,0.026737967914438502,65.0,0.9732620320855615,0.0,0.0,5.209302325581396,4.610169491525424,5.372093023255814,1.94,0.6766666666666666,6.76,1776.62011258,6416.31,5487.044554086667,1923.6433333333334,3675.818181818182,202170,673.9,4043.4,0.47366898148148145,48091.083333333336,50,50
2,43,18ebb2b7c75ab008f1a899b9ec13a0db0b1a98ff7363db46ce8b697e3d7fb4d3,300,12,p_0.66_stores_10_nearest_restaurant,factorial_cell,0.66,1.0,1.0,10,nearest_restaurant,,300,187,65,65,10,75,233,2,0.2604166666666667,0.5359056806002144,0.021279614129663782,0.21666666666666667,0.7766666666666666,0.006666666666666667,54.53846153846154,33.323076923076925,0.053475935828877004,54.7,0.946524064171123,0.0,1.5,5.54054054054054,5.694117647058824,4.621621621621622,1.7121212121212122,0.7066666666666667,6.2272727272727275,2534.81293288,8750.58,7986.861733786666,4051.2466666666664,2819.6,211470,704.9,3253.3846153846152,0.4859375,101281.16666666667,65,66
2,43,18ebb2b7c75ab008f1a899b9ec13a0db0b1a98ff7363db46ce8b697e3d7fb4d3,300,12,p_0.66_stores_10_nearest_customer,factorial_cell,0.66,1.0,1.0,10,nearest_customer,,300,187,62,62,3,65,235,3,0.22569444444444445,0.4702194357366772,0.019496100779844032,0.20666666666666667,0.7833333333333333,0.01,54.75806451612903,32.70967741935484,0.016042780748663103,37.0,0.983957219251337,0.0,0.0,5.862068965517241,6.770588235294118,5.241379310344827,1.492063492063492,0.6722408026755853,7.222222222222222,2181.12208968,8019.41,6680.652576986667,3574.076666666667,3077.5384615384614,200040,666.8,3226.451612903226,0.47997685185185185,89351.91666666667,62,63
2,43,18ebb2b7c75ab008f1a899b9ec13a0db0b1a98ff7363db46ce8b697e3d7fb4d3,300,12,p_0.66_stores_15_uniform,factorial_cell,0.66,1.0,1.0,15,uniform,,300,187,61,61,4,65,237,2,0.22569444444444445,0.46807489198271723,0.018505338078291814,0.20333333333333334,0.79,0.006666666666666667,56.21311475409836,33.68852459016394,0.0213903743315508,65.25,0.9786096256684492,0.0,0.0,3.938775510204082,2.4318181818181817,6.673469387755102,1.096774193548387,0.6174496644295302,7.403225806451613,2232.39988884,8242.28,6824.270777826667,3558.9466666666667,3242.3076923076924,210750,702.5,3454.9180327868853,0.48217592592592595,88973.66666666667,61,62
2,43,18ebb2b7c75ab008f1a899b9ec13a0db0b1a98ff7363db46ce8b697e3d7fb4d3,300,12,p_0.66_stores_15_nearest_restaurant,factorial_cell,0.66,1.0,1.0,15,nearest_restaurant,,300,187,85,85,22,107,212,3,0.3715277777777778,0.7347219043259328,0.028682482240986462,0.2833333333333333,0.7066666666666667,0.01,58.07058823529412,33.8235294117647,0.11764705882352941,58.86363636363637,0.8823529411764706,0.0,0.36363636363636365,3.6666666666666665,4.338983050847458,6.355555555555555,0.813953488372093,0.7,9.430232558139535,3627.76403,11686.99,11758.162636666666,6712.99,2091.8691588785045,223830,746.1,2633.294117647059,0.5056712962962963,167824.75,85,86
2,43,18ebb2b7c75ab008f1a899b9ec13a0db0b1a98ff7363db46ce8b697e3d7fb4d3,300,12,p_0.66_stores_15_nearest_customer,factorial_cell,0.66,1.0,1.0,15,nearest_customer,,300,187,56,56,1,57,241,3,0.19791666666666666,0.4112059636888301,0.017173847544441095,0.18666666666666668,0.8033333333333333,0.01,56.357142857142854,34.732142857142854,0.0053475935828877,29.0,0.9946524064171123,0.0,0.0,7.175,5.224137931034483,5.3,0.8245614035087719,0.6833333333333333,7.140350877192983,1899.51123377,7651.87,5556.612432896667,3226.536666666667,3493.684210526316,199140,663.8,3556.0714285714284,0.48130787037037037,80663.41666666667,56,57
2,43,18ebb2b7c75ab008f1a899b9ec13a0db0b1a98ff7363db46ce8b697e3d7fb4d3,300,12,p_0.66_stores_20_uniform,factorial_cell,0.66,1.0,1.0,20,uniform,,300,187,60,60,3,63,238,2,0.21875,0.4542723230380964,0.01792573623559539,0.2,0.7933333333333333,0.006666666666666667,56.65,33.18333333333333,0.016042780748663103,69.0,0.983957219251337,0.0,0.0,4.714285714285714,2.469945355191257,4.535714285714286,1.0,0.7233333333333334,8.183333333333334,2100.34141864,7968.58,6336.84258136,3282.58,3347.1428571428573,210870,702.9,3514.5,0.48153935185185187,82064.5,60,60
2,43,18ebb2b7c75ab008f1a899b9ec13a0db0b1a98ff7363db46ce8b697e3d7fb4d3,300,12,p_0.66_stores_20_nearest_restaurant,factorial_cell,0.66,1.0,1.0,20,nearest_restaurant,,300,187,74,74,20,94,223,3,0.3263888888888889,0.6657223796033995,0.02571467651484065,0.24666666666666667,0.7433333333333333,0.01,57.0,33.87837837837838,0.10695187165775401,60.5,0.893048128342246,0.0,1.35,3.953488372093023,3.3085714285714287,6.627906976744186,0.7733333333333333,0.6833333333333333,8.453333333333333,3051.20280147,10173.82,9754.657531863333,5299.82,2333.2978723404253,219330,731.1,2963.9189189189187,0.49027777777777776,132495.5,74,75
2,43,18ebb2b7c75ab008f1a899b9ec13a0db0b1a98ff7363db46ce8b697e3d7fb4d3,300,12,p_0.66_stores_20_nearest_customer,factorial_cell,0.66,1.0,1.0,20,nearest_customer,,300,187,53,53,2,55,245,2,0.1909722222222222,0.4041146216017634,0.016646489104116223,0.17666666666666667,0.8166666666666667,0.006666666666666667,55.41509433962264,32.60377358490566,0.0106951871657754,32.0,0.9893048128342246,0.0,0.0,4.7727272727272725,4.403314917127072,5.409090909090909,0.8490566037735849,0.6488294314381271,8.660377358490566,1764.27344167,6842.5,5264.59355833,2437.1666666666665,3604.3636363636365,198240,660.8,3740.377358490566,0.47256944444444443,60929.166666666664,53,53
3,44,f47ae80f949a781aafdac786a79f571f13ff85cc8778971262309e838f981903,300,12,baseline,baseline,0.0,1.0,1.0,15,uniform,,300,0,139,139,0,139,156,5,0.4826388888888889,0.9039670496423151,0.032105323940408825,0.4633333333333333,0.52,0.016666666666666666,53.86330935251799,31.784172661870503,,,,,,,,,1.49645390070922,0.44333333333333336,7.453900709219858,4612.25512892,17336.94,13978.730204413334,11564.273333333333,1868.8489208633093,259770,865.9,1868.8489208633093,0.533912037037037,289106.8333333333,139,141
3,44,f47ae80f949a781aafdac786a79f571f13ff85cc8778971262309e838f981903,300,12,p_0.22_stores_10_uniform,factorial_cell,0.22,1.0,1.0,10,uniform,,300,62,115,115,3,118,182,3,0.4097222222222222,0.7959527824620574,0.028925113371736734,0.38333333333333336,0.6066666666666667,0.01,54.15652173913043,32.37391304347826,0.04838709677419355,66.66666666666667,0.9354838709677419,0.016129032258064516,0.0,2.0833333333333335,1.1967213114754098,8.0,1.0,0.44666666666666666,7.556521739130435,3946.28789741,14709.42,12008.966435923334,9270.086666666666,2074.322033898305,244770,815.9,2128.4347826086955,0.5147569444444444,231752.16666666666,115,115
3,44,f47ae80f949a781aafdac786a79f571f13ff85cc8778971262309e838f981903,300,12,p_0.22_stores_10_nearest_restaurant,factorial_cell,0.22,1.0,1.0,10,nearest_restaurant,,300,62,111,111,5,116,185,4,0.4027777777777778,0.7861741782446627,0.028805562453439286,0.37,0.6166666666666667,0.013333333333333334,54.450450450450454,31.82882882882883,0.08064516129032258,51.2,0.9032258064516129,0.016129032258064516,1.2,3.4166666666666665,1.7419354838709677,3.9166666666666665,1.1339285714285714,0.44,7.580357142857143,3880.43551454,13993.89,11992.611818793333,8624.556666666667,2082.9310344827586,241620,805.4,2176.7567567567567,0.5123263888888889,215613.91666666666,111,112
3,44,f47ae80f949a781aafdac786a79f571f13ff85cc8778971262309e838f981903,300,12,p_0.22_stores_10_nearest_customer,factorial_cell,0.22,1.0,1.0,10,nearest_customer,,300,62,101,101,0,101,193,6,0.3506944444444444,0.6963116166839021,0.02581799591002045,0.33666666666666667,0.6433333333333333,0.02,53.336633663366335,31.801980198019802,0.0,,0.9838709677419355,0.016129032258064516,,6.066666666666666,4.213114754098361,9.666666666666666,1.3269230769230769,0.45666666666666667,7.490384615384615,3284.64481146,12617.57,9848.947855206667,7401.57,2323.960396039604,234720,782.4,2323.960396039604,0.5036458333333333,185039.25,101,104
3,44,f47ae80f949a781aafdac786a79f571f13ff85cc8778971262309e838f981903,300,12,p_0.22_stores_15_uniform,factorial_cell,0.22,1.0,1.0,15,uniform,,300,62,103,103,2,105,191,6,0.3645833333333333,0.711864406779661,0.026035209521448055,0.3433333333333333,0.6366666666666667,0.02,56.077669902912625,33.9126213592233,0.03225806451612903,79.5,0.9516129032258065,0.016129032258064516,0.0,3.235294117647059,1.1147540983606556,5.647058823529412,1.3113207547169812,0.4666666666666667,7.386792452830188,3509.79689259,13814.03,10394.248774076666,8436.696666666667,2304.5714285714284,241980,806.6,2349.3203883495144,0.5121527777777778,210917.41666666666,103,106
3,44,f47ae80f949a781aafdac786a79f571f13ff85cc8778971262309e838f981903,300,12,p_0.22_stores_15_nearest_restaurant,factorial_cell,0.22,1.0,1.0,15,nearest_restaurant,,300,62,103,103,6,109,192,5,0.3784722222222222,0.7491408934707904,0.027421383647798742,0.3433333333333333,0.64,0.016666666666666666,54.76699029126213,33.10679611650485,0.0967741935483871,51.5,0.8870967741935484,0.016129032258064516,1.0,4.416666666666667,0.8870967741935484,6.916666666666667,1.276190476190476,0.43333333333333335,7.247619047619048,3643.0998621,13477.77,11126.0901379,8177.77,2188.0733944954127,238500,795.0,2315.5339805825242,0.5052083333333334,204444.25,103,105
3,44,f47ae80f949a781aafdac786a79f571f13ff85cc8778971262309e838f981903,300,12,p_0.22_stores_15_nearest_customer,factorial_cell,0.22,1.0,1.0,15,nearest_customer,,300,62,101,101,0,101,194,5,0.3506944444444444,0.6875425459496256,0.025124378109452738,0.33666666666666667,0.6466666666666666,0.016666666666666666,56.13861386138614,34.31683168316832,0.0,,0.9838709677419355,0.016129032258064516,,4.714285714285714,1.5,10.857142857142858,1.2718446601941749,0.39464882943143814,7.048543689320389,3360.5763946,13583.34,9812.710272066666,8223.34,2388.1188118811883,241200,804.0,2388.1188118811883,0.5100694444444445,205583.5,101,103
3,44,f47ae80f949a781aafdac786a79f571f13ff85cc8778971262309e838f981903,300,12,p_0.22_stores_20_uniform,factorial_cell,0.22,1.0,1.0,20,uniform,,300,62,106,106,1,107,190,4,0.3715277777777778,0.730458527705086,0.026478594407324918,0.35333333333333333,0.6333333333333333,0.013333333333333334,55.89622641509434,33.764150943396224,0.016129032258064516,75.0,0.967741935483871,0.016129032258064516,0.0,2.8181818181818183,0.5737704918032787,10.636363636363637,1.2523364485981308,0.46,7.728971962616822,3612.36206802,14111.19,10739.69993198,8723.19,2265.9813084112147,242460,808.2,2287.3584905660377,0.5086226851851852,218079.75,106,107
3,44,f47ae80f949a781aafdac786a79f571f13ff85cc8778971262309e838f981903,300,12,p_0.22_stores_20_nearest_restaurant,factorial_cell,0.22,1.0,1.0,20,nearest_restaurant,,300,62,111,111,7,118,184,5,0.4097222222222222,0.8019028202514441,0.02880156211862338,0.37,0.6133333333333333,0.016666666666666666,54.9009009009009,32.054054054054056,0.11290322580645161,48.714285714285715,0.8709677419354839,0.016129032258064516,0.8571428571428571,2.5,0.7540983606557377,8.0,0.8761061946902655,0.44666666666666666,7.84070796460177,3963.73696991,14111.19,12321.747363423334,8648.523333333333,2083.2203389830506,245820,819.4,2214.5945945945946,0.5109375,216213.08333333334,111,113
3,44,f47ae80f949a781aafdac786a79f571f13ff85cc8778971262309e838f981903,300,12,p_0.22_stores_20_nearest_customer,factorial_cell,0.22,1.0,1.0,20,nearest_customer,,300,62,102,102,1,103,193,5,0.3576388888888889,0.7094478245895993,0.026006817321045324,0.34,0.6433333333333333,0.016666666666666666,54.068627450980394,32.44117647058823,0.016129032258064516,47.0,0.967741935483871,0.016129032258064516,0.0,4.777777777777778,1.3114754098360655,9.444444444444445,1.0576923076923077,0.45666666666666667,7.144230769230769,3374.66693009,13035.94,10090.468736576666,7755.2733333333335,2307.0873786407765,237630,792.1,2329.705882352941,0.5041087962962963,193881.83333333334,102,104
3,44,f47ae80f949a781aafdac786a79f571f13ff85cc8778971262309e838f981903,300,12,p_0.44_stores_10_uniform,factorial_cell,0.44,1.0,1.0,10,uniform,,300,135,77,77,3,80,220,3,0.2777777777777778,0.5673758865248227,0.021968968831525472,0.25666666666666665,0.7333333333333333,0.01,55.15584415584416,31.77922077922078,0.022222222222222223,64.33333333333333,0.9703703703703703,0.007407407407407408,0.0,6.586206896551724,4.7251908396946565,2.310344827586207,0.961038961038961,0.4080267558528428,8.519480519480519,2668.86682367,9669.43,8230.686842996667,4814.096666666666,2731.125,218490,728.3,2837.5324675324673,0.4895833333333333,120352.41666666667,77,77
3,44,f47ae80f949a781aafdac786a79f571f13ff85cc8778971262309e838f981903,300,12,p_0.44_stores_10_nearest_restaurant,factorial_cell,0.44,1.0,1.0,10,nearest_restaurant,,300,135,85,85,15,100,210,5,0.3472222222222222,0.6952491309385863,0.02786679671171799,0.2833333333333333,0.7,0.016666666666666666,57.588235294117645,33.082352941176474,0.1111111111111111,56.333333333333336,0.8814814814814815,0.007407407407407408,0.8,5.92,4.571428571428571,3.36,0.632183908045977,0.43666666666666665,9.091954022988507,3357.77999135,11491.49,10619.11500865,6706.823333333334,2153.1,215310,717.7,2533.0588235294117,0.4994212962962963,167670.58333333334,85,87
3,44,f47ae80f949a781aafdac786a79f571f13ff85cc8778971262309e838f981903,300,12,p_0.44_stores_10_nearest_customer,factorial_cell,0.44,1.0,1.0,10,nearest_customer,,300,135,79,79,3,82,217,4,0.2847222222222222,0.5801202688362221,0.02264567798950566,0.2633333333333333,0.7233333333333334,0.013333333333333334,56.08860759493671,33.89873417721519,0.022222222222222223,49.666666666666664,0.9703703703703703,0.007407407407407408,0.0,3.8214285714285716,5.7819548872180455,7.428571428571429,1.1125,0.48333333333333334,7.6,2718.36868857,10631.29,8076.981644763333,5803.29,2649.512195121951,217260,724.2,2750.1265822784812,0.4907986111111111,145082.25,79,80
3,44,f47ae80f949a781aafdac786a79f571f13ff85cc8778971262309e838f981903,300,12,p_0.44_stores_15_uniform,factorial_cell,0.44,1.0,1.0,15,uniform,,300,135,77,77,4,81,219,4,0.28125,0.5748078060319338,0.0220949263502455,0.25666666666666665,0.73,0.013333333333333334,54.90909090909091,32.81818181818182,0.02962962962962963,62.25,0.9629629629629629,0.007407407407407408,0.0,4.964285714285714,2.885496183206107,4.0,1.7820512820512822,0.47,7.243589743589744,2651.54185379,10099.53,7984.290479543333,5211.53,2715.5555555555557,219960,733.2,2856.6233766233768,0.48929398148148145,130288.25,77,78
3,44,f47ae80f949a781aafdac786a79f571f13ff85cc8778971262309e838f981903,300,12,p_0.44_stores_15_nearest_restaurant,factorial_cell,0.44,1.0,1.0,15,nearest_restaurant,,300,135,86,86,14,100,210,4,0.3472222222222222,0.6929206605843631,0.02663825253063399,0.2866666666666667,0.7,0.013333333333333334,57.52325581395349,34.24418604651163,0.1037037037037037,64.0,0.8888888888888888,0.007407407407407408,1.1428571428571428,5.68,3.128787878787879,5.12,0.8275862068965517,0.44666666666666666,8.735632183908047,3283.65815921,11831.66,10152.20284079,6826.326666666667,2252.4,225240,750.8,2619.0697674418607,0.501099537037037,170658.16666666666,86,87
3,44,f47ae80f949a781aafdac786a79f571f13ff85cc8778971262309e838f981903,300,12,p_0.44_stores_15_nearest_customer,factorial_cell,0.44,1.0,1.0,15,nearest_customer,,300,135,81,81,3,84,214,5,0.2916666666666667,0.5980066445182725,0.022699635184434536,0.27,0.7133333333333334,0.016666666666666666,55.34567901234568,33.04938271604938,0.022222222222222223,38.333333333333336,0.9703703703703703,0.007407407407407408,0.0,5.857142857142857,3.3740458015267176,6.678571428571429,1.1204819277108433,0.45666666666666667,7.578313253012048,2818.15744477,10627.38,8527.806221896666,5693.38,2643.214285714286,222030,740.1,2741.1111111111113,0.4877314814814815,142334.5,81,83
3,44,f47ae80f949a781aafdac786a79f571f13ff85cc8778971262309e838f981903,300,12,p_0.44_stores_20_uniform,factorial_cell,0.44,1.0,1.0,20,uniform,,300,135,76,76,1,77,220,4,0.2673611111111111,0.5479777013402918,0.021130625686059275,0.25333333333333335,0.7333333333333333,0.013333333333333334,55.473684210526315,34.01315789473684,0.007407407407407408,65.0,0.9851851851851852,0.007407407407407408,0.0,5.527777777777778,1.9153846153846155,2.861111111111111,1.6363636363636365,0.45666666666666667,6.818181818181818,2579.23704213,10142.54,7641.902624536667,5283.873333333333,2839.4805194805194,218640,728.8,2876.842105263158,0.48790509259259257,132096.83333333334,76,77
3,44,f47ae80f949a781aafdac786a79f571f13ff85cc8778971262309e838f981903,300,12,p_0.44_stores_20_nearest_restaurant,factorial_cell,0.44,1.0,1.0,20,nearest_restaurant,,300,135,77,77,13,90,219,4,0.3125,0.6405693950177936,0.024855012427506214,0.25666666666666665,0.73,0.013333333333333334,56.311688311688314,33.42857142857143,0.0962962962962963,54.38461538461539,0.8962962962962963,0.007407407407407408,0.8461538461538461,4.074074074074074,2.9603174603174605,5.814814814814815,1.0128205128205128,0.4013377926421405,8.064102564102564,3082.18936374,10338.04,9829.877969593334,5510.04,2414.0,217260,724.2,2821.5584415584417,0.4878472222222222,137751.0,77,78
3,44,f47ae80f949a781aafdac786a79f571f13ff85cc8778971262309e838f981903,300,12,p_0.44_stores_20_nearest_customer,factorial_cell,0.44,1.0,1.0,20,nearest_customer,,300,135,79,79,2,81,216,5,0.28125,0.582803693488428,0.0219720602197206,0.2633333333333333,0.72,0.016666666666666666,54.21518987341772,31.810126582278482,0.014814814814814815,35.0,0.9777777777777777,0.007407407407407408,0.0,4.266666666666667,2.1603053435114505,5.433333333333334,1.0987654320987654,0.44666666666666666,8.234567901234568,2670.84011575,9966.59,8123.228217583333,5051.256666666667,2730.740740740741,221190,737.3,2799.8734177215188,0.48258101851851853,126281.41666666667,79,81
3,44,f47ae80f949a781aafdac786a79f571f13ff85cc8778971262309e838f981903,300,12,p_0.66_stores_10_uniform,factorial_cell,0.66,1.0,1.0,10,uniform,,300,190,50,50,3,53,247,3,0.1840277777777778,0.3923019985196151,0.01662223616120433,0.16666666666666666,0.8233333333333334,0.01,54.84,33.46,0.015789473684210527,70.33333333333333,0.9789473684210527,0.005263157894736842,0.0,8.829268292682928,6.311475409836065,1.8048780487804879,0.78,0.45666666666666667,7.66,1816.54723555,6697.83,5556.594431116667,2446.4966666666664,3609.622641509434,191310,637.7,3826.2,0.4690972222222222,61162.416666666664,50,50
3,44,f47ae80f949a781aafdac786a79f571f13ff85cc8778971262309e838f981903,300,12,p_0.66_stores_10_nearest_restaurant,factorial_cell,0.66,1.0,1.0,10,nearest_restaurant,,300,190,64,64,12,76,232,4,0.2638888888888889,0.5459116485095176,0.022757897888905525,0.21333333333333335,0.7733333333333333,0.013333333333333334,59.40625,35.640625,0.06315789473684211,63.75,0.9315789473684211,0.005263157894736842,0.5,5.222222222222222,7.781609195402299,2.6296296296296298,0.5384615384615384,0.44,9.153846153846153,2622.19228276,9325.35,8155.250383906667,4872.683333333333,2636.4473684210525,200370,667.9,3130.78125,0.4833912037037037,121817.08333333333,64,65
3,44,f47ae80f949a781aafdac786a79f571f13ff85cc8778971262309e838f981903,300,12,p_0.66_stores_10_nearest_customer,factorial_cell,0.66,1.0,1.0,10,nearest_customer,,300,190,51,51,2,53,246,3,0.1840277777777778,0.3957192633150821,0.01662223616120433,0.17,0.82,0.01,52.76470588235294,31.686274509803923,0.010526315789473684,54.5,0.9842105263157894,0.005263157894736842,0.0,7.235294117647059,8.738888888888889,4.470588235294118,1.3529411764705883,0.4633333333333333,6.431372549019608,1715.25658125,6463.23,5192.38841875,2211.8966666666665,3609.622641509434,191310,637.7,3751.176470588235,0.4650462962962963,55297.416666666664,51,51
3,44,f47ae80f949a781aafdac786a79f571f13ff85cc8778971262309e838f981903,300,12,p_0.66_stores_15_uniform,factorial_cell,0.66,1.0,1.0,15,uniform,,300,190,59,59,1,60,237,4,0.20833333333333334,0.44031311154598823,0.017748853719863924,0.19666666666666666,0.79,0.013333333333333334,53.355932203389834,31.25423728813559,0.005263157894736842,41.0,0.9894736842105263,0.005263157894736842,0.0,6.512195121951219,3.9623655913978495,4.024390243902439,0.7666666666666667,0.4214046822742475,7.983333333333333,1998.4242737,7249.14,6159.639059633333,2741.806666666667,3380.5,202830,676.1,3437.7966101694915,0.47314814814814815,68545.16666666667,59,60
3,44,f47ae80f949a781aafdac786a79f571f13ff85cc8778971262309e838f981903,300,12,p_0.66_stores_15_nearest_restaurant,factorial_cell,0.66,1.0,1.0,15,nearest_restaurant,,300,190,70,70,17,87,226,4,0.3020833333333333,0.6342648845686513,0.025213737139544994,0.23333333333333334,0.7533333333333333,0.013333333333333334,54.97142857142857,31.914285714285715,0.08947368421052632,58.11764705882353,0.9052631578947369,0.005263157894736842,0.8235294117647058,4.205882352941177,5.157303370786517,3.735294117647059,1.056338028169014,0.44333333333333336,8.140845070422536,2927.24789933,9258.88,9554.771767336666,4658.213333333333,2379.655172413793,207030,690.1,2957.5714285714284,0.47627314814814814,116455.33333333333,70,71
3,44,f47ae80f949a781aafdac786a79f571f13ff85cc8778971262309e838f981903,300,12,p_0.66_stores_15_nearest_customer,factorial_cell,0.66,1.0,1.0,15,nearest_customer,,300,190,61,61,3,64,235,4,0.2222222222222222,0.4708190289357528,0.019130174861754595,0.20333333333333334,0.7833333333333333,0.013333333333333334,52.80327868852459,29.737704918032787,0.015789473684210527,32.0,0.9789473684210527,0.005263157894736842,0.0,6.45945945945946,5.337016574585635,4.837837837837838,1.3870967741935485,0.44666666666666666,8.161290322580646,2049.69114705,7241.32,6393.527186283333,2780.653333333333,3136.40625,200730,669.1,3290.655737704918,0.47199074074074077,69516.33333333333,61,62
3,44,f47ae80f949a781aafdac786a79f571f13ff85cc8778971262309e838f981903,300,12,p_0.66_stores_20_uniform,factorial_cell,0.66,1.0,1.0,20,uniform,,300,190,49,49,2,51,248,3,0.17708333333333334,0.37624492807082255,0.01565617805065234,0.16333333333333333,0.8266666666666667,0.01,56.224489795918366,34.204081632653065,0.010526315789473684,70.5,0.9842105263157894,0.005263157894736842,0.0,5.9361702127659575,2.691891891891892,4.25531914893617,0.6326530612244898,0.45666666666666667,8.693877551020408,1750.80762347,6709.56,5256.012709863333,2366.2266666666665,3832.3529411764707,195450,651.5,3988.7755102040815,0.47065972222222224,59155.666666666664,49,49
3,44,f47ae80f949a781aafdac786a79f571f13ff85cc8778971262309e838f981903,300,12,p_0.66_stores_20_nearest_restaurant,factorial_cell,0.66,1.0,1.0,20,nearest_restaurant,,300,190,68,68,18,86,228,4,0.2986111111111111,0.6339845189826759,0.024844720496894408,0.22666666666666666,0.76,0.013333333333333334,54.36764705882353,31.11764705882353,0.09473684210526316,57.388888888888886,0.9,0.005263157894736842,0.7777777777777778,4.470588235294118,4.633720930232558,4.088235294117647,1.0724637681159421,0.45,8.478260869565217,2903.9650122,8727.12,9658.1349878,4111.786666666667,2415.0,207690,692.3,3054.264705882353,0.47100694444444446,102794.66666666667,68,69
3,44,f47ae80f949a781aafdac786a79f571f13ff85cc8778971262309e838f981903,300,12,p_0.66_stores_20_nearest_customer,factorial_cell,0.66,1.0,1.0,20,nearest_customer,,300,190,59,59,2,61,238,3,0.21180555555555555,0.44466043008139955,0.01762496388327073,0.19666666666666666,0.7933333333333333,0.01,54.271186440677965,32.067796610169495,0.010526315789473684,39.0,0.9842105263157894,0.005263157894736842,0.0,5.55,4.454054054054054,5.675,1.2542372881355932,0.46,7.067796610169491,2008.68581467,7561.94,6083.374518663333,2947.2733333333335,3404.2622950819673,207660,692.2,3519.6610169491523,0.4763310185185185,73681.83333333333,59,59
4,45,71bd088936c410167d9967a229387f93c847d372b2b468cb3176219f3b58c98e,300,12,baseline,baseline,0.0,1.0,1.0,15,uniform,,300,0,132,132,0,132,167,1,0.4583333333333333,0.9040063919643876,0.03201164059658058,0.44,0.5566666666666666,0.0033333333333333335,53.18181818181818,31.545454545454547,,,,,,,,,1.300751879699248,0.72,6.390977443609023,4413.04875919,16414.18,13443.09024081,10916.18,1874.3181818181818,247410,824.7,1874.3181818181818,0.5070023148148148,272904.5,132,133
4,45,71bd088936c410167d9967a229387f93c847d372b2b468cb3176219f3b58c98e,300,12,p_0.22_stores_10_uniform,factorial_cell,0.22,1.0,1.0,10,uniform,,300,67,105,105,0,105,194,1,0.3645833333333333,0.7283236994219654,0.026888604353393086,0.35,0.6466666666666666,0.0033333333333333335,53.923809523809524,32.10476190476191,0.0,,0.9850746268656716,0.014925373134328358,,6.666666666666667,1.4242424242424243,3.3333333333333335,1.361904761904762,0.6375838926174496,6.552380952380952,3560.29394783,13250.99,10842.04905217,8044.323333333334,2231.4285714285716,234300,781.0,2231.4285714285716,0.5005787037037037,201108.08333333334,105,105
4,45,71bd088936c410167d9967a229387f93c847d372b2b468cb3176219f3b58c98e,300,12,p_0.22_stores_10_nearest_restaurant,factorial_cell,0.22,1.0,1.0,10,nearest_restaurant,,300,67,112,112,5,117,187,1,0.40625,0.7989074769545921,0.029213483146067417,0.37333333333333335,0.6233333333333333,0.0033333333333333335,55.30357142857143,33.1875,0.07462686567164178,65.8,0.9104477611940298,0.014925373134328358,0.0,5.466666666666667,1.2923076923076924,5.466666666666667,1.2589285714285714,0.5906040268456376,7.392857142857143,3931.84008801,14685.96,11953.10091199,9345.96,2053.846153846154,240300,801.0,2145.535714285714,0.5085069444444444,233649.0,112,112
4,45,71bd088936c410167d9967a229387f93c847d372b2b468cb3176219f3b58c98e,300,12,p_0.22_stores_10_nearest_customer,factorial_cell,0.22,1.0,1.0,10,nearest_customer,,300,67,107,107,1,108,192,1,0.375,0.7458563535911602,0.02725208175624527,0.3566666666666667,0.64,0.0033333333333333335,54.691588785046726,31.66355140186916,0.014925373134328358,39.0,0.9701492537313433,0.014925373134328358,0.0,5.809523809523809,1.303030303030303,3.2857142857142856,1.0373831775700935,0.5973154362416108,8.317757009345794,3610.03373932,13352.65,11026.19826068,8068.65,2201.6666666666665,237780,792.6,2222.2429906542056,0.5027777777777778,201716.25,107,107
4,45,71bd088936c410167d9967a229387f93c847d372b2b468cb3176219f3b58c98e,300,12,p_0.22_stores_15_uniform,factorial_cell,0.22,1.0,1.0,15,uniform,,300,67,107,107,1,108,192,1,0.375,0.7404021937842779,0.02720060445787684,0.3566666666666667,0.64,0.0033333333333333335,55.6822429906542,32.89719626168224,0.014925373134328358,60.0,0.9701492537313433,0.014925373134328358,0.0,7.136363636363637,1.5909090909090908,2.909090909090909,0.9813084112149533,0.69,8.317757009345794,3614.66135687,13860.95,10848.02564313,8566.95,2205.8333333333335,238230,794.1,2226.448598130841,0.5064814814814815,214173.75,107,107
4,45,71bd088936c410167d9967a229387f93c847d372b2b468cb3176219f3b58c98e,300,12,p_0.22_stores_15_nearest_restaurant,factorial_cell,0.22,1.0,1.0,15,nearest_restaurant,,300,67,112,112,4,116,187,1,0.4027777777777778,0.7993568393246813,0.029539088362617774,0.37333333333333335,0.6233333333333333,0.0033333333333333335,52.69642857142857,31.232142857142858,0.05970149253731343,61.75,0.9253731343283582,0.014925373134328358,0.0,5.3076923076923075,1.5076923076923077,7.153846153846154,1.3571428571428572,0.6488294314381271,6.348214285714286,3815.22715715,13837.49,11760.24784285,8601.49,2031.2068965517242,235620,785.4,2103.75,0.5038773148148148,215037.25,112,112
4,45,71bd088936c410167d9967a229387f93c847d372b2b468cb3176219f3b58c98e,300,12,p_0.22_stores_15_nearest_customer,factorial_cell,0.22,1.0,1.0,15,nearest_customer,,300,67,97,97,0,97,202,1,0.3368055555555556,0.6757227446882619,0.02498712004121587,0.3233333333333333,0.6733333333333333,0.0033333333333333335,53.27835051546392,31.783505154639176,0.0,,0.9850746268656716,0.014925373134328358,,5.409090909090909,0.6363636363636364,5.2272727272727275,1.711340206185567,0.6688963210702341,7.030927835051546,3234.52965744,12097.54,9826.907675893333,6921.54,2401.237113402062,232920,776.4,2401.237113402062,0.4984375,173038.5,97,97
4,45,71bd088936c410167d9967a229387f93c847d372b2b468cb3176219f3b58c98e,300,12,p_0.22_stores_20_uniform,factorial_cell,0.22,1.0,1.0,20,uniform,,300,67,107,107,0,107,191,2,0.3715277777777778,0.7374224672639559,0.027531197735751963,0.3566666666666667,0.6366666666666667,0.006666666666666667,52.05607476635514,30.009345794392523,0.0,,0.9850746268656716,0.014925373134328358,,8.117647058823529,1.3134328358208955,1.7647058823529411,1.5,0.6866666666666666,7.194444444444445,3522.37067362,12609.75,10922.357993046666,7427.75,2179.345794392523,233190,777.3,2179.345794392523,0.5038194444444445,185693.75,107,108
4,45,71bd088936c410167d9967a229387f93c847d372b2b468cb3176219f3b58c98e,300,12,p_0.22_stores_20_nearest_restaurant,factorial_cell,0.22,1.0,1.0,20,nearest_restaurant,,300,67,109,109,5,114,190,1,0.3958333333333333,0.7858455882352942,0.028489316506310133,0.36333333333333334,0.6333333333333333,0.0033333333333333335,54.440366972477065,32.60550458715596,0.07462686567164178,63.4,0.9104477611940298,0.014925373134328358,0.4,5.066666666666666,0.8125,3.066666666666667,1.201834862385321,0.6488294314381271,6.81651376146789,3821.36777916,14044.72,11706.761554173334,8709.386666666667,2106.0526315789475,240090,800.3,2202.6605504587155,0.5037037037037037,217734.66666666666,109,109
4,45,71bd088936c410167d9967a229387f93c847d372b2b468cb3176219f3b58c98e,300,12,p_0.22_stores_20_nearest_customer,factorial_cell,0.22,1.0,1.0,20,nearest_customer,,300,67,110,110,1,111,189,1,0.3854166666666667,0.7538200339558574,0.027482050012379303,0.36666666666666664,0.63,0.0033333333333333335,54.20909090909091,32.018181818181816,0.014925373134328358,32.0,0.9701492537313433,0.014925373134328358,0.0,6.130434782608695,0.6615384615384615,4.434782608695652,0.8818181818181818,0.7033333333333334,7.709090909090909,3699.99339943,13810.12,11252.12960057,8424.786666666667,2183.2432432432433,242340,807.8,2203.090909090909,0.5112847222222222,210619.66666666666,110,110
4,45,71bd088936c410167d9967a229387f93c847d372b2b468cb3176219f3b58c98e,300,12,p_0.44_stores_10_uniform,factorial_cell,0.44,1.0,1.0,10,uniform,,300,133,80,80,3,83,218,2,0.2881944444444444,0.5953377166766288,0.022937681359679427,0.26666666666666666,0.7266666666666667,0.006666666666666667,53.55,31.2125,0.022556390977443608,62.666666666666664,0.9699248120300752,0.007518796992481203,0.0,5.935483870967742,3.04,3.129032258064516,1.382716049382716,0.6789297658862876,7.839506172839506,2793.11792269,9904.03,8698.27107731,5079.363333333334,2615.7831325301204,217110,723.7,2713.875,0.48408564814814814,126984.08333333333,80,81
4,45,71bd088936c410167d9967a229387f93c847d372b2b468cb3176219f3b58c98e,300,12,p_0.44_stores_10_nearest_restaurant,factorial_cell,0.44,1.0,1.0,10,nearest_restaurant,,300,133,87,87,12,99,212,1,0.34375,0.6982485012342776,0.026789338384521716,0.29,0.7066666666666667,0.0033333333333333335,56.758620689655174,34.18390804597701,0.09022556390977443,66.33333333333333,0.9022556390977443,0.007518796992481203,0.0,7.185185185185185,5.872881355932203,2.259259259259259,1.0344827586206897,0.6153846153846154,7.873563218390805,3245.58237611,12019.34,9907.28862389,7092.006666666667,2239.6969696969695,221730,739.1,2548.6206896551726,0.4923032407407407,177300.16666666666,87,87
4,45,71bd088936c410167d9967a229387f93c847d372b2b468cb3176219f3b58c98e,300,12,p_0.44_stores_10_nearest_customer,factorial_cell,0.44,1.0,1.0,10,nearest_customer,,300,133,76,76,0,76,223,1,0.2638888888888889,0.5498613288315447,0.021273617914625613,0.25333333333333335,0.7433333333333333,0.0033333333333333335,50.9078947368421,30.18421052631579,0.0,,0.9924812030075187,0.007518796992481203,,6.25,4.1796875,3.09375,1.4736842105263157,0.7558528428093646,5.697368421052632,2476.39795996,9000.82,7625.87804004,4237.486666666667,2820.3947368421054,214350,714.5,2820.3947368421054,0.4799189814814815,105937.16666666667,76,76
4,45,71bd088936c410167d9967a229387f93c847d372b2b468cb3176219f3b58c98e,300,12,p_0.44_stores_15_uniform,factorial_cell,0.44,1.0,1.0,15,uniform,,300,133,90,90,2,92,208,2,0.3194444444444444,0.6425328832499126,0.024794502088667295,0.3,0.6933333333333334,0.006666666666666667,54.81111111111111,33.01111111111111,0.015037593984962405,50.0,0.9774436090225563,0.007518796992481203,0.0,6.7272727272727275,1.921875,2.515151515151515,1.4505494505494505,0.69,6.802197802197802,3046.55238817,11745.64,9118.32461183,6798.306666666666,2419.891304347826,222630,742.1,2473.6666666666665,0.49716435185185187,169957.66666666666,90,91
4,45,71bd088936c410167d9967a229387f93c847d372b2b468cb3176219f3b58c98e,300,12,p_0.44_stores_15_nearest_restaurant,factorial_cell,0.44,1.0,1.0,15,nearest_restaurant,,300,133,100,100,13,113,199,1,0.3923611111111111,0.7835432797873569,0.0297838692672641,0.3333333333333333,0.6633333333333333,0.0033333333333333335,54.41,30.93,0.09774436090225563,62.0,0.8947368421052632,0.007518796992481203,0.0,7.0,2.9669421487603307,2.357142857142857,1.37,0.6510067114093959,9.08,3721.29648266,12429.89,11888.42951734,7371.223333333333,2014.513274336283,227640,758.8,2276.4,0.5007523148148149,184280.58333333334,100,100
4,45,71bd088936c410167d9967a229387f93c847d372b2b468cb3176219f3b58c98e,300,12,p_0.44_stores_15_nearest_customer,factorial_cell,0.44,1.0,1.0,15,nearest_customer,,300,133,78,78,1,79,221,1,0.2743055555555556,0.5646217986896963,0.021874567354284922,0.26,0.7366666666666667,0.0033333333333333335,52.76923076923077,30.71794871794872,0.007518796992481203,52.0,0.9849624060150376,0.007518796992481203,0.0,6.606060606060606,3.3615384615384616,5.848484848484849,1.5256410256410255,0.7558528428093646,7.435897435897436,2590.08941865,9450.47,7961.7222480166665,4635.136666666666,2742.9113924050635,216690,722.3,2778.076923076923,0.48582175925925924,115878.41666666667,78,78
4,45,71bd088936c410167d9967a229387f93c847d372b2b468cb3176219f3b58c98e,300,12,p_0.44_stores_20_uniform,factorial_cell,0.44,1.0,1.0,20,uniform,,300,133,87,87,4,91,212,1,0.3159722222222222,0.6453137926958987,0.02501718213058419,0.29,0.7066666666666667,0.0033333333333333335,53.86206896551724,30.471264367816094,0.03007518796992481,55.0,0.9624060150375939,0.007518796992481203,0.0,7.0,1.6923076923076923,3.1219512195121952,1.2988505747126438,0.7266666666666667,8.471264367816092,3023.71308803,10502.26,9502.296578636666,5652.26,2398.3516483516482,218250,727.5,2508.6206896551726,0.48964120370370373,141306.5,87,87
4,45,71bd088936c410167d9967a229387f93c847d372b2b468cb3176219f3b58c98e,300,12,p_0.44_stores_20_nearest_restaurant,factorial_cell,0.44,1.0,1.0,20,nearest_restaurant,,300,133,97,97,14,111,202,1,0.3854166666666667,0.7900355871886121,0.02990301724137931,0.3233333333333333,0.6733333333333333,0.0033333333333333335,53.628865979381445,30.257731958762886,0.10526315789473684,62.57142857142857,0.8872180451127819,0.007518796992481203,0.0,6.428571428571429,3.905511811023622,3.2142857142857144,1.1649484536082475,0.62751677852349,8.350515463917526,3603.86584489,11855.12,11584.736488443334,6905.786666666667,2006.4864864864865,222720,742.4,2296.082474226804,0.4878472222222222,172644.66666666666,97,97
4,45,71bd088936c410167d9967a229387f93c847d372b2b468cb3176219f3b58c98e,300,12,p_0.44_stores_20_nearest_customer,factorial_cell,0.44,1.0,1.0,20,nearest_customer,,300,133,77,77,1,78,222,1,0.2708333333333333,0.5516265912305516,0.02104411169566977,0.25666666666666665,0.74,0.0033333333333333335,55.077922077922075,32.142857142857146,0.007518796992481203,44.0,0.9849624060150376,0.007518796992481203,0.0,6.571428571428571,2.9615384615384617,4.285714285714286,1.1428571428571428,0.7766666666666666,7.753246753246753,2598.72780464,9731.99,7890.39619536,4789.99,2851.153846153846,222390,741.3,2888.181818181818,0.4909722222222222,119749.75,77,77
4,45,71bd088936c410167d9967a229387f93c847d372b2b468cb3176219f3b58c98e,300,12,p_0.66_stores_10_uniform,factorial_cell,0.66,1.0,1.0,10,uniform,,300,188,53,53,2,55,246,1,0.1909722222222222,0.4050570762243771,0.016245753950671984,0.17666666666666667,0.82,0.0033333333333333335,55.339622641509436,33.132075471698116,0.010638297872340425,53.5,0.9840425531914894,0.005319148936170213,0.0,6.0212765957446805,4.312849162011173,3.574468085106383,0.9433962264150944,0.6722408026755853,7.320754716981132,1860.49983852,6994.99,5638.145494813333,2480.99,3693.2727272727275,203130,677.1,3832.6415094339623,0.4714699074074074,62024.75,53,53
4,45,71bd088936c410167d9967a229387f93c847d372b2b468cb3176219f3b58c98e,300,12,p_0.66_stores_10_nearest_restaurant,factorial_cell,0.66,1.0,1.0,10,nearest_restaurant,,300,188,61,61,13,74,238,1,0.2569444444444444,0.537270087124879,0.022272385252069225,0.20333333333333334,0.7933333333333333,0.0033333333333333335,56.557377049180324,31.491803278688526,0.06914893617021277,66.61538461538461,0.925531914893617,0.005319148936170213,0.0,7.0,8.795454545454545,4.382352941176471,0.9508196721311475,0.7,10.245901639344263,2377.3719081,7843.46,7633.1447585666665,3413.46,2693.9189189189187,199350,664.5,3268.032786885246,0.47824074074074074,85336.5,61,61
4,45,71bd088936c410167d9967a229387f93c847d372b2b468cb3176219f3b58c98e,300,12,p_0.66_stores_10_nearest_customer,factorial_cell,0.66,1.0,1.0,10,nearest_customer,,300,188,59,59,3,62,240,1,0.2152777777777778,0.4618249534450652,0.0191713048855906,0.19666666666666666,0.8,0.0033333333333333335,51.76271186440678,29.71186440677966,0.015957446808510637,40.0,0.9787234042553191,0.005319148936170213,0.0,5.538461538461538,6.344444444444444,6.512820512820513,1.4067796610169492,0.7558528428093646,6.932203389830509,2037.6686316,6951.98,6452.678035066667,2639.98,3129.6774193548385,194040,646.8,3288.813559322034,0.4661458333333333,65999.5,59,59
4,45,71bd088936c410167d9967a229387f93c847d372b2b468cb3176219f3b58c98e,300,12,p_0.66_stores_15_uniform,factorial_cell,0.66,1.0,1.0,15,uniform,,300,188,62,62,4,66,237,1,0.22916666666666666,0.4888285396864584,0.019391802556192154,0.20666666666666667,0.79,0.0033333333333333335,52.75806451612903,30.758064516129032,0.02127659574468085,76.5,0.973404255319149,0.005319148936170213,0.0,4.340425531914893,2.403314917127072,5.170212765957447,1.2741935483870968,0.6140939597315436,7.209677419354839,2164.82296287,7733.98,6719.0173704633335,3195.98,3094.090909090909,204210,680.7,3293.7096774193546,0.46880787037037036,79899.5,62,62
4,45,71bd088936c410167d9967a229387f93c847d372b2b468cb3176219f3b58c98e,300,12,p_0.66_stores_15_nearest_restaurant,factorial_cell,0.66,1.0,1.0,15,nearest_restaurant,,300,188,73,73,22,95,226,1,0.3298611111111111,0.6876583423814694,0.028102351723117883,0.24333333333333335,0.7533333333333333,0.0033333333333333335,55.02739726027397,29.71232876712329,0.11702127659574468,60.68181818181818,0.8776595744680851,0.005319148936170213,0.0,6.170212765957447,5.379310344827586,3.5319148936170213,1.5205479452054795,0.7766666666666666,10.26027397260274,3033.21857652,9082.93,10100.786756813333,4575.596666666666,2135.0526315789475,202830,676.1,2778.4931506849316,0.4796875,114389.91666666667,73,73
4,45,71bd088936c410167d9967a229387f93c847d372b2b468cb3176219f3b58c98e,300,12,p_0.66_stores_15_nearest_customer,factorial_cell,0.66,1.0,1.0,15,nearest_customer,,300,188,61,61,3,64,238,1,0.2222222222222222,0.4663023679417122,0.01841461660192778,0.20333333333333334,0.7933333333333333,0.0033333333333333335,54.032786885245905,31.524590163934427,0.015957446808510637,45.666666666666664,0.9787234042553191,0.005319148936170213,0.0,4.4772727272727275,4.104395604395604,6.181818181818182,1.2950819672131149,0.7157190635451505,7.590163934426229,2132.91971366,7679.24,6596.80628634,3045.24,3258.28125,208530,695.1,3418.5245901639346,0.4765625,76131.0,61,61
4,45,71bd088936c410167d9967a229387f93c847d372b2b468cb3176219f3b58c98e,300,12,p_0.66_stores_20_uniform,factorial_cell,0.66,1.0,1.0,20,uniform,,300,188,52,52,8,60,247,1,0.20833333333333334,0.4397215097105167,0.017155110793423873,0.17333333333333334,0.8233333333333334,0.0033333333333333335,55.98076923076923,32.80769230769231,0.0425531914893617,56.625,0.9521276595744681,0.005319148936170213,0.0,3.9152542372881354,2.3351351351351353,5.88135593220339,0.5769230769230769,0.6521739130434783,8.48076923076923,1998.77931061,6901.15,6297.48168939,2237.8166666666666,3497.5,209850,699.5,4035.576923076923,0.47378472222222223,55945.416666666664,52,52
4,45,71bd088936c410167d9967a229387f93c847d372b2b468cb3176219f3b58c98e,300,12,p_0.66_stores_20_nearest_restaurant,factorial_cell,0.66,1.0,1.0,20,nearest_restaurant,,300,188,77,77,20,97,222,1,0.3368055555555556,0.7108831073653353,0.028647371529828707,0.25666666666666665,0.74,0.0033333333333333335,51.03896103896104,27.467532467532468,0.10638297872340426,56.3,0.8882978723404256,0.005319148936170213,0.0,7.384615384615385,4.757062146892656,3.3846153846153846,1.5454545454545454,0.7866666666666666,8.727272727272727,3077.8609274,8727.12,10441.092405933334,4212.453333333333,2094.4329896907216,203160,677.2,2638.4415584415583,0.47378472222222223,105311.33333333333,77,77
4,45,71bd088936c410167d9967a229387f93c847d372b2b468cb3176219f3b58c98e,300,12,p_0.66_stores_20_nearest_customer,factorial_cell,0.66,1.0,1.0,20,nearest_customer,,300,188,56,56,4,60,243,1,0.20833333333333334,0.4427499692534743,0.018012608826178327,0.18666666666666668,0.81,0.0033333333333333335,51.642857142857146,30.053571428571427,0.02127659574468085,36.75,0.973404255319149,0.005319148936170213,1.75,5.439024390243903,3.19672131147541,6.024390243902439,2.0714285714285716,0.7190635451505016,6.142857142857143,1900.30030952,6776.03,5903.07169048,2334.6966666666667,3331.0,199860,666.2,3568.9285714285716,0.47054398148148147,58367.416666666664,56,56
5,46,fcda7911603075b27df4282bc3a325cbb7d7163d5510095791020584fea35747,300,12,baseline,baseline,0.0,1.0,1.0,15,uniform,,300,0,139,139,0,139,158,3,0.4826388888888889,0.9306996986943422,0.03287217689487998,0.4633333333333333,0.5266666666666666,0.01,53.330935251798564,30.949640287769785,,,,,,,,,1.0357142857142858,0.782608695652174,7.571428571428571,4625.8540314,16879.47,14219.0659686,11241.47,1825.2517985611512,253710,845.7,1825.2517985611512,0.5185763888888889,281036.75,139,140
5,46,fcda7911603075b27df4282bc3a325cbb7d7163d5510095791020584fea35747,300,12,p_0.22_stores_10_uniform,factorial_cell,0.22,1.0,1.0,10,uniform,,300,70,105,105,0,105,191,4,0.3645833333333333,0.7269789983844911,0.026565464895635674,0.35,0.6366666666666667,0.013333333333333334,52.857142857142854,31.057142857142857,0.0,,0.9714285714285714,0.02857142857142857,,4.384615384615385,1.5507246376811594,5.461538461538462,1.4018691588785046,0.85,7.308411214953271,3494.0326165,12781.79,10727.410716833334,7511.79,2258.5714285714284,237150,790.5,2258.5714285714284,0.5015046296296296,187794.75,105,107
5,46,fcda7911603075b27df4282bc3a325cbb7d7163d5510095791020584fea35747,300,12,p_0.22_stores_10_nearest_restaurant,factorial_cell,0.22,1.0,1.0,10,nearest_restaurant,,300,70,112,112,4,116,185,3,0.4027777777777778,0.8004600345025877,0.02963719979560552,0.37333333333333335,0.6166666666666667,0.01,52.642857142857146,30.696428571428573,0.05714285714285714,78.75,0.9142857142857143,0.02857142857142857,0.0,3.909090909090909,2.8358208955223883,2.3636363636363638,1.5044247787610618,0.8933333333333333,6.893805309734513,3785.33604924,13602.89,11717.514617426667,8384.223333333333,2024.4827586206898,234840,782.8,2096.785714285714,0.5031828703703703,209605.58333333334,112,113
5,46,fcda7911603075b27df4282bc3a325cbb7d7163d5510095791020584fea35747,300,12,p_0.22_stores_10_nearest_customer,factorial_cell,0.22,1.0,1.0,10,nearest_customer,,300,70,106,106,2,108,189,5,0.375,0.7520891364902508,0.027724297266076243,0.35333333333333333,0.63,0.016666666666666666,52.10377358490566,29.0188679245283,0.02857142857142857,60.0,0.9428571428571428,0.02857142857142857,0.0,5.4,3.338235294117647,4.45,0.9541284403669725,0.8266666666666667,8.65137614678899,3549.0678317,12257.85,11180.335501633333,7063.85,2164.1666666666665,233730,779.1,2205.0,0.4986111111111111,176596.25,106,109
5,46,fcda7911603075b27df4282bc3a325cbb7d7163d5510095791020584fea35747,300,12,p_0.22_stores_15_uniform,factorial_cell,0.22,1.0,1.0,15,uniform,,300,70,103,103,2,105,192,5,0.3645833333333333,0.7225599265970868,0.026465028355387523,0.3433333333333333,0.64,0.016666666666666666,54.85436893203884,31.436893203883496,0.02857142857142857,79.0,0.9428571428571428,0.02857142857142857,0.0,4.294117647058823,0.9710144927536232,3.7058823529411766,1.0188679245283019,0.8266666666666667,8.650943396226415,3560.42405753,12824.8,11009.495609136668,7534.8,2267.1428571428573,238050,793.5,2311.1650485436894,0.5045717592592592,188370.0,103,106
5,46,fcda7911603075b27df4282bc3a325cbb7d7163d5510095791020584fea35747,300,12,p_0.22_stores_15_nearest_restaurant,factorial_cell,0.22,1.0,1.0,15,nearest_restaurant,,300,70,115,115,6,121,180,5,0.4201388888888889,0.8180281690140846,0.03055169801792703,0.38333333333333336,0.6,0.016666666666666666,54.608695652173914,31.22608695652174,0.08571428571428572,66.16666666666667,0.8857142857142857,0.02857142857142857,0.0,4.933333333333334,1.7575757575757576,3.466666666666667,1.0932203389830508,0.8494983277591973,8.703389830508474,4066.11865866,14212.85,12742.914008006666,8932.183333333332,1963.8842975206612,237630,792.1,2066.3478260869565,0.5135995370370371,223304.58333333334,115,118
5,46,fcda7911603075b27df4282bc3a325cbb7d7163d5510095791020584fea35747,300,12,p_0.22_stores_15_nearest_customer,factorial_cell,0.22,1.0,1.0,15,nearest_customer,,300,70,104,104,1,105,192,4,0.3645833333333333,0.7390896292820273,0.026943802925327175,0.3466666666666667,0.64,0.013333333333333334,52.34615384615385,29.942307692307693,0.014285714285714285,60.0,0.9571428571428572,0.02857142857142857,0.0,4.111111111111111,1.7142857142857142,4.0,1.1320754716981132,0.8466666666666667,7.556603773584905,3477.72059373,12300.86,10842.259072936668,7104.86,2226.8571428571427,233820,779.4,2248.269230769231,0.493287037037037,177621.5,104,106
5,46,fcda7911603075b27df4282bc3a325cbb7d7163d5510095791020584fea35747,300,12,p_0.22_stores_20_uniform,factorial_cell,0.22,1.0,1.0,20,uniform,,300,70,114,114,0,114,183,3,0.3958333333333333,0.7806436886555581,0.028860759493670885,0.38,0.61,0.01,53.40350877192982,29.736842105263158,0.0,,0.9714285714285714,0.02857142857142857,,3.8,0.26865671641791045,4.8,1.4782608695652173,0.7926421404682275,8.539130434782608,3747.22330048,13317.46,11657.66469952,8050.793333333333,2078.9473684210525,237000,790.0,2078.9473684210525,0.5070601851851851,201269.83333333334,114,115
5,46,fcda7911603075b27df4282bc3a325cbb7d7163d5510095791020584fea35747,300,12,p_0.22_stores_20_nearest_restaurant,factorial_cell,0.22,1.0,1.0,20,nearest_restaurant,,300,70,124,124,8,132,173,3,0.4583333333333333,0.8833370510818648,0.032500307768065985,0.41333333333333333,0.5766666666666667,0.01,55.475806451612904,32.42741935483871,0.11428571428571428,67.5,0.8571428571428571,0.02857142857142857,0.0,3.8823529411764706,1.4558823529411764,2.7058823529411766,1.24,0.8394648829431438,8.768,4417.22731132,15925.43,13653.258022013333,10510.096666666666,1846.1363636363637,243690,812.3,1965.241935483871,0.5188657407407408,262752.4166666667,124,125
5,46,fcda7911603075b27df4282bc3a325cbb7d7163d5510095791020584fea35747,300,12,p_0.22_stores_20_nearest_customer,factorial_cell,0.22,1.0,1.0,20,nearest_customer,,300,70,109,109,1,110,187,4,0.3819444444444444,0.7680670313045502,0.028310384763865656,0.36333333333333334,0.6233333333333333,0.013333333333333334,52.25688073394495,28.954128440366972,0.014285714285714285,60.0,0.9571428571428572,0.02857142857142857,0.0,6.2105263157894735,1.2857142857142858,3.8947368421052633,0.918918918918919,0.8633333333333333,8.45045045045045,3602.4799528,12496.36,11327.4400472,7315.693333333334,2119.3636363636365,233130,777.1,2138.8073394495414,0.4972800925925926,182892.33333333334,109,111
5,46,fcda7911603075b27df4282bc3a325cbb7d7163d5510095791020584fea35747,300,12,p_0.44_stores_10_uniform,factorial_cell,0.44,1.0,1.0,10,uniform,,300,129,88,88,1,89,209,3,0.3090277777777778,0.6378404204491162,0.02442371020856202,0.29333333333333333,0.6966666666666667,0.01,51.93181818181818,28.943181818181817,0.007751937984496124,81.0,0.9767441860465116,0.015503875968992248,0.0,5.916666666666667,2.5476190476190474,4.333333333333333,1.3595505617977528,0.8662207357859532,7.629213483146067,2889.43909538,10060.43,9070.71890462,5201.763333333333,2456.629213483146,218640,728.8,2484.5454545454545,0.4844907407407407,130044.08333333333,88,89
5,46,fcda7911603075b27df4282bc3a325cbb7d7163d5510095791020584fea35747,300,12,p_0.44_stores_10_nearest_restaurant,factorial_cell,0.44,1.0,1.0,10,nearest_restaurant,,300,129,84,84,10,94,213,3,0.3263888888888889,0.6502940159114493,0.025756953007261267,0.28,0.71,0.01,58.36904761904762,34.04761904761905,0.07751937984496124,73.2,0.9069767441860465,0.015503875968992248,0.5,7.230769230769231,5.870967741935484,4.3076923076923075,1.4352941176470588,0.9466666666666667,9.235294117647058,3166.43669395,11444.57,9775.971639383333,6578.57,2329.468085106383,218970,729.9,2606.785714285714,0.5019097222222222,164464.25,84,85
5,46,fcda7911603075b27df4282bc3a325cbb7d7163d5510095791020584fea35747,300,12,p_0.44_stores_10_nearest_customer,factorial_cell,0.44,1.0,1.0,10,nearest_customer,,300,129,90,90,2,92,207,3,0.3194444444444444,0.6512505899008966,0.024955920249559203,0.3,0.69,0.01,52.611111111111114,29.38888888888889,0.015503875968992248,61.5,0.9689922480620154,0.015503875968992248,0.0,5.851851851851852,4.441666666666666,1.962962962962963,1.2527472527472527,0.822742474916388,7.725274725274725,3064.62671874,10584.37,9654.360614593334,5669.036666666667,2404.2391304347825,221190,737.3,2457.6666666666665,0.49050925925925926,141725.91666666666,90,91
5,46,fcda7911603075b27df4282bc3a325cbb7d7163d5510095791020584fea35747,300,12,p_0.44_stores_15_uniform,factorial_cell,0.44,1.0,1.0,15,uniform,,300,129,80,80,2,82,216,4,0.2847222222222222,0.5890099365497427,0.02249348511863942,0.26666666666666666,0.72,0.013333333333333334,52.85,29.9375,0.015503875968992248,68.5,0.9689922480620154,0.015503875968992248,0.0,6.681818181818182,2.5891472868217056,1.9090909090909092,1.353658536585366,0.7993311036789298,8.25609756097561,2709.33472377,9477.84,8487.90227623,4617.173333333333,2667.439024390244,218730,729.1,2734.125,0.4833912037037037,115429.33333333333,80,82
5,46,fcda7911603075b27df4282bc3a325cbb7d7163d5510095791020584fea35747,300,12,p_0.44_stores_15_nearest_restaurant,factorial_cell,0.44,1.0,1.0,15,nearest_restaurant,,300,129,98,98,11,109,199,3,0.3784722222222222,0.7350792401933236,0.028348504551365408,0.32666666666666666,0.6633333333333333,0.01,57.295918367346935,33.316326530612244,0.08527131782945736,72.81818181818181,0.8992248062015504,0.015503875968992248,0.0,4.521739130434782,3.6048387096774195,6.086956521739131,1.0505050505050506,0.785234899328859,9.06060606060606,3631.70376991,13051.58,11241.640563423334,7924.913333333333,2116.5137614678897,230700,769.0,2354.081632653061,0.5148726851851851,198122.83333333334,98,99
5,46,fcda7911603075b27df4282bc3a325cbb7d7163d5510095791020584fea35747,300,12,p_0.44_stores_15_nearest_customer,factorial_cell,0.44,1.0,1.0,15,nearest_customer,,300,129,83,83,1,84,215,2,0.2916666666666667,0.6055508830950378,0.023453860114477174,0.27666666666666667,0.7166666666666667,0.006666666666666667,51.46987951807229,28.27710843373494,0.007751937984496124,63.0,0.9767441860465116,0.015503875968992248,0.0,5.571428571428571,3.04,4.214285714285714,0.9518072289156626,0.785234899328859,7.963855421686747,2731.79130914,9286.25,8664.02269086,4510.916666666667,2558.214285714286,214890,716.3,2589.0361445783133,0.4816550925925926,112772.91666666667,83,83
5,46,fcda7911603075b27df4282bc3a325cbb7d7163d5510095791020584fea35747,300,12,p_0.44_stores_20_uniform,factorial_cell,0.44,1.0,1.0,20,uniform,,300,129,84,84,0,84,213,3,0.2916666666666667,0.5955334987593052,0.022456890790001335,0.28,0.71,0.01,53.38095238095238,31.0,0.0,,0.9844961240310077,0.015503875968992248,,3.740740740740741,1.6475409836065573,7.037037037037037,1.7058823529411764,0.7959866220735786,7.305882352941176,2791.23338637,10212.92,8568.850280296667,5225.586666666667,2671.785714285714,224430,748.1,2671.785714285714,0.48975694444444445,130639.66666666667,84,85
5,46,fcda7911603075b27df4282bc3a325cbb7d7163d5510095791020584fea35747,300,12,p_0.44_stores_20_nearest_restaurant,factorial_cell,0.44,1.0,1.0,20,nearest_restaurant,,300,129,95,95,12,107,203,2,0.3715277777777778,0.7435719249478805,0.02855998932336848,0.31666666666666665,0.6766666666666666,0.006666666666666667,55.45263157894737,32.31578947368421,0.09302325581395349,66.75,0.8914728682170543,0.015503875968992248,0.0,3.9,2.35,3.8666666666666667,0.8947368421052632,0.8633333333333333,8.410526315789474,3453.84371,12261.76,10750.062956666667,7266.426666666666,2100.841121495327,224790,749.3,2366.2105263157896,0.4996527777777778,181660.66666666666,95,95
5,46,fcda7911603075b27df4282bc3a325cbb7d7163d5510095791020584fea35747,300,12,p_0.44_stores_20_nearest_customer,factorial_cell,0.44,1.0,1.0,20,nearest_customer,,300,129,88,88,2,90,210,2,0.3125,0.6395830865805993,0.024627171979750992,0.29333333333333333,0.7,0.006666666666666667,51.78409090909091,29.636363636363637,0.015503875968992248,54.0,0.9689922480620154,0.015503875968992248,0.0,5.857142857142857,1.951219512195122,3.642857142857143,1.3181818181818181,0.8361204013377926,7.136363636363637,2965.37806355,10373.23,9290.163603116667,5500.5633333333335,2436.3333333333335,219270,730.9,2491.7045454545455,0.488599537037037,137514.08333333334,88,88
5,46,fcda7911603075b27df4282bc3a325cbb7d7163d5510095791020584fea35747,300,12,p_0.66_stores_10_uniform,factorial_cell,0.66,1.0,1.0,10,uniform,,300,198,56,56,4,60,242,2,0.20833333333333334,0.43636363636363634,0.018206645425580335,0.18666666666666668,0.8066666666666666,0.006666666666666667,56.892857142857146,33.267857142857146,0.020202020202020204,84.75,0.9696969696969697,0.010101010101010102,1.0,7.133333333333334,5.448087431693989,3.5,1.4464285714285714,0.9297658862876255,8.017857142857142,1938.67868223,7468.1,5804.910984436667,3074.1,3295.5,197730,659.1,3530.8928571428573,0.4774305555555556,76852.5,56,56
5,46,fcda7911603075b27df4282bc3a325cbb7d7163d5510095791020584fea35747,300,12,p_0.66_stores_10_nearest_restaurant,factorial_cell,0.66,1.0,1.0,10,nearest_restaurant,,300,198,52,52,5,57,246,2,0.19791666666666666,0.4203023227233624,0.018390062913373126,0.17333333333333334,0.82,0.006666666666666667,54.82692307692308,31.192307692307693,0.025252525252525252,70.2,0.9646464646464646,0.010101010101010102,0.0,7.925925925925926,9.064516129032258,3.888888888888889,1.2307692307692308,0.89,8.98076923076923,1890.82744803,6455.41,5985.948885303334,2322.7433333333333,3262.6315789473683,185970,619.9,3576.346153846154,0.4708912037037037,58068.583333333336,52,52
5,46,fcda7911603075b27df4282bc3a325cbb7d7163d5510095791020584fea35747,300,12,p_0.66_stores_10_nearest_customer,factorial_cell,0.66,1.0,1.0,10,nearest_customer,,300,198,60,60,2,62,238,2,0.2152777777777778,0.45560318432333125,0.018957345971563982,0.2,0.7933333333333333,0.006666666666666667,53.266666666666666,31.816666666666666,0.010101010101010102,60.5,0.9797979797979798,0.010101010101010102,0.0,6.904761904761905,7.559139784946237,2.2857142857142856,1.2166666666666666,0.8127090301003345,6.983333333333333,2117.68268075,7632.32,6546.57231925,3271.653333333333,3165.0,196230,654.1,3270.5,0.47251157407407407,81791.33333333333,60,60
5,46,fcda7911603075b27df4282bc3a325cbb7d7163d5510095791020584fea35747,300,12,p_0.66_stores_15_uniform,factorial_cell,0.66,1.0,1.0,15,uniform,,300,198,53,53,2,55,245,2,0.1909722222222222,0.409683426443203,0.016661617691608604,0.17666666666666667,0.8166666666666667,0.006666666666666667,51.056603773584904,29.0,0.010101010101010102,65.5,0.9797979797979798,0.010101010101010102,0.0,7.878048780487805,4.074866310160428,2.3902439024390243,1.9433962264150944,0.9333333333333333,6.849056603773585,1816.25487317,6099.6,5789.4954601633335,1698.2666666666667,3601.090909090909,198060,660.2,3736.9811320754716,0.4661458333333333,42456.666666666664,53,53
5,46,fcda7911603075b27df4282bc3a325cbb7d7163d5510095791020584fea35747,300,12,p_0.66_stores_15_nearest_restaurant,factorial_cell,0.66,1.0,1.0,15,nearest_restaurant,,300,198,63,63,8,71,234,3,0.2465277777777778,0.5061787072243346,0.021251122418437594,0.21,0.78,0.01,56.07936507936508,33.41269841269841,0.04040404040404041,70.75,0.9494949494949495,0.010101010101010102,0.0,4.594594594594595,6.588235294117647,4.648648648648648,1.34375,0.89,7.625,2387.57785697,8441.69,7444.87914303,3987.0233333333335,2823.3802816901407,200460,668.2,3181.904761904762,0.48703703703703705,99675.58333333333,63,64
5,46,fcda7911603075b27df4282bc3a325cbb7d7163d5510095791020584fea35747,300,12,p_0.66_stores_15_nearest_customer,factorial_cell,0.66,1.0,1.0,15,nearest_customer,,300,198,52,52,1,53,245,3,0.1840277777777778,0.39640987284966345,0.016973578863090474,0.17333333333333334,0.8166666666666667,0.01,50.15384615384615,28.51923076923077,0.005050505050505051,61.0,0.9848484848484849,0.010101010101010102,0.0,6.311111111111111,5.8449197860962565,3.4444444444444446,1.528301886792453,0.8729096989966555,6.566037735849057,1738.80711773,5904.1,5517.332548936667,1740.7666666666667,3534.9056603773583,187350,624.5,3602.8846153846152,0.4642361111111111,43519.166666666664,52,53
5,46,fcda7911603075b27df4282bc3a325cbb7d7163d5510095791020584fea35747,300,12,p_0.66_stores_20_uniform,factorial_cell,0.66,1.0,1.0,20,uniform,,300,198,53,53,2,55,245,2,0.1909722222222222,0.4160887656033287,0.017179447134155864,0.17666666666666667,0.8166666666666667,0.006666666666666667,51.15094339622642,28.641509433962263,0.010101010101010102,56.5,0.9797979797979798,0.010101010101010102,0.0,6.904761904761905,3.111111111111111,2.9761904761904763,1.7358490566037736,0.7651006711409396,7.283018867924528,1757.66426196,6064.41,5539.47173804,1795.7433333333333,3492.5454545454545,192090,640.3,3624.3396226415093,0.4589699074074074,44893.583333333336,53,53
5,46,fcda7911603075b27df4282bc3a325cbb7d7163d5510095791020584fea35747,300,12,p_0.66_stores_20_nearest_restaurant,factorial_cell,0.66,1.0,1.0,20,nearest_restaurant,,300,198,64,64,13,77,234,2,0.2673611111111111,0.5664541441883276,0.02353660400427938,0.21333333333333335,0.78,0.006666666666666667,54.609375,30.40625,0.06565656565656566,56.07692307692308,0.9242424242424242,0.010101010101010102,0.0,5.7631578947368425,4.542105263157895,4.657894736842105,1.3125,0.9,9.46875,2445.77466626,7874.74,7928.878000406667,3512.74,2549.220779220779,196290,654.3,3067.03125,0.47199074074074077,87818.5,64,64
5,46,fcda7911603075b27df4282bc3a325cbb7d7163d5510095791020584fea35747,300,12,p_0.66_stores_20_nearest_customer,factorial_cell,0.66,1.0,1.0,20,nearest_customer,,300,198,50,50,1,51,248,2,0.17708333333333334,0.38183179435987025,0.015917602996254682,0.16666666666666666,0.8266666666666667,0.006666666666666667,50.5,29.56,0.005050505050505051,61.0,0.9848484848484849,0.010101010101010102,0.0,5.976190476190476,4.885869565217392,3.738095238095238,1.4,0.842809364548495,6.14,1694.69599908,5884.55,5326.378667586667,1612.55,3769.4117647058824,192240,640.8,3844.8,0.46377314814814813,40313.75,50,50
6,47,de345b5e9501dbcc935425ca46bb73f718f1b4023e647f0fb2d69251223f67ce,300,12,baseline,baseline,0.0,1.0,1.0,15,uniform,,300,0,130,130,0,130,165,5,0.4513888888888889,0.8519003931847969,0.030106530801296896,0.43333333333333335,0.55,0.016666666666666666,54.86153846153846,32.40769230769231,,,,,,,,,1.1567164179104477,0.8193979933110368,7.119402985074627,4378.17494511,16586.22,13218.71605489,10828.886666666667,1992.923076923077,259080,863.6,1992.923076923077,0.5298611111111111,270722.1666666667,130,134
6,47,de345b5e9501dbcc935425ca46bb73f718f1b4023e647f0fb2d69251223f67ce,300,12,p_0.22_stores_10_uniform,factorial_cell,0.22,1.0,1.0,10,uniform,,300,63,105,105,1,106,193,2,0.3680555555555556,0.7227272727272728,0.026619789050728277,0.35,0.6433333333333333,0.006666666666666667,57.695238095238096,34.99047619047619,0.015873015873015872,89.0,0.9682539682539683,0.015873015873015872,0.0,6.176470588235294,1.0333333333333334,5.0,1.542857142857143,0.882943143812709,6.733333333333333,3667.6013402,14486.55,10841.451993133333,9177.216666666667,2253.9622641509436,238920,796.4,2275.4285714285716,0.5092592592592593,229430.41666666666,105,105
6,47,de345b5e9501dbcc935425ca46bb73f718f1b4023e647f0fb2d69251223f67ce,300,12,p_0.22_stores_10_nearest_restaurant,factorial_cell,0.22,1.0,1.0,10,nearest_restaurant,,300,63,116,116,5,121,182,2,0.4201388888888889,0.8098159509202455,0.030208463362876047,0.38666666666666666,0.6066666666666667,0.006666666666666667,55.87068965517241,33.14655172413793,0.07936507936507936,62.4,0.9047619047619048,0.015873015873015872,0.0,6.3125,3.6166666666666667,4.4375,1.606837606837607,0.842809364548495,6.871794871794871,4051.65590869,15198.17,12292.026424643333,9857.503333333334,1986.198347107438,240330,801.1,2071.810344827586,0.5188078703703703,246437.58333333334,116,117
6,47,de345b5e9501dbcc935425ca46bb73f718f1b4023e647f0fb2d69251223f67ce,300,12,p_0.22_stores_10_nearest_customer,factorial_cell,0.22,1.0,1.0,10,nearest_customer,,300,63,104,104,1,105,192,4,0.3645833333333333,0.7043040804918949,0.02582073035780155,0.3466666666666667,0.64,0.013333333333333334,57.76923076923077,35.875,0.015873015873015872,40.0,0.9682539682539683,0.015873015873015872,0.0,6.533333333333333,1.4,2.2,1.6635514018691588,0.8996655518394648,5.953271028037383,3650.96122492,14705.51,10680.804108413333,9283.51,2323.714285714286,243990,813.3,2346.0576923076924,0.5176504629629629,232087.75,104,107
6,47,de345b5e9501dbcc935425ca46bb73f718f1b4023e647f0fb2d69251223f67ce,300,12,p_0.22_stores_15_uniform,factorial_cell,0.22,1.0,1.0,15,uniform,,300,63,114,114,3,117,183,3,0.40625,0.7860262008733625,0.028778748001475833,0.38,0.61,0.01,55.824561403508774,33.666666666666664,0.047619047619047616,73.0,0.9365079365079365,0.015873015873015872,0.0,4.0588235294117645,1.2580645161290323,3.8823529411764706,1.646551724137931,0.9266666666666666,6.310344827586207,4023.92001512,15174.71,12176.33198488,9754.043333333333,2084.871794871795,243930,813.1,2139.7368421052633,0.5168402777777777,243851.08333333334,114,116
6,47,de345b5e9501dbcc935425ca46bb73f718f1b4023e647f0fb2d69251223f67ce,300,12,p_0.22_stores_15_nearest_restaurant,factorial_cell,0.22,1.0,1.0,15,nearest_restaurant,,300,63,114,114,2,116,184,2,0.4027777777777778,0.7710202725157861,0.028354925446101197,0.38,0.6133333333333333,0.006666666666666667,56.36842105263158,33.93859649122807,0.031746031746031744,76.0,0.9523809523809523,0.015873015873015872,0.0,5.25,3.5483870967741935,7.875,1.9210526315789473,0.8933333333333333,6.675438596491228,3970.94335544,15237.27,11913.313977893333,9782.603333333333,2116.0344827586205,245460,818.2,2153.157894736842,0.5223958333333333,244565.08333333334,114,114
6,47,de345b5e9501dbcc935425ca46bb73f718f1b4023e647f0fb2d69251223f67ce,300,12,p_0.22_stores_15_nearest_customer,factorial_cell,0.22,1.0,1.0,15,nearest_customer,,300,63,101,101,0,101,197,2,0.3506944444444444,0.6822787660436839,0.024691358024691357,0.33666666666666667,0.6566666666666666,0.006666666666666667,57.613861386138616,34.336633663366335,0.0,,0.9841269841269841,0.015873015873015872,,5.428571428571429,1.5,1.9285714285714286,1.4215686274509804,0.8729096989966555,7.8431372549019605,3440.60658172,13630.26,10154.672084946667,8176.26,2430.0,245430,818.1,2430.0,0.5140046296296297,204406.5,101,102
6,47,de345b5e9501dbcc935425ca46bb73f718f1b4023e647f0fb2d69251223f67ce,300,12,p_0.22_stores_20_uniform,factorial_cell,0.22,1.0,1.0,20,uniform,,300,63,113,113,2,115,184,3,0.3993055555555556,0.7819582955575702,0.028703357044802195,0.37666666666666665,0.6133333333333333,0.01,56.10619469026549,34.05309734513274,0.031746031746031744,85.0,0.9523809523809523,0.015873015873015872,0.0,4.428571428571429,1.1904761904761905,5.785714285714286,1.5304347826086957,0.8422818791946308,6.3304347826086955,3931.01898158,15147.34,11768.765685086666,9805.34,2090.3478260869565,240390,801.3,2127.3451327433627,0.5106481481481482,245133.5,113,115
6,47,de345b5e9501dbcc935425ca46bb73f718f1b4023e647f0fb2d69251223f67ce,300,12,p_0.22_stores_20_nearest_restaurant,factorial_cell,0.22,1.0,1.0,20,nearest_restaurant,,300,63,116,116,3,119,182,2,0.4131944444444444,0.7891246684350132,0.029241921611991645,0.38666666666666666,0.6066666666666667,0.006666666666666667,55.87931034482759,34.28448275862069,0.047619047619047616,71.0,0.9365079365079365,0.015873015873015872,0.0,11.818181818181818,2.3114754098360657,0.0,2.5344827586206895,0.8933333333333333,5.974137931034483,4098.21958425,15690.83,12308.792082416667,10264.83,2051.8487394957983,244170,813.9,2104.9137931034484,0.5236111111111111,256620.75,116,116
6,47,de345b5e9501dbcc935425ca46bb73f718f1b4023e647f0fb2d69251223f67ce,300,12,p_0.22_stores_20_nearest_customer,factorial_cell,0.22,1.0,1.0,20,nearest_customer,,300,63,104,104,3,107,192,4,0.3715277777777778,0.7328767123287672,0.02654757474258777,0.3466666666666667,0.64,0.013333333333333334,54.90384615384615,32.34615384615385,0.047619047619047616,41.0,0.9365079365079365,0.015873015873015872,0.0,5.375,1.1451612903225807,2.25,1.5233644859813085,0.9166666666666666,6.953271028037383,3581.16613702,13340.92,10900.81586298,7966.92,2260.0934579439254,241830,806.1,2325.2884615384614,0.5069444444444444,199173.0,104,107
6,47,de345b5e9501dbcc935425ca46bb73f718f1b4023e647f0fb2d69251223f67ce,300,12,p_0.44_stores_10_uniform,factorial_cell,0.44,1.0,1.0,10,uniform,,300,125,81,81,1,82,217,2,0.2847222222222222,0.5821107430194037,0.022502744237102086,0.27,0.7233333333333334,0.006666666666666667,55.98765432098765,33.111111111111114,0.008,81.0,0.976,0.016,0.0,4.842105263157895,2.904,5.526315789473684,1.9753086419753085,0.9166666666666666,6.604938271604938,2790.66565509,10592.19,8417.80334491,5733.5233333333335,2666.3414634146343,218640,728.8,2699.259259259259,0.48912037037037037,143338.08333333334,81,81
6,47,de345b5e9501dbcc935425ca46bb73f718f1b4023e647f0fb2d69251223f67ce,300,12,p_0.44_stores_10_nearest_restaurant,factorial_cell,0.44,1.0,1.0,10,nearest_restaurant,,300,125,81,81,4,85,217,2,0.2951388888888889,0.5975395430579965,0.023756288429290107,0.27,0.7233333333333334,0.006666666666666667,58.19753086419753,34.80246913580247,0.032,74.75,0.952,0.016,0.0,6.4,7.491071428571429,4.72,1.9506172839506173,0.8327759197324415,7.925925925925926,2956.78888877,11139.59,8951.44811123,6368.923333333333,2525.6470588235293,214680,715.6,2650.3703703703704,0.4939236111111111,159223.08333333334,81,81
6,47,de345b5e9501dbcc935425ca46bb73f718f1b4023e647f0fb2d69251223f67ce,300,12,p_0.44_stores_10_nearest_customer,factorial_cell,0.44,1.0,1.0,10,nearest_customer,,300,125,78,78,0,78,220,2,0.2708333333333333,0.557341907824223,0.021711899791231733,0.26,0.7333333333333333,0.006666666666666667,56.62820512820513,33.80769230769231,0.0,,0.984,0.016,,6.285714285714286,4.319672131147541,3.2142857142857144,1.8076923076923077,0.8127090301003345,6.923076923076923,2669.27195063,10357.59,7963.084382703333,5567.59,2763.4615384615386,215550,718.5,2763.4615384615386,0.4859375,139189.75,78,78
6,47,de345b5e9501dbcc935425ca46bb73f718f1b4023e647f0fb2d69251223f67ce,300,12,p_0.44_stores_15_uniform,factorial_cell,0.44,1.0,1.0,15,uniform,,300,125,82,82,3,85,215,3,0.2951388888888889,0.5833238018986617,0.02181164998716962,0.2733333333333333,0.7166666666666667,0.01,59.048780487804876,35.76829268292683,0.024,78.66666666666667,0.96,0.016,0.0,4.171428571428572,1.1788617886178863,3.7714285714285714,1.7228915662650603,0.8355704697986577,7.0120481927710845,2955.33727398,11632.25,8752.027392686667,6436.25,2750.823529411765,233820,779.4,2851.4634146341464,0.5059606481481481,160906.25,82,83
6,47,de345b5e9501dbcc935425ca46bb73f718f1b4023e647f0fb2d69251223f67ce,300,12,p_0.44_stores_15_nearest_restaurant,factorial_cell,0.44,1.0,1.0,15,nearest_restaurant,,300,125,92,92,6,98,206,2,0.3402777777777778,0.6830855018587361,0.026493646931603138,0.30666666666666664,0.6866666666666666,0.006666666666666667,55.619565217391305,32.76086956521739,0.048,64.66666666666667,0.936,0.016,0.0,5.35,6.3130434782608695,3.65,2.1847826086956523,0.94,6.6521739130434785,3325.40929142,12031.07,10262.11270858,7099.07,2264.6938775510203,221940,739.8,2412.391304347826,0.4981481481481482,177476.75,92,92
6,47,de345b5e9501dbcc935425ca46bb73f718f1b4023e647f0fb2d69251223f67ce,300,12,p_0.44_stores_15_nearest_customer,factorial_cell,0.44,1.0,1.0,15,nearest_customer,,300,125,70,70,1,71,227,3,0.2465277777777778,0.5030703826169107,0.019510854630392965,0.23333333333333334,0.7566666666666667,0.01,55.214285714285715,32.75714285714286,0.008,43.0,0.976,0.016,0.0,6.651162790697675,2.3916666666666666,3.6744186046511627,2.028169014084507,0.8963210702341137,7.169014084507042,2375.89612669,9020.37,7165.719539976667,4168.37,3075.211267605634,218340,727.8,3119.1428571428573,0.4900462962962963,104209.25,70,71
6,47,de345b5e9501dbcc935425ca46bb73f718f1b4023e647f0fb2d69251223f67ce,300,12,p_0.44_stores_20_uniform,factorial_cell,0.44,1.0,1.0,20,uniform,,300,125,88,88,4,92,209,3,0.3194444444444444,0.6408916753744339,0.023821853961677887,0.29333333333333333,0.6966666666666667,0.01,56.56818181818182,33.44318181818182,0.032,78.75,0.952,0.016,1.75,4.444444444444445,0.975609756097561,4.583333333333333,1.2921348314606742,0.8762541806020067,7.573033707865169,3177.17460259,11651.8,9743.18439741,6502.466666666666,2518.695652173913,231720,772.4,2633.181818181818,0.4984375,162561.66666666666,88,89
6,47,de345b5e9501dbcc935425ca46bb73f718f1b4023e647f0fb2d69251223f67ce,300,12,p_0.44_stores_20_nearest_restaurant,factorial_cell,0.44,1.0,1.0,20,nearest_restaurant,,300,125,91,91,6,97,206,3,0.3368055555555556,0.6728323699421965,0.026142029376094864,0.30333333333333334,0.6866666666666666,0.01,56.175824175824175,33.42857142857143,0.048,59.5,0.936,0.016,0.0,6.2631578947368425,5.739495798319328,3.5789473684210527,2.0217391304347827,0.9166666666666666,6.826086956521739,3309.92836384,12070.17,10177.102302826666,7122.836666666667,2295.1546391752577,222630,742.1,2446.4835164835163,0.5005787037037037,178070.91666666666,91,92
6,47,de345b5e9501dbcc935425ca46bb73f718f1b4023e647f0fb2d69251223f67ce,300,12,p_0.44_stores_20_nearest_customer,factorial_cell,0.44,1.0,1.0,20,nearest_customer,,300,125,80,80,2,82,216,4,0.2847222222222222,0.5725590596997556,0.02166446499339498,0.26666666666666666,0.72,0.013333333333333334,55.55,32.05,0.016,46.0,0.968,0.016,0.0,5.0,1.8225806451612903,2.8214285714285716,1.7317073170731707,0.8322147651006712,7.890243902439025,2690.29602076,10205.1,8117.446645906667,5158.433333333333,2769.512195121951,227100,757.0,2838.75,0.4972800925925926,128960.83333333333,80,82
6,47,de345b5e9501dbcc935425ca46bb73f718f1b4023e647f0fb2d69251223f67ce,300,12,p_0.66_stores_10_uniform,factorial_cell,0.66,1.0,1.0,10,uniform,,300,187,51,51,3,54,246,3,0.1875,0.39774122268598083,0.01620891490319676,0.17,0.82,0.01,57.745098039215684,34.09803921568628,0.016042780748663103,73.33333333333333,0.9732620320855615,0.0106951871657754,0.0,6.076923076923077,4.685393258426966,5.230769230769231,1.1346153846153846,0.9533333333333334,7.288461538461538,1848.08339852,6944.16,5602.141934813333,2502.16,3701.6666666666665,199890,666.3,3919.4117647058824,0.47141203703703705,62554.0,51,52
6,47,de345b5e9501dbcc935425ca46bb73f718f1b4023e647f0fb2d69251223f67ce,300,12,p_0.66_stores_10_nearest_restaurant,factorial_cell,0.66,1.0,1.0,10,nearest_restaurant,,300,187,62,62,6,68,236,2,0.2361111111111111,0.4990825688073395,0.02134672735834249,0.20666666666666667,0.7866666666666666,0.006666666666666667,56.95161290322581,32.403225806451616,0.03208556149732621,77.5,0.9572192513368984,0.0106951871657754,0.16666666666666666,7.909090909090909,9.527272727272727,4.454545454545454,0.967741935483871,0.7953020134228188,8.725806451612904,2243.77840452,8093.7,6933.67359548,3846.366666666667,2810.735294117647,191130,637.1,3082.7419354838707,0.4730902777777778,96159.16666666667,62,62
6,47,de345b5e9501dbcc935425ca46bb73f718f1b4023e647f0fb2d69251223f67ce,300,12,p_0.66_stores_10_nearest_customer,factorial_cell,0.66,1.0,1.0,10,nearest_customer,,300,187,60,60,1,61,238,2,0.21180555555555555,0.4423495286439449,0.018090154211150653,0.2,0.7933333333333333,0.006666666666666667,56.43333333333333,31.883333333333333,0.0053475935828877,60.0,0.983957219251337,0.0106951871657754,0.0,7.0,5.52046783625731,3.130434782608696,1.1,0.802013422818792,9.1,2068.62794658,7565.85,6351.73005342,3069.85,3316.72131147541,202320,674.4,3372.0,0.47881944444444446,76746.25,60,60
6,47,de345b5e9501dbcc935425ca46bb73f718f1b4023e647f0fb2d69251223f67ce,300,12,p_0.66_stores_15_uniform,factorial_cell,0.66,1.0,1.0,15,uniform,,300,187,54,54,1,55,244,2,0.1909722222222222,0.4090740052063965,0.01611721611721612,0.18,0.8133333333333334,0.006666666666666667,56.351851851851855,33.425925925925924,0.0053475935828877,57.0,0.983957219251337,0.0106951871657754,0.0,4.42,2.782122905027933,4.14,1.2407407407407407,0.8561872909698997,7.018518518518518,1828.91498533,7143.57,5437.764681336666,2593.57,3722.7272727272725,204750,682.5,3791.6666666666665,0.46684027777777776,64839.25,54,54
6,47,de345b5e9501dbcc935425ca46bb73f718f1b4023e647f0fb2d69251223f67ce,300,12,p_0.66_stores_15_nearest_restaurant,factorial_cell,0.66,1.0,1.0,15,nearest_restaurant,,300,187,66,66,8,74,232,2,0.2569444444444444,0.534231741066057,0.02182247124741964,0.22,0.7733333333333333,0.006666666666666667,59.68181818181818,36.72727272727273,0.0427807486631016,75.875,0.946524064171123,0.0106951871657754,0.0,7.483870967741935,7.0,4.967741935483871,1.5909090909090908,0.8327759197324415,7.242424242424242,2630.09299391,9692.89,8046.924672756667,5171.556666666666,2749.4594594594596,203460,678.2,3082.7272727272725,0.48096064814814815,129288.91666666667,66,66
6,47,de345b5e9501dbcc935425ca46bb73f718f1b4023e647f0fb2d69251223f67ce,300,12,p_0.66_stores_15_nearest_customer,factorial_cell,0.66,1.0,1.0,15,nearest_customer,,300,187,57,57,1,58,241,2,0.2013888888888889,0.42186931749302947,0.01684088269454123,0.19,0.8033333333333333,0.006666666666666667,57.24561403508772,34.31578947368421,0.0053475935828877,39.0,0.983957219251337,0.0106951871657754,0.0,5.021739130434782,4.248587570621469,3.217391304347826,1.263157894736842,0.9063545150501672,7.280701754385965,2005.58694624,7710.52,6011.250387093333,3118.52,3562.7586206896553,206640,688.8,3625.2631578947367,0.47737268518518516,77963.0,57,57
6,47,de345b5e9501dbcc935425ca46bb73f718f1b4023e647f0fb2d69251223f67ce,300,12,p_0.66_stores_20_uniform,factorial_cell,0.66,1.0,1.0,20,uniform,,300,187,63,63,1,64,234,3,0.2222222222222222,0.4599904168663153,0.017388941719875015,0.21,0.78,0.01,55.65079365079365,32.80952380952381,0.0053475935828877,86.0,0.983957219251337,0.0106951871657754,0.0,1.934782608695652,1.8486486486486486,6.913043478260869,1.71875,0.7818791946308725,6.546875,2167.56118329,8132.8,6575.201150043334,3225.4666666666667,3450.46875,220830,736.1,3505.2380952380954,0.48310185185185184,80636.66666666667,63,64
6,47,de345b5e9501dbcc935425ca46bb73f718f1b4023e647f0fb2d69251223f67ce,300,12,p_0.66_stores_20_nearest_restaurant,factorial_cell,0.66,1.0,1.0,20,nearest_restaurant,,300,187,68,68,9,77,230,2,0.2673611111111111,0.5534259702922856,0.023382933495293044,0.22666666666666666,0.7666666666666667,0.006666666666666667,55.64705882352941,32.911764705882355,0.0481283422459893,62.888888888888886,0.9411764705882353,0.0106951871657754,0.0,9.117647058823529,7.676136363636363,2.235294117647059,1.9558823529411764,0.8729096989966555,6.852941176470588,2636.81487761,8957.81,8364.98612239,4567.143333333333,2565.974025974026,197580,658.6,2905.5882352941176,0.48310185185185184,114178.58333333333,68,68
6,47,de345b5e9501dbcc935425ca46bb73f718f1b4023e647f0fb2d69251223f67ce,300,12,p_0.66_stores_20_nearest_customer,factorial_cell,0.66,1.0,1.0,20,nearest_customer,,300,187,57,57,2,59,241,2,0.2048611111111111,0.4411214953271028,0.017284312289438993,0.19,0.8033333333333333,0.006666666666666667,52.94736842105263,29.859649122807017,0.0106951871657754,40.5,0.9786096256684492,0.0106951871657754,0.0,3.736842105263158,2.696132596685083,5.131578947368421,1.1228070175438596,0.8322147651006712,7.631578947368421,1949.43385886,6795.58,6116.638807806667,2244.2466666666664,3471.35593220339,204810,682.7,3593.157894736842,0.4644097222222222,56106.166666666664,57,57
7,48,0bc4b7e09dc31c924dbedbda824c7f2f62e1befcfb6d8fa2464e10cd22df9190,300,12,baseline,baseline,0.0,1.0,1.0,15,uniform,,300,0,134,134,0,134,164,2,0.4652777777777778,0.8909574468085106,0.03147017379051198,0.44666666666666666,0.5466666666666666,0.006666666666666667,55.223880597014926,32.73880597014925,,,,,,,,,1.237037037037037,0.6342281879194631,7.9037037037037035,4517.69913815,17231.37,13594.329195183333,11554.036666666667,1906.5671641791046,255480,851.6,1906.5671641791046,0.5222222222222223,288850.9166666667,134,135
7,48,0bc4b7e09dc31c924dbedbda824c7f2f62e1befcfb6d8fa2464e10cd22df9190,300,12,p_0.22_stores_10_uniform,factorial_cell,0.22,1.0,1.0,10,uniform,,300,72,108,108,1,109,189,3,0.3784722222222222,0.7482837528604119,0.027601924537857685,0.36,0.63,0.01,55.74074074074074,33.370370370370374,0.013888888888888888,76.0,0.9861111111111112,0.0,0.0,5.923076923076923,2.753623188405797,5.461538461538462,1.5363636363636364,0.5771812080536913,7.327272727272727,3706.93287023,14220.67,11122.636796436667,8955.336666666666,2173.761467889908,236940,789.8,2193.8888888888887,0.5057870370370371,223883.41666666666,108,110
7,48,0bc4b7e09dc31c924dbedbda824c7f2f62e1befcfb6d8fa2464e10cd22df9190,300,12,p_0.22_stores_10_nearest_restaurant,factorial_cell,0.22,1.0,1.0,10,nearest_restaurant,,300,72,108,108,7,115,190,2,0.3993055555555556,0.7800135654533122,0.029069767441860465,0.36,0.6333333333333333,0.006666666666666667,55.21296296296296,32.657407407407405,0.09722222222222222,61.42857142857143,0.9027777777777778,0.0,0.0,7.076923076923077,3.971014492753623,2.3846153846153846,1.146788990825688,0.6053511705685619,8.119266055045872,3764.14010382,14083.82,11433.788562846667,8809.153333333334,2064.0,237360,791.2,2197.777777777778,0.5119212962962963,220228.83333333334,108,109
7,48,0bc4b7e09dc31c924dbedbda824c7f2f62e1befcfb6d8fa2464e10cd22df9190,300,12,p_0.22_stores_10_nearest_customer,factorial_cell,0.22,1.0,1.0,10,nearest_customer,,300,72,113,113,0,113,185,2,0.3923611111111111,0.7775229357798165,0.029052577452114668,0.37666666666666665,0.6166666666666667,0.006666666666666667,52.92920353982301,31.38053097345133,0.0,,1.0,0.0,,10.1,2.0,1.7,1.456140350877193,0.6375838926174496,6.7105263157894735,3747.84999709,13962.61,11407.89900291,8776.61,2065.221238938053,233370,777.9,2065.221238938053,0.5046296296296297,219415.25,113,114
7,48,0bc4b7e09dc31c924dbedbda824c7f2f62e1befcfb6d8fa2464e10cd22df9190,300,12,p_0.22_stores_15_uniform,factorial_cell,0.22,1.0,1.0,15,uniform,,300,72,109,109,0,109,188,3,0.3784722222222222,0.7301551858881322,0.02700693756194252,0.36333333333333334,0.6266666666666667,0.01,56.91743119266055,34.41284403669725,0.0,,1.0,0.0,,3.076923076923077,2.1714285714285713,5.769230769230769,1.3272727272727274,0.7391304347826086,7.6909090909090905,3731.26819702,14775.89,11014.827136313334,9394.556666666667,2221.651376146789,242160,807.2,2221.651376146789,0.5183449074074075,234863.91666666666,109,110
7,48,0bc4b7e09dc31c924dbedbda824c7f2f62e1befcfb6d8fa2464e10cd22df9190,300,12,p_0.22_stores_15_nearest_restaurant,factorial_cell,0.22,1.0,1.0,15,nearest_restaurant,,300,72,110,110,6,116,187,3,0.4027777777777778,0.7914487150329771,0.029774127310061602,0.36666666666666664,0.6233333333333333,0.01,54.472727272727276,32.5,0.08333333333333333,65.16666666666667,0.9166666666666666,0.0,0.0,7.066666666666666,2.357142857142857,3.533333333333333,1.5714285714285714,0.7433333333333333,6.991071428571429,3813.25277997,14201.12,11608.990886696667,9006.453333333333,2015.1724137931035,233760,779.2,2125.090909090909,0.508912037037037,225161.33333333334,110,112
7,48,0bc4b7e09dc31c924dbedbda824c7f2f62e1befcfb6d8fa2464e10cd22df9190,300,12,p_0.22_stores_15_nearest_customer,factorial_cell,0.22,1.0,1.0,15,nearest_customer,,300,72,110,110,0,110,187,3,0.3819444444444444,0.7562736335510485,0.027950705120060985,0.36666666666666664,0.6233333333333333,0.01,54.5,32.518181818181816,0.0,,1.0,0.0,,6.933333333333334,2.5142857142857142,3.8666666666666667,1.4594594594594594,0.6722408026755853,7.117117117117117,3678.91471267,14083.82,11050.065620663334,8836.486666666666,2146.6363636363635,236130,787.1,2146.6363636363635,0.5050347222222222,220912.16666666666,110,111
7,48,0bc4b7e09dc31c924dbedbda824c7f2f62e1befcfb6d8fa2464e10cd22df9190,300,12,p_0.22_stores_20_uniform,factorial_cell,0.22,1.0,1.0,20,uniform,,300,72,108,108,1,109,189,3,0.3784722222222222,0.7490550910548619,0.027356004517505333,0.36,0.63,0.01,54.851851851851855,32.2962962962963,0.013888888888888888,76.0,0.9861111111111112,0.0,0.0,2.769230769230769,1.0845070422535212,5.3076923076923075,1.614678899082569,0.6755852842809364,7.128440366972477,3709.07332809,13774.93,11306.789005243334,8462.263333333334,2193.302752293578,239070,796.9,2213.6111111111113,0.5052662037037037,211556.58333333334,108,109
7,48,0bc4b7e09dc31c924dbedbda824c7f2f62e1befcfb6d8fa2464e10cd22df9190,300,12,p_0.22_stores_20_nearest_restaurant,factorial_cell,0.22,1.0,1.0,20,nearest_restaurant,,300,72,112,112,5,117,185,3,0.40625,0.7930411206507004,0.029315960912052116,0.37333333333333335,0.6166666666666667,0.01,55.973214285714285,32.625,0.06944444444444445,64.6,0.9305555555555556,0.0,0.0,3.466666666666667,1.2647058823529411,6.4,1.4336283185840708,0.6488294314381271,8.725663716814159,3901.42236429,14498.28,11889.62663571,9176.946666666667,2046.6666666666667,239460,798.2,2138.035714285714,0.5122685185185185,229423.66666666666,112,113
7,48,0bc4b7e09dc31c924dbedbda824c7f2f62e1befcfb6d8fa2464e10cd22df9190,300,12,p_0.22_stores_20_nearest_customer,factorial_cell,0.22,1.0,1.0,20,nearest_customer,,300,72,107,107,0,107,190,3,0.3715277777777778,0.736576411197797,0.027446453764268307,0.3566666666666667,0.6333333333333333,0.01,53.85981308411215,31.57943925233645,0.0,,1.0,0.0,,7.529411764705882,2.112676056338028,3.5294117647058822,1.4537037037037037,0.6308724832214765,7.62962962962963,3556.48122012,13274.45,10815.697446546666,8076.45,2186.07476635514,233910,779.7,2186.07476635514,0.5043981481481481,201911.25,107,108
7,48,0bc4b7e09dc31c924dbedbda824c7f2f62e1befcfb6d8fa2464e10cd22df9190,300,12,p_0.44_stores_10_uniform,factorial_cell,0.44,1.0,1.0,10,uniform,,300,123,87,87,4,91,211,2,0.3159722222222222,0.6331168831168832,0.024684660246846603,0.29,0.7033333333333334,0.006666666666666667,55.97701149425287,33.91954022988506,0.032520325203252036,53.75,0.967479674796748,0.0,0.0,4.875,4.142857142857143,5.416666666666667,1.839080459770115,0.6308724832214765,7.011494252873563,3130.87218249,11745.64,9497.970150843334,6830.306666666666,2430.6593406593406,221190,737.3,2542.4137931034484,0.49907407407407406,170757.66666666666,87,87
7,48,0bc4b7e09dc31c924dbedbda824c7f2f62e1befcfb6d8fa2464e10cd22df9190,300,12,p_0.44_stores_10_nearest_restaurant,factorial_cell,0.44,1.0,1.0,10,nearest_restaurant,,300,123,99,99,11,110,199,2,0.3819444444444444,0.7671742415436476,0.03048358043508383,0.33,0.6633333333333333,0.006666666666666667,52.73737373737374,30.07070707070707,0.08943089430894309,52.27272727272727,0.9105691056910569,0.0,0.0,4.821428571428571,5.0,7.035714285714286,1.59,0.7366666666666667,7.92,3626.53023457,11988.06,11634.733432096667,7176.7266666666665,1968.2727272727273,216510,721.7,2186.969696969697,0.4978587962962963,179418.16666666666,99,100
7,48,0bc4b7e09dc31c924dbedbda824c7f2f62e1befcfb6d8fa2464e10cd22df9190,300,12,p_0.44_stores_10_nearest_customer,factorial_cell,0.44,1.0,1.0,10,nearest_customer,,300,123,85,85,1,86,213,2,0.2986111111111111,0.5979835438637154,0.023379094739703683,0.2833333333333333,0.71,0.006666666666666667,55.188235294117646,32.63529411764706,0.008130081300813009,44.0,0.991869918699187,0.0,0.0,5.423076923076923,4.82051282051282,5.576923076923077,2.058139534883721,0.67003367003367,7.406976744186046,2860.2303081,10944.09,8593.2396919,6039.423333333333,2566.3953488372094,220710,735.7,2596.5882352941176,0.4993634259259259,150985.58333333334,85,86
7,48,0bc4b7e09dc31c924dbedbda824c7f2f62e1befcfb6d8fa2464e10cd22df9190,300,12,p_0.44_stores_15_uniform,factorial_cell,0.44,1.0,1.0,15,uniform,,300,123,83,83,0,83,215,2,0.2881944444444444,0.5894886363636364,0.023014002495494245,0.27666666666666667,0.7166666666666667,0.006666666666666667,54.855421686746986,32.01204819277108,0.0,,1.0,0.0,,4.64,2.2564102564102564,7.16,1.7261904761904763,0.8166666666666667,7.619047619047619,2762.67733288,10451.43,8346.897333786666,5642.763333333333,2607.10843373494,216390,721.3,2607.10843373494,0.4888888888888889,141069.08333333334,83,84
7,48,0bc4b7e09dc31c924dbedbda824c7f2f62e1befcfb6d8fa2464e10cd22df9190,300,12,p_0.44_stores_15_nearest_restaurant,factorial_cell,0.44,1.0,1.0,15,nearest_restaurant,,300,123,101,101,10,111,196,3,0.3854166666666667,0.766398158803222,0.029651395752637907,0.33666666666666667,0.6533333333333333,0.01,52.851485148514854,30.603960396039604,0.08130081300813008,64.4,0.9186991869918699,0.0,0.0,5.48,3.1652173913043478,4.88,1.7281553398058251,0.6933333333333334,7.553398058252427,3623.0538272,12402.52,11456.812839466667,7411.1866666666665,2023.5135135135135,224610,748.7,2223.861386138614,0.5028935185185185,185279.66666666666,101,103
7,48,0bc4b7e09dc31c924dbedbda824c7f2f62e1befcfb6d8fa2464e10cd22df9190,300,12,p_0.44_stores_15_nearest_customer,factorial_cell,0.44,1.0,1.0,15,nearest_customer,,300,123,87,87,1,88,211,2,0.3055555555555556,0.6324110671936759,0.02471215950575681,0.29,0.7033333333333334,0.006666666666666667,53.40229885057471,31.114942528735632,0.008130081300813009,50.0,0.991869918699187,0.0,0.0,6.782608695652174,3.9304347826086956,2.652173913043478,1.5517241379310345,0.6644295302013423,7.103448275862069,2920.80225954,10709.49,8957.81174046,5961.49,2427.9545454545455,213660,712.2,2455.862068965517,0.4831597222222222,149037.25,87,87
7,48,0bc4b7e09dc31c924dbedbda824c7f2f62e1befcfb6d8fa2464e10cd22df9190,300,12,p_0.44_stores_20_uniform,factorial_cell,0.44,1.0,1.0,20,uniform,,300,123,84,84,2,86,214,2,0.2986111111111111,0.5993727494482519,0.022778439941729574,0.28,0.7133333333333334,0.006666666666666667,57.976190476190474,34.095238095238095,0.016260162601626018,60.0,0.983739837398374,0.0,0.0,2.65,1.6229508196721312,5.75,1.4588235294117646,0.6510067114093959,8.635294117647058,2942.13689001,11315.54,8816.590776656667,6281.54,2634.0697674418607,226530,755.1,2696.785714285714,0.49820601851851853,157038.5,84,85
7,48,0bc4b7e09dc31c924dbedbda824c7f2f62e1befcfb6d8fa2464e10cd22df9190,300,12,p_0.44_stores_20_nearest_restaurant,factorial_cell,0.44,1.0,1.0,20,nearest_restaurant,,300,123,93,93,11,104,205,2,0.3611111111111111,0.7286314806165344,0.028334014439449665,0.31,0.6833333333333333,0.006666666666666667,53.39784946236559,30.849462365591396,0.08943089430894309,61.54545454545455,0.9105691056910569,0.0,0.0,3.217391304347826,3.9834710743801653,6.782608695652174,1.3829787234042554,0.7333333333333333,7.808510638297872,3369.94718001,11507.13,10667.77381999,6613.13,2117.596153846154,220230,734.1,2368.064516129032,0.49560185185185185,165328.25,93,94
7,48,0bc4b7e09dc31c924dbedbda824c7f2f62e1befcfb6d8fa2464e10cd22df9190,300,12,p_0.44_stores_20_nearest_customer,factorial_cell,0.44,1.0,1.0,20,nearest_customer,,300,123,88,88,1,89,210,2,0.3090277777777778,0.6348828914516704,0.02488466377743604,0.29333333333333333,0.7,0.006666666666666667,52.67045454545455,30.09090909090909,0.008130081300813009,42.0,0.991869918699187,0.0,0.0,6.913043478260869,2.288135593220339,3.782608695652174,1.4943820224719102,0.7290969899665551,7.056179775280899,2916.36106454,10455.34,9037.319602126667,5686.673333333333,2411.123595505618,214590,715.3,2438.5227272727275,0.4867476851851852,142166.83333333334,88,89
7,48,0bc4b7e09dc31c924dbedbda824c7f2f62e1befcfb6d8fa2464e10cd22df9190,300,12,p_0.66_stores_10_uniform,factorial_cell,0.66,1.0,1.0,10,uniform,,300,196,57,57,1,58,241,2,0.2013888888888889,0.426052889324192,0.0176238225463385,0.19,0.8033333333333333,0.006666666666666667,55.78947368421053,33.50877192982456,0.00510204081632653,41.0,0.9948979591836735,0.0,0.0,5.21875,5.951086956521739,5.5,1.603448275862069,0.7123745819397993,6.344827586206897,1966.13251778,7538.48,5900.96548222,3150.48,3404.4827586206898,197460,658.2,3464.2105263157896,0.4726851851851852,78762.0,57,58
7,48,0bc4b7e09dc31c924dbedbda824c7f2f62e1befcfb6d8fa2464e10cd22df9190,300,12,p_0.66_stores_10_nearest_restaurant,factorial_cell,0.66,1.0,1.0,10,nearest_restaurant,,300,196,63,63,11,74,234,3,0.2569444444444444,0.5463942899335467,0.023329129886506934,0.21,0.78,0.01,55.87301587301587,31.58730158730159,0.05612244897959184,65.0909090909091,0.9438775510204082,0.0,0.0,6.055555555555555,6.267045454545454,5.611111111111111,1.4461538461538461,0.6889632107023411,8.830769230769231,2468.75969575,8148.44,7925.208637583333,3919.1066666666666,2571.891891891892,190320,634.4,3020.9523809523807,0.4702546296296296,97977.66666666667,63,65
7,48,0bc4b7e09dc31c924dbedbda824c7f2f62e1befcfb6d8fa2464e10cd22df9190,300,12,p_0.66_stores_10_nearest_customer,factorial_cell,0.66,1.0,1.0,10,nearest_customer,,300,196,52,52,0,52,246,2,0.18055555555555555,0.3852327447833066,0.016134036611852313,0.17333333333333334,0.82,0.006666666666666667,54.23076923076923,31.53846153846154,0.0,,1.0,0.0,,5.0,5.592391304347826,5.611111111111111,1.6153846153846154,0.7090301003344481,7.576923076923077,1703.87467905,6455.41,5144.203654283333,2158.076666666667,3718.846153846154,193380,644.6,3718.846153846154,0.46869212962962964,53951.916666666664,52,52
7,48,0bc4b7e09dc31c924dbedbda824c7f2f62e1befcfb6d8fa2464e10cd22df9190,300,12,p_0.66_stores_15_uniform,factorial_cell,0.66,1.0,1.0,15,uniform,,300,196,56,56,4,60,242,2,0.20833333333333334,0.4422604422604423,0.018564356435643563,0.18666666666666668,0.8066666666666666,0.006666666666666667,53.160714285714285,29.178571428571427,0.02040816326530612,53.0,0.9795918367346939,0.0,0.75,3.8444444444444446,4.183783783783784,5.822222222222222,1.7678571428571428,0.7233333333333334,8.035714285714286,1889.54604423,6576.62,5932.723622436667,2267.286666666667,3232.0,193920,646.4,3462.8571428571427,0.4710648148148148,56682.166666666664,56,56
7,48,0bc4b7e09dc31c924dbedbda824c7f2f62e1befcfb6d8fa2464e10cd22df9190,300,12,p_0.66_stores_15_nearest_restaurant,factorial_cell,0.66,1.0,1.0,15,nearest_restaurant,,300,196,69,69,16,85,229,2,0.2951388888888889,0.6230149034937699,0.02689873417721519,0.23,0.7633333333333333,0.006666666666666667,54.85507246376812,31.08695652173913,0.08163265306122448,65.5625,0.9183673469387755,0.0,0.0,4.863636363636363,5.377777777777778,5.409090909090909,1.2142857142857142,0.7123745819397993,8.885714285714286,2670.12853276,8918.71,8530.28746724,4705.376666666667,2230.5882352941176,189600,632.0,2747.8260869565215,0.47372685185185187,117634.41666666667,69,70
7,48,0bc4b7e09dc31c924dbedbda824c7f2f62e1befcfb6d8fa2464e10cd22df9190,300,12,p_0.66_stores_15_nearest_customer,factorial_cell,0.66,1.0,1.0,15,nearest_customer,,300,196,55,55,1,56,243,2,0.19444444444444445,0.4202101050525262,0.017643352236925015,0.18333333333333332,0.81,0.006666666666666667,50.945454545454545,28.854545454545455,0.00510204081632653,44.0,0.9948979591836735,0.0,0.0,5.5675675675675675,4.45945945945946,2.675675675675676,2.0357142857142856,0.7357859531772575,7.071428571428571,1767.08091019,6275.55,5499.204756476666,2043.55,3400.714285714286,190440,634.8,3462.5454545454545,0.46273148148148147,51088.75,55,56
7,48,0bc4b7e09dc31c924dbedbda824c7f2f62e1befcfb6d8fa2464e10cd22df9190,300,12,p_0.66_stores_20_uniform,factorial_cell,0.66,1.0,1.0,20,uniform,,300,196,51,51,2,53,246,3,0.1840277777777778,0.39071138960560264,0.01577146257997322,0.17,0.82,0.01,53.588235294117645,30.96078431372549,0.01020408163265306,63.5,0.9846938775510204,0.00510204081632653,1.0,6.224489795918367,2.610526315789474,5.122448979591836,1.8461538461538463,0.62751677852349,6.653846153846154,1731.16347381,6342.02,5311.464192856667,1861.3533333333332,3804.3396226415093,201630,672.1,3953.529411764706,0.47100694444444446,46533.833333333336,51,52
7,48,0bc4b7e09dc31c924dbedbda824c7f2f62e1befcfb6d8fa2464e10cd22df9190,300,12,p_0.66_stores_20_nearest_restaurant,factorial_cell,0.66,1.0,1.0,20,nearest_restaurant,,300,196,71,71,18,89,227,2,0.3090277777777778,0.6404413528424082,0.02640166122812222,0.23666666666666666,0.7566666666666667,0.006666666666666667,56.014084507042256,31.760563380281692,0.09183673469387756,62.94444444444444,0.9081632653061225,0.0,0.0,4.377777777777778,4.126373626373627,6.444444444444445,1.4583333333333333,0.7023411371237458,9.11111111111111,2859.36729836,9340.99,9216.995368306667,4846.323333333334,2272.5842696629215,202260,674.2,2848.7323943661972,0.4825231481481482,121158.08333333333,71,72
7,48,0bc4b7e09dc31c924dbedbda824c7f2f62e1befcfb6d8fa2464e10cd22df9190,300,12,p_0.66_stores_20_nearest_customer,factorial_cell,0.66,1.0,1.0,20,nearest_customer,,300,196,55,55,2,57,243,2,0.19791666666666666,0.42447561126970335,0.017476621186570597,0.18333333333333332,0.81,0.006666666666666667,51.81818181818182,29.10909090909091,0.01020408163265306,38.0,0.9897959183673469,0.0,0.0,5.5,2.4,3.3823529411764706,1.1785714285714286,0.7157190635451505,8.107142857142858,1851.0821764,6361.57,5843.7378236,2012.9033333333334,3433.157894736842,195690,652.3,3558.0,0.4662615740740741,50322.583333333336,55,56
8,49,7d535bcd06f0897005805ba86c9e932ecc87d4d6c3175215693faf276097cf05,300,12,baseline,baseline,0.0,1.0,1.0,15,uniform,,300,0,122,122,0,122,175,3,0.4236111111111111,0.8173291648057167,0.028588166373755126,0.4066666666666667,0.5833333333333334,0.01,57.17213114754098,34.83606557377049,,,,,,,,,0.7459016393442623,0.5317725752508361,7.442622950819672,4254.32210988,16707.43,12613.619223453334,11017.43,2098.7704918032787,256050,853.5,2098.7704918032787,0.518287037037037,275435.75,122,122
8,49,7d535bcd06f0897005805ba86c9e932ecc87d4d6c3175215693faf276097cf05,300,12,p_0.22_stores_10_uniform,factorial_cell,0.22,1.0,1.0,10,uniform,,300,45,106,106,0,106,191,3,0.3680555555555556,0.7395348837209302,0.026818469323213155,0.35333333333333333,0.6366666666666667,0.01,54.20754716981132,32.4811320754717,0.0,,1.0,0.0,,5.066666666666666,2.272727272727273,2.3333333333333335,1.1121495327102804,0.6133333333333333,6.588785046728972,3585.54957355,13497.32,10859.318759783333,8227.32,2237.264150943396,237150,790.5,2237.264150943396,0.4976851851851852,205683.0,106,107
8,49,7d535bcd06f0897005805ba86c9e932ecc87d4d6c3175215693faf276097cf05,300,12,p_0.22_stores_10_nearest_restaurant,factorial_cell,0.22,1.0,1.0,10,nearest_restaurant,,300,45,111,111,2,113,185,4,0.3923611111111111,0.7687074829931972,0.027877143209571974,0.37,0.6166666666666667,0.013333333333333334,55.513513513513516,33.52252252252252,0.044444444444444446,65.0,0.9555555555555556,0.0,0.0,3.5555555555555554,3.186046511627907,8.0,1.0892857142857142,0.6266666666666667,6.75,3873.010794,14682.05,11689.755872666667,9277.383333333333,2152.3008849557523,243210,810.7,2191.0810810810813,0.5104166666666666,231934.58333333334,111,112
8,49,7d535bcd06f0897005805ba86c9e932ecc87d4d6c3175215693faf276097cf05,300,12,p_0.22_stores_10_nearest_customer,factorial_cell,0.22,1.0,1.0,10,nearest_customer,,300,45,106,106,2,108,191,3,0.375,0.7362799681854335,0.026503067484662576,0.35333333333333333,0.6366666666666667,0.01,57.45283018867924,34.95283018867924,0.044444444444444446,46.0,0.9555555555555556,0.0,0.0,2.7857142857142856,0.4888888888888889,6.571428571428571,1.4299065420560748,0.5302013422818792,6.626168224299065,3675.45493234,14549.11,10852.31906766,9115.776666666667,2263.8888888888887,244500,815.0,2306.603773584906,0.5093171296296296,227894.41666666666,106,107
8,49,7d535bcd06f0897005805ba86c9e932ecc87d4d6c3175215693faf276097cf05,300,12,p_0.22_stores_15_uniform,factorial_cell,0.22,1.0,1.0,15,uniform,,300,45,106,106,0,106,191,3,0.3680555555555556,0.7200271708366354,0.025923208608461725,0.35333333333333333,0.6366666666666667,0.01,57.0188679245283,34.386792452830186,0.0,,1.0,0.0,,4.333333333333333,0.8888888888888888,6.666666666666667,1.2990654205607477,0.6466666666666666,7.02803738317757,3636.75047598,14298.87,10776.02752402,8846.87,2314.5283018867926,245340,817.8,2314.5283018867926,0.5111689814814815,221171.75,106,107
8,49,7d535bcd06f0897005805ba86c9e932ecc87d4d6c3175215693faf276097cf05,300,12,p_0.22_stores_15_nearest_restaurant,factorial_cell,0.22,1.0,1.0,15,nearest_restaurant,,300,45,108,108,2,110,188,4,0.3819444444444444,0.7498295841854125,0.02717391304347826,0.36,0.6266666666666667,0.013333333333333334,56.342592592592595,34.97222222222222,0.044444444444444446,61.0,0.9555555555555556,0.0,0.0,4.875,2.744186046511628,7.125,1.1192660550458715,0.5933333333333334,6.394495412844036,3834.66540469,14842.36,11454.34359531,9445.026666666667,2208.0,242880,809.6,2248.8888888888887,0.509375,236125.66666666666,108,109
8,49,7d535bcd06f0897005805ba86c9e932ecc87d4d6c3175215693faf276097cf05,300,12,p_0.22_stores_15_nearest_customer,factorial_cell,0.22,1.0,1.0,15,nearest_customer,,300,45,100,100,2,102,197,3,0.3541666666666667,0.6972769739090806,0.025082995204721504,0.3333333333333333,0.6566666666666666,0.01,59.16,35.79,0.044444444444444446,53.0,0.9555555555555556,0.0,0.0,4.6923076923076925,0.4888888888888889,2.769230769230769,1.188118811881188,0.5919732441471572,7.623762376237623,3480.69928951,14126.83,10140.77171049,8704.83,2392.0588235294117,243990,813.3,2439.9,0.5079282407407407,217620.75,100,101
8,49,7d535bcd06f0897005805ba86c9e932ecc87d4d6c3175215693faf276097cf05,300,12,p_0.22_stores_20_uniform,factorial_cell,0.22,1.0,1.0,20,uniform,,300,45,113,113,1,114,184,3,0.3958333333333333,0.779398359161349,0.027889908256880733,0.37666666666666665,0.6133333333333333,0.01,57.51327433628319,35.06194690265487,0.022222222222222223,70.0,0.9777777777777777,0.0,0.0,2.272727272727273,1.6,4.636363636363637,0.7345132743362832,0.5886287625418061,7.522123893805309,3931.54845584,15604.81,11592.042210826667,10154.81,2151.315789473684,245250,817.5,2170.353982300885,0.5078703703703704,253870.25,113,113
8,49,7d535bcd06f0897005805ba86c9e932ecc87d4d6c3175215693faf276097cf05,300,12,p_0.22_stores_20_nearest_restaurant,factorial_cell,0.22,1.0,1.0,20,nearest_restaurant,,300,45,110,110,3,113,187,3,0.3923611111111111,0.76714188730482,0.02772325809617272,0.36666666666666664,0.6233333333333333,0.01,56.372727272727275,34.95454545454545,0.06666666666666667,73.0,0.9333333333333333,0.0,0.0,6.333333333333333,2.590909090909091,8.333333333333334,1.0545454545454545,0.5933333333333334,6.590909090909091,3979.79496387,15139.52,11991.438702796666,9704.853333333333,2164.2477876106195,244560,815.2,2223.2727272727275,0.5114583333333333,242621.33333333334,110,110
8,49,7d535bcd06f0897005805ba86c9e932ecc87d4d6c3175215693faf276097cf05,300,12,p_0.22_stores_20_nearest_customer,factorial_cell,0.22,1.0,1.0,20,nearest_customer,,300,45,103,103,1,104,193,4,0.3611111111111111,0.7034949267192784,0.025552825552825554,0.3433333333333333,0.6433333333333333,0.013333333333333334,57.601941747572816,34.43689320388349,0.022222222222222223,66.0,0.9777777777777777,0.0,0.0,5.818181818181818,0.4888888888888889,4.090909090909091,1.4711538461538463,0.568561872909699,7.865384615384615,3566.01955313,13978.25,10583.09344687,8551.583333333334,2348.076923076923,244200,814.0,2370.873786407767,0.5133101851851852,213789.58333333334,103,104
8,49,7d535bcd06f0897005805ba86c9e932ecc87d4d6c3175215693faf276097cf05,300,12,p_0.44_stores_10_uniform,factorial_cell,0.44,1.0,1.0,10,uniform,,300,124,78,78,1,79,219,3,0.2743055555555556,0.5518686692280824,0.02173314993122421,0.26,0.73,0.01,57.07692307692308,34.41025641025641,0.008064516129032258,57.0,0.9919354838709677,0.0,0.0,7.482758620689655,4.0588235294117645,4.103448275862069,1.294871794871795,0.5886287625418061,6.666666666666667,2730.50758709,10639.11,8128.574746243334,5792.443333333334,2760.759493670886,218100,727.0,2796.153846153846,0.4970486111111111,144811.08333333334,78,78
8,49,7d535bcd06f0897005805ba86c9e932ecc87d4d6c3175215693faf276097cf05,300,12,p_0.44_stores_10_nearest_restaurant,factorial_cell,0.44,1.0,1.0,10,nearest_restaurant,,300,124,88,88,13,101,208,4,0.3506944444444444,0.7049790600279199,0.0264813843733613,0.29333333333333333,0.6933333333333334,0.013333333333333334,58.44318181818182,36.02272727272727,0.10483870967741936,66.0,0.8951612903225806,0.0,0.0,5.76,2.6403508771929824,5.48,0.7640449438202247,0.5833333333333334,7.617977528089888,3459.27539471,12746.6,10584.69560529,7661.266666666666,2265.7425742574255,228840,762.8,2600.4545454545455,0.49745370370370373,191531.66666666666,88,89
8,49,7d535bcd06f0897005805ba86c9e932ecc87d4d6c3175215693faf276097cf05,300,12,p_0.44_stores_10_nearest_customer,factorial_cell,0.44,1.0,1.0,10,nearest_customer,,300,124,75,75,1,76,221,4,0.2638888888888889,0.5369759773904852,0.020782061799289035,0.25,0.7366666666666667,0.013333333333333334,57.56,34.85333333333333,0.008064516129032258,62.0,0.9919354838709677,0.0,0.0,5.3,4.0256410256410255,4.866666666666666,1.6973684210526316,0.5418060200668896,6.868421052631579,2619.25476571,10302.85,7759.31623429,5426.85,2887.1052631578946,219420,731.4,2925.6,0.4914351851851852,135671.25,75,76
8,49,7d535bcd06f0897005805ba86c9e932ecc87d4d6c3175215693faf276097cf05,300,12,p_0.44_stores_15_uniform,factorial_cell,0.44,1.0,1.0,15,uniform,,300,124,80,80,0,80,217,3,0.2777777777777778,0.5681818181818181,0.021831082003001774,0.26666666666666666,0.7233333333333334,0.01,57.1625,34.55,0.0,,1.0,0.0,,3.90625,2.4583333333333335,4.96875,1.225,0.6287625418060201,7.225,2766.17297131,10912.81,8181.99802869,6026.81,2748.375,219870,732.9,2748.375,0.4888888888888889,150670.25,80,80
8,49,7d535bcd06f0897005805ba86c9e932ecc87d4d6c3175215693faf276097cf05,300,12,p_0.44_stores_15_nearest_restaurant,factorial_cell,0.44,1.0,1.0,15,nearest_restaurant,,300,124,83,83,15,98,214,3,0.3402777777777778,0.6894934333958724,0.02628755364806867,0.27666666666666667,0.7133333333333334,0.01,58.55421686746988,35.626506024096386,0.12096774193548387,64.86666666666666,0.8790322580645161,0.0,0.0,6.709677419354839,2.4741379310344827,6.387096774193548,0.5476190476190477,0.54,8.392857142857142,3308.82988673,11976.33,10208.896446603334,7005.663333333333,2282.4489795918366,223680,745.6,2694.9397590361446,0.4935185185185185,175141.58333333334,83,84
8,49,7d535bcd06f0897005805ba86c9e932ecc87d4d6c3175215693faf276097cf05,300,12,p_0.44_stores_15_nearest_customer,factorial_cell,0.44,1.0,1.0,15,nearest_customer,,300,124,76,76,2,78,221,3,0.2708333333333333,0.5568114217727542,0.0212678936605317,0.25333333333333335,0.7366666666666667,0.01,56.0,32.53947368421053,0.016129032258064516,48.5,0.9838709677419355,0.0,0.0,6.392857142857143,3.2521008403361344,4.071428571428571,0.9605263157894737,0.48322147651006714,8.052631578947368,2691.60109207,9782.82,8288.652574596666,4892.82,2821.153846153846,220050,733.5,2895.3947368421054,0.48640046296296297,122320.5,76,76
8,49,7d535bcd06f0897005805ba86c9e932ecc87d4d6c3175215693faf276097cf05,300,12,p_0.44_stores_20_uniform,factorial_cell,0.44,1.0,1.0,20,uniform,,300,124,80,80,6,86,217,3,0.2986111111111111,0.5994423791821561,0.023218142548596114,0.26666666666666666,0.7233333333333334,0.01,58.0375,35.975,0.04838709677419355,69.16666666666667,0.9516129032258065,0.0,0.0,5.081081081081081,2.25,4.486486486486487,1.1625,0.5852842809364549,7.3125,2986.97834043,11593.15,8909.797992903334,6654.483333333334,2584.186046511628,222240,740.8,2778.0,0.4981481481481482,166362.08333333334,80,80
8,49,7d535bcd06f0897005805ba86c9e932ecc87d4d6c3175215693faf276097cf05,300,12,p_0.44_stores_20_nearest_restaurant,factorial_cell,0.44,1.0,1.0,20,nearest_restaurant,,300,124,90,90,16,106,207,3,0.3680555555555556,0.7402234636871509,0.028008984013740256,0.3,0.69,0.01,57.17777777777778,34.17777777777778,0.12903225806451613,69.1875,0.8709677419354839,0.0,0.0,4.821428571428571,1.61864406779661,7.5,0.8901098901098901,0.59,7.846153846153846,3556.7927178,12472.9,11130.920615533334,7426.9,2142.169811320755,227070,756.9,2523.0,0.49722222222222223,185672.5,90,91
8,49,7d535bcd06f0897005805ba86c9e932ecc87d4d6c3175215693faf276097cf05,300,12,p_0.44_stores_20_nearest_customer,factorial_cell,0.44,1.0,1.0,20,nearest_customer,,300,124,78,78,1,79,219,3,0.2743055555555556,0.5550351288056206,0.0212194466827827,0.26,0.73,0.01,59.44871794871795,35.333333333333336,0.008064516129032258,36.0,0.9919354838709677,0.0,0.0,7.481481481481482,1.8888888888888888,4.407407407407407,1.2179487179487178,0.5604026845637584,8.23076923076923,2754.87527641,10842.43,8158.68572359,5878.43,2827.5949367088606,223380,744.6,2863.846153846154,0.49421296296296297,146960.75,78,78
8,49,7d535bcd06f0897005805ba86c9e932ecc87d4d6c3175215693faf276097cf05,300,12,p_0.66_stores_10_uniform,factorial_cell,0.66,1.0,1.0,10,uniform,,300,193,53,53,2,55,244,3,0.1909722222222222,0.4097342935187485,0.016835016835016835,0.17666666666666667,0.8133333333333334,0.01,55.075471698113205,33.0377358490566,0.010362694300518135,80.0,0.9844559585492227,0.0051813471502590676,0.0,4.1,5.561111111111111,4.675,1.6603773584905661,0.5536912751677853,6.490566037735849,1854.90678264,7006.72,5608.370550693333,2650.72,3564.0,196020,653.4,3698.490566037736,0.46608796296296295,66268.0,53,53
8,49,7d535bcd06f0897005805ba86c9e932ecc87d4d6c3175215693faf276097cf05,300,12,p_0.66_stores_10_nearest_restaurant,factorial_cell,0.66,1.0,1.0,10,nearest_restaurant,,300,193,54,54,10,64,243,3,0.2222222222222222,0.47413260896406967,0.019863438857852266,0.18,0.81,0.01,58.48148148148148,34.55555555555556,0.05181347150259067,73.3,0.9430051813471503,0.0051813471502590676,0.0,8.357142857142858,6.593023255813954,4.107142857142857,1.2777777777777777,0.5886287625418061,8.333333333333334,2225.60306318,7522.84,7075.341603486667,3226.84,3020.625,193320,644.4,3580.0,0.46869212962962964,80671.0,54,54
8,49,7d535bcd06f0897005805ba86c9e932ecc87d4d6c3175215693faf276097cf05,300,12,p_0.66_stores_10_nearest_customer,factorial_cell,0.66,1.0,1.0,10,nearest_customer,,300,193,47,47,3,50,250,3,0.1736111111111111,0.3744383424862706,0.015777847901546228,0.15666666666666668,0.8333333333333334,0.01,54.57446808510638,31.638297872340427,0.015544041450777202,36.333333333333336,0.9792746113989638,0.0051813471502590676,0.0,5.204545454545454,6.880434782608695,4.840909090909091,2.106382978723404,0.5919732441471572,6.9361702127659575,1667.44328168,5931.47,5185.30471832,1706.1366666666668,3802.8,190140,633.8,4045.531914893617,0.4636574074074074,42653.416666666664,47,47
8,49,7d535bcd06f0897005805ba86c9e932ecc87d4d6c3175215693faf276097cf05,300,12,p_0.66_stores_15_uniform,factorial_cell,0.66,1.0,1.0,15,uniform,,300,193,50,50,4,54,247,3,0.1875,0.39579770339604203,0.016204051012753188,0.16666666666666666,0.8233333333333334,0.01,56.84,34.08,0.02072538860103627,57.5,0.9740932642487047,0.0051813471502590676,0.5,3.6,3.3295454545454546,6.4,1.18,0.6,7.06,1886.593922,6901.15,5792.372744666666,2457.8166666666666,3702.777777777778,199950,666.5,3999.0,0.47372685185185187,61445.416666666664,50,50
8,49,7d535bcd06f0897005805ba86c9e932ecc87d4d6c3175215693faf276097cf05,300,12,p_0.66_stores_15_nearest_restaurant,factorial_cell,0.66,1.0,1.0,15,nearest_restaurant,,300,193,64,64,15,79,233,3,0.2743055555555556,0.5815950920245399,0.023820292477008894,0.21333333333333335,0.7766666666666666,0.01,58.78125,33.96875,0.07772020725388601,70.73333333333333,0.917098445595855,0.0051813471502590676,0.0,7.088235294117647,4.556179775280899,5.0588235294117645,1.125,0.6466666666666666,8.71875,2618.6552103,8809.23,8341.3947897,4387.23,2518.8607594936707,198990,663.3,3109.21875,0.47164351851851855,109680.75,64,64
8,49,7d535bcd06f0897005805ba86c9e932ecc87d4d6c3175215693faf276097cf05,300,12,p_0.66_stores_15_nearest_customer,factorial_cell,0.66,1.0,1.0,15,nearest_customer,,300,193,54,54,3,57,243,3,0.19791666666666666,0.4125950054288816,0.01694915254237288,0.18,0.81,0.01,58.18518518518518,34.666666666666664,0.015544041450777202,47.333333333333336,0.9792746113989638,0.0051813471502590676,0.0,5.3478260869565215,4.931216931216931,6.326086956521739,1.8703703703703705,0.6153846153846154,7.055555555555555,1967.3414353,7507.2,5918.655231366667,3023.2,3540.0,201780,672.6,3736.6666666666665,0.4796875,75580.0,54,54
8,49,7d535bcd06f0897005805ba86c9e932ecc87d4d6c3175215693faf276097cf05,300,12,p_0.66_stores_20_uniform,factorial_cell,0.66,1.0,1.0,20,uniform,,300,193,57,57,5,62,240,3,0.2152777777777778,0.46228408102398405,0.01865222623345367,0.19,0.8,0.01,56.771929824561404,32.87719298245614,0.025906735751295335,75.0,0.9689119170984456,0.0051813471502590676,1.0,5.0638297872340425,2.4619565217391304,4.617021276595745,1.0701754385964912,0.5302013422818792,8.543859649122806,2085.2165324,7530.66,6440.196800933333,3098.66,3216.7741935483873,199440,664.8,3498.9473684210525,0.46568287037037037,77466.5,57,57
8,49,7d535bcd06f0897005805ba86c9e932ecc87d4d6c3175215693faf276097cf05,300,12,p_0.66_stores_20_nearest_restaurant,factorial_cell,0.66,1.0,1.0,20,nearest_restaurant,,300,193,59,59,14,73,238,3,0.2534722222222222,0.5394753048404977,0.022667287688247165,0.19666666666666666,0.7933333333333333,0.01,57.42372881355932,34.440677966101696,0.07253886010362694,67.42857142857143,0.9222797927461139,0.0051813471502590676,0.0,5.864864864864865,3.5706214689265536,6.243243243243243,1.2333333333333334,0.6466666666666666,7.15,2394.08566185,8304.84,7527.75933815,4010.84,2646.986301369863,193230,644.1,3275.084745762712,0.469849537037037,100271.0,59,60
8,49,7d535bcd06f0897005805ba86c9e932ecc87d4d6c3175215693faf276097cf05,300,12,p_0.66_stores_20_nearest_customer,factorial_cell,0.66,1.0,1.0,20,nearest_customer,,300,193,46,46,1,47,251,3,0.16319444444444445,0.34875092752906256,0.014609884986011812,0.15333333333333332,0.8366666666666667,0.01,55.69565217391305,32.65217391304348,0.0051813471502590676,62.0,0.9896373056994818,0.0051813471502590676,0.0,6.354166666666667,3.620879120879121,5.75,1.108695652173913,0.6375838926174496,7.130434782608695,1598.21819073,5951.02,4865.968142603333,1661.6866666666667,4106.808510638298,193020,643.4,4196.086956521739,0.46793981481481484,41542.166666666664,46,46
9,50,9e0caad9f7d690ffbe59762e9d464b82ef8e581801e7370cb413fc8ef06039b2,300,12,baseline,baseline,0.0,1.0,1.0,15,uniform,,300,0,130,130,0,130,166,4,0.4513888888888889,0.8579914200857991,0.030423589983618066,0.43333333333333335,0.5533333333333333,0.013333333333333334,55.86153846153846,33.43076923076923,,,,,,,,,1.5681818181818181,0.5766666666666667,7.696969696969697,4418.83964304,17020.23,13231.88435696,11322.896666666667,1972.1538461538462,256380,854.6,1972.1538461538462,0.526099537037037,283072.4166666667,130,132
9,50,9e0caad9f7d690ffbe59762e9d464b82ef8e581801e7370cb413fc8ef06039b2,300,12,p_0.22_stores_10_uniform,factorial_cell,0.22,1.0,1.0,10,uniform,,300,65,109,109,0,109,188,3,0.3784722222222222,0.7428441617446616,0.02705385951849094,0.36333333333333334,0.6266666666666667,0.01,56.45871559633027,34.68807339449541,0.0,,0.9846153846153847,0.015384615384615385,,5.0,1.7936507936507937,2.5,1.6727272727272726,0.6,6.7,3761.70140505,14795.44,11144.196928283332,9423.44,2217.798165137615,241740,805.8,2217.798165137615,0.5094907407407407,235586.0,109,110
9,50,9e0caad9f7d690ffbe59762e9d464b82ef8e581801e7370cb413fc8ef06039b2,300,12,p_0.22_stores_10_nearest_restaurant,factorial_cell,0.22,1.0,1.0,10,nearest_restaurant,,300,65,104,104,3,107,192,4,0.3715277777777778,0.7353109609437636,0.027174603174603174,0.3466666666666667,0.64,0.013333333333333334,53.74038461538461,32.47115384615385,0.046153846153846156,59.666666666666664,0.9384615384615385,0.015384615384615385,0.0,6.2,1.84375,6.6,1.4476190476190476,0.5833333333333334,6.6571428571428575,3614.51153325,13364.38,11041.766800083333,8114.38,2207.9439252336447,236250,787.5,2271.6346153846152,0.5052662037037037,202859.5,104,105
9,50,9e0caad9f7d690ffbe59762e9d464b82ef8e581801e7370cb413fc8ef06039b2,300,12,p_0.22_stores_10_nearest_customer,factorial_cell,0.22,1.0,1.0,10,nearest_customer,,300,65,114,114,1,115,183,3,0.3993055555555556,0.7911029580371474,0.029055078322385044,0.38,0.61,0.01,53.75438596491228,32.23684210526316,0.015384615384615385,53.0,0.9692307692307692,0.015384615384615385,0.0,6.461538461538462,1.819672131147541,3.0,1.4,0.53,7.0,3880.82156795,14447.45,11816.77343205,9170.116666666667,2065.0434782608695,237480,791.6,2083.157894736842,0.5047453703703704,229252.91666666666,114,115
9,50,9e0caad9f7d690ffbe59762e9d464b82ef8e581801e7370cb413fc8ef06039b2,300,12,p_0.22_stores_15_uniform,factorial_cell,0.22,1.0,1.0,15,uniform,,300,65,100,100,0,100,197,3,0.3472222222222222,0.6980802792321117,0.025552574421873003,0.3333333333333333,0.6566666666666666,0.01,56.29,33.43,0.0,,0.9846153846153847,0.015384615384615385,,6.615384615384615,1.25,5.3076923076923075,1.683168316831683,0.5633333333333334,7.98019801980198,3442.63130692,13086.77,10376.574026413333,7868.77,2348.1,234810,782.7,2348.1,0.4973958333333333,196719.25,100,101
9,50,9e0caad9f7d690ffbe59762e9d464b82ef8e581801e7370cb413fc8ef06039b2,300,12,p_0.22_stores_15_nearest_restaurant,factorial_cell,0.22,1.0,1.0,15,nearest_restaurant,,300,65,104,104,4,108,192,4,0.375,0.7426934097421204,0.02705749718151071,0.3466666666666667,0.64,0.013333333333333334,54.21153846153846,32.05769230769231,0.06153846153846154,66.75,0.9230769230769231,0.015384615384615385,0.0,4.583333333333333,1.921875,4.416666666666667,1.1428571428571428,0.5833333333333334,7.904761904761905,3655.09889384,13211.89,11284.211772826666,7889.89,2217.5,239490,798.3,2302.7884615384614,0.5049189814814815,197247.25,104,105
9,50,9e0caad9f7d690ffbe59762e9d464b82ef8e581801e7370cb413fc8ef06039b2,300,12,p_0.22_stores_15_nearest_customer,factorial_cell,0.22,1.0,1.0,15,nearest_customer,,300,65,112,112,0,112,185,3,0.3888888888888889,0.777507809788268,0.028448056896113794,0.37333333333333335,0.6166666666666667,0.01,53.794642857142854,32.464285714285715,0.0,,0.9846153846153847,0.015384615384615385,,2.4444444444444446,1.4375,6.666666666666667,1.5803571428571428,0.5333333333333333,6.732142857142857,3791.64872976,14244.13,11494.880603573334,8994.796666666667,2109.1071428571427,236220,787.4,2109.1071428571427,0.5001736111111111,224869.91666666666,112,112
9,50,9e0caad9f7d690ffbe59762e9d464b82ef8e581801e7370cb413fc8ef06039b2,300,12,p_0.22_stores_20_uniform,factorial_cell,0.22,1.0,1.0,20,uniform,,300,65,93,93,1,94,204,3,0.3263888888888889,0.6583401424069103,0.024472793543348085,0.31,0.68,0.01,54.903225806451616,32.623655913978496,0.015384615384615385,78.0,0.9692307692307692,0.015384615384615385,0.0,7.8125,1.953125,3.6875,1.3191489361702127,0.57,7.872340425531915,3192.52333448,11933.32,9702.071332186666,6811.986666666667,2451.7021276595747,230460,768.2,2478.064516129032,0.495775462962963,170299.66666666666,93,94
9,50,9e0caad9f7d690ffbe59762e9d464b82ef8e581801e7370cb413fc8ef06039b2,300,12,p_0.22_stores_20_nearest_restaurant,factorial_cell,0.22,1.0,1.0,20,nearest_restaurant,,300,65,107,107,2,109,189,4,0.3784722222222222,0.7544122736186412,0.027647431832593532,0.3566666666666667,0.63,0.013333333333333334,53.67289719626168,31.934579439252335,0.03076923076923077,79.5,0.9538461538461539,0.015384615384615385,0.0,4.4,1.3384615384615384,7.7,1.1376146788990826,0.5833333333333334,7.5963302752293576,3726.61867968,13477.77,11502.12932032,8221.103333333333,2170.183486238532,236550,788.5,2210.7476635514017,0.5016782407407407,205527.58333333334,107,109
9,50,9e0caad9f7d690ffbe59762e9d464b82ef8e581801e7370cb413fc8ef06039b2,300,12,p_0.22_stores_20_nearest_customer,factorial_cell,0.22,1.0,1.0,20,nearest_customer,,300,65,108,108,0,108,188,4,0.375,0.7487866882366536,0.027111836324839964,0.36,0.6266666666666667,0.013333333333333334,53.74074074074074,31.685185185185187,0.0,,0.9846153846153847,0.015384615384615385,,3.8181818181818183,1.3846153846153846,3.1818181818181817,0.9724770642201835,0.5633333333333334,7.6422018348623855,3621.95736812,13411.3,11056.921298546667,8099.966666666666,2213.0555555555557,239010,796.7,2213.0555555555557,0.5008101851851852,202499.16666666666,108,109
9,50,9e0caad9f7d690ffbe59762e9d464b82ef8e581801e7370cb413fc8ef06039b2,300,12,p_0.44_stores_10_uniform,factorial_cell,0.44,1.0,1.0,10,uniform,,300,130,88,88,4,92,209,3,0.3194444444444444,0.6460674157303371,0.024751143395211193,0.29333333333333333,0.6966666666666667,0.01,56.53409090909091,33.44318181818182,0.03076923076923077,81.5,0.9538461538461539,0.015384615384615385,2.75,4.821428571428571,2.784,3.142857142857143,1.4886363636363635,0.5666666666666667,8.340909090909092,3116.57376231,11690.9,9455.023904356667,6734.9,2424.1304347826085,223020,743.4,2534.318181818182,0.49444444444444446,168372.5,88,88
9,50,9e0caad9f7d690ffbe59762e9d464b82ef8e581801e7370cb413fc8ef06039b2,300,12,p_0.44_stores_10_nearest_restaurant,factorial_cell,0.44,1.0,1.0,10,nearest_restaurant,,300,130,89,89,5,94,208,3,0.3263888888888889,0.6590324842252863,0.025066666666666668,0.2966666666666667,0.6933333333333334,0.01,56.68539325842696,33.53932584269663,0.038461538461538464,83.2,0.9461538461538461,0.015384615384615385,0.6,4.904761904761905,3.967479674796748,4.238095238095238,1.247191011235955,0.56,8.146067415730338,3185.61144549,11839.48,9707.690887843333,6839.48,2393.6170212765956,225000,750.0,2528.0898876404494,0.49525462962962963,170987.0,89,89
9,50,9e0caad9f7d690ffbe59762e9d464b82ef8e581801e7370cb413fc8ef06039b2,300,12,p_0.44_stores_10_nearest_customer,factorial_cell,0.44,1.0,1.0,10,nearest_customer,,300,130,74,74,1,75,223,3,0.2604166666666667,0.5376986497789462,0.020508613617719443,0.24666666666666667,0.7433333333333333,0.01,55.2972972972973,33.891891891891895,0.007692307692307693,53.0,0.9769230769230769,0.015384615384615385,0.0,7.818181818181818,4.5041322314049586,2.3636363636363638,1.0675675675675675,0.5466666666666666,7.22972972972973,2563.51871632,9884.48,7672.166617013333,5008.48,2925.6,219420,731.4,2965.135135135135,0.48431712962962964,125212.0,74,74
9,50,9e0caad9f7d690ffbe59762e9d464b82ef8e581801e7370cb413fc8ef06039b2,300,12,p_0.44_stores_15_uniform,factorial_cell,0.44,1.0,1.0,15,uniform,,300,130,80,80,2,82,217,3,0.2847222222222222,0.5834914611005693,0.02197213290460879,0.26666666666666666,0.7233333333333334,0.01,54.5,31.85,0.015384615384615385,62.5,0.9692307692307692,0.015384615384615385,0.0,4.782608695652174,1.8503937007874016,4.6521739130434785,1.4,0.5366666666666666,7.9875,2725.33715163,10103.44,8315.019181703334,5127.44,2730.731707317073,223920,746.4,2799.0,0.487962962962963,128186.0,80,80
9,50,9e0caad9f7d690ffbe59762e9d464b82ef8e581801e7370cb413fc8ef06039b2,300,12,p_0.44_stores_15_nearest_restaurant,factorial_cell,0.44,1.0,1.0,15,nearest_restaurant,,300,130,87,87,8,95,209,4,0.3298611111111111,0.6696428571428571,0.025661804430037818,0.29,0.6966666666666667,0.013333333333333334,54.67816091954023,32.04597701149425,0.06153846153846154,71.375,0.9230769230769231,0.015384615384615385,0.75,2.782608695652174,3.0806451612903225,3.652173913043478,1.5568181818181819,0.56,8.170454545454545,3198.92442382,11139.59,10041.650909513333,6203.59,2338.1052631578946,222120,740.4,2553.103448275862,0.4925925925925926,155089.75,87,88
9,50,9e0caad9f7d690ffbe59762e9d464b82ef8e581801e7370cb413fc8ef06039b2,300,12,p_0.44_stores_15_nearest_customer,factorial_cell,0.44,1.0,1.0,15,nearest_customer,,300,130,83,83,0,83,214,3,0.2881944444444444,0.5925044616299822,0.022985322625311548,0.27666666666666667,0.7133333333333334,0.01,53.40963855421687,31.91566265060241,0.0,,0.9846153846153847,0.015384615384615385,,5.925925925925926,3.4552845528455283,4.37037037037037,1.1566265060240963,0.54,6.831325301204819,2782.97084577,10396.69,8459.699487563334,5582.0233333333335,2610.3614457831327,216660,722.2,2610.3614457831327,0.48640046296296297,139550.58333333334,83,83
9,50,9e0caad9f7d690ffbe59762e9d464b82ef8e581801e7370cb413fc8ef06039b2,300,12,p_0.44_stores_20_uniform,factorial_cell,0.44,1.0,1.0,20,uniform,,300,130,82,82,2,84,214,4,0.2916666666666667,0.5960969840331165,0.022556390977443608,0.2733333333333333,0.7133333333333334,0.013333333333333334,54.8780487804878,33.573170731707314,0.015384615384615385,83.0,0.9692307692307692,0.015384615384615385,0.0,4.774193548387097,1.015625,4.741935483870968,1.3012048192771084,0.55,7.0602409638554215,2868.58268306,10877.62,8656.869983606666,5912.286666666667,2660.0,223440,744.8,2724.878048780488,0.48929398148148145,147807.16666666666,82,83
9,50,9e0caad9f7d690ffbe59762e9d464b82ef8e581801e7370cb413fc8ef06039b2,300,12,p_0.44_stores_20_nearest_restaurant,factorial_cell,0.44,1.0,1.0,20,nearest_restaurant,,300,130,80,80,9,89,217,3,0.3090277777777778,0.6342796056538782,0.024188069031118357,0.26666666666666666,0.7233333333333334,0.01,56.275,33.9375,0.06923076923076923,75.22222222222223,0.9153846153846154,0.015384615384615385,0.7777777777777778,5.09375,1.6666666666666667,5.40625,1.475,0.5666666666666667,7.7375,2967.06820305,10826.79,9120.19679695,5920.79,2480.561797752809,220770,735.9,2759.625,0.48721064814814813,148019.75,80,80
9,50,9e0caad9f7d690ffbe59762e9d464b82ef8e581801e7370cb413fc8ef06039b2,300,12,p_0.44_stores_20_nearest_customer,factorial_cell,0.44,1.0,1.0,20,nearest_customer,,300,130,75,75,1,76,222,3,0.2638888888888889,0.5590290547995587,0.021378340365682136,0.25,0.74,0.01,53.013333333333335,32.266666666666666,0.007692307692307693,56.0,0.9769230769230769,0.015384615384615385,0.0,6.96,2.338582677165354,5.08,1.32,0.54,6.626666666666667,2553.83728102,9563.86,7754.10471898,4823.86,2806.5789473684213,213300,711.0,2844.0,0.4720486111111111,120596.5,75,75
9,50,9e0caad9f7d690ffbe59762e9d464b82ef8e581801e7370cb413fc8ef06039b2,300,12,p_0.66_stores_10_uniform,factorial_cell,0.66,1.0,1.0,10,uniform,,300,199,52,52,2,54,245,3,0.1875,0.4100227790432802,0.016403402187120292,0.17333333333333334,0.8166666666666667,0.01,55.17307692307692,33.30769230769231,0.010050251256281407,82.5,0.9748743718592965,0.01507537688442211,8.0,5.0,4.786458333333333,4.864864864864865,1.8269230769230769,0.56,7.211538461538462,1852.53642092,6815.13,5672.708912413334,2425.7966666666666,3657.777777777778,197520,658.4,3798.4615384615386,0.45729166666666665,60644.916666666664,52,52
9,50,9e0caad9f7d690ffbe59762e9d464b82ef8e581801e7370cb413fc8ef06039b2,300,12,p_0.66_stores_10_nearest_restaurant,factorial_cell,0.66,1.0,1.0,10,nearest_restaurant,,300,199,53,53,13,66,244,3,0.22916666666666666,0.505811725635458,0.02096902303415409,0.17666666666666667,0.8133333333333334,0.01,54.62264150943396,32.15094339622642,0.06532663316582915,69.0,0.9195979899497487,0.01507537688442211,0.23076923076923078,5.606060606060606,5.451428571428571,2.212121212121212,1.320754716981132,0.5766666666666667,8.528301886792454,2216.59454249,7147.48,7181.741124176667,2950.8133333333335,2861.3636363636365,188850,629.5,3563.2075471698113,0.45306712962962964,73770.33333333333,53,53
9,50,9e0caad9f7d690ffbe59762e9d464b82ef8e581801e7370cb413fc8ef06039b2,300,12,p_0.66_stores_10_nearest_customer,factorial_cell,0.66,1.0,1.0,10,nearest_customer,,300,199,49,49,2,51,248,3,0.17708333333333334,0.38495408227449995,0.015743170242321344,0.16333333333333333,0.8266666666666667,0.01,55.97959183673469,32.224489795918366,0.010050251256281407,61.0,0.9748743718592965,0.01507537688442211,0.0,6.517241379310345,5.744565217391305,3.8275862068965516,0.16326530612244897,0.5633333333333334,10.346938775510203,1716.73498914,6318.56,5255.685677526667,1999.2266666666667,3811.176470588235,194370,647.9,3966.734693877551,0.46001157407407406,49980.666666666664,49,49
9,50,9e0caad9f7d690ffbe59762e9d464b82ef8e581801e7370cb413fc8ef06039b2,300,12,p_0.66_stores_15_uniform,factorial_cell,0.66,1.0,1.0,15,uniform,,300,199,56,56,4,60,241,3,0.20833333333333334,0.45824847250509165,0.01853854472423915,0.18666666666666668,0.8033333333333333,0.01,54.0,31.946428571428573,0.020100502512562814,58.75,0.964824120603015,0.01507537688442211,0.0,5.405405405405405,3.238095238095238,5.864864864864865,0.5714285714285714,0.6,8.5,1969.81080305,7174.85,6059.89419695,2859.516666666667,3236.5,194190,647.3,3467.6785714285716,0.4546296296296296,71487.91666666667,56,56
9,50,9e0caad9f7d690ffbe59762e9d464b82ef8e581801e7370cb413fc8ef06039b2,300,12,p_0.66_stores_15_nearest_restaurant,factorial_cell,0.66,1.0,1.0,15,nearest_restaurant,,300,199,62,62,14,76,235,3,0.2638888888888889,0.5571847507331378,0.022157434402332362,0.20666666666666667,0.7833333333333333,0.01,58.903225806451616,34.306451612903224,0.07035175879396985,71.28571428571429,0.914572864321608,0.01507537688442211,0.21428571428571427,5.25,3.74468085106383,5.166666666666667,1.0806451612903225,0.5666666666666667,10.419354838709678,2654.09870306,8824.87,8494.853963606667,4251.536666666667,2707.8947368421054,205800,686.0,3319.3548387096776,0.4736111111111111,106288.41666666667,62,62
9,50,9e0caad9f7d690ffbe59762e9d464b82ef8e581801e7370cb413fc8ef06039b2,300,12,p_0.66_stores_15_nearest_customer,factorial_cell,0.66,1.0,1.0,15,nearest_customer,,300,199,53,53,0,53,244,3,0.1840277777777778,0.39167385145953937,0.016082536792595963,0.17666666666666667,0.8133333333333334,0.01,56.18867924528302,32.45283018867924,0.0,,0.9849246231155779,0.01507537688442211,,4.388888888888889,3.5513513513513515,5.083333333333333,0.8490566037735849,0.59,8.88679245283019,1777.75447379,6748.66,5362.031192876667,2354.66,3730.754716981132,197730,659.1,3730.754716981132,0.469849537037037,58866.5,53,53
9,50,9e0caad9f7d690ffbe59762e9d464b82ef8e581801e7370cb413fc8ef06039b2,300,12,p_0.66_stores_20_uniform,factorial_cell,0.66,1.0,1.0,20,uniform,,300,199,53,53,4,57,244,3,0.19791666666666666,0.4320363820111167,0.017391304347826087,0.17666666666666667,0.8133333333333334,0.01,55.56603773584906,31.79245283018868,0.020100502512562814,70.75,0.964824120603015,0.01507537688442211,0.0,5.2368421052631575,1.8556701030927836,4.7105263157894735,1.150943396226415,0.5866666666666667,9.433962264150944,1883.137889,6791.67,5819.675444333333,2421.67,3450.0,196650,655.5,3710.377358490566,0.45810185185185187,60541.75,53,53
9,50,9e0caad9f7d690ffbe59762e9d464b82ef8e581801e7370cb413fc8ef06039b2,300,12,p_0.66_stores_20_nearest_restaurant,factorial_cell,0.66,1.0,1.0,20,nearest_restaurant,,300,199,63,63,20,83,233,4,0.2881944444444444,0.6093233818671234,0.024131414449774676,0.21,0.7766666666666666,0.013333333333333334,56.23809523809524,32.55555555555556,0.10050251256281408,64.75,0.8844221105527639,0.01507537688442211,0.15,6.083333333333333,3.3492063492063493,4.25,1.09375,0.57,9.6875,2819.73772422,8672.38,9300.337609113334,4086.38,2486.385542168675,206370,687.9,3275.714285714286,0.472974537037037,102159.5,63,64
9,50,9e0caad9f7d690ffbe59762e9d464b82ef8e581801e7370cb413fc8ef06039b2,300,12,p_0.66_stores_20_nearest_customer,factorial_cell,0.66,1.0,1.0,20,nearest_customer,,300,199,50,50,1,51,247,3,0.17708333333333334,0.3805970149253731,0.015475648611743286,0.16666666666666666,0.8233333333333334,0.01,55.84,33.62,0.005025125628140704,52.0,0.9798994974874372,0.01507537688442211,0.0,4.725,3.4,4.05,0.54,0.59,7.52,1738.76153389,6654.82,5223.20746611,2260.82,3877.0588235294117,197730,659.1,3954.6,0.4652777777777778,56520.5,50,50
10,51,a99959aeee3f2d8b468078796b52356c0c4f7dc42100959012a3b7d989af6f39,300,12,baseline,baseline,0.0,1.0,1.0,15,uniform,,300,0,127,127,0,127,169,4,0.4409722222222222,0.8522536629012414,0.030073407530191807,0.42333333333333334,0.5633333333333334,0.013333333333333334,54.74015748031496,32.40944881889764,,,,,,,,,1.2421875,0.7733333333333333,7.5546875,4217.4075653,16148.3,12666.3224347,10517.633333333333,1995.1181102362204,253380,844.6,1995.1181102362204,0.5174189814814815,262940.8333333333,127,128
10,51,a99959aeee3f2d8b468078796b52356c0c4f7dc42100959012a3b7d989af6f39,300,12,p_0.22_stores_10_uniform,factorial_cell,0.22,1.0,1.0,10,uniform,,300,65,107,107,0,107,190,3,0.3715277777777778,0.7402282947077136,0.027481700269680238,0.3566666666666667,0.6333333333333333,0.01,54.57943925233645,31.869158878504674,0.0,,1.0,0.0,,5.1875,1.8307692307692307,3.5625,1.2314814814814814,0.8,8.462962962962964,3532.45785083,13376.11,10667.731815836667,8184.776666666667,2183.271028037383,233610,778.7,2183.271028037383,0.5019097222222222,204619.41666666666,107,108
10,51,a99959aeee3f2d8b468078796b52356c0c4f7dc42100959012a3b7d989af6f39,300,12,p_0.22_stores_10_nearest_restaurant,factorial_cell,0.22,1.0,1.0,10,nearest_restaurant,,300,65,100,100,3,103,195,5,0.3576388888888889,0.7223001402524545,0.02651222651222651,0.3333333333333333,0.65,0.016666666666666666,55.28,32.52,0.046153846153846156,69.66666666666667,0.9538461538461539,0.0,1.3333333333333333,7.2,3.9344262295081966,2.1333333333333333,0.9215686274509803,0.8160535117056856,7.745098039215686,3453.75375951,12813.07,10533.810573823333,7633.07,2263.106796116505,233100,777.0,2331.0,0.4951388888888889,190826.75,100,102
10,51,a99959aeee3f2d8b468078796b52356c0c4f7dc42100959012a3b7d989af6f39,300,12,p_0.22_stores_10_nearest_customer,factorial_cell,0.22,1.0,1.0,10,nearest_customer,,300,65,95,95,0,95,201,4,0.3298611111111111,0.6617134896679824,0.024105556965237248,0.31666666666666665,0.67,0.013333333333333334,56.65263157894737,33.23157894736842,0.0,,1.0,0.0,,3.6923076923076925,3.6615384615384614,7.3076923076923075,0.8541666666666666,0.8233333333333334,8.40625,3183.13928342,12375.15,9486.836049913334,7120.483333333334,2489.0526315789475,236460,788.2,2489.0526315789475,0.4984953703703704,178012.08333333334,95,96
10,51,a99959aeee3f2d8b468078796b52356c0c4f7dc42100959012a3b7d989af6f39,300,12,p_0.22_stores_15_uniform,factorial_cell,0.22,1.0,1.0,15,uniform,,300,65,100,100,2,102,196,4,0.3541666666666667,0.7157057654075546,0.02591792656587473,0.3333333333333333,0.6533333333333333,0.013333333333333334,54.61,32.18,0.03076923076923077,52.5,0.9692307692307692,0.0,0.0,3.235294117647059,0.828125,6.823529411764706,1.0294117647058822,0.85,8.0,3395.52547657,12652.76,10334.404856763333,7405.426666666666,2315.0,236130,787.1,2361.3,0.49484953703703705,185135.66666666666,100,102
10,51,a99959aeee3f2d8b468078796b52356c0c4f7dc42100959012a3b7d989af6f39,300,12,p_0.22_stores_15_nearest_restaurant,factorial_cell,0.22,1.0,1.0,15,nearest_restaurant,,300,65,99,99,4,103,196,5,0.3576388888888889,0.7347521103317085,0.027328203767577608,0.33,0.6533333333333333,0.016666666666666666,52.696969696969695,31.373737373737374,0.06153846153846154,48.25,0.9384615384615385,0.0,0.5,6.647058823529412,2.6825396825396823,3.4705882352941178,1.4851485148514851,0.8033333333333333,7.118811881188119,3415.20403308,12273.49,10571.497300253333,7248.156666666667,2195.5339805825242,226140,753.8,2284.242424242424,0.4867476851851852,181203.91666666666,99,101
10,51,a99959aeee3f2d8b468078796b52356c0c4f7dc42100959012a3b7d989af6f39,300,12,p_0.22_stores_15_nearest_customer,factorial_cell,0.22,1.0,1.0,15,nearest_customer,,300,65,98,98,0,98,198,4,0.3402777777777778,0.6743892648239477,0.02481012658227848,0.32666666666666666,0.66,0.013333333333333334,56.88775510204081,33.62244897959184,0.0,,1.0,0.0,,6.428571428571429,1.453125,4.142857142857143,1.0909090909090908,0.8133333333333334,8.292929292929292,3293.89780306,12887.36,9784.981530273333,7620.693333333334,2418.3673469387754,237000,790.0,2418.3673469387754,0.5045717592592592,190517.33333333334,98,99
10,51,a99959aeee3f2d8b468078796b52356c0c4f7dc42100959012a3b7d989af6f39,300,12,p_0.22_stores_20_uniform,factorial_cell,0.22,1.0,1.0,20,uniform,,300,65,110,110,0,110,185,5,0.3819444444444444,0.7760141093474426,0.028208744710860368,0.36666666666666664,0.6166666666666667,0.016666666666666666,53.69090909090909,31.40909090909091,0.0,,1.0,0.0,,2.5,0.5538461538461539,7.0,1.0714285714285714,0.7558528428093646,7.794642857142857,3603.97276286,13567.7,10914.71323714,8368.366666666667,2127.0,233970,779.9,2127.0,0.4921875,209209.16666666666,110,112
10,51,a99959aeee3f2d8b468078796b52356c0c4f7dc42100959012a3b7d989af6f39,300,12,p_0.22_stores_20_nearest_restaurant,factorial_cell,0.22,1.0,1.0,20,nearest_restaurant,,300,65,104,104,6,110,191,5,0.3819444444444444,0.7773851590106007,0.02838709677419355,0.3466666666666667,0.6366666666666667,0.016666666666666666,52.79807692307692,29.028846153846153,0.09230769230769231,47.833333333333336,0.9076923076923077,0.0,0.0,6.222222222222222,1.6984126984126984,5.611111111111111,0.6542056074766355,0.79,9.383177570093459,3469.30529039,12015.43,10916.120376276667,6848.763333333333,2113.6363636363635,232500,775.0,2235.576923076923,0.4913194444444444,171219.08333333334,104,107
10,51,a99959aeee3f2d8b468078796b52356c0c4f7dc42100959012a3b7d989af6f39,300,12,p_0.22_stores_20_nearest_customer,factorial_cell,0.22,1.0,1.0,20,nearest_customer,,300,65,99,99,0,99,197,4,0.34375,0.6804123711340206,0.02504110282028582,0.33,0.6566666666666666,0.013333333333333334,55.76767676767677,32.292929292929294,0.0,,1.0,0.0,,4.428571428571429,1.2903225806451613,6.857142857142857,1.24,0.86,8.69,3280.91580819,12531.55,9865.836525143333,7260.216666666666,2396.060606060606,237210,790.7,2396.060606060606,0.5052083333333334,181505.41666666666,99,100
10,51,a99959aeee3f2d8b468078796b52356c0c4f7dc42100959012a3b7d989af6f39,300,12,p_0.44_stores_10_uniform,factorial_cell,0.44,1.0,1.0,10,uniform,,300,134,65,65,1,66,231,4,0.22916666666666666,0.48245614035087714,0.018857142857142857,0.21666666666666667,0.77,0.013333333333333334,56.707692307692305,34.215384615384615,0.007462686567164179,56.0,0.9850746268656716,0.007462686567164179,0.0,6.266666666666667,4.128787878787879,5.266666666666667,1.507462686567164,0.8833333333333333,7.462686567164179,2246.63950091,8723.21,6700.09149909,4056.5433333333335,3181.818181818182,210000,700.0,3230.769230769231,0.475,101413.58333333333,65,67
10,51,a99959aeee3f2d8b468078796b52356c0c4f7dc42100959012a3b7d989af6f39,300,12,p_0.44_stores_10_nearest_restaurant,factorial_cell,0.44,1.0,1.0,10,nearest_restaurant,,300,134,76,76,4,80,220,4,0.2777777777777778,0.5845104724792985,0.02288002288002288,0.25333333333333335,0.7333333333333333,0.013333333333333334,56.44736842105263,33.3421052631579,0.029850746268656716,64.5,0.9626865671641791,0.007462686567164179,0.0,6.130434782608695,5.82258064516129,5.565217391304348,0.3974358974358974,0.8,8.76923076923077,2745.4381158,9997.87,8446.855217533333,5335.87,2622.375,209790,699.3,2760.3947368421054,0.4752314814814815,133396.75,76,78
10,51,a99959aeee3f2d8b468078796b52356c0c4f7dc42100959012a3b7d989af6f39,300,12,p_0.44_stores_10_nearest_customer,factorial_cell,0.44,1.0,1.0,10,nearest_customer,,300,134,72,72,0,72,224,4,0.25,0.5224331841818841,0.020261713803292527,0.24,0.7466666666666667,0.013333333333333334,53.958333333333336,30.944444444444443,0.0,,0.9925373134328358,0.007462686567164179,,5.458333333333333,6.51937984496124,7.75,0.8918918918918919,0.8266666666666667,7.945945945945946,2363.90611207,8727.12,7226.5475545966665,3989.12,2961.25,213210,710.7,2961.25,0.4785300925925926,99728.0,72,74
10,51,a99959aeee3f2d8b468078796b52356c0c4f7dc42100959012a3b7d989af6f39,300,12,p_0.44_stores_15_uniform,factorial_cell,0.44,1.0,1.0,15,uniform,,300,134,76,76,1,77,220,4,0.2673611111111111,0.5691056910569106,0.021568627450980392,0.25333333333333335,0.7333333333333333,0.013333333333333334,54.5921052631579,31.723684210526315,0.007462686567164179,29.0,0.9850746268656716,0.007462686567164179,0.0,5.2,2.2595419847328246,4.6,0.935064935064935,0.82,8.012987012987013,2565.23309011,9466.11,7843.684576556667,4706.11,2781.818181818182,214200,714.0,2818.4210526315787,0.46979166666666666,117652.75,76,77
10,51,a99959aeee3f2d8b468078796b52356c0c4f7dc42100959012a3b7d989af6f39,300,12,p_0.44_stores_15_nearest_restaurant,factorial_cell,0.44,1.0,1.0,15,nearest_restaurant,,300,134,83,83,13,96,213,4,0.3333333333333333,0.700218818380744,0.026471804770439818,0.27666666666666667,0.71,0.013333333333333334,55.86746987951807,32.975903614457835,0.09701492537313433,60.15384615384615,0.8880597014925373,0.014925373134328358,0.0,3.576923076923077,3.3384615384615386,5.346153846153846,0.8235294117647058,0.7866666666666666,8.764705882352942,3272.46610833,11116.13,10381.953558336667,6280.796666666667,2266.5625,217590,725.3,2621.5662650602408,0.47604166666666664,157019.91666666666,83,85
10,51,a99959aeee3f2d8b468078796b52356c0c4f7dc42100959012a3b7d989af6f39,300,12,p_0.44_stores_15_nearest_customer,factorial_cell,0.44,1.0,1.0,15,nearest_customer,,300,134,73,73,3,76,224,3,0.2638888888888889,0.5484064942874323,0.021384355655599326,0.24333333333333335,0.7466666666666667,0.01,56.602739726027394,32.64383561643836,0.022388059701492536,50.333333333333336,0.9701492537313433,0.007462686567164179,0.0,7.518518518518518,4.1395348837209305,4.037037037037037,1.2432432432432432,0.7866666666666666,8.45945945945946,2524.50379921,9446.56,7667.95720079,4707.893333333333,2805.7894736842104,213240,710.8,2921.095890410959,0.48119212962962965,117697.33333333333,73,74
10,51,a99959aeee3f2d8b468078796b52356c0c4f7dc42100959012a3b7d989af6f39,300,12,p_0.44_stores_20_uniform,factorial_cell,0.44,1.0,1.0,20,uniform,,300,134,61,61,0,61,235,4,0.21180555555555555,0.452970297029703,0.01711560044893378,0.20333333333333334,0.7833333333333333,0.013333333333333334,57.91803278688525,34.704918032786885,0.0,,0.9925373134328358,0.007462686567164179,,3.78125,2.1818181818181817,4.625,1.0158730158730158,0.7966666666666666,8.841269841269842,2107.56891583,8297.02,6240.79408417,3545.02,3505.5737704918033,213840,712.8,3505.5737704918033,0.4675925925925926,88625.5,61,63
10,51,a99959aeee3f2d8b468078796b52356c0c4f7dc42100959012a3b7d989af6f39,300,12,p_0.44_stores_20_nearest_restaurant,factorial_cell,0.44,1.0,1.0,20,nearest_restaurant,,300,134,90,90,13,103,207,3,0.3576388888888889,0.7245017584994139,0.027342713034244757,0.3,0.69,0.01,56.477777777777774,32.766666666666666,0.09701492537313433,60.53846153846154,0.8955223880597015,0.007462686567164179,0.0,5.888888888888889,2.8244274809160306,4.0,0.7888888888888889,0.8233333333333334,9.366666666666667,3527.52286324,11847.3,11244.067803426668,6824.633333333333,2194.368932038835,226020,753.4,2511.3333333333335,0.49363425925925924,170615.83333333334,90,90
10,51,a99959aeee3f2d8b468078796b52356c0c4f7dc42100959012a3b7d989af6f39,300,12,p_0.44_stores_20_nearest_customer,factorial_cell,0.44,1.0,1.0,20,nearest_customer,,300,134,73,73,4,77,223,4,0.2673611111111111,0.5658297611757501,0.021843971631205675,0.24333333333333335,0.7433333333333333,0.013333333333333334,54.52054794520548,32.06849315068493,0.029850746268656716,45.0,0.9626865671641791,0.007462686567164179,0.0,4.962962962962963,3.1666666666666665,6.481481481481482,1.135135135135135,0.77,7.756756756756757,2500.91954529,9340.99,7603.102788043333,4640.99,2746.753246753247,211500,705.0,2897.2602739726026,0.47251157407407407,116024.75,73,74
10,51,a99959aeee3f2d8b468078796b52356c0c4f7dc42100959012a3b7d989af6f39,300,12,p_0.66_stores_10_uniform,factorial_cell,0.66,1.0,1.0,10,uniform,,300,197,56,56,7,63,241,3,0.21875,0.4638605963921954,0.019038984587488667,0.18666666666666668,0.8033333333333333,0.01,55.910714285714285,33.25,0.03553299492385787,62.857142857142854,0.9593908629441624,0.005076142131979695,0.0,5.541666666666667,4.862637362637362,4.270833333333333,1.7142857142857142,0.8766666666666667,7.714285714285714,2275.17084108,7604.95,7266.370492253333,3192.95,3151.4285714285716,198540,661.8,3545.3571428571427,0.47158564814814813,79823.75,56,56
10,51,a99959aeee3f2d8b468078796b52356c0c4f7dc42100959012a3b7d989af6f39,300,12,p_0.66_stores_10_nearest_restaurant,factorial_cell,0.66,1.0,1.0,10,nearest_restaurant,,300,197,57,57,12,69,240,3,0.23958333333333334,0.5182774161241863,0.020805065581184983,0.19,0.8,0.01,56.526315789473685,33.40350877192982,0.06091370558375635,60.583333333333336,0.934010152284264,0.005076142131979695,0.0,4.486486486486487,7.011363636363637,8.567567567567568,1.293103448275862,0.7424749163879598,8.327586206896552,2356.2054248,7776.99,7563.867908533333,3354.99,2883.913043478261,198990,663.3,3491.0526315789475,0.4622685185185185,83874.75,57,58
10,51,a99959aeee3f2d8b468078796b52356c0c4f7dc42100959012a3b7d989af6f39,300,12,p_0.66_stores_10_nearest_customer,factorial_cell,0.66,1.0,1.0,10,nearest_customer,,300,197,44,44,1,45,253,3,0.15625,0.342422320862397,0.014231499051233396,0.14666666666666667,0.8433333333333334,0.01,55.88636363636363,32.02272727272727,0.005076142131979695,28.0,0.9898477157360406,0.005076142131979695,0.0,5.84375,8.222222222222221,3.5,1.3409090909090908,0.7966666666666666,8.659090909090908,1452.49177975,5556.11,4364.4565535833335,1340.11,4216.0,189720,632.4,4311.818181818182,0.45630787037037035,33502.75,44,44
10,51,a99959aeee3f2d8b468078796b52356c0c4f7dc42100959012a3b7d989af6f39,300,12,p_0.66_stores_15_uniform,factorial_cell,0.66,1.0,1.0,15,uniform,,300,197,51,51,1,52,246,3,0.18055555555555555,0.38733705772811916,0.015398282499259699,0.17,0.82,0.01,56.588235294117645,33.72549019607843,0.005076142131979695,72.0,0.9898477157360406,0.005076142131979695,0.0,5.131578947368421,2.978609625668449,6.657894736842105,0.37254901960784315,0.8166666666666667,8.529411764705882,1730.84081214,6803.4,5129.37318786,2300.733333333333,3896.5384615384614,202620,675.4,3972.9411764705883,0.4661458333333333,57518.333333333336,51,51
10,51,a99959aeee3f2d8b468078796b52356c0c4f7dc42100959012a3b7d989af6f39,300,12,p_0.66_stores_15_nearest_restaurant,factorial_cell,0.66,1.0,1.0,15,nearest_restaurant,,300,197,71,71,20,91,226,3,0.3159722222222222,0.6601378309756982,0.026183282980866064,0.23666666666666666,0.7533333333333333,0.01,58.478873239436616,34.38028169014085,0.10152284263959391,62.4,0.8934010152284264,0.005076142131979695,0.05,6.925,4.518918918918919,4.95,1.0704225352112675,0.7533333333333333,9.830985915492958,3199.48333803,10033.06,10477.392995303333,5399.06,2291.5384615384614,208530,695.1,2937.042253521127,0.4786458333333333,134976.5,71,71
10,51,a99959aeee3f2d8b468078796b52356c0c4f7dc42100959012a3b7d989af6f39,300,12,p_0.66_stores_15_nearest_customer,factorial_cell,0.66,1.0,1.0,15,nearest_customer,,300,197,57,57,6,63,240,3,0.21875,0.4651162790697675,0.018705463182897862,0.19,0.8,0.01,56.89473684210526,32.80701754385965,0.030456852791878174,46.0,0.9644670050761421,0.005076142131979695,0.0,4.02,5.209677419354839,5.54,1.0862068965517242,0.7625418060200669,9.39655172413793,2106.2913882,7640.14,6492.221945133333,3149.4733333333334,3207.6190476190477,202080,673.6,3545.2631578947367,0.4703125,78736.83333333333,57,58
10,51,a99959aeee3f2d8b468078796b52356c0c4f7dc42100959012a3b7d989af6f39,300,12,p_0.66_stores_20_uniform,factorial_cell,0.66,1.0,1.0,20,uniform,,300,197,50,50,3,53,246,4,0.1840277777777778,0.40370699504887647,0.016133942161339423,0.16666666666666666,0.82,0.013333333333333334,54.5,31.34,0.015228426395939087,63.0,0.9796954314720813,0.005076142131979695,0.0,4.571428571428571,2.005291005291005,5.371428571428571,0.8235294117647058,0.7833333333333333,9.215686274509803,1745.93096055,6326.38,5384.077372783333,1946.38,3718.867924528302,197100,657.0,3942.0,0.4558449074074074,48659.5,50,51
10,51,a99959aeee3f2d8b468078796b52356c0c4f7dc42100959012a3b7d989af6f39,300,12,p_0.66_stores_20_nearest_restaurant,factorial_cell,0.66,1.0,1.0,20,nearest_restaurant,,300,197,72,72,23,95,224,4,0.3298611111111111,0.6956309494752257,0.027978206449712856,0.24,0.7466666666666667,0.013333333333333334,53.611111111111114,30.73611111111111,0.116751269035533,56.08695652173913,0.8730964467005076,0.01015228426395939,0.041666666666666664,5.431818181818182,4.1861702127659575,6.318181818181818,1.356164383561644,0.7533333333333333,8.397260273972602,3192.09817208,9211.96,10765.616494586666,4684.626666666667,2144.5263157894738,203730,679.1,2829.5833333333335,0.4741898148148148,117115.66666666667,72,73
10,51,a99959aeee3f2d8b468078796b52356c0c4f7dc42100959012a3b7d989af6f39,300,12,p_0.66_stores_20_nearest_customer,factorial_cell,0.66,1.0,1.0,20,nearest_customer,,300,197,64,64,6,70,232,4,0.24305555555555555,0.5118206190592249,0.0203843913803145,0.21333333333333335,0.7733333333333333,0.013333333333333334,54.796875,31.296875,0.030456852791878174,42.833333333333336,0.9644670050761421,0.005076142131979695,0.0,4.295454545454546,3.807486631016043,4.363636363636363,1.2272727272727273,0.81,8.545454545454545,2276.75475411,8085.88,7085.209579223333,3507.213333333333,2943.4285714285716,206040,686.8,3219.375,0.47488425925925926,87680.33333333333,64,66
