condition_id,reference_condition_id,factor,p_integration,food_preparation_multiplier,grocery_preparation_multiplier,num_stores,store_selection,metric,subject,primary_metric,observed_pairs,mean_change_in_delta,ci95_lower,ci95_upper
p_0.22_stores_10_uniform,p_0.44_stores_15_uniform,factorial_cell,0.22,1.0,1.0,10,uniform,service_units_per_driver_hour,driver,True,10,0.08541666666666667,0.06840277777777778,0.10138888888888889
p_0.22_stores_10_uniform,p_0.44_stores_15_uniform,factorial_cell,0.22,1.0,1.0,10,uniform,service_units_per_busy_driver_hour,driver,False,10,0.14997415911703968,0.12036735887349732,0.1760861698061979
p_0.22_stores_10_uniform,p_0.44_stores_15_uniform,factorial_cell,0.22,1.0,1.0,10,uniform,service_units_per_km,driver,False,10,0.00446577315563066,0.0032990983368196758,0.005461250272336514
p_0.22_stores_10_uniform,p_0.44_stores_15_uniform,factorial_cell,0.22,1.0,1.0,10,uniform,food_completion_rate,customer,True,10,0.08533333333333333,0.07033333333333333,0.1
p_0.22_stores_10_uniform,p_0.44_stores_15_uniform,factorial_cell,0.22,1.0,1.0,10,uniform,food_cancellation_rate,customer,False,10,-0.08433333333333334,-0.098,-0.06900000000000003
p_0.22_stores_10_uniform,p_0.44_stores_15_uniform,factorial_cell,0.22,1.0,1.0,10,uniform,food_unfinished_rate,customer,False,10,-0.0010000000000000002,-0.002333333333333334,0.0003333333333333333
p_0.22_stores_10_uniform,p_0.44_stores_15_uniform,factorial_cell,0.22,1.0,1.0,10,uniform,mean_food_completion_ticks,customer,True,10,-0.27497401981340347,-1.2200002658433524,0.6912046169335044
p_0.22_stores_10_uniform,p_0.44_stores_15_uniform,factorial_cell,0.22,1.0,1.0,10,uniform,mean_food_pickup_wait_ticks,driver,False,10,-0.09103486648634235,-0.280671594559013,0.073974617761183
p_0.22_stores_10_uniform,p_0.44_stores_15_uniform,factorial_cell,0.22,1.0,1.0,10,uniform,mean_food_preparation_queue_ticks,merchant,False,10,-0.01909742634458128,-0.07688259464033463,0.02345653054377885
p_0.22_stores_10_uniform,p_0.44_stores_15_uniform,factorial_cell,0.22,1.0,1.0,10,uniform,mean_food_ready_to_handover_ticks,merchant,False,10,-0.05608236723395876,-0.575321608012468,0.6244113769649053
p_0.22_stores_10_uniform,p_0.44_stores_15_uniform,factorial_cell,0.22,1.0,1.0,10,uniform,mean_food_post_pickup_delivery_ticks,customer,False,10,-0.15542995248540628,-1.0360960416472778,0.7868658186897696
p_0.22_stores_10_uniform,p_0.44_stores_15_uniform,factorial_cell,0.22,1.0,1.0,10,uniform,platform_revenue_per_order,platform,True,10,833.916048896,658.164837419175,995.83093333295
p_0.22_stores_10_uniform,p_0.44_stores_15_uniform,factorial_cell,0.22,1.0,1.0,10,uniform,driver_revenue_per_order,driver,False,10,3188.6050000000005,2509.047,3835.7197750000005
p_0.22_stores_10_uniform,p_0.44_stores_15_uniform,factorial_cell,0.22,1.0,1.0,10,uniform,merchant_revenue_per_order,merchant,False,10,2506.270217770667,1975.1955730820084,3011.9041469039917
p_0.22_stores_10_uniform,p_0.44_stores_15_uniform,factorial_cell,0.22,1.0,1.0,10,uniform,driver_profit_per_order,driver,False,10,2790.3383333333336,2132.4526833333334,3419.046066666667
p_0.22_stores_10_uniform,p_0.44_stores_15_uniform,factorial_cell,0.22,1.0,1.0,10,uniform,emission_intensity_per_service_unit,environment,True,10,-440.147176575477,-539.5968712492385,-320.01023569816545
p_0.22_stores_10_uniform,p_0.44_stores_15_uniform,factorial_cell,0.22,1.0,1.0,10,uniform,total_emission_units,environment,False,10,17922.0,14307.0,20940.149999999998
p_0.22_stores_10_uniform,p_0.44_stores_15_uniform,factorial_cell,0.22,1.0,1.0,10,uniform,emission_units_per_order,environment,False,10,59.739999999999995,47.98,69.80999999999997
p_0.22_stores_10_uniform,p_0.44_stores_15_uniform,factorial_cell,0.22,1.0,1.0,10,uniform,emission_units_per_completed_order,environment,False,10,-482.6034137352739,-583.8067717438524,-365.96733762010655
p_0.22_stores_10_uniform,p_0.44_stores_15_uniform,factorial_cell,0.22,1.0,1.0,10,uniform,driver_utilization,driver,False,10,0.01619791666666668,0.01078674768518521,0.02164930555555557
p_0.22_stores_10_uniform,p_0.44_stores_15_uniform,factorial_cell,0.22,1.0,1.0,10,uniform,driver_profit_per_driver,driver,False,10,69758.45833333333,53153.740625000006,85262.48083333332
p_0.22_stores_10_nearest_restaurant,p_0.44_stores_15_uniform,factorial_cell,0.22,1.0,1.0,10,nearest_restaurant,service_units_per_driver_hour,driver,True,10,0.10659722222222223,0.09791666666666668,0.11527777777777778
p_0.22_stores_10_nearest_restaurant,p_0.44_stores_15_uniform,factorial_cell,0.22,1.0,1.0,10,nearest_restaurant,service_units_per_busy_driver_hour,driver,False,10,0.18692422443301038,0.17038631399009335,0.2029817904900201
p_0.22_stores_10_nearest_restaurant,p_0.44_stores_15_uniform,factorial_cell,0.22,1.0,1.0,10,nearest_restaurant,service_units_per_km,driver,False,10,0.0059626793106692996,0.005282535557562588,0.006693009750580277
p_0.22_stores_10_nearest_restaurant,p_0.44_stores_15_uniform,factorial_cell,0.22,1.0,1.0,10,nearest_restaurant,food_completion_rate,customer,True,10,0.09233333333333332,0.08299999999999999,0.10166666666666666
p_0.22_stores_10_nearest_restaurant,p_0.44_stores_15_uniform,factorial_cell,0.22,1.0,1.0,10,nearest_restaurant,food_cancellation_rate,customer,False,10,-0.09233333333333335,-0.10199999999999998,-0.08300000000000002
p_0.22_stores_10_nearest_restaurant,p_0.44_stores_15_uniform,factorial_cell,0.22,1.0,1.0,10,nearest_restaurant,food_unfinished_rate,customer,False,10,0.0,-0.001666666666666667,0.001666666666666667
p_0.22_stores_10_nearest_restaurant,p_0.44_stores_15_uniform,factorial_cell,0.22,1.0,1.0,10,nearest_restaurant,mean_food_completion_ticks,customer,True,10,-0.3875101574521132,-1.1627398907521278,0.25062476799481004
p_0.22_stores_10_nearest_restaurant,p_0.44_stores_15_uniform,factorial_cell,0.22,1.0,1.0,10,nearest_restaurant,mean_food_pickup_wait_ticks,driver,False,10,-0.16186681156569266,-0.3237784396881236,-0.02118275292273568
p_0.22_stores_10_nearest_restaurant,p_0.44_stores_15_uniform,factorial_cell,0.22,1.0,1.0,10,nearest_restaurant,mean_food_preparation_queue_ticks,merchant,False,10,-0.023512523648794408,-0.07721072800120798,0.024362511142792725
p_0.22_stores_10_nearest_restaurant,p_0.44_stores_15_uniform,factorial_cell,0.22,1.0,1.0,10,nearest_restaurant,mean_food_ready_to_handover_ticks,merchant,False,10,0.12461219128083156,-0.48975913280435873,0.7556196300639063
p_0.22_stores_10_nearest_restaurant,p_0.44_stores_15_uniform,factorial_cell,0.22,1.0,1.0,10,nearest_restaurant,mean_food_post_pickup_delivery_ticks,customer,False,10,-0.3958073824353427,-1.0929210251250783,0.2638328957189398
p_0.22_stores_10_nearest_restaurant,p_0.44_stores_15_uniform,factorial_cell,0.22,1.0,1.0,10,nearest_restaurant,platform_revenue_per_order,platform,True,10,1012.365835496,935.9885976431751,1090.11516627275
p_0.22_stores_10_nearest_restaurant,p_0.44_stores_15_uniform,factorial_cell,0.22,1.0,1.0,10,nearest_restaurant,driver_revenue_per_order,driver,False,10,3461.5229999999997,3184.6852249999997,3715.2819999999992
p_0.22_stores_10_nearest_restaurant,p_0.44_stores_15_uniform,factorial_cell,0.22,1.0,1.0,10,nearest_restaurant,merchant_revenue_per_order,merchant,False,10,3202.8790978373336,2947.989277058492,3479.3326433181005
p_0.22_stores_10_nearest_restaurant,p_0.44_stores_15_uniform,factorial_cell,0.22,1.0,1.0,10,nearest_restaurant,driver_profit_per_order,driver,False,10,3056.2563333333333,2765.7580833333327,3320.0484749999996
p_0.22_stores_10_nearest_restaurant,p_0.44_stores_15_uniform,factorial_cell,0.22,1.0,1.0,10,nearest_restaurant,emission_intensity_per_service_unit,environment,True,10,-554.3709667640214,-625.354731880641,-483.12663959855644
p_0.22_stores_10_nearest_restaurant,p_0.44_stores_15_uniform,factorial_cell,0.22,1.0,1.0,10,nearest_restaurant,total_emission_units,environment,False,10,18237.0,14738.85,21093.0
p_0.22_stores_10_nearest_restaurant,p_0.44_stores_15_uniform,factorial_cell,0.22,1.0,1.0,10,nearest_restaurant,emission_units_per_order,environment,False,10,60.79,49.27,70.28024999999994
p_0.22_stores_10_nearest_restaurant,p_0.44_stores_15_uniform,factorial_cell,0.22,1.0,1.0,10,nearest_restaurant,emission_units_per_completed_order,environment,False,10,-521.6335283325805,-612.6047392087486,-430.83728076243267
p_0.22_stores_10_nearest_restaurant,p_0.44_stores_15_uniform,factorial_cell,0.22,1.0,1.0,10,nearest_restaurant,driver_utilization,driver,False,10,0.019369212962962973,0.016660879629629623,0.021892505787037064
p_0.22_stores_10_nearest_restaurant,p_0.44_stores_15_uniform,factorial_cell,0.22,1.0,1.0,10,nearest_restaurant,driver_profit_per_driver,driver,False,10,76406.40833333334,69145.58750000001,83119.30062499999
p_0.22_stores_10_nearest_customer,p_0.44_stores_15_uniform,factorial_cell,0.22,1.0,1.0,10,nearest_customer,service_units_per_driver_hour,driver,True,10,0.08368055555555556,0.07187500000000002,0.09548611111111113
p_0.22_stores_10_nearest_customer,p_0.44_stores_15_uniform,factorial_cell,0.22,1.0,1.0,10,nearest_customer,service_units_per_busy_driver_hour,driver,False,10,0.14688372491263058,0.12398097599849657,0.17083456945076433
p_0.22_stores_10_nearest_customer,p_0.44_stores_15_uniform,factorial_cell,0.22,1.0,1.0,10,nearest_customer,service_units_per_km,driver,False,10,0.004460646991293733,0.003525755171402461,0.005396407258453315
p_0.22_stores_10_nearest_customer,p_0.44_stores_15_uniform,factorial_cell,0.22,1.0,1.0,10,nearest_customer,food_completion_rate,customer,True,10,0.08199999999999999,0.07266666666666666,0.092
p_0.22_stores_10_nearest_customer,p_0.44_stores_15_uniform,factorial_cell,0.22,1.0,1.0,10,nearest_customer,food_cancellation_rate,customer,False,10,-0.08333333333333334,-0.09333333333333335,-0.0733333333333333
p_0.22_stores_10_nearest_customer,p_0.44_stores_15_uniform,factorial_cell,0.22,1.0,1.0,10,nearest_customer,food_unfinished_rate,customer,False,10,0.0013333333333333333,-0.0003333333333333334,0.003
p_0.22_stores_10_nearest_customer,p_0.44_stores_15_uniform,factorial_cell,0.22,1.0,1.0,10,nearest_customer,mean_food_completion_ticks,customer,True,10,-0.47187944749793687,-1.1181327348123546,0.2665015622849233
p_0.22_stores_10_nearest_customer,p_0.44_stores_15_uniform,factorial_cell,0.22,1.0,1.0,10,nearest_customer,mean_food_pickup_wait_ticks,driver,False,10,-0.1085889498004062,-0.26328502788330915,0.048535947904880805
p_0.22_stores_10_nearest_customer,p_0.44_stores_15_uniform,factorial_cell,0.22,1.0,1.0,10,nearest_customer,mean_food_preparation_queue_ticks,merchant,False,10,-0.03953664581589879,-0.08233407374380526,-6.036527425493654e-05
p_0.22_stores_10_nearest_customer,p_0.44_stores_15_uniform,factorial_cell,0.22,1.0,1.0,10,nearest_customer,mean_food_ready_to_handover_ticks,merchant,False,10,-0.06822399399682241,-0.5565445670173834,0.44873068251236387
p_0.22_stores_10_nearest_customer,p_0.44_stores_15_uniform,factorial_cell,0.22,1.0,1.0,10,nearest_customer,mean_food_post_pickup_delivery_ticks,customer,False,10,-0.32294090298332423,-0.8179203305430918,0.23532085591014706
p_0.22_stores_10_nearest_customer,p_0.44_stores_15_uniform,factorial_cell,0.22,1.0,1.0,10,nearest_customer,platform_revenue_per_order,platform,True,10,793.641628008,681.91390510995,914.1314508927
p_0.22_stores_10_nearest_customer,p_0.44_stores_15_uniform,factorial_cell,0.22,1.0,1.0,10,nearest_customer,driver_revenue_per_order,driver,False,10,3014.219,2577.0810000000006,3441.591775
p_0.22_stores_10_nearest_customer,p_0.44_stores_15_uniform,factorial_cell,0.22,1.0,1.0,10,nearest_customer,merchant_revenue_per_order,merchant,False,10,2393.211838658667,2023.73567018365,2772.7364357133665
p_0.22_stores_10_nearest_customer,p_0.44_stores_15_uniform,factorial_cell,0.22,1.0,1.0,10,nearest_customer,driver_profit_per_order,driver,False,10,2637.019,2200.9977916666667,3075.4109583333334
p_0.22_stores_10_nearest_customer,p_0.44_stores_15_uniform,factorial_cell,0.22,1.0,1.0,10,nearest_customer,emission_intensity_per_service_unit,environment,True,10,-434.7968401929205,-518.2549095850053,-348.36909165109796
p_0.22_stores_10_nearest_customer,p_0.44_stores_15_uniform,factorial_cell,0.22,1.0,1.0,10,nearest_customer,total_emission_units,environment,False,10,16974.0,14415.0,19743.0
p_0.22_stores_10_nearest_customer,p_0.44_stores_15_uniform,factorial_cell,0.22,1.0,1.0,10,nearest_customer,emission_units_per_order,environment,False,10,56.580000000000005,48.16999999999998,66.06025000000002
p_0.22_stores_10_nearest_customer,p_0.44_stores_15_uniform,factorial_cell,0.22,1.0,1.0,10,nearest_customer,emission_units_per_completed_order,environment,False,10,-466.6328911176221,-548.6007888233775,-382.540492341948
p_0.22_stores_10_nearest_customer,p_0.44_stores_15_uniform,factorial_cell,0.22,1.0,1.0,10,nearest_customer,driver_utilization,driver,False,10,0.016070601851851857,0.012633101851851836,0.019710792824074074
p_0.22_stores_10_nearest_customer,p_0.44_stores_15_uniform,factorial_cell,0.22,1.0,1.0,10,nearest_customer,driver_profit_per_driver,driver,False,10,65925.475,54983.54000000001,76963.46375
p_0.22_stores_15_uniform,p_0.44_stores_15_uniform,factorial_cell,0.22,1.0,1.0,15,uniform,service_units_per_driver_hour,driver,True,10,0.08125000000000002,0.07187500000000002,0.090625
p_0.22_stores_15_uniform,p_0.44_stores_15_uniform,factorial_cell,0.22,1.0,1.0,15,uniform,service_units_per_busy_driver_hour,driver,False,10,0.13825770658698847,0.1234180396438135,0.15571204210085726
p_0.22_stores_15_uniform,p_0.44_stores_15_uniform,factorial_cell,0.22,1.0,1.0,15,uniform,service_units_per_km,driver,False,10,0.00403428888068961,0.003440862286606648,0.004798711447050187
p_0.22_stores_15_uniform,p_0.44_stores_15_uniform,factorial_cell,0.22,1.0,1.0,15,uniform,food_completion_rate,customer,True,10,0.07966666666666666,0.07166666666666667,0.08766666666666667
p_0.22_stores_15_uniform,p_0.44_stores_15_uniform,factorial_cell,0.22,1.0,1.0,15,uniform,food_cancellation_rate,customer,False,10,-0.081,-0.09,-0.07233333333333335
p_0.22_stores_15_uniform,p_0.44_stores_15_uniform,factorial_cell,0.22,1.0,1.0,15,uniform,food_unfinished_rate,customer,False,10,0.0013333333333333333,-0.00033333333333333343,0.003
p_0.22_stores_15_uniform,p_0.44_stores_15_uniform,factorial_cell,0.22,1.0,1.0,15,uniform,mean_food_completion_ticks,customer,True,10,0.5772334065739472,-0.40504865224467307,1.3602174019396496
p_0.22_stores_15_uniform,p_0.44_stores_15_uniform,factorial_cell,0.22,1.0,1.0,15,uniform,mean_food_pickup_wait_ticks,driver,False,10,-0.1297768190406397,-0.2872649443114144,0.025068643919289594
p_0.22_stores_15_uniform,p_0.44_stores_15_uniform,factorial_cell,0.22,1.0,1.0,15,uniform,mean_food_preparation_queue_ticks,merchant,False,10,0.011276550984166977,-0.017147749794488937,0.037767608471190296
p_0.22_stores_15_uniform,p_0.44_stores_15_uniform,factorial_cell,0.22,1.0,1.0,15,uniform,mean_food_ready_to_handover_ticks,merchant,False,10,0.22638117408401248,-0.09439146393147739,0.5909569938445632
p_0.22_stores_15_uniform,p_0.44_stores_15_uniform,factorial_cell,0.22,1.0,1.0,15,uniform,mean_food_post_pickup_delivery_ticks,customer,False,10,0.4097397250193257,-0.366000665633784,1.160238081079705
p_0.22_stores_15_uniform,p_0.44_stores_15_uniform,factorial_cell,0.22,1.0,1.0,15,uniform,platform_revenue_per_order,platform,True,10,817.100766573,731.8088172816,901.7184950157
p_0.22_stores_15_uniform,p_0.44_stores_15_uniform,factorial_cell,0.22,1.0,1.0,15,uniform,driver_revenue_per_order,driver,False,10,3235.916,2880.888,3592.5177750000003
p_0.22_stores_15_uniform,p_0.44_stores_15_uniform,factorial_cell,0.22,1.0,1.0,15,uniform,merchant_revenue_per_order,merchant,False,10,2412.0372000936673,2151.0246814079,2707.2643368904496
p_0.22_stores_15_uniform,p_0.44_stores_15_uniform,factorial_cell,0.22,1.0,1.0,15,uniform,driver_profit_per_order,driver,False,10,2810.6493333333337,2476.096191666667,3136.655
p_0.22_stores_15_uniform,p_0.44_stores_15_uniform,factorial_cell,0.22,1.0,1.0,15,uniform,emission_intensity_per_service_unit,environment,True,10,-403.2598054243267,-475.19125029468574,-335.1600594189057
p_0.22_stores_15_uniform,p_0.44_stores_15_uniform,factorial_cell,0.22,1.0,1.0,15,uniform,total_emission_units,environment,False,10,19137.0,15821.925,22155.074999999997
p_0.22_stores_15_uniform,p_0.44_stores_15_uniform,factorial_cell,0.22,1.0,1.0,15,uniform,emission_units_per_order,environment,False,10,63.79000000000002,52.49000000000002,74.24025000000005
p_0.22_stores_15_uniform,p_0.44_stores_15_uniform,factorial_cell,0.22,1.0,1.0,15,uniform,emission_units_per_completed_order,environment,False,10,-434.30176678653896,-511.4514542237873,-367.40702510174646
p_0.22_stores_15_uniform,p_0.44_stores_15_uniform,factorial_cell,0.22,1.0,1.0,15,uniform,driver_utilization,driver,False,10,0.018611111111111123,0.014415509259259256,0.022795138888888917
p_0.22_stores_15_uniform,p_0.44_stores_15_uniform,factorial_cell,0.22,1.0,1.0,15,uniform,driver_profit_per_driver,driver,False,10,70266.23333333334,61903.80562499999,78448.12333333331
p_0.22_stores_15_nearest_restaurant,p_0.44_stores_15_uniform,factorial_cell,0.22,1.0,1.0,15,nearest_restaurant,service_units_per_driver_hour,driver,True,10,0.10798611111111112,0.09513888888888891,0.12395833333333335
p_0.22_stores_15_nearest_restaurant,p_0.44_stores_15_uniform,factorial_cell,0.22,1.0,1.0,15,nearest_restaurant,service_units_per_busy_driver_hour,driver,False,10,0.1916958533924415,0.17046705791073619,0.2204459615930473
p_0.22_stores_15_nearest_restaurant,p_0.44_stores_15_uniform,factorial_cell,0.22,1.0,1.0,15,nearest_restaurant,service_units_per_km,driver,False,10,0.006174894050154081,0.005261434641822339,0.007226945025188479
p_0.22_stores_15_nearest_restaurant,p_0.44_stores_15_uniform,factorial_cell,0.22,1.0,1.0,15,nearest_restaurant,food_completion_rate,customer,True,10,0.09233333333333334,0.08199999999999999,0.10366666666666668
p_0.22_stores_15_nearest_restaurant,p_0.44_stores_15_uniform,factorial_cell,0.22,1.0,1.0,15,nearest_restaurant,food_cancellation_rate,customer,False,10,-0.09400000000000001,-0.10566666666666669,-0.08300000000000003
p_0.22_stores_15_nearest_restaurant,p_0.44_stores_15_uniform,factorial_cell,0.22,1.0,1.0,15,nearest_restaurant,food_unfinished_rate,customer,False,10,0.0016666666666666663,-2.6020852139652105e-19,0.0033333333333333327
p_0.22_stores_15_nearest_restaurant,p_0.44_stores_15_uniform,factorial_cell,0.22,1.0,1.0,15,nearest_restaurant,mean_food_completion_ticks,customer,True,10,-0.8029216644393629,-1.5928261613538466,0.04186991087737265
p_0.22_stores_15_nearest_restaurant,p_0.44_stores_15_uniform,factorial_cell,0.22,1.0,1.0,15,nearest_restaurant,mean_food_pickup_wait_ticks,driver,False,10,-0.04727385222108519,-0.21498650019429696,0.13717508032343345
p_0.22_stores_15_nearest_restaurant,p_0.44_stores_15_uniform,factorial_cell,0.22,1.0,1.0,15,nearest_restaurant,mean_food_preparation_queue_ticks,merchant,False,10,-0.020787197920258883,-0.054166610789269064,0.011684593992720666
p_0.22_stores_15_nearest_restaurant,p_0.44_stores_15_uniform,factorial_cell,0.22,1.0,1.0,15,nearest_restaurant,mean_food_ready_to_handover_ticks,merchant,False,10,0.006149477375064549,-0.45839634703347315,0.5872140787954961
p_0.22_stores_15_nearest_restaurant,p_0.44_stores_15_uniform,factorial_cell,0.22,1.0,1.0,15,nearest_restaurant,mean_food_post_pickup_delivery_ticks,customer,False,10,-0.5586616387560038,-1.3958170800984957,0.20181235914905699
p_0.22_stores_15_nearest_restaurant,p_0.44_stores_15_uniform,factorial_cell,0.22,1.0,1.0,15,nearest_restaurant,platform_revenue_per_order,platform,True,10,1031.445644615,900.4686338909751,1175.35060889125
p_0.22_stores_15_nearest_restaurant,p_0.44_stores_15_uniform,factorial_cell,0.22,1.0,1.0,15,nearest_restaurant,driver_revenue_per_order,driver,False,10,3371.2019999999998,2900.4184499999997,3831.809775
p_0.22_stores_15_nearest_restaurant,p_0.44_stores_15_uniform,factorial_cell,0.22,1.0,1.0,15,nearest_restaurant,merchant_revenue_per_order,merchant,False,10,3324.147188718334,2909.676748749759,3851.851787679868
p_0.22_stores_15_nearest_restaurant,p_0.44_stores_15_uniform,factorial_cell,0.22,1.0,1.0,15,nearest_restaurant,driver_profit_per_order,driver,False,10,2986.602,2520.60105,3431.0519999999997
p_0.22_stores_15_nearest_restaurant,p_0.44_stores_15_uniform,factorial_cell,0.22,1.0,1.0,15,nearest_restaurant,emission_intensity_per_service_unit,environment,True,10,-567.0178415500468,-652.848523311681,-485.25822358589033
p_0.22_stores_15_nearest_restaurant,p_0.44_stores_15_uniform,factorial_cell,0.22,1.0,1.0,15,nearest_restaurant,total_emission_units,environment,False,10,17307.0,14825.925,19794.074999999997
p_0.22_stores_15_nearest_restaurant,p_0.44_stores_15_uniform,factorial_cell,0.22,1.0,1.0,15,nearest_restaurant,emission_units_per_order,environment,False,10,57.69000000000001,49.22000000000001,66.14000000000001
p_0.22_stores_15_nearest_restaurant,p_0.44_stores_15_uniform,factorial_cell,0.22,1.0,1.0,15,nearest_restaurant,emission_units_per_completed_order,environment,False,10,-528.1586879639787,-606.5191853866625,-444.06400918411015
p_0.22_stores_15_nearest_restaurant,p_0.44_stores_15_uniform,factorial_cell,0.22,1.0,1.0,15,nearest_restaurant,driver_utilization,driver,False,10,0.018003472222222223,0.014479021990740724,0.021574074074074096
p_0.22_stores_15_nearest_restaurant,p_0.44_stores_15_uniform,factorial_cell,0.22,1.0,1.0,15,nearest_restaurant,driver_profit_per_driver,driver,False,10,74665.05,63352.77250000001,85845.22041666666
p_0.22_stores_15_nearest_customer,p_0.44_stores_15_uniform,factorial_cell,0.22,1.0,1.0,15,nearest_customer,service_units_per_driver_hour,driver,True,10,0.07604166666666667,0.05972222222222223,0.08958333333333335
p_0.22_stores_15_nearest_customer,p_0.44_stores_15_uniform,factorial_cell,0.22,1.0,1.0,15,nearest_customer,service_units_per_busy_driver_hour,driver,False,10,0.13190185513724514,0.10378909576135321,0.1572939179103268
p_0.22_stores_15_nearest_customer,p_0.44_stores_15_uniform,factorial_cell,0.22,1.0,1.0,15,nearest_customer,service_units_per_km,driver,False,10,0.0038367032548748737,0.002733964183777413,0.004823256322629015
p_0.22_stores_15_nearest_customer,p_0.44_stores_15_uniform,factorial_cell,0.22,1.0,1.0,15,nearest_customer,food_completion_rate,customer,True,10,0.076,0.061999999999999986,0.088
p_0.22_stores_15_nearest_customer,p_0.44_stores_15_uniform,factorial_cell,0.22,1.0,1.0,15,nearest_customer,food_cancellation_rate,customer,False,10,-0.07666666666666669,-0.08966666666666666,-0.061
p_0.22_stores_15_nearest_customer,p_0.44_stores_15_uniform,factorial_cell,0.22,1.0,1.0,15,nearest_customer,food_unfinished_rate,customer,False,10,0.0006666666666666668,-0.001,0.0026666666666666666
p_0.22_stores_15_nearest_customer,p_0.44_stores_15_uniform,factorial_cell,0.22,1.0,1.0,15,nearest_customer,mean_food_completion_ticks,customer,True,10,-0.19190550687456137,-1.055816291483464,0.7336444084592284
p_0.22_stores_15_nearest_customer,p_0.44_stores_15_uniform,factorial_cell,0.22,1.0,1.0,15,nearest_customer,mean_food_pickup_wait_ticks,driver,False,10,-0.06665580869704196,-0.2167792509986081,0.07379903862703507
p_0.22_stores_15_nearest_customer,p_0.44_stores_15_uniform,factorial_cell,0.22,1.0,1.0,15,nearest_customer,mean_food_preparation_queue_ticks,merchant,False,10,-0.019966909259293248,-0.0562642228987064,0.01157081292487627
p_0.22_stores_15_nearest_customer,p_0.44_stores_15_uniform,factorial_cell,0.22,1.0,1.0,15,nearest_customer,mean_food_ready_to_handover_ticks,merchant,False,10,-0.022009288887252954,-0.5075140145804515,0.4845544546384982
p_0.22_stores_15_nearest_customer,p_0.44_stores_15_uniform,factorial_cell,0.22,1.0,1.0,15,nearest_customer,mean_food_post_pickup_delivery_ticks,customer,False,10,-0.05583354607235016,-0.9233345958504362,0.7937327502416753
p_0.22_stores_15_nearest_customer,p_0.44_stores_15_uniform,factorial_cell,0.22,1.0,1.0,15,nearest_customer,platform_revenue_per_order,platform,True,10,725.856205683,567.397563291725,859.52272130475
p_0.22_stores_15_nearest_customer,p_0.44_stores_15_uniform,factorial_cell,0.22,1.0,1.0,15,nearest_customer,driver_revenue_per_order,driver,False,10,2860.947,2178.622675,3422.4327749999998
p_0.22_stores_15_nearest_customer,p_0.44_stores_15_uniform,factorial_cell,0.22,1.0,1.0,15,nearest_customer,merchant_revenue_per_order,merchant,False,10,2148.0200943170007,1691.3832599728419,2593.796469788642
p_0.22_stores_15_nearest_customer,p_0.44_stores_15_uniform,factorial_cell,0.22,1.0,1.0,15,nearest_customer,driver_profit_per_order,driver,False,10,2469.480333333333,1834.5348083333333,3003.1978416666666
p_0.22_stores_15_nearest_customer,p_0.44_stores_15_uniform,factorial_cell,0.22,1.0,1.0,15,nearest_customer,emission_intensity_per_service_unit,environment,True,10,-380.7724558130749,-470.6547293472518,-280.9672393963707
p_0.22_stores_15_nearest_customer,p_0.44_stores_15_uniform,factorial_cell,0.22,1.0,1.0,15,nearest_customer,total_emission_units,environment,False,10,17616.0,14639.775,20487.0
p_0.22_stores_15_nearest_customer,p_0.44_stores_15_uniform,factorial_cell,0.22,1.0,1.0,15,nearest_customer,emission_units_per_order,environment,False,10,58.71999999999999,49.01975,68.15
p_0.22_stores_15_nearest_customer,p_0.44_stores_15_uniform,factorial_cell,0.22,1.0,1.0,15,nearest_customer,emission_units_per_completed_order,environment,False,10,-420.6602011892601,-509.8899327991217,-323.52547029612316
p_0.22_stores_15_nearest_customer,p_0.44_stores_15_uniform,factorial_cell,0.22,1.0,1.0,15,nearest_customer,driver_utilization,driver,False,10,0.01603587962962963,0.01083897569444445,0.021724826388888882
p_0.22_stores_15_nearest_customer,p_0.44_stores_15_uniform,factorial_cell,0.22,1.0,1.0,15,nearest_customer,driver_profit_per_driver,driver,False,10,61737.00833333334,45690.51645833333,75099.09229166665
p_0.22_stores_20_uniform,p_0.44_stores_15_uniform,factorial_cell,0.22,1.0,1.0,20,uniform,service_units_per_driver_hour,driver,True,10,0.08680555555555555,0.0701388888888889,0.10208333333333335
p_0.22_stores_20_uniform,p_0.44_stores_15_uniform,factorial_cell,0.22,1.0,1.0,20,uniform,service_units_per_busy_driver_hour,driver,False,10,0.1545657811755732,0.1253435521364868,0.1824812547867673
p_0.22_stores_20_uniform,p_0.44_stores_15_uniform,factorial_cell,0.22,1.0,1.0,20,uniform,service_units_per_km,driver,False,10,0.004676216850496439,0.0036164477014155247,0.005700467375497912
p_0.22_stores_20_uniform,p_0.44_stores_15_uniform,factorial_cell,0.22,1.0,1.0,20,uniform,food_completion_rate,customer,True,10,0.08633333333333333,0.07100000000000002,0.09999999999999999
p_0.22_stores_20_uniform,p_0.44_stores_15_uniform,factorial_cell,0.22,1.0,1.0,20,uniform,food_cancellation_rate,customer,False,10,-0.08633333333333335,-0.10099999999999998,-0.0706666666666667
p_0.22_stores_20_uniform,p_0.44_stores_15_uniform,factorial_cell,0.22,1.0,1.0,20,uniform,food_unfinished_rate,customer,False,10,-2.6020852139652105e-19,-0.0013333333333333335,0.001333333333333333
p_0.22_stores_20_uniform,p_0.44_stores_15_uniform,factorial_cell,0.22,1.0,1.0,20,uniform,mean_food_completion_ticks,customer,True,10,-0.3623482671379342,-1.27163229589934,0.4074142658955486
p_0.22_stores_20_uniform,p_0.44_stores_15_uniform,factorial_cell,0.22,1.0,1.0,20,uniform,mean_food_pickup_wait_ticks,driver,False,10,-0.05822482479717835,-0.2514751770997221,0.1648364796328439
p_0.22_stores_20_uniform,p_0.44_stores_15_uniform,factorial_cell,0.22,1.0,1.0,20,uniform,mean_food_preparation_queue_ticks,merchant,False,10,-0.022048643301926036,-0.055115676228741584,0.003822743362938859
p_0.22_stores_20_uniform,p_0.44_stores_15_uniform,factorial_cell,0.22,1.0,1.0,20,uniform,mean_food_ready_to_handover_ticks,merchant,False,10,0.1538258840910424,-0.16236837539204751,0.492195622821018
p_0.22_stores_20_uniform,p_0.44_stores_15_uniform,factorial_cell,0.22,1.0,1.0,20,uniform,mean_food_post_pickup_delivery_ticks,customer,False,10,-0.4236581276046582,-1.22140683048004,0.29452638330927094
p_0.22_stores_20_uniform,p_0.44_stores_15_uniform,factorial_cell,0.22,1.0,1.0,20,uniform,platform_revenue_per_order,platform,True,10,832.934194574,673.2762483004751,979.226904802425
p_0.22_stores_20_uniform,p_0.44_stores_15_uniform,factorial_cell,0.22,1.0,1.0,20,uniform,driver_revenue_per_order,driver,False,10,3122.526,2391.6883500000004,3775.1538749999995
p_0.22_stores_20_uniform,p_0.44_stores_15_uniform,factorial_cell,0.22,1.0,1.0,20,uniform,merchant_revenue_per_order,merchant,False,10,2527.7205387593326,2037.1063497645582,2966.5928340616674
p_0.22_stores_20_uniform,p_0.44_stores_15_uniform,factorial_cell,0.22,1.0,1.0,20,uniform,driver_profit_per_order,driver,False,10,2745.792666666667,2074.1647750000006,3351.080216666667
p_0.22_stores_20_uniform,p_0.44_stores_15_uniform,factorial_cell,0.22,1.0,1.0,20,uniform,emission_intensity_per_service_unit,environment,True,10,-454.71731663161654,-554.1457080690992,-350.3806802682869
p_0.22_stores_20_uniform,p_0.44_stores_15_uniform,factorial_cell,0.22,1.0,1.0,20,uniform,total_emission_units,environment,False,10,16953.0,12857.925,20778.374999999993
p_0.22_stores_20_uniform,p_0.44_stores_15_uniform,factorial_cell,0.22,1.0,1.0,20,uniform,emission_units_per_order,environment,False,10,56.50999999999999,42.81949999999997,68.73999999999998
p_0.22_stores_20_uniform,p_0.44_stores_15_uniform,factorial_cell,0.22,1.0,1.0,20,uniform,emission_units_per_completed_order,environment,False,10,-494.1781801151956,-594.4732100478957,-392.9530048500362
p_0.22_stores_20_uniform,p_0.44_stores_15_uniform,factorial_cell,0.22,1.0,1.0,20,uniform,driver_utilization,driver,False,10,0.014971064814814828,0.010885271990740755,0.018767505787037047
p_0.22_stores_20_uniform,p_0.44_stores_15_uniform,factorial_cell,0.22,1.0,1.0,20,uniform,driver_profit_per_driver,driver,False,10,68644.81666666667,51876.36000000001,83477.69041666666
p_0.22_stores_20_nearest_restaurant,p_0.44_stores_15_uniform,factorial_cell,0.22,1.0,1.0,20,nearest_restaurant,service_units_per_driver_hour,driver,True,10,0.11805555555555555,0.10381944444444444,0.1340277777777778
p_0.22_stores_20_nearest_restaurant,p_0.44_stores_15_uniform,factorial_cell,0.22,1.0,1.0,20,nearest_restaurant,service_units_per_busy_driver_hour,driver,False,10,0.20633245873064468,0.1841501843413185,0.23113086913052097
p_0.22_stores_20_nearest_restaurant,p_0.44_stores_15_uniform,factorial_cell,0.22,1.0,1.0,20,nearest_restaurant,service_units_per_km,driver,False,10,0.00651349282915077,0.0055840906460388525,0.007545257283250483
p_0.22_stores_20_nearest_restaurant,p_0.44_stores_15_uniform,factorial_cell,0.22,1.0,1.0,20,nearest_restaurant,food_completion_rate,customer,True,10,0.10066666666666665,0.08866666666666667,0.11399999999999999
p_0.22_stores_20_nearest_restaurant,p_0.44_stores_15_uniform,factorial_cell,0.22,1.0,1.0,20,nearest_restaurant,food_cancellation_rate,customer,False,10,-0.10100000000000002,-0.11366666666666667,-0.08800000000000005
p_0.22_stores_20_nearest_restaurant,p_0.44_stores_15_uniform,factorial_cell,0.22,1.0,1.0,20,nearest_restaurant,food_unfinished_rate,customer,False,10,0.00033333333333333316,-0.0013333333333333335,0.0019999999999999996
p_0.22_stores_20_nearest_restaurant,p_0.44_stores_15_uniform,factorial_cell,0.22,1.0,1.0,20,nearest_restaurant,mean_food_completion_ticks,customer,True,10,-0.14729984827341128,-1.1164545037931368,0.8464637015540248
p_0.22_stores_20_nearest_restaurant,p_0.44_stores_15_uniform,factorial_cell,0.22,1.0,1.0,20,nearest_restaurant,mean_food_pickup_wait_ticks,driver,False,10,-0.08936907737817083,-0.35680124193093193,0.18756035869472693
p_0.22_stores_20_nearest_restaurant,p_0.44_stores_15_uniform,factorial_cell,0.22,1.0,1.0,20,nearest_restaurant,mean_food_preparation_queue_ticks,merchant,False,10,-0.02129088253336865,-0.06395512656889953,0.016294254972566875
p_0.22_stores_20_nearest_restaurant,p_0.44_stores_15_uniform,factorial_cell,0.22,1.0,1.0,20,nearest_restaurant,mean_food_ready_to_handover_ticks,merchant,False,10,0.4038129059024781,-0.13348819340948467,0.9069575028377788
p_0.22_stores_20_nearest_restaurant,p_0.44_stores_15_uniform,factorial_cell,0.22,1.0,1.0,20,nearest_restaurant,mean_food_post_pickup_delivery_ticks,customer,False,10,-0.26686379072537286,-1.116143535627055,0.5954756508086425
p_0.22_stores_20_nearest_restaurant,p_0.44_stores_15_uniform,factorial_cell,0.22,1.0,1.0,20,nearest_restaurant,platform_revenue_per_order,platform,True,10,1145.270673138,1005.7653471347752,1304.82601027835
p_0.22_stores_20_nearest_restaurant,p_0.44_stores_15_uniform,factorial_cell,0.22,1.0,1.0,20,nearest_restaurant,driver_revenue_per_order,driver,False,10,3847.44,3249.19045,4530.937325
p_0.22_stores_20_nearest_restaurant,p_0.44_stores_15_uniform,factorial_cell,0.22,1.0,1.0,20,nearest_restaurant,merchant_revenue_per_order,merchant,False,10,3650.183126862,3239.2811122361495,4096.073438599558
p_0.22_stores_20_nearest_restaurant,p_0.44_stores_15_uniform,factorial_cell,0.22,1.0,1.0,20,nearest_restaurant,driver_profit_per_order,driver,False,10,3392.2400000000002,2811.5783083333336,4088.306025
p_0.22_stores_20_nearest_restaurant,p_0.44_stores_15_uniform,factorial_cell,0.22,1.0,1.0,20,nearest_restaurant,emission_intensity_per_service_unit,environment,True,10,-592.90123528327,-673.7975582419857,-502.7885014896135
p_0.22_stores_20_nearest_restaurant,p_0.44_stores_15_uniform,factorial_cell,0.22,1.0,1.0,20,nearest_restaurant,total_emission_units,environment,False,10,20484.0,17012.925,23448.0
p_0.22_stores_20_nearest_restaurant,p_0.44_stores_15_uniform,factorial_cell,0.22,1.0,1.0,20,nearest_restaurant,emission_units_per_order,environment,False,10,68.28,56.87949999999998,78.37024999999998
p_0.22_stores_20_nearest_restaurant,p_0.44_stores_15_uniform,factorial_cell,0.22,1.0,1.0,20,nearest_restaurant,emission_units_per_completed_order,environment,False,10,-549.6574445364506,-638.4507930344358,-452.50983868832503
p_0.22_stores_20_nearest_restaurant,p_0.44_stores_15_uniform,factorial_cell,0.22,1.0,1.0,20,nearest_restaurant,driver_utilization,driver,False,10,0.021296296296296296,0.016707031249999973,0.025746527777777778
p_0.22_stores_20_nearest_restaurant,p_0.44_stores_15_uniform,factorial_cell,0.22,1.0,1.0,20,nearest_restaurant,driver_profit_per_driver,driver,False,10,84806.00000000001,70189.11875000001,101834.075
p_0.22_stores_20_nearest_customer,p_0.44_stores_15_uniform,factorial_cell,0.22,1.0,1.0,20,nearest_customer,service_units_per_driver_hour,driver,True,10,0.07916666666666668,0.07152777777777782,0.0857638888888889
p_0.22_stores_20_nearest_customer,p_0.44_stores_15_uniform,factorial_cell,0.22,1.0,1.0,20,nearest_customer,service_units_per_busy_driver_hour,driver,False,10,0.1379301229498448,0.12119764775576998,0.1534650647594937
p_0.22_stores_20_nearest_customer,p_0.44_stores_15_uniform,factorial_cell,0.22,1.0,1.0,20,nearest_customer,service_units_per_km,driver,False,10,0.004077503201038318,0.0033216115589548567,0.004787134094394602
p_0.22_stores_20_nearest_customer,p_0.44_stores_15_uniform,factorial_cell,0.22,1.0,1.0,20,nearest_customer,food_completion_rate,customer,True,10,0.07833333333333334,0.07200000000000001,0.08466666666666667
p_0.22_stores_20_nearest_customer,p_0.44_stores_15_uniform,factorial_cell,0.22,1.0,1.0,20,nearest_customer,food_cancellation_rate,customer,False,10,-0.07966666666666669,-0.0866666666666667,-0.07266666666666668
p_0.22_stores_20_nearest_customer,p_0.44_stores_15_uniform,factorial_cell,0.22,1.0,1.0,20,nearest_customer,food_unfinished_rate,customer,False,10,0.0013333333333333335,-1.3010426069826053e-19,0.002666666666666667
p_0.22_stores_20_nearest_customer,p_0.44_stores_15_uniform,factorial_cell,0.22,1.0,1.0,20,nearest_customer,mean_food_completion_ticks,customer,True,10,-0.7339275676566551,-1.6442803157430705,0.037943991955334606
p_0.22_stores_20_nearest_customer,p_0.44_stores_15_uniform,factorial_cell,0.22,1.0,1.0,20,nearest_customer,mean_food_pickup_wait_ticks,driver,False,10,-0.21655536119237953,-0.4135255236846268,-0.02078870792565295
p_0.22_stores_20_nearest_customer,p_0.44_stores_15_uniform,factorial_cell,0.22,1.0,1.0,20,nearest_customer,mean_food_preparation_queue_ticks,merchant,False,10,-0.010295491483410945,-0.05846659348983541,0.02983648702236391
p_0.22_stores_20_nearest_customer,p_0.44_stores_15_uniform,factorial_cell,0.22,1.0,1.0,20,nearest_customer,mean_food_ready_to_handover_ticks,merchant,False,10,0.27673678765190013,0.034987189340187366,0.5269577425360376
p_0.22_stores_20_nearest_customer,p_0.44_stores_15_uniform,factorial_cell,0.22,1.0,1.0,20,nearest_customer,mean_food_post_pickup_delivery_ticks,customer,False,10,-0.7709857510496857,-1.4960821163891675,-0.17945283103424606
p_0.22_stores_20_nearest_customer,p_0.44_stores_15_uniform,factorial_cell,0.22,1.0,1.0,20,nearest_customer,platform_revenue_per_order,platform,True,10,743.2916081149999,657.997644215675,818.446641847
p_0.22_stores_20_nearest_customer,p_0.44_stores_15_uniform,factorial_cell,0.22,1.0,1.0,20,nearest_customer,driver_revenue_per_order,driver,False,10,2674.049,2356.9480000000003,2963.789775
p_0.22_stores_20_nearest_customer,p_0.44_stores_15_uniform,factorial_cell,0.22,1.0,1.0,20,nearest_customer,merchant_revenue_per_order,merchant,False,10,2299.6958918850005,1982.9220420683919,2580.260106325058
p_0.22_stores_20_nearest_customer,p_0.44_stores_15_uniform,factorial_cell,0.22,1.0,1.0,20,nearest_customer,driver_profit_per_order,driver,False,10,2285.9156666666668,1994.2514083333333,2562.6290249999997
p_0.22_stores_20_nearest_customer,p_0.44_stores_15_uniform,factorial_cell,0.22,1.0,1.0,20,nearest_customer,emission_intensity_per_service_unit,environment,True,10,-407.3374169137891,-476.1329494515617,-326.17105525854157
p_0.22_stores_20_nearest_customer,p_0.44_stores_15_uniform,factorial_cell,0.22,1.0,1.0,20,nearest_customer,total_emission_units,environment,False,10,17466.0,14474.85,20457.0
p_0.22_stores_20_nearest_customer,p_0.44_stores_15_uniform,factorial_cell,0.22,1.0,1.0,20,nearest_customer,emission_units_per_order,environment,False,10,58.22000000000001,48.22975000000002,68.01000000000002
p_0.22_stores_20_nearest_customer,p_0.44_stores_15_uniform,factorial_cell,0.22,1.0,1.0,20,nearest_customer,emission_units_per_completed_order,environment,False,10,-442.0767435723471,-513.7197950522044,-365.05450264967345
p_0.22_stores_20_nearest_customer,p_0.44_stores_15_uniform,factorial_cell,0.22,1.0,1.0,20,nearest_customer,driver_utilization,driver,False,10,0.01615740740740742,0.01132523148148148,0.021591579861111137
p_0.22_stores_20_nearest_customer,p_0.44_stores_15_uniform,factorial_cell,0.22,1.0,1.0,20,nearest_customer,driver_profit_per_driver,driver,False,10,57147.89166666666,49964.768541666665,64006.164791666655
p_0.44_stores_10_uniform,p_0.44_stores_15_uniform,factorial_cell,0.44,1.0,1.0,10,uniform,service_units_per_driver_hour,driver,True,10,-0.004861111111111108,-0.023263888888888886,0.012847222222222222
p_0.44_stores_10_uniform,p_0.44_stores_15_uniform,factorial_cell,0.44,1.0,1.0,10,uniform,service_units_per_busy_driver_hour,driver,False,10,-0.010075164235214007,-0.045384145806753276,0.022676741856923945
p_0.44_stores_10_uniform,p_0.44_stores_15_uniform,factorial_cell,0.44,1.0,1.0,10,uniform,service_units_per_km,driver,False,10,-0.0001481833675454222,-0.0015318278010931653,0.0010747660123183937
p_0.44_stores_10_uniform,p_0.44_stores_15_uniform,factorial_cell,0.44,1.0,1.0,10,uniform,food_completion_rate,customer,True,10,-0.0056666666666666645,-0.021333333333333336,0.009333333333333332
p_0.44_stores_10_uniform,p_0.44_stores_15_uniform,factorial_cell,0.44,1.0,1.0,10,uniform,food_cancellation_rate,customer,False,10,0.006999999999999995,-0.008333333333333349,0.02300000000000002
p_0.44_stores_10_uniform,p_0.44_stores_15_uniform,factorial_cell,0.44,1.0,1.0,10,uniform,food_unfinished_rate,customer,False,10,-0.0013333333333333335,-0.002333333333333334,-0.0003333333333333334
p_0.44_stores_10_uniform,p_0.44_stores_15_uniform,factorial_cell,0.44,1.0,1.0,10,uniform,mean_food_completion_ticks,customer,True,10,-0.11902691664759715,-1.0653452824766498,0.7932859349967585
p_0.44_stores_10_uniform,p_0.44_stores_15_uniform,factorial_cell,0.44,1.0,1.0,10,uniform,mean_food_pickup_wait_ticks,driver,False,10,0.08957531461850288,-0.16295951438139836,0.3063343537371147
p_0.44_stores_10_uniform,p_0.44_stores_15_uniform,factorial_cell,0.44,1.0,1.0,10,uniform,mean_food_preparation_queue_ticks,merchant,False,10,-0.00315948256479332,-0.05398004863453506,0.03974048077310407
p_0.44_stores_10_uniform,p_0.44_stores_15_uniform,factorial_cell,0.44,1.0,1.0,10,uniform,mean_food_ready_to_handover_ticks,merchant,False,10,-0.030325345948777914,-0.39935949358352685,0.40877135765650124
p_0.44_stores_10_uniform,p_0.44_stores_15_uniform,factorial_cell,0.44,1.0,1.0,10,uniform,mean_food_post_pickup_delivery_ticks,customer,False,10,-0.276150490757664,-1.2494423989538244,0.7648728031767568
p_0.44_stores_10_uniform,p_0.44_stores_15_uniform,factorial_cell,0.44,1.0,1.0,10,uniform,platform_revenue_per_order,platform,True,10,-38.42217910299996,-239.4136899793749,152.49526537129995
p_0.44_stores_10_uniform,p_0.44_stores_15_uniform,factorial_cell,0.44,1.0,1.0,10,uniform,driver_revenue_per_order,driver,False,10,-327.6580000000002,-1096.764775,413.7073249999991
p_0.44_stores_10_uniform,p_0.44_stores_15_uniform,factorial_cell,0.44,1.0,1.0,10,uniform,merchant_revenue_per_order,merchant,False,10,-44.71012089699961,-674.8643049824163,505.3880848244586
p_0.44_stores_10_uniform,p_0.44_stores_15_uniform,factorial_cell,0.44,1.0,1.0,10,uniform,driver_profit_per_order,driver,False,10,-270.258,-992.9613166666666,452.3096749999998
p_0.44_stores_10_uniform,p_0.44_stores_15_uniform,factorial_cell,0.44,1.0,1.0,10,uniform,emission_intensity_per_service_unit,environment,True,10,27.35393892323973,-116.57791857671154,184.76011684262664
p_0.44_stores_10_uniform,p_0.44_stores_15_uniform,factorial_cell,0.44,1.0,1.0,10,uniform,total_emission_units,environment,False,10,-2583.0,-5925.075,273.2249999999967
p_0.44_stores_10_uniform,p_0.44_stores_15_uniform,factorial_cell,0.44,1.0,1.0,10,uniform,emission_units_per_order,environment,False,10,-8.610000000000024,-20.020250000000036,0.8802499999999578
p_0.44_stores_10_uniform,p_0.44_stores_15_uniform,factorial_cell,0.44,1.0,1.0,10,uniform,emission_units_per_completed_order,environment,False,10,36.65229743094833,-105.66812549185623,189.93444613137316
p_0.44_stores_10_uniform,p_0.44_stores_15_uniform,factorial_cell,0.44,1.0,1.0,10,uniform,driver_utilization,driver,False,10,-8.101851851852193e-05,-0.0059667245370370325,0.005069589120370367
p_0.44_stores_10_uniform,p_0.44_stores_15_uniform,factorial_cell,0.44,1.0,1.0,10,uniform,driver_profit_per_driver,driver,False,10,-6756.450000000003,-25016.98541666667,11181.210416666661
p_0.44_stores_10_nearest_restaurant,p_0.44_stores_15_uniform,factorial_cell,0.44,1.0,1.0,10,nearest_restaurant,service_units_per_driver_hour,driver,True,10,0.03923611111111112,0.02118055555555557,0.0573003472222221
p_0.44_stores_10_nearest_restaurant,p_0.44_stores_15_uniform,factorial_cell,0.44,1.0,1.0,10,nearest_restaurant,service_units_per_busy_driver_hour,driver,False,10,0.07372395366626056,0.041491263535013104,0.10849173930188352
p_0.44_stores_10_nearest_restaurant,p_0.44_stores_15_uniform,factorial_cell,0.44,1.0,1.0,10,nearest_restaurant,service_units_per_km,driver,False,10,0.0032503628290867876,0.0020000371347313668,0.004605278453878152
p_0.44_stores_10_nearest_restaurant,p_0.44_stores_15_uniform,factorial_cell,0.44,1.0,1.0,10,nearest_restaurant,food_completion_rate,customer,True,10,0.013666666666666678,0.0026666666666666726,0.026000000000000013
p_0.44_stores_10_nearest_restaurant,p_0.44_stores_15_uniform,factorial_cell,0.44,1.0,1.0,10,nearest_restaurant,food_cancellation_rate,customer,False,10,-0.013000000000000012,-0.026000000000000013,-0.0006666666666666598
p_0.44_stores_10_nearest_restaurant,p_0.44_stores_15_uniform,factorial_cell,0.44,1.0,1.0,10,nearest_restaurant,food_unfinished_rate,customer,False,10,-0.0006666666666666668,-0.002333333333333333,0.0009999999999999996
p_0.44_stores_10_nearest_restaurant,p_0.44_stores_15_uniform,factorial_cell,0.44,1.0,1.0,10,nearest_restaurant,mean_food_completion_ticks,customer,True,10,1.3469791234087503,0.09481171831565516,2.6444928681182196
p_0.44_stores_10_nearest_restaurant,p_0.44_stores_15_uniform,factorial_cell,0.44,1.0,1.0,10,nearest_restaurant,mean_food_pickup_wait_ticks,driver,False,10,-0.259972657314396,-0.5105221009876301,-0.04440549411962487
p_0.44_stores_10_nearest_restaurant,p_0.44_stores_15_uniform,factorial_cell,0.44,1.0,1.0,10,nearest_restaurant,mean_food_preparation_queue_ticks,merchant,False,10,-0.011202990753909892,-0.04658004608950037,0.03212794450494335
p_0.44_stores_10_nearest_restaurant,p_0.44_stores_15_uniform,factorial_cell,0.44,1.0,1.0,10,nearest_restaurant,mean_food_ready_to_handover_ticks,merchant,False,10,0.8340571985596711,0.5659772268445855,1.1301956716044723
p_0.44_stores_10_nearest_restaurant,p_0.44_stores_15_uniform,factorial_cell,0.44,1.0,1.0,10,nearest_restaurant,mean_food_post_pickup_delivery_ticks,customer,False,10,0.6197849655137301,-0.38939776209881677,1.687588803050527
p_0.44_stores_10_nearest_restaurant,p_0.44_stores_15_uniform,factorial_cell,0.44,1.0,1.0,10,nearest_restaurant,platform_revenue_per_order,platform,True,10,400.071934796,215.45017177034998,582.4607092688
p_0.44_stores_10_nearest_restaurant,p_0.44_stores_15_uniform,factorial_cell,0.44,1.0,1.0,10,nearest_restaurant,driver_revenue_per_order,driver,False,10,865.674,312.80000000000035,1399.4183249999994
p_0.44_stores_10_nearest_restaurant,p_0.44_stores_15_uniform,factorial_cell,0.44,1.0,1.0,10,nearest_restaurant,merchant_revenue_per_order,merchant,False,10,1462.3769985373337,793.5010606793335,2128.8375925682835
p_0.44_stores_10_nearest_restaurant,p_0.44_stores_15_uniform,factorial_cell,0.44,1.0,1.0,10,nearest_restaurant,driver_profit_per_order,driver,False,10,902.674,396.30632500000013,1400.6994916666667
p_0.44_stores_10_nearest_restaurant,p_0.44_stores_15_uniform,factorial_cell,0.44,1.0,1.0,10,nearest_restaurant,emission_intensity_per_service_unit,environment,True,10,-324.8701737990495,-441.54812402243385,-210.88404482167599
p_0.44_stores_10_nearest_restaurant,p_0.44_stores_15_uniform,factorial_cell,0.44,1.0,1.0,10,nearest_restaurant,total_emission_units,environment,False,10,-1665.0,-6240.075,2184.0
p_0.44_stores_10_nearest_restaurant,p_0.44_stores_15_uniform,factorial_cell,0.44,1.0,1.0,10,nearest_restaurant,emission_units_per_order,environment,False,10,-5.55,-20.930249999999987,7.100249999999974
p_0.44_stores_10_nearest_restaurant,p_0.44_stores_15_uniform,factorial_cell,0.44,1.0,1.0,10,nearest_restaurant,emission_units_per_completed_order,environment,False,10,-145.93551302192364,-242.59788966797387,-48.33370766311008
p_0.44_stores_10_nearest_restaurant,p_0.44_stores_15_uniform,factorial_cell,0.44,1.0,1.0,10,nearest_restaurant,driver_utilization,driver,False,10,0.0045659722222222195,-0.0005614872685185153,0.009381076388888883
p_0.44_stores_10_nearest_restaurant,p_0.44_stores_15_uniform,factorial_cell,0.44,1.0,1.0,10,nearest_restaurant,driver_profit_per_driver,driver,False,10,22566.85,9929.853541666665,34873.36854166666
p_0.44_stores_10_nearest_customer,p_0.44_stores_15_uniform,factorial_cell,0.44,1.0,1.0,10,nearest_customer,service_units_per_driver_hour,driver,True,10,-0.010069444444444436,-0.024652777777777763,0.004166666666666674
p_0.44_stores_10_nearest_customer,p_0.44_stores_15_uniform,factorial_cell,0.44,1.0,1.0,10,nearest_customer,service_units_per_busy_driver_hour,driver,False,10,-0.018797084216440985,-0.043314419292066524,0.007546976710648047
p_0.44_stores_10_nearest_customer,p_0.44_stores_15_uniform,factorial_cell,0.44,1.0,1.0,10,nearest_customer,service_units_per_km,driver,False,10,-0.00046419910215705906,-0.0014389945148936681,0.0005397319314908676
p_0.44_stores_10_nearest_customer,p_0.44_stores_15_uniform,factorial_cell,0.44,1.0,1.0,10,nearest_customer,food_completion_rate,customer,True,10,-0.00866666666666667,-0.020999999999999998,0.004333333333333328
p_0.44_stores_10_nearest_customer,p_0.44_stores_15_uniform,factorial_cell,0.44,1.0,1.0,10,nearest_customer,food_cancellation_rate,customer,False,10,0.008999999999999985,-0.0030000000000000248,0.021666666666666647
p_0.44_stores_10_nearest_customer,p_0.44_stores_15_uniform,factorial_cell,0.44,1.0,1.0,10,nearest_customer,food_unfinished_rate,customer,False,10,-0.00033333333333333327,-0.001666666666666667,0.0010000000000000002
p_0.44_stores_10_nearest_customer,p_0.44_stores_15_uniform,factorial_cell,0.44,1.0,1.0,10,nearest_customer,mean_food_completion_ticks,customer,True,10,-0.8611487645816489,-1.8843792914970776,0.08282333809772391
p_0.44_stores_10_nearest_customer,p_0.44_stores_15_uniform,factorial_cell,0.44,1.0,1.0,10,nearest_customer,mean_food_pickup_wait_ticks,driver,False,10,0.05608943641195173,-0.1718025181349729,0.2613351514986667
p_0.44_stores_10_nearest_customer,p_0.44_stores_15_uniform,factorial_cell,0.44,1.0,1.0,10,nearest_customer,mean_food_preparation_queue_ticks,merchant,False,10,-0.0061040104833510024,-0.04694909208959398,0.029567245116953342
p_0.44_stores_10_nearest_customer,p_0.44_stores_15_uniform,factorial_cell,0.44,1.0,1.0,10,nearest_customer,mean_food_ready_to_handover_ticks,merchant,False,10,-0.3289769291124795,-0.6119686565677679,-0.050349284735232376
p_0.44_stores_10_nearest_customer,p_0.44_stores_15_uniform,factorial_cell,0.44,1.0,1.0,10,nearest_customer,mean_food_post_pickup_delivery_ticks,customer,False,10,-0.5585889454255067,-1.455628545330524,0.3491850318807764
p_0.44_stores_10_nearest_customer,p_0.44_stores_15_uniform,factorial_cell,0.44,1.0,1.0,10,nearest_customer,platform_revenue_per_order,platform,True,10,-116.68756087000001,-264.54374448460004,37.13680140047486
p_0.44_stores_10_nearest_customer,p_0.44_stores_15_uniform,factorial_cell,0.44,1.0,1.0,10,nearest_customer,driver_revenue_per_order,driver,False,10,-538.4069999999999,-1221.1125500000003,90.33077499999996
p_0.44_stores_10_nearest_customer,p_0.44_stores_15_uniform,factorial_cell,0.44,1.0,1.0,10,nearest_customer,merchant_revenue_per_order,merchant,False,10,-314.5841057966667,-725.9210284258336,139.67221066400015
p_0.44_stores_10_nearest_customer,p_0.44_stores_15_uniform,factorial_cell,0.44,1.0,1.0,10,nearest_customer,driver_profit_per_order,driver,False,10,-463.7403333333333,-1098.1890333333329,116.19300000000013
p_0.44_stores_10_nearest_customer,p_0.44_stores_15_uniform,factorial_cell,0.44,1.0,1.0,10,nearest_customer,emission_intensity_per_service_unit,environment,True,10,59.80690796349345,-52.13773488032034,172.9764577193485
p_0.44_stores_10_nearest_customer,p_0.44_stores_15_uniform,factorial_cell,0.44,1.0,1.0,10,nearest_customer,total_emission_units,environment,False,10,-3360.0,-7503.075,-11.925000000001091
p_0.44_stores_10_nearest_customer,p_0.44_stores_15_uniform,factorial_cell,0.44,1.0,1.0,10,nearest_customer,emission_units_per_order,environment,False,10,-11.199999999999989,-24.550249999999977,0.010000000000025011
p_0.44_stores_10_nearest_customer,p_0.44_stores_15_uniform,factorial_cell,0.44,1.0,1.0,10,nearest_customer,emission_units_per_completed_order,environment,False,10,50.12653076181814,-59.11278938572953,155.16678282786418
p_0.44_stores_10_nearest_customer,p_0.44_stores_15_uniform,factorial_cell,0.44,1.0,1.0,10,nearest_customer,driver_utilization,driver,False,10,-0.0015856481481481388,-0.007980324074074063,0.004126157407407405
p_0.44_stores_10_nearest_customer,p_0.44_stores_15_uniform,factorial_cell,0.44,1.0,1.0,10,nearest_customer,driver_profit_per_driver,driver,False,10,-11593.508333333328,-27402.812291666658,3225.4031249999935
p_0.44_stores_15_nearest_restaurant,p_0.44_stores_15_uniform,factorial_cell,0.44,1.0,1.0,15,nearest_restaurant,service_units_per_driver_hour,driver,True,10,0.0642361111111111,0.05347222222222222,0.0760416666666667
p_0.44_stores_15_nearest_restaurant,p_0.44_stores_15_uniform,factorial_cell,0.44,1.0,1.0,15,nearest_restaurant,service_units_per_busy_driver_hour,driver,False,10,0.11893659546710822,0.10041709629242844,0.13761669037528815
p_0.44_stores_15_nearest_restaurant,p_0.44_stores_15_uniform,factorial_cell,0.44,1.0,1.0,15,nearest_restaurant,service_units_per_km,driver,False,10,0.004521121899406413,0.003626914000559687,0.005273557372689224
p_0.44_stores_15_nearest_restaurant,p_0.44_stores_15_uniform,factorial_cell,0.44,1.0,1.0,15,nearest_restaurant,food_completion_rate,customer,True,10,0.03,0.019666666666666673,0.040999999999999995
p_0.44_stores_15_nearest_restaurant,p_0.44_stores_15_uniform,factorial_cell,0.44,1.0,1.0,15,nearest_restaurant,food_cancellation_rate,customer,False,10,-0.029333333333333357,-0.04033333333333335,-0.019000000000000038
p_0.44_stores_15_nearest_restaurant,p_0.44_stores_15_uniform,factorial_cell,0.44,1.0,1.0,15,nearest_restaurant,food_unfinished_rate,customer,False,10,-0.0006666666666666668,-0.0020000000000000005,0.001
p_0.44_stores_15_nearest_restaurant,p_0.44_stores_15_uniform,factorial_cell,0.44,1.0,1.0,15,nearest_restaurant,mean_food_completion_ticks,customer,True,10,0.6036858131609393,-0.697690071042261,1.927077933695436
p_0.44_stores_15_nearest_restaurant,p_0.44_stores_15_uniform,factorial_cell,0.44,1.0,1.0,15,nearest_restaurant,mean_food_pickup_wait_ticks,driver,False,10,-0.21862421659049552,-0.4628188641761607,0.016549879658762916
p_0.44_stores_15_nearest_restaurant,p_0.44_stores_15_uniform,factorial_cell,0.44,1.0,1.0,15,nearest_restaurant,mean_food_preparation_queue_ticks,merchant,False,10,-0.030436573844510807,-0.07174340214600648,0.012974808646270517
p_0.44_stores_15_nearest_restaurant,p_0.44_stores_15_uniform,factorial_cell,0.44,1.0,1.0,15,nearest_restaurant,mean_food_ready_to_handover_ticks,merchant,False,10,0.9692688747920923,0.45879990599920967,1.4838284964743484
p_0.44_stores_15_nearest_restaurant,p_0.44_stores_15_uniform,factorial_cell,0.44,1.0,1.0,15,nearest_restaurant,mean_food_post_pickup_delivery_ticks,customer,False,10,-0.07836492373656512,-1.2240545662593478,1.048262202919017
p_0.44_stores_15_nearest_restaurant,p_0.44_stores_15_uniform,factorial_cell,0.44,1.0,1.0,15,nearest_restaurant,platform_revenue_per_order,platform,True,10,585.609932184,463.4570319861502,710.904198052725
p_0.44_stores_15_nearest_restaurant,p_0.44_stores_15_uniform,factorial_cell,0.44,1.0,1.0,15,nearest_restaurant,driver_revenue_per_order,driver,False,10,1304.7669999999996,776.9072249999995,1943.2895499999995
p_0.44_stores_15_nearest_restaurant,p_0.44_stores_15_uniform,factorial_cell,0.44,1.0,1.0,15,nearest_restaurant,merchant_revenue_per_order,merchant,False,10,2125.8398011493337,1724.1611860250255,2511.0911019554087
p_0.44_stores_15_nearest_restaurant,p_0.44_stores_15_uniform,factorial_cell,0.44,1.0,1.0,15,nearest_restaurant,driver_profit_per_order,driver,False,10,1216.9003333333335,743.9294666666667,1799.750491666667
p_0.44_stores_15_nearest_restaurant,p_0.44_stores_15_uniform,factorial_cell,0.44,1.0,1.0,15,nearest_restaurant,emission_intensity_per_service_unit,environment,True,10,-440.9803162373926,-505.288389699287,-356.44479222276146
p_0.44_stores_15_nearest_restaurant,p_0.44_stores_15_uniform,factorial_cell,0.44,1.0,1.0,15,nearest_restaurant,total_emission_units,environment,False,10,3954.0,-993.0749999999999,8790.074999999999
p_0.44_stores_15_nearest_restaurant,p_0.44_stores_15_uniform,factorial_cell,0.44,1.0,1.0,15,nearest_restaurant,emission_units_per_order,environment,False,10,13.179999999999984,-3.5202500000000048,29.310750000000027
p_0.44_stores_15_nearest_restaurant,p_0.44_stores_15_uniform,factorial_cell,0.44,1.0,1.0,15,nearest_restaurant,emission_units_per_completed_order,environment,False,10,-219.54658976408695,-309.6617521087943,-130.05258500096738
p_0.44_stores_15_nearest_restaurant,p_0.44_stores_15_uniform,factorial_cell,0.44,1.0,1.0,15,nearest_restaurant,driver_utilization,driver,False,10,0.008373842592592589,0.002401620370370394,0.015058449074074052
p_0.44_stores_15_nearest_restaurant,p_0.44_stores_15_uniform,factorial_cell,0.44,1.0,1.0,15,nearest_restaurant,driver_profit_per_driver,driver,False,10,30422.50833333334,18499.258541666662,44625.76229166667
p_0.44_stores_15_nearest_customer,p_0.44_stores_15_uniform,factorial_cell,0.44,1.0,1.0,15,nearest_customer,service_units_per_driver_hour,driver,True,10,-0.0079861111111111,-0.021874999999999985,0.004513888888888895
p_0.44_stores_15_nearest_customer,p_0.44_stores_15_uniform,factorial_cell,0.44,1.0,1.0,15,nearest_customer,service_units_per_busy_driver_hour,driver,False,10,-0.012460488824502337,-0.03748577489941399,0.009967978455452447
p_0.44_stores_15_nearest_customer,p_0.44_stores_15_uniform,factorial_cell,0.44,1.0,1.0,15,nearest_customer,service_units_per_km,driver,False,10,-0.0003500782702947472,-0.0012443148625868301,0.0004829876119819021
p_0.44_stores_15_nearest_customer,p_0.44_stores_15_uniform,factorial_cell,0.44,1.0,1.0,15,nearest_customer,food_completion_rate,customer,True,10,-0.007333333333333331,-0.01966666666666665,0.003999999999999992
p_0.44_stores_15_nearest_customer,p_0.44_stores_15_uniform,factorial_cell,0.44,1.0,1.0,15,nearest_customer,food_cancellation_rate,customer,False,10,0.008333333333333349,-0.0033333333333332993,0.021000000000000008
p_0.44_stores_15_nearest_customer,p_0.44_stores_15_uniform,factorial_cell,0.44,1.0,1.0,15,nearest_customer,food_unfinished_rate,customer,False,10,-0.0010000000000000002,-0.002666666666666667,0.0003333333333333332
p_0.44_stores_15_nearest_customer,p_0.44_stores_15_uniform,factorial_cell,0.44,1.0,1.0,15,nearest_customer,mean_food_completion_ticks,customer,True,10,-0.9277645148822053,-1.8384160195924124,-0.019984039063347152
p_0.44_stores_15_nearest_customer,p_0.44_stores_15_uniform,factorial_cell,0.44,1.0,1.0,15,nearest_customer,mean_food_pickup_wait_ticks,driver,False,10,-0.14389517740754312,-0.3214273967935758,0.038984489658047114
p_0.44_stores_15_nearest_customer,p_0.44_stores_15_uniform,factorial_cell,0.44,1.0,1.0,15,nearest_customer,mean_food_preparation_queue_ticks,merchant,False,10,-0.018653792456827162,-0.067985318437682,0.028728076402733567
p_0.44_stores_15_nearest_customer,p_0.44_stores_15_uniform,factorial_cell,0.44,1.0,1.0,15,nearest_customer,mean_food_ready_to_handover_ticks,merchant,False,10,0.11586434336353477,-0.2958294741599517,0.5045932993966885
p_0.44_stores_15_nearest_customer,p_0.44_stores_15_uniform,factorial_cell,0.44,1.0,1.0,15,nearest_customer,mean_food_post_pickup_delivery_ticks,customer,False,10,-1.0362938172007314,-1.7760813254719388,-0.30737107115465473
p_0.44_stores_15_nearest_customer,p_0.44_stores_15_uniform,factorial_cell,0.44,1.0,1.0,15,nearest_customer,platform_revenue_per_order,platform,True,10,-96.25551994099996,-248.165057732625,36.55481736680005
p_0.44_stores_15_nearest_customer,p_0.44_stores_15_uniform,factorial_cell,0.44,1.0,1.0,15,nearest_customer,driver_revenue_per_order,driver,False,10,-641.6310000000001,-1296.174775,-62.56000000000039
p_0.44_stores_15_nearest_customer,p_0.44_stores_15_uniform,factorial_cell,0.44,1.0,1.0,15,nearest_customer,merchant_revenue_per_order,merchant,False,10,-182.17591339233323,-621.5774610266664,199.5743112304417
p_0.44_stores_15_nearest_customer,p_0.44_stores_15_uniform,factorial_cell,0.44,1.0,1.0,15,nearest_customer,driver_profit_per_order,driver,False,10,-580.3643333333333,-1199.1903000000002,-27.565291666666532
p_0.44_stores_15_nearest_customer,p_0.44_stores_15_uniform,factorial_cell,0.44,1.0,1.0,15,nearest_customer,emission_intensity_per_service_unit,environment,True,10,47.10536006325301,-52.00411800570887,155.06267461166632
p_0.44_stores_15_nearest_customer,p_0.44_stores_15_uniform,factorial_cell,0.44,1.0,1.0,15,nearest_customer,total_emission_units,environment,False,10,-2757.0,-6432.375,558.0749999999989
p_0.44_stores_15_nearest_customer,p_0.44_stores_15_uniform,factorial_cell,0.44,1.0,1.0,15,nearest_customer,emission_units_per_order,environment,False,10,-9.190000000000008,-21.660000000000004,2.34049999999999
p_0.44_stores_15_nearest_customer,p_0.44_stores_15_uniform,factorial_cell,0.44,1.0,1.0,15,nearest_customer,emission_units_per_completed_order,environment,False,10,46.468319157413454,-60.720891627211344,150.45944031239551
p_0.44_stores_15_nearest_customer,p_0.44_stores_15_uniform,factorial_cell,0.44,1.0,1.0,15,nearest_customer,driver_utilization,driver,False,10,-0.003119212962962958,-0.007361255787037022,0.0012327835648148168
p_0.44_stores_15_nearest_customer,p_0.44_stores_15_uniform,factorial_cell,0.44,1.0,1.0,15,nearest_customer,driver_profit_per_driver,driver,False,10,-14509.108333333328,-29996.35958333332,-642.804166666663
p_0.44_stores_20_uniform,p_0.44_stores_15_uniform,factorial_cell,0.44,1.0,1.0,20,uniform,service_units_per_driver_hour,driver,True,10,-0.0027777777777777705,-0.018749999999999992,0.010763888888888889
p_0.44_stores_20_uniform,p_0.44_stores_15_uniform,factorial_cell,0.44,1.0,1.0,20,uniform,service_units_per_busy_driver_hour,driver,False,10,-0.00740261433112886,-0.041055539039963354,0.021557101587288956
p_0.44_stores_20_uniform,p_0.44_stores_15_uniform,factorial_cell,0.44,1.0,1.0,20,uniform,service_units_per_km,driver,False,10,-0.00040574573447431443,-0.001656034514488868,0.0006636736044146805
p_0.44_stores_20_uniform,p_0.44_stores_15_uniform,factorial_cell,0.44,1.0,1.0,20,uniform,food_completion_rate,customer,True,10,-0.0043333333333333305,-0.017333333333333333,0.006333333333333346
p_0.44_stores_20_uniform,p_0.44_stores_15_uniform,factorial_cell,0.44,1.0,1.0,20,uniform,food_cancellation_rate,customer,False,10,0.004333333333333323,-0.006666666666666687,0.017666666666666653
p_0.44_stores_20_uniform,p_0.44_stores_15_uniform,factorial_cell,0.44,1.0,1.0,20,uniform,food_unfinished_rate,customer,False,10,-4.336808689942018e-20,-0.0013333333333333335,0.0013333333333333335
p_0.44_stores_20_uniform,p_0.44_stores_15_uniform,factorial_cell,0.44,1.0,1.0,20,uniform,mean_food_completion_ticks,customer,True,10,0.6455377520983887,-0.40566874884584625,1.7197337735661888
p_0.44_stores_20_uniform,p_0.44_stores_15_uniform,factorial_cell,0.44,1.0,1.0,20,uniform,mean_food_pickup_wait_ticks,driver,False,10,-0.02414246155265599,-0.17673531791631408,0.14246667609281807
p_0.44_stores_20_uniform,p_0.44_stores_15_uniform,factorial_cell,0.44,1.0,1.0,20,uniform,mean_food_preparation_queue_ticks,merchant,False,10,-0.010573038564284532,-0.05127215045677985,0.020259046713912494
p_0.44_stores_20_uniform,p_0.44_stores_15_uniform,factorial_cell,0.44,1.0,1.0,20,uniform,mean_food_ready_to_handover_ticks,merchant,False,10,0.14352245209956704,-0.33719214668752073,0.6691688870327609
p_0.44_stores_20_uniform,p_0.44_stores_15_uniform,factorial_cell,0.44,1.0,1.0,20,uniform,mean_food_post_pickup_delivery_ticks,customer,False,10,0.6794698140246492,-0.4810380421153513,1.6996026672783446
p_0.44_stores_20_uniform,p_0.44_stores_15_uniform,factorial_cell,0.44,1.0,1.0,20,uniform,platform_revenue_per_order,platform,True,10,4.6332004270001566,-143.36686672929983,129.08315835570008
p_0.44_stores_20_uniform,p_0.44_stores_15_uniform,factorial_cell,0.44,1.0,1.0,20,uniform,driver_revenue_per_order,driver,False,10,13.685000000000036,-455.515,460.98900000000015
p_0.44_stores_20_uniform,p_0.44_stores_15_uniform,factorial_cell,0.44,1.0,1.0,20,uniform,merchant_revenue_per_order,merchant,False,10,15.502832906333243,-513.80225931055,472.11717252623316
p_0.44_stores_20_uniform,p_0.44_stores_15_uniform,factorial_cell,0.44,1.0,1.0,20,uniform,driver_profit_per_order,driver,False,10,-21.048333333333268,-469.23066666666665,397.5980749999998
p_0.44_stores_20_uniform,p_0.44_stores_15_uniform,factorial_cell,0.44,1.0,1.0,20,uniform,emission_intensity_per_service_unit,environment,True,10,66.22167928616996,-75.42165301615626,240.14182026588665
p_0.44_stores_20_uniform,p_0.44_stores_15_uniform,factorial_cell,0.44,1.0,1.0,20,uniform,total_emission_units,environment,False,10,1563.0,-786.0749999999999,4200.0
p_0.44_stores_20_uniform,p_0.44_stores_15_uniform,factorial_cell,0.44,1.0,1.0,20,uniform,emission_units_per_order,environment,False,10,5.2099999999999795,-2.580500000000019,13.849999999999989
p_0.44_stores_20_uniform,p_0.44_stores_15_uniform,factorial_cell,0.44,1.0,1.0,20,uniform,emission_units_per_completed_order,environment,False,10,79.48932007132734,-47.49274492049464,241.77088288175221
p_0.44_stores_20_uniform,p_0.44_stores_15_uniform,factorial_cell,0.44,1.0,1.0,20,uniform,driver_utilization,driver,False,10,0.001006944444444452,-0.0029629629629629563,0.004907407407407421
p_0.44_stores_20_uniform,p_0.44_stores_15_uniform,factorial_cell,0.44,1.0,1.0,20,uniform,driver_profit_per_driver,driver,False,10,-526.2083333333285,-11940.412291666664,10112.458333333338
p_0.44_stores_20_nearest_restaurant,p_0.44_stores_15_uniform,factorial_cell,0.44,1.0,1.0,20,nearest_restaurant,service_units_per_driver_hour,driver,True,10,0.059722222222222246,0.04479166666666669,0.07430555555555558
p_0.44_stores_20_nearest_restaurant,p_0.44_stores_15_uniform,factorial_cell,0.44,1.0,1.0,20,nearest_restaurant,service_units_per_busy_driver_hour,driver,False,10,0.11535735392667061,0.08900583761504088,0.14078080345799496
p_0.44_stores_20_nearest_restaurant,p_0.44_stores_15_uniform,factorial_cell,0.44,1.0,1.0,20,nearest_restaurant,service_units_per_km,driver,False,10,0.004435542532105205,0.003456110333397184,0.005334984328327747
p_0.44_stores_20_nearest_restaurant,p_0.44_stores_15_uniform,factorial_cell,0.44,1.0,1.0,20,nearest_restaurant,food_completion_rate,customer,True,10,0.02166666666666666,0.009666666666666667,0.03366666666666666
p_0.44_stores_20_nearest_restaurant,p_0.44_stores_15_uniform,factorial_cell,0.44,1.0,1.0,20,nearest_restaurant,food_cancellation_rate,customer,False,10,-0.020666666666666687,-0.03133333333333338,-0.00966666666666669
p_0.44_stores_20_nearest_restaurant,p_0.44_stores_15_uniform,factorial_cell,0.44,1.0,1.0,20,nearest_restaurant,food_unfinished_rate,customer,False,10,-0.0010000000000000002,-0.002666666666666667,0.0003333333333333333
p_0.44_stores_20_nearest_restaurant,p_0.44_stores_15_uniform,factorial_cell,0.44,1.0,1.0,20,nearest_restaurant,mean_food_completion_ticks,customer,True,10,0.4261917190361132,-0.6430264800507897,1.4082880404576636
p_0.44_stores_20_nearest_restaurant,p_0.44_stores_15_uniform,factorial_cell,0.44,1.0,1.0,20,nearest_restaurant,mean_food_pickup_wait_ticks,driver,False,10,-0.2571998544300186,-0.4296477433591988,-0.08197643192145897
p_0.44_stores_20_nearest_restaurant,p_0.44_stores_15_uniform,factorial_cell,0.44,1.0,1.0,20,nearest_restaurant,mean_food_preparation_queue_ticks,merchant,False,10,-0.0046494603430699165,-0.040048235656150705,0.029283257911883517
p_0.44_stores_20_nearest_restaurant,p_0.44_stores_15_uniform,factorial_cell,0.44,1.0,1.0,20,nearest_restaurant,mean_food_ready_to_handover_ticks,merchant,False,10,0.8074893700502741,0.3327889990185447,1.2945806289830244
p_0.44_stores_20_nearest_restaurant,p_0.44_stores_15_uniform,factorial_cell,0.44,1.0,1.0,20,nearest_restaurant,mean_food_post_pickup_delivery_ticks,customer,False,10,-0.2786911685218449,-1.292778743848153,0.7701212950333821
p_0.44_stores_20_nearest_restaurant,p_0.44_stores_15_uniform,factorial_cell,0.44,1.0,1.0,20,nearest_restaurant,platform_revenue_per_order,platform,True,10,535.577685172,395.8123860204,683.3078374339
p_0.44_stores_20_nearest_restaurant,p_0.44_stores_15_uniform,factorial_cell,0.44,1.0,1.0,20,nearest_restaurant,driver_revenue_per_order,driver,False,10,905.5559999999999,338.2052250000005,1551.8789999999995
p_0.44_stores_20_nearest_restaurant,p_0.44_stores_15_uniform,factorial_cell,0.44,1.0,1.0,20,nearest_restaurant,merchant_revenue_per_order,merchant,False,10,2056.8701814946667,1583.6837332393998,2524.425065405859
p_0.44_stores_20_nearest_restaurant,p_0.44_stores_15_uniform,factorial_cell,0.44,1.0,1.0,20,nearest_restaurant,driver_profit_per_order,driver,False,10,865.8226666666666,311.7172083333333,1449.391325
p_0.44_stores_20_nearest_restaurant,p_0.44_stores_15_uniform,factorial_cell,0.44,1.0,1.0,20,nearest_restaurant,emission_intensity_per_service_unit,environment,True,10,-431.4468294346219,-514.4381571588289,-341.4817103016102
p_0.44_stores_20_nearest_restaurant,p_0.44_stores_15_uniform,factorial_cell,0.44,1.0,1.0,20,nearest_restaurant,total_emission_units,environment,False,10,1788.0,-2487.075,5835.074999999999
p_0.44_stores_20_nearest_restaurant,p_0.44_stores_15_uniform,factorial_cell,0.44,1.0,1.0,20,nearest_restaurant,emission_units_per_order,environment,False,10,5.960000000000003,-8.150499999999989,19.71999999999999
p_0.44_stores_20_nearest_restaurant,p_0.44_stores_15_uniform,factorial_cell,0.44,1.0,1.0,20,nearest_restaurant,emission_units_per_completed_order,environment,False,10,-173.79900357289762,-270.2081019932132,-68.24212176100197
p_0.44_stores_20_nearest_restaurant,p_0.44_stores_15_uniform,factorial_cell,0.44,1.0,1.0,20,nearest_restaurant,driver_utilization,driver,False,10,0.004664351851851855,-0.0011112557870370434,0.010850694444444448
p_0.44_stores_20_nearest_restaurant,p_0.44_stores_15_uniform,factorial_cell,0.44,1.0,1.0,20,nearest_restaurant,driver_profit_per_driver,driver,False,10,21645.566666666666,8007.337708333333,36129.947291666664
p_0.44_stores_20_nearest_customer,p_0.44_stores_15_uniform,factorial_cell,0.44,1.0,1.0,20,nearest_customer,service_units_per_driver_hour,driver,True,10,-0.005555555555555547,-0.018402777777777768,0.006597222222222238
p_0.44_stores_20_nearest_customer,p_0.44_stores_15_uniform,factorial_cell,0.44,1.0,1.0,20,nearest_customer,service_units_per_busy_driver_hour,driver,False,10,-0.00832201452829524,-0.032436425147877854,0.015064056217797397
p_0.44_stores_20_nearest_customer,p_0.44_stores_15_uniform,factorial_cell,0.44,1.0,1.0,20,nearest_customer,service_units_per_km,driver,False,10,-0.00030372406715346406,-0.001341037877537851,0.0006532089755480239
p_0.44_stores_20_nearest_customer,p_0.44_stores_15_uniform,factorial_cell,0.44,1.0,1.0,20,nearest_customer,food_completion_rate,customer,True,10,-0.006,-0.017666666666666664,0.004999999999999999
p_0.44_stores_20_nearest_customer,p_0.44_stores_15_uniform,factorial_cell,0.44,1.0,1.0,20,nearest_customer,food_cancellation_rate,customer,False,10,0.006333333333333291,-0.004666666666666708,0.018333333333333292
p_0.44_stores_20_nearest_customer,p_0.44_stores_15_uniform,factorial_cell,0.44,1.0,1.0,20,nearest_customer,food_unfinished_rate,customer,False,10,-0.00033333333333333343,-0.0020000000000000005,0.001333333333333333
p_0.44_stores_20_nearest_customer,p_0.44_stores_15_uniform,factorial_cell,0.44,1.0,1.0,20,nearest_customer,mean_food_completion_ticks,customer,True,10,-0.8671360816956074,-1.7472297966477115,0.05992448536848382
p_0.44_stores_20_nearest_customer,p_0.44_stores_15_uniform,factorial_cell,0.44,1.0,1.0,20,nearest_customer,mean_food_pickup_wait_ticks,driver,False,10,-0.13335449029999724,-0.2849385761976173,-0.005150246182049791
p_0.44_stores_20_nearest_customer,p_0.44_stores_15_uniform,factorial_cell,0.44,1.0,1.0,20,nearest_customer,mean_food_preparation_queue_ticks,merchant,False,10,-0.020989107402880368,-0.050531201514444866,0.012105082556993862
p_0.44_stores_20_nearest_customer,p_0.44_stores_15_uniform,factorial_cell,0.44,1.0,1.0,20,nearest_customer,mean_food_ready_to_handover_ticks,merchant,False,10,0.07046214509440984,-0.46660381476792645,0.5999858010998738
p_0.44_stores_20_nearest_customer,p_0.44_stores_15_uniform,factorial_cell,0.44,1.0,1.0,20,nearest_customer,mean_food_post_pickup_delivery_ticks,customer,False,10,-0.8578474950256119,-1.6958560604174495,-0.13419551957705983
p_0.44_stores_20_nearest_customer,p_0.44_stores_15_uniform,factorial_cell,0.44,1.0,1.0,20,nearest_customer,platform_revenue_per_order,platform,True,10,-80.08762868999993,-203.0766949469999,40.519688399975124
p_0.44_stores_20_nearest_customer,p_0.44_stores_15_uniform,factorial_cell,0.44,1.0,1.0,20,nearest_customer,driver_revenue_per_order,driver,False,10,-515.3380000000001,-1007.6363249999999,-32.052225000000405
p_0.44_stores_20_nearest_customer,p_0.44_stores_15_uniform,factorial_cell,0.44,1.0,1.0,20,nearest_customer,merchant_revenue_per_order,merchant,False,10,-158.82670464333313,-519.5406717196664,203.61331810385042
p_0.44_stores_20_nearest_customer,p_0.44_stores_15_uniform,factorial_cell,0.44,1.0,1.0,20,nearest_customer,driver_profit_per_order,driver,False,10,-487.20466666666664,-973.4134333333334,-21.10171666666657
p_0.44_stores_20_nearest_customer,p_0.44_stores_15_uniform,factorial_cell,0.44,1.0,1.0,20,nearest_customer,emission_intensity_per_service_unit,environment,True,10,37.88806783479981,-67.76268361131667,150.24805547955768
p_0.44_stores_20_nearest_customer,p_0.44_stores_15_uniform,factorial_cell,0.44,1.0,1.0,20,nearest_customer,total_emission_units,environment,False,10,-1266.0,-4101.15,1137.074999999999
p_0.44_stores_20_nearest_customer,p_0.44_stores_15_uniform,factorial_cell,0.44,1.0,1.0,20,nearest_customer,emission_units_per_order,environment,False,10,-4.220000000000016,-13.539999999999987,3.7899999999999756
p_0.44_stores_20_nearest_customer,p_0.44_stores_15_uniform,factorial_cell,0.44,1.0,1.0,20,nearest_customer,emission_units_per_completed_order,environment,False,10,47.808050793739085,-58.30856844895595,159.35482468856128
p_0.44_stores_20_nearest_customer,p_0.44_stores_15_uniform,factorial_cell,0.44,1.0,1.0,20,nearest_customer,driver_utilization,driver,False,10,-0.0024652777777777746,-0.006770978009259263,0.0014988425925925866
p_0.44_stores_20_nearest_customer,p_0.44_stores_15_uniform,factorial_cell,0.44,1.0,1.0,20,nearest_customer,driver_profit_per_driver,driver,False,10,-12180.116666666663,-24788.098749999997,-455.2749999999884
p_0.66_stores_10_uniform,p_0.44_stores_15_uniform,factorial_cell,0.66,1.0,1.0,10,uniform,service_units_per_driver_hour,driver,True,10,-0.09618055555555556,-0.11145833333333333,-0.08125
p_0.66_stores_10_uniform,p_0.44_stores_15_uniform,factorial_cell,0.66,1.0,1.0,10,uniform,service_units_per_busy_driver_hour,driver,False,10,-0.18028370573376956,-0.20789795767732464,-0.15488374127068694
p_0.66_stores_10_uniform,p_0.44_stores_15_uniform,factorial_cell,0.66,1.0,1.0,10,uniform,service_units_per_km,driver,False,10,-0.005783842727702583,-0.007051588533688541,-0.0046682811870645
p_0.66_stores_10_uniform,p_0.44_stores_15_uniform,factorial_cell,0.66,1.0,1.0,10,uniform,food_completion_rate,customer,True,10,-0.09599999999999997,-0.10666666666666665,-0.08566666666666664
p_0.66_stores_10_uniform,p_0.44_stores_15_uniform,factorial_cell,0.66,1.0,1.0,10,uniform,food_cancellation_rate,customer,False,10,0.09799999999999998,0.088,0.10899999999999994
p_0.66_stores_10_uniform,p_0.44_stores_15_uniform,factorial_cell,0.66,1.0,1.0,10,uniform,food_unfinished_rate,customer,False,10,-0.0020000000000000005,-0.003333333333333334,-0.0006666666666666668
p_0.66_stores_10_uniform,p_0.44_stores_15_uniform,factorial_cell,0.66,1.0,1.0,10,uniform,mean_food_completion_ticks,customer,True,10,-0.1292949549057319,-1.3239109836475187,1.1436488392173136
p_0.66_stores_10_uniform,p_0.44_stores_15_uniform,factorial_cell,0.66,1.0,1.0,10,uniform,mean_food_pickup_wait_ticks,driver,False,10,0.031534470705819606,-0.3245979533368465,0.3664982751993297
p_0.66_stores_10_uniform,p_0.44_stores_15_uniform,factorial_cell,0.66,1.0,1.0,10,uniform,mean_food_preparation_queue_ticks,merchant,False,10,0.013301419921495816,-0.030013787756354104,0.05756013796695153
p_0.66_stores_10_uniform,p_0.44_stores_15_uniform,factorial_cell,0.66,1.0,1.0,10,uniform,mean_food_ready_to_handover_ticks,merchant,False,10,-0.26737673432791303,-0.6063055982008911,0.06140237635471633
p_0.66_stores_10_uniform,p_0.44_stores_15_uniform,factorial_cell,0.66,1.0,1.0,10,uniform,mean_food_post_pickup_delivery_ticks,customer,False,10,-0.04414819737929214,-1.2820643436555348,1.186357039824075
p_0.66_stores_10_uniform,p_0.44_stores_15_uniform,factorial_cell,0.66,1.0,1.0,10,uniform,platform_revenue_per_order,platform,True,10,-925.892993502,-1096.8127950802004,-742.08285236655
p_0.66_stores_10_uniform,p_0.44_stores_15_uniform,factorial_cell,0.66,1.0,1.0,10,uniform,driver_revenue_per_order,driver,False,10,-3705.8979999999997,-4428.475775,-2994.2584500000007
p_0.66_stores_10_uniform,p_0.44_stores_15_uniform,factorial_cell,0.66,1.0,1.0,10,uniform,merchant_revenue_per_order,merchant,False,10,-2717.8625398313334,-3264.1164579330502,-2130.2623434463835
p_0.66_stores_10_uniform,p_0.44_stores_15_uniform,factorial_cell,0.66,1.0,1.0,10,uniform,driver_profit_per_order,driver,False,10,-3199.498,-3901.9700500000004,-2488.623166666667
p_0.66_stores_10_uniform,p_0.44_stores_15_uniform,factorial_cell,0.66,1.0,1.0,10,uniform,emission_intensity_per_service_unit,environment,True,10,910.5154981789467,729.2972809314932,1095.2542602947922
p_0.66_stores_10_uniform,p_0.44_stores_15_uniform,factorial_cell,0.66,1.0,1.0,10,uniform,total_emission_units,environment,False,10,-22788.0,-26169.0,-19809.0
p_0.66_stores_10_uniform,p_0.44_stores_15_uniform,factorial_cell,0.66,1.0,1.0,10,uniform,emission_units_per_order,environment,False,10,-75.96000000000001,-87.16025000000002,-66.09975
p_0.66_stores_10_uniform,p_0.44_stores_15_uniform,factorial_cell,0.66,1.0,1.0,10,uniform,emission_units_per_completed_order,environment,False,10,1042.8787119903657,906.7916982916215,1186.9086325255985
p_0.66_stores_10_uniform,p_0.44_stores_15_uniform,factorial_cell,0.66,1.0,1.0,10,uniform,driver_utilization,driver,False,10,-0.019166666666666665,-0.02516811342592593,-0.012401475694444452
p_0.66_stores_10_uniform,p_0.44_stores_15_uniform,factorial_cell,0.66,1.0,1.0,10,uniform,driver_profit_per_driver,driver,False,10,-79987.45,-97985.82791666668,-62662.035208333335
p_0.66_stores_10_nearest_restaurant,p_0.44_stores_15_uniform,factorial_cell,0.66,1.0,1.0,10,nearest_restaurant,service_units_per_driver_hour,driver,True,10,-0.04583333333333332,-0.05902777777777777,-0.033333333333333326
p_0.66_stores_10_nearest_restaurant,p_0.44_stores_15_uniform,factorial_cell,0.66,1.0,1.0,10,nearest_restaurant,service_units_per_busy_driver_hour,driver,False,10,-0.07699528958648331,-0.10272928052428913,-0.055527291993844825
p_0.66_stores_10_nearest_restaurant,p_0.44_stores_15_uniform,factorial_cell,0.66,1.0,1.0,10,nearest_restaurant,service_units_per_km,driver,False,10,-0.0012613917797051175,-0.0021489611853263762,-0.0004780411653242275
p_0.66_stores_10_nearest_restaurant,p_0.44_stores_15_uniform,factorial_cell,0.66,1.0,1.0,10,nearest_restaurant,food_completion_rate,customer,True,10,-0.07300000000000001,-0.08333333333333334,-0.06233333333333334
p_0.66_stores_10_nearest_restaurant,p_0.44_stores_15_uniform,factorial_cell,0.66,1.0,1.0,10,nearest_restaurant,food_cancellation_rate,customer,False,10,0.07399999999999998,0.06233333333333335,0.08533333333333332
p_0.66_stores_10_nearest_restaurant,p_0.44_stores_15_uniform,factorial_cell,0.66,1.0,1.0,10,nearest_restaurant,food_unfinished_rate,customer,False,10,-0.001,-0.0029999999999999996,0.0006666666666666666
p_0.66_stores_10_nearest_restaurant,p_0.44_stores_15_uniform,factorial_cell,0.66,1.0,1.0,10,nearest_restaurant,mean_food_completion_ticks,customer,True,10,0.8599161174912702,-0.3092059045400377,2.00384573989544
p_0.66_stores_10_nearest_restaurant,p_0.44_stores_15_uniform,factorial_cell,0.66,1.0,1.0,10,nearest_restaurant,mean_food_pickup_wait_ticks,driver,False,10,-0.18071682107862022,-0.5123148053971304,0.11335834940920332
p_0.66_stores_10_nearest_restaurant,p_0.44_stores_15_uniform,factorial_cell,0.66,1.0,1.0,10,nearest_restaurant,mean_food_preparation_queue_ticks,merchant,False,10,-0.014311226259285775,-0.05152874308844545,0.021901740735677116
p_0.66_stores_10_nearest_restaurant,p_0.44_stores_15_uniform,factorial_cell,0.66,1.0,1.0,10,nearest_restaurant,mean_food_ready_to_handover_ticks,merchant,False,10,1.0331886375556967,0.34940766913123034,1.7394372667993332
p_0.66_stores_10_nearest_restaurant,p_0.44_stores_15_uniform,factorial_cell,0.66,1.0,1.0,10,nearest_restaurant,mean_food_post_pickup_delivery_ticks,customer,False,10,-0.14167808571207097,-1.196708380176666,0.9181019577943234
p_0.66_stores_10_nearest_restaurant,p_0.44_stores_15_uniform,factorial_cell,0.66,1.0,1.0,10,nearest_restaurant,platform_revenue_per_order,platform,True,10,-468.897913893,-614.20317575395,-316.3020088973251
p_0.66_stores_10_nearest_restaurant,p_0.44_stores_15_uniform,factorial_cell,0.66,1.0,1.0,10,nearest_restaurant,driver_revenue_per_order,driver,False,10,-2653.7170000000006,-3165.9367749999997,-2068.380225
p_0.66_stores_10_nearest_restaurant,p_0.44_stores_15_uniform,factorial_cell,0.66,1.0,1.0,10,nearest_restaurant,merchant_revenue_per_order,merchant,False,10,-1072.2127194403333,-1585.3589488832333,-577.9226044732667
p_0.66_stores_10_nearest_restaurant,p_0.44_stores_15_uniform,factorial_cell,0.66,1.0,1.0,10,nearest_restaurant,driver_profit_per_order,driver,False,10,-2114.5836666666664,-2593.4057333333326,-1593.781258333334
p_0.66_stores_10_nearest_restaurant,p_0.44_stores_15_uniform,factorial_cell,0.66,1.0,1.0,10,nearest_restaurant,emission_intensity_per_service_unit,environment,True,10,162.4432977069489,60.398550070776054,284.41412432139174
p_0.66_stores_10_nearest_restaurant,p_0.44_stores_15_uniform,factorial_cell,0.66,1.0,1.0,10,nearest_restaurant,total_emission_units,environment,False,10,-24261.0,-30570.15,-18074.925000000003
p_0.66_stores_10_nearest_restaurant,p_0.44_stores_15_uniform,factorial_cell,0.66,1.0,1.0,10,nearest_restaurant,emission_units_per_order,environment,False,10,-80.87000000000002,-101.63,-60.73950000000005
p_0.66_stores_10_nearest_restaurant,p_0.44_stores_15_uniform,factorial_cell,0.66,1.0,1.0,10,nearest_restaurant,emission_units_per_completed_order,environment,False,10,594.9556776126856,456.96862890141995,724.3522723864813
p_0.66_stores_10_nearest_restaurant,p_0.44_stores_15_uniform,factorial_cell,0.66,1.0,1.0,10,nearest_restaurant,driver_utilization,driver,False,10,-0.016035879629629622,-0.023096064814814816,-0.009837818287037036
p_0.66_stores_10_nearest_restaurant,p_0.44_stores_15_uniform,factorial_cell,0.66,1.0,1.0,10,nearest_restaurant,driver_profit_per_driver,driver,False,10,-52864.59166666666,-64668.266874999994,-40175.726458333345
p_0.66_stores_10_nearest_customer,p_0.44_stores_15_uniform,factorial_cell,0.66,1.0,1.0,10,nearest_customer,service_units_per_driver_hour,driver,True,10,-0.09201388888888888,-0.10243055555555554,-0.08020833333333333
p_0.66_stores_10_nearest_customer,p_0.44_stores_15_uniform,factorial_cell,0.66,1.0,1.0,10,nearest_customer,service_units_per_busy_driver_hour,driver,False,10,-0.1718176189574699,-0.19282066442129742,-0.15050473317339036
p_0.66_stores_10_nearest_customer,p_0.44_stores_15_uniform,factorial_cell,0.66,1.0,1.0,10,nearest_customer,service_units_per_km,driver,False,10,-0.005216770961560785,-0.0060964564888784534,-0.004287834327410602
p_0.66_stores_10_nearest_customer,p_0.44_stores_15_uniform,factorial_cell,0.66,1.0,1.0,10,nearest_customer,food_completion_rate,customer,True,10,-0.09,-0.09966666666666668,-0.07933333333333334
p_0.66_stores_10_nearest_customer,p_0.44_stores_15_uniform,factorial_cell,0.66,1.0,1.0,10,nearest_customer,food_cancellation_rate,customer,False,10,0.09166666666666665,0.0813333333333333,0.10133333333333332
p_0.66_stores_10_nearest_customer,p_0.44_stores_15_uniform,factorial_cell,0.66,1.0,1.0,10,nearest_customer,food_unfinished_rate,customer,False,10,-0.0016666666666666666,-0.003333333333333334,-8.673617379884036e-20
p_0.66_stores_10_nearest_customer,p_0.44_stores_15_uniform,factorial_cell,0.66,1.0,1.0,10,nearest_customer,mean_food_completion_ticks,customer,True,10,-1.1423765382480062,-2.095528039238507,-0.1368629401539772
p_0.66_stores_10_nearest_customer,p_0.44_stores_15_uniform,factorial_cell,0.66,1.0,1.0,10,nearest_customer,mean_food_pickup_wait_ticks,driver,False,10,-0.08704967175265933,-0.4420453621358077,0.2540363838273783
p_0.66_stores_10_nearest_customer,p_0.44_stores_15_uniform,factorial_cell,0.66,1.0,1.0,10,nearest_customer,mean_food_preparation_queue_ticks,merchant,False,10,0.006348145397167887,-0.03391038005132692,0.05357461789337335
p_0.66_stores_10_nearest_customer,p_0.44_stores_15_uniform,factorial_cell,0.66,1.0,1.0,10,nearest_customer,mean_food_ready_to_handover_ticks,merchant,False,10,0.27886101430362265,-0.3524974023335354,0.9789378161073679
p_0.66_stores_10_nearest_customer,p_0.44_stores_15_uniform,factorial_cell,0.66,1.0,1.0,10,nearest_customer,mean_food_post_pickup_delivery_ticks,customer,False,10,-1.3326370879143472,-2.3802422285786577,-0.2354389189033128
p_0.66_stores_10_nearest_customer,p_0.44_stores_15_uniform,factorial_cell,0.66,1.0,1.0,10,nearest_customer,platform_revenue_per_order,platform,True,10,-913.6818179509999,-1015.5631734453499,-801.028908490125
p_0.66_stores_10_nearest_customer,p_0.44_stores_15_uniform,factorial_cell,0.66,1.0,1.0,10,nearest_customer,driver_revenue_per_order,driver,False,10,-3781.361,-4257.99,-3224.5769999999998
p_0.66_stores_10_nearest_customer,p_0.44_stores_15_uniform,factorial_cell,0.66,1.0,1.0,10,nearest_customer,merchant_revenue_per_order,merchant,False,10,-2633.337282049,-2972.247650704908,-2279.744279087267
p_0.66_stores_10_nearest_customer,p_0.44_stores_15_uniform,factorial_cell,0.66,1.0,1.0,10,nearest_customer,driver_profit_per_order,driver,False,10,-3214.361,-3664.064941666666,-2683.3143083333334
p_0.66_stores_10_nearest_customer,p_0.44_stores_15_uniform,factorial_cell,0.66,1.0,1.0,10,nearest_customer,emission_intensity_per_service_unit,environment,True,10,826.0221311938898,631.1652498764465,1025.9751362978075
p_0.66_stores_10_nearest_customer,p_0.44_stores_15_uniform,factorial_cell,0.66,1.0,1.0,10,nearest_customer,total_emission_units,environment,False,10,-25515.0,-28344.075,-22346.925000000003
p_0.66_stores_10_nearest_customer,p_0.44_stores_15_uniform,factorial_cell,0.66,1.0,1.0,10,nearest_customer,emission_units_per_order,environment,False,10,-85.05000000000001,-94.28000000000002,-74.67
p_0.66_stores_10_nearest_customer,p_0.44_stores_15_uniform,factorial_cell,0.66,1.0,1.0,10,nearest_customer,emission_units_per_completed_order,environment,False,10,906.2350104718753,707.7535540387595,1119.3557495770788
p_0.66_stores_10_nearest_customer,p_0.44_stores_15_uniform,factorial_cell,0.66,1.0,1.0,10,nearest_customer,driver_utilization,driver,False,10,-0.019548611111111114,-0.0247918113425926,-0.014172453703703725
p_0.66_stores_10_nearest_customer,p_0.44_stores_15_uniform,factorial_cell,0.66,1.0,1.0,10,nearest_customer,driver_profit_per_driver,driver,False,10,-80359.025,-91564.91916666667,-67293.06562500002
p_0.66_stores_15_uniform,p_0.44_stores_15_uniform,factorial_cell,0.66,1.0,1.0,15,uniform,service_units_per_driver_hour,driver,True,10,-0.08402777777777777,-0.09097222222222223,-0.07638888888888888
p_0.66_stores_15_uniform,p_0.44_stores_15_uniform,factorial_cell,0.66,1.0,1.0,15,uniform,service_units_per_busy_driver_hour,driver,False,10,-0.15452718263438087,-0.1681717890341693,-0.1401561756902558
p_0.66_stores_15_uniform,p_0.44_stores_15_uniform,factorial_cell,0.66,1.0,1.0,15,uniform,service_units_per_km,driver,False,10,-0.004983225497263695,-0.005521563672842069,-0.004398937104955533
p_0.66_stores_15_uniform,p_0.44_stores_15_uniform,factorial_cell,0.66,1.0,1.0,15,uniform,food_completion_rate,customer,True,10,-0.08433333333333333,-0.091,-0.07633333333333334
p_0.66_stores_15_uniform,p_0.44_stores_15_uniform,factorial_cell,0.66,1.0,1.0,15,uniform,food_cancellation_rate,customer,False,10,0.08633333333333333,0.07799999999999999,0.09366666666666665
p_0.66_stores_15_uniform,p_0.44_stores_15_uniform,factorial_cell,0.66,1.0,1.0,15,uniform,food_unfinished_rate,customer,False,10,-0.002,-0.003333333333333334,-0.0006666666666666668
p_0.66_stores_15_uniform,p_0.44_stores_15_uniform,factorial_cell,0.66,1.0,1.0,15,uniform,mean_food_completion_ticks,customer,True,10,-0.9191407626424578,-1.64286336517854,-0.08702490482333829
p_0.66_stores_15_uniform,p_0.44_stores_15_uniform,factorial_cell,0.66,1.0,1.0,15,uniform,mean_food_pickup_wait_ticks,driver,False,10,-0.23595497242645638,-0.5221185945053308,0.05355125538385994
p_0.66_stores_15_uniform,p_0.44_stores_15_uniform,factorial_cell,0.66,1.0,1.0,15,uniform,mean_food_preparation_queue_ticks,merchant,False,10,-0.005181554646976288,-0.04434937403862119,0.038812532653720234
p_0.66_stores_15_uniform,p_0.44_stores_15_uniform,factorial_cell,0.66,1.0,1.0,15,uniform,mean_food_ready_to_handover_ticks,merchant,False,10,0.043072485780536865,-0.3822590541623289,0.39564394442428347
p_0.66_stores_15_uniform,p_0.44_stores_15_uniform,factorial_cell,0.66,1.0,1.0,15,uniform,mean_food_post_pickup_delivery_ticks,customer,False,10,-0.8812749135085838,-1.7007288174628177,0.014975248329771025
p_0.66_stores_15_uniform,p_0.44_stores_15_uniform,factorial_cell,0.66,1.0,1.0,15,uniform,platform_revenue_per_order,platform,True,10,-835.297073595,-926.0567542005501,-746.4480454037499
p_0.66_stores_15_uniform,p_0.44_stores_15_uniform,factorial_cell,0.66,1.0,1.0,15,uniform,driver_revenue_per_order,driver,False,10,-3425.5510000000004,-3800.129,-3061.921
p_0.66_stores_15_uniform,p_0.44_stores_15_uniform,factorial_cell,0.66,1.0,1.0,15,uniform,merchant_revenue_per_order,merchant,False,10,-2419.7197597383333,-2706.1744791262836,-2119.4087177495257
p_0.66_stores_15_uniform,p_0.44_stores_15_uniform,factorial_cell,0.66,1.0,1.0,15,uniform,driver_profit_per_order,driver,False,10,-2984.0843333333332,-3325.2222333333334,-2654.8547583333334
p_0.66_stores_15_uniform,p_0.44_stores_15_uniform,factorial_cell,0.66,1.0,1.0,15,uniform,emission_intensity_per_service_unit,environment,True,10,760.5680176554645,641.9595843766535,888.0794489601088
p_0.66_stores_15_uniform,p_0.44_stores_15_uniform,factorial_cell,0.66,1.0,1.0,15,uniform,total_emission_units,environment,False,10,-19866.0,-23505.0,-16352.775000000003
p_0.66_stores_15_uniform,p_0.44_stores_15_uniform,factorial_cell,0.66,1.0,1.0,15,uniform,emission_units_per_order,environment,False,10,-66.22,-78.35999999999999,-54.699750000000016
p_0.66_stores_15_uniform,p_0.44_stores_15_uniform,factorial_cell,0.66,1.0,1.0,15,uniform,emission_units_per_completed_order,environment,False,10,872.7611780800147,749.9573095216098,1004.22213039128
p_0.66_stores_15_uniform,p_0.44_stores_15_uniform,factorial_cell,0.66,1.0,1.0,15,uniform,driver_utilization,driver,False,10,-0.01915509259259259,-0.026099681712962956,-0.012847222222222232
p_0.66_stores_15_uniform,p_0.44_stores_15_uniform,factorial_cell,0.66,1.0,1.0,15,uniform,driver_profit_per_driver,driver,False,10,-74602.10833333331,-83187.40041666667,-66490.84604166665
p_0.66_stores_15_nearest_restaurant,p_0.44_stores_15_uniform,factorial_cell,0.66,1.0,1.0,15,nearest_restaurant,service_units_per_driver_hour,driver,True,10,0.007638888888888895,-0.013203124999999994,0.031597222222222235
p_0.66_stores_15_nearest_restaurant,p_0.44_stores_15_uniform,factorial_cell,0.66,1.0,1.0,15,nearest_restaurant,service_units_per_busy_driver_hour,driver,False,10,0.024903362582114796,-0.014128769482068298,0.06642174567726793
p_0.66_stores_15_nearest_restaurant,p_0.44_stores_15_uniform,factorial_cell,0.66,1.0,1.0,15,nearest_restaurant,service_units_per_km,driver,False,10,0.0023222506725412797,0.0009079032545948328,0.0037870217626053185
p_0.66_stores_15_nearest_restaurant,p_0.44_stores_15_uniform,factorial_cell,0.66,1.0,1.0,15,nearest_restaurant,food_completion_rate,customer,True,10,-0.04033333333333332,-0.05266666666666666,-0.024999999999999994
p_0.66_stores_15_nearest_restaurant,p_0.44_stores_15_uniform,factorial_cell,0.66,1.0,1.0,15,nearest_restaurant,food_cancellation_rate,customer,False,10,0.0413333333333333,0.025333333333333284,0.0543333333333333
p_0.66_stores_15_nearest_restaurant,p_0.44_stores_15_uniform,factorial_cell,0.66,1.0,1.0,15,nearest_restaurant,food_unfinished_rate,customer,False,10,-0.001,-0.002333333333333334,0.0003333333333333333
p_0.66_stores_15_nearest_restaurant,p_0.44_stores_15_uniform,factorial_cell,0.66,1.0,1.0,15,nearest_restaurant,mean_food_completion_ticks,customer,True,10,1.8604194841849675,0.9021402938233736,2.8529605546563017
p_0.66_stores_15_nearest_restaurant,p_0.44_stores_15_uniform,factorial_cell,0.66,1.0,1.0,15,nearest_restaurant,mean_food_pickup_wait_ticks,driver,False,10,-0.23684634171165428,-0.39899361218687784,-0.07387685900223334
p_0.66_stores_15_nearest_restaurant,p_0.44_stores_15_uniform,factorial_cell,0.66,1.0,1.0,15,nearest_restaurant,mean_food_preparation_queue_ticks,merchant,False,10,0.011481251275823789,-0.02731677814938684,0.04813348886007918
p_0.66_stores_15_nearest_restaurant,p_0.44_stores_15_uniform,factorial_cell,0.66,1.0,1.0,15,nearest_restaurant,mean_food_ready_to_handover_ticks,merchant,False,10,1.6169561557846381,0.8715188084579174,2.3312761351032476
p_0.66_stores_15_nearest_restaurant,p_0.44_stores_15_uniform,factorial_cell,0.66,1.0,1.0,15,nearest_restaurant,mean_food_post_pickup_delivery_ticks,customer,False,10,0.3011834085772975,-0.898590042513299,1.5237336712478269
p_0.66_stores_15_nearest_restaurant,p_0.44_stores_15_uniform,factorial_cell,0.66,1.0,1.0,15,nearest_restaurant,platform_revenue_per_order,platform,True,10,54.816700800000035,-159.52423728297495,307.0713239868
p_0.66_stores_15_nearest_restaurant,p_0.44_stores_15_uniform,factorial_cell,0.66,1.0,1.0,15,nearest_restaurant,driver_revenue_per_order,driver,False,10,-1176.9100000000003,-1763.8205500000001,-521.545125000001
p_0.66_stores_15_nearest_restaurant,p_0.44_stores_15_uniform,factorial_cell,0.66,1.0,1.0,15,nearest_restaurant,merchant_revenue_per_order,merchant,False,10,707.5899658666666,-101.09243092968333,1618.0019815972826
p_0.66_stores_15_nearest_restaurant,p_0.44_stores_15_uniform,factorial_cell,0.66,1.0,1.0,15,nearest_restaurant,driver_profit_per_order,driver,False,10,-830.7766666666666,-1360.5249916666671,-272.50628333333435
p_0.66_stores_15_nearest_restaurant,p_0.44_stores_15_uniform,factorial_cell,0.66,1.0,1.0,15,nearest_restaurant,emission_intensity_per_service_unit,environment,True,10,-227.94057274453039,-369.57656489379883,-85.9441911829748
p_0.66_stores_15_nearest_restaurant,p_0.44_stores_15_uniform,factorial_cell,0.66,1.0,1.0,15,nearest_restaurant,total_emission_units,environment,False,10,-15576.0,-21372.075,-9642.0
p_0.66_stores_15_nearest_restaurant,p_0.44_stores_15_uniform,factorial_cell,0.66,1.0,1.0,15,nearest_restaurant,emission_units_per_order,environment,False,10,-51.91999999999998,-71.73999999999998,-31.69999999999999
p_0.66_stores_15_nearest_restaurant,p_0.44_stores_15_uniform,factorial_cell,0.66,1.0,1.0,15,nearest_restaurant,emission_units_per_completed_order,environment,False,10,256.0199806372572,140.60848162078676,368.4843754776976
p_0.66_stores_15_nearest_restaurant,p_0.44_stores_15_uniform,factorial_cell,0.66,1.0,1.0,15,nearest_restaurant,driver_utilization,driver,False,10,-0.0077141203703703694,-0.01522005208333332,0.00041666666666665965
p_0.66_stores_15_nearest_restaurant,p_0.44_stores_15_uniform,factorial_cell,0.66,1.0,1.0,15,nearest_restaurant,driver_profit_per_driver,driver,False,10,-20769.416666666664,-33947.72833333332,-6488.416666666666
p_0.66_stores_15_nearest_customer,p_0.44_stores_15_uniform,factorial_cell,0.66,1.0,1.0,15,nearest_customer,service_units_per_driver_hour,driver,True,10,-0.08541666666666667,-0.09479166666666666,-0.07361111111111111
p_0.66_stores_15_nearest_customer,p_0.44_stores_15_uniform,factorial_cell,0.66,1.0,1.0,15,nearest_customer,service_units_per_busy_driver_hour,driver,False,10,-0.16018280043957023,-0.17751373526588596,-0.14027882685974605
p_0.66_stores_15_nearest_customer,p_0.44_stores_15_uniform,factorial_cell,0.66,1.0,1.0,15,nearest_customer,service_units_per_km,driver,False,10,-0.004961023489980745,-0.005599883992011119,-0.004227394922368865
p_0.66_stores_15_nearest_customer,p_0.44_stores_15_uniform,factorial_cell,0.66,1.0,1.0,15,nearest_customer,food_completion_rate,customer,True,10,-0.08366666666666668,-0.09133333333333332,-0.07433333333333333
p_0.66_stores_15_nearest_customer,p_0.44_stores_15_uniform,factorial_cell,0.66,1.0,1.0,15,nearest_customer,food_cancellation_rate,customer,False,10,0.085,0.07566666666666669,0.09299999999999999
p_0.66_stores_15_nearest_customer,p_0.44_stores_15_uniform,factorial_cell,0.66,1.0,1.0,15,nearest_customer,food_unfinished_rate,customer,False,10,-0.0013333333333333335,-0.002666666666666667,0.0
p_0.66_stores_15_nearest_customer,p_0.44_stores_15_uniform,factorial_cell,0.66,1.0,1.0,15,nearest_customer,mean_food_completion_ticks,customer,True,10,-0.9240382663134191,-2.09781130521035,0.3055777451020959
p_0.66_stores_15_nearest_customer,p_0.44_stores_15_uniform,factorial_cell,0.66,1.0,1.0,15,nearest_customer,mean_food_pickup_wait_ticks,driver,False,10,-0.038575828869581996,-0.2732181517360474,0.20111843180393843
p_0.66_stores_15_nearest_customer,p_0.44_stores_15_uniform,factorial_cell,0.66,1.0,1.0,15,nearest_customer,mean_food_preparation_queue_ticks,merchant,False,10,0.014457839904586333,-0.02091497246714635,0.04807833394625778
p_0.66_stores_15_nearest_customer,p_0.44_stores_15_uniform,factorial_cell,0.66,1.0,1.0,15,nearest_customer,mean_food_ready_to_handover_ticks,merchant,False,10,0.12981869360608683,-0.4171513122432274,0.6321821427381528
p_0.66_stores_15_nearest_customer,p_0.44_stores_15_uniform,factorial_cell,0.66,1.0,1.0,15,nearest_customer,mean_food_post_pickup_delivery_ticks,customer,False,10,-1.1164312325420105,-2.0099334839991974,-0.24386614452409075
p_0.66_stores_15_nearest_customer,p_0.44_stores_15_uniform,factorial_cell,0.66,1.0,1.0,15,nearest_customer,platform_revenue_per_order,platform,True,10,-852.7867274710001,-946.16416401405,-734.6767354280502
p_0.66_stores_15_nearest_customer,p_0.44_stores_15_uniform,factorial_cell,0.66,1.0,1.0,15,nearest_customer,driver_revenue_per_order,driver,False,10,-3483.4190000000003,-3872.0729999999994,-3006.3990000000003
p_0.66_stores_15_nearest_customer,p_0.44_stores_15_uniform,factorial_cell,0.66,1.0,1.0,15,nearest_customer,merchant_revenue_per_order,merchant,False,10,-2475.809705862333,-2777.135268166008,-2110.413048265725
p_0.66_stores_15_nearest_customer,p_0.44_stores_15_uniform,factorial_cell,0.66,1.0,1.0,15,nearest_customer,driver_profit_per_order,driver,False,10,-3003.552333333333,-3380.84635,-2571.1696749999996
p_0.66_stores_15_nearest_customer,p_0.44_stores_15_uniform,factorial_cell,0.66,1.0,1.0,15,nearest_customer,emission_intensity_per_service_unit,environment,True,10,745.0055286838508,630.5697458630048,844.6427074853704
p_0.66_stores_15_nearest_customer,p_0.44_stores_15_uniform,factorial_cell,0.66,1.0,1.0,15,nearest_customer,total_emission_units,environment,False,10,-21594.0,-25248.075,-18026.925000000003
p_0.66_stores_15_nearest_customer,p_0.44_stores_15_uniform,factorial_cell,0.66,1.0,1.0,15,nearest_customer,emission_units_per_order,environment,False,10,-71.98,-84.08000000000001,-59.81950000000001
p_0.66_stores_15_nearest_customer,p_0.44_stores_15_uniform,factorial_cell,0.66,1.0,1.0,15,nearest_customer,emission_units_per_completed_order,environment,False,10,817.8821328991662,714.6838688523579,897.7216506172065
p_0.66_stores_15_nearest_customer,p_0.44_stores_15_uniform,factorial_cell,0.66,1.0,1.0,15,nearest_customer,driver_utilization,driver,False,10,-0.016157407407407405,-0.021163194444444432,-0.010949074074074073
p_0.66_stores_15_nearest_customer,p_0.44_stores_15_uniform,factorial_cell,0.66,1.0,1.0,15,nearest_customer,driver_profit_per_driver,driver,False,10,-75088.80833333335,-84639.98791666665,-64249.875416666684
p_0.66_stores_20_uniform,p_0.44_stores_15_uniform,factorial_cell,0.66,1.0,1.0,20,uniform,service_units_per_driver_hour,driver,True,10,-0.08715277777777777,-0.09687499999999998,-0.07708333333333334
p_0.66_stores_20_uniform,p_0.44_stores_15_uniform,factorial_cell,0.66,1.0,1.0,20,uniform,service_units_per_busy_driver_hour,driver,False,10,-0.1620166969115194,-0.18153210888335203,-0.1417403067131782
p_0.66_stores_20_uniform,p_0.44_stores_15_uniform,factorial_cell,0.66,1.0,1.0,20,uniform,service_units_per_km,driver,False,10,-0.005454212372694443,-0.006294820162181099,-0.004607524278503776
p_0.66_stores_20_uniform,p_0.44_stores_15_uniform,factorial_cell,0.66,1.0,1.0,20,uniform,food_completion_rate,customer,True,10,-0.08833333333333333,-0.09933333333333332,-0.07833333333333331
p_0.66_stores_20_uniform,p_0.44_stores_15_uniform,factorial_cell,0.66,1.0,1.0,20,uniform,food_cancellation_rate,customer,False,10,0.08933333333333332,0.07866666666666666,0.10099999999999998
p_0.66_stores_20_uniform,p_0.44_stores_15_uniform,factorial_cell,0.66,1.0,1.0,20,uniform,food_unfinished_rate,customer,False,10,-0.0010000000000000002,-0.002666666666666667,0.0006666666666666664
p_0.66_stores_20_uniform,p_0.44_stores_15_uniform,factorial_cell,0.66,1.0,1.0,20,uniform,mean_food_completion_ticks,customer,True,10,-0.2215991506106981,-1.1643395854395457,0.5986373279416262
p_0.66_stores_20_uniform,p_0.44_stores_15_uniform,factorial_cell,0.66,1.0,1.0,20,uniform,mean_food_pickup_wait_ticks,driver,False,10,-0.1684431648160281,-0.49196013738345235,0.12847357550869803
p_0.66_stores_20_uniform,p_0.44_stores_15_uniform,factorial_cell,0.66,1.0,1.0,20,uniform,mean_food_preparation_queue_ticks,merchant,False,10,-0.03682983040584438,-0.08034192446337177,0.000324456428213411
p_0.66_stores_20_uniform,p_0.44_stores_15_uniform,factorial_cell,0.66,1.0,1.0,20,uniform,mean_food_ready_to_handover_ticks,merchant,False,10,0.4512747460556078,-0.24936058050140403,1.1201249509787292
p_0.66_stores_20_uniform,p_0.44_stores_15_uniform,factorial_cell,0.66,1.0,1.0,20,uniform,mean_food_post_pickup_delivery_ticks,customer,False,10,-0.7327009717661088,-1.4578494150415184,-0.014805548175210495
p_0.66_stores_20_uniform,p_0.44_stores_15_uniform,factorial_cell,0.66,1.0,1.0,20,uniform,platform_revenue_per_order,platform,True,10,-869.9393410639999,-944.6639939439001,-796.192185525925
p_0.66_stores_20_uniform,p_0.44_stores_15_uniform,factorial_cell,0.66,1.0,1.0,20,uniform,driver_revenue_per_order,driver,False,10,-3526.0379999999996,-3877.156,-3252.3379999999997
p_0.66_stores_20_uniform,p_0.44_stores_15_uniform,factorial_cell,0.66,1.0,1.0,20,uniform,merchant_revenue_per_order,merchant,False,10,-2536.3523922693334,-2790.600532099333,-2263.8952419485663
p_0.66_stores_20_uniform,p_0.44_stores_15_uniform,factorial_cell,0.66,1.0,1.0,20,uniform,driver_profit_per_order,driver,False,10,-3132.038,-3524.289266666666,-2840.274433333333
p_0.66_stores_20_uniform,p_0.44_stores_15_uniform,factorial_cell,0.66,1.0,1.0,20,uniform,emission_intensity_per_service_unit,environment,True,10,843.9411624877332,709.9503157616244,980.3146784666076
p_0.66_stores_20_uniform,p_0.44_stores_15_uniform,factorial_cell,0.66,1.0,1.0,20,uniform,total_emission_units,environment,False,10,-17730.0,-21735.075,-14009.850000000002
p_0.66_stores_20_uniform,p_0.44_stores_15_uniform,factorial_cell,0.66,1.0,1.0,20,uniform,emission_units_per_order,environment,False,10,-59.10000000000001,-72.16025000000005,-46.910000000000025
p_0.66_stores_20_uniform,p_0.44_stores_15_uniform,factorial_cell,0.66,1.0,1.0,20,uniform,emission_units_per_completed_order,environment,False,10,991.9319843020972,829.3967267206226,1170.183298136422
p_0.66_stores_20_uniform,p_0.44_stores_15_uniform,factorial_cell,0.66,1.0,1.0,20,uniform,driver_utilization,driver,False,10,-0.018495370370370363,-0.023154079861111107,-0.013368055555555553
p_0.66_stores_20_uniform,p_0.44_stores_15_uniform,factorial_cell,0.66,1.0,1.0,20,uniform,driver_profit_per_driver,driver,False,10,-78300.95,-88016.5445833333,-70864.10562500001
p_0.66_stores_20_nearest_restaurant,p_0.44_stores_15_uniform,factorial_cell,0.66,1.0,1.0,20,nearest_restaurant,service_units_per_driver_hour,driver,True,10,0.010416666666666675,-0.0059027777777777846,0.027430555555555562
p_0.66_stores_20_nearest_restaurant,p_0.44_stores_15_uniform,factorial_cell,0.66,1.0,1.0,20,nearest_restaurant,service_units_per_busy_driver_hour,driver,False,10,0.03513194684105296,0.004650295116226625,0.06667335674598504
p_0.66_stores_20_nearest_restaurant,p_0.44_stores_15_uniform,factorial_cell,0.66,1.0,1.0,20,nearest_restaurant,service_units_per_km,driver,False,10,0.0026325166814081874,0.0016629774405066719,0.0037257262280894904
p_0.66_stores_20_nearest_restaurant,p_0.44_stores_15_uniform,factorial_cell,0.66,1.0,1.0,20,nearest_restaurant,food_completion_rate,customer,True,10,-0.04233333333333334,-0.052000000000000005,-0.03233333333333334
p_0.66_stores_20_nearest_restaurant,p_0.44_stores_15_uniform,factorial_cell,0.66,1.0,1.0,20,nearest_restaurant,food_cancellation_rate,customer,False,10,0.04333333333333332,0.03266666666666669,0.053000000000000026
p_0.66_stores_20_nearest_restaurant,p_0.44_stores_15_uniform,factorial_cell,0.66,1.0,1.0,20,nearest_restaurant,food_unfinished_rate,customer,False,10,-0.0009999999999999998,-0.003,0.0006666666666666672
p_0.66_stores_20_nearest_restaurant,p_0.44_stores_15_uniform,factorial_cell,0.66,1.0,1.0,20,nearest_restaurant,mean_food_completion_ticks,customer,True,10,-0.171145992430192,-1.407262678456677,0.9235806832526912
p_0.66_stores_20_nearest_restaurant,p_0.44_stores_15_uniform,factorial_cell,0.66,1.0,1.0,20,nearest_restaurant,mean_food_pickup_wait_ticks,driver,False,10,-0.15858030331889195,-0.3702074639181812,0.053792577378953106
p_0.66_stores_20_nearest_restaurant,p_0.44_stores_15_uniform,factorial_cell,0.66,1.0,1.0,20,nearest_restaurant,mean_food_preparation_queue_ticks,merchant,False,10,0.003208456437811552,-0.03787436304036829,0.04293468745614207
p_0.66_stores_20_nearest_restaurant,p_0.44_stores_15_uniform,factorial_cell,0.66,1.0,1.0,20,nearest_restaurant,mean_food_ready_to_handover_ticks,merchant,False,10,1.2212680436336254,0.6479434239447218,1.8536744122474589
p_0.66_stores_20_nearest_restaurant,p_0.44_stores_15_uniform,factorial_cell,0.66,1.0,1.0,20,nearest_restaurant,mean_food_post_pickup_delivery_ticks,customer,False,10,-1.2301701088880737,-2.433747649066693,-0.2775668951387302
p_0.66_stores_20_nearest_restaurant,p_0.44_stores_15_uniform,factorial_cell,0.66,1.0,1.0,20,nearest_restaurant,platform_revenue_per_order,platform,True,10,34.17926521800005,-139.25042661952483,218.64664728672503
p_0.66_stores_20_nearest_restaurant,p_0.44_stores_15_uniform,factorial_cell,0.66,1.0,1.0,20,nearest_restaurant,driver_revenue_per_order,driver,False,10,-1682.0819999999999,-2209.541,-1175.2775750000014
p_0.66_stores_20_nearest_restaurant,p_0.44_stores_15_uniform,factorial_cell,0.66,1.0,1.0,20,nearest_restaurant,merchant_revenue_per_order,merchant,False,10,812.4545347820003,163.12912256259227,1504.3166904967834
p_0.66_stores_20_nearest_restaurant,p_0.44_stores_15_uniform,factorial_cell,0.66,1.0,1.0,20,nearest_restaurant,driver_profit_per_order,driver,False,10,-1323.3486666666663,-1772.9166833333334,-873.0633333333332
p_0.66_stores_20_nearest_restaurant,p_0.44_stores_15_uniform,factorial_cell,0.66,1.0,1.0,20,nearest_restaurant,emission_intensity_per_service_unit,environment,True,10,-269.30037439587846,-373.9324602501965,-175.86264974390699
p_0.66_stores_20_nearest_restaurant,p_0.44_stores_15_uniform,factorial_cell,0.66,1.0,1.0,20,nearest_restaurant,total_emission_units,environment,False,10,-16143.0,-22563.15,-9764.925000000001
p_0.66_stores_20_nearest_restaurant,p_0.44_stores_15_uniform,factorial_cell,0.66,1.0,1.0,20,nearest_restaurant,emission_units_per_order,environment,False,10,-53.80999999999999,-75.83025,-32.86949999999999
p_0.66_stores_20_nearest_restaurant,p_0.44_stores_15_uniform,factorial_cell,0.66,1.0,1.0,20,nearest_restaurant,emission_units_per_completed_order,environment,False,10,270.2253933600218,165.86903709120526,376.8295190158982
p_0.66_stores_20_nearest_restaurant,p_0.44_stores_15_uniform,factorial_cell,0.66,1.0,1.0,20,nearest_restaurant,driver_utilization,driver,False,10,-0.010856481481481477,-0.016875144675925928,-0.004450231481481487
p_0.66_stores_20_nearest_restaurant,p_0.44_stores_15_uniform,factorial_cell,0.66,1.0,1.0,20,nearest_restaurant,driver_profit_per_driver,driver,False,10,-33083.71666666667,-44009.90000000001,-22009.216875
p_0.66_stores_20_nearest_customer,p_0.44_stores_15_uniform,factorial_cell,0.66,1.0,1.0,20,nearest_customer,service_units_per_driver_hour,driver,True,10,-0.09375,-0.1086892361111111,-0.07465277777777778
p_0.66_stores_20_nearest_customer,p_0.44_stores_15_uniform,factorial_cell,0.66,1.0,1.0,20,nearest_customer,service_units_per_busy_driver_hour,driver,False,10,-0.17520694543347878,-0.20643314210526137,-0.14070720808809847
p_0.66_stores_20_nearest_customer,p_0.44_stores_15_uniform,factorial_cell,0.66,1.0,1.0,20,nearest_customer,service_units_per_km,driver,False,10,-0.00571014398200072,-0.006855579975611119,-0.0044530960517114105
p_0.66_stores_20_nearest_customer,p_0.44_stores_15_uniform,factorial_cell,0.66,1.0,1.0,20,nearest_customer,food_completion_rate,customer,True,10,-0.09166666666666667,-0.10533333333333332,-0.076
p_0.66_stores_20_nearest_customer,p_0.44_stores_15_uniform,factorial_cell,0.66,1.0,1.0,20,nearest_customer,food_cancellation_rate,customer,False,10,0.09333333333333334,0.07733333333333335,0.10666666666666666
p_0.66_stores_20_nearest_customer,p_0.44_stores_15_uniform,factorial_cell,0.66,1.0,1.0,20,nearest_customer,food_unfinished_rate,customer,False,10,-0.0016666666666666666,-0.0030000000000000005,-0.0003333333333333334
p_0.66_stores_20_nearest_customer,p_0.44_stores_15_uniform,factorial_cell,0.66,1.0,1.0,20,nearest_customer,mean_food_completion_ticks,customer,True,10,-1.6057071251883657,-2.963430380181792,-0.40594587695183154
p_0.66_stores_20_nearest_customer,p_0.44_stores_15_uniform,factorial_cell,0.66,1.0,1.0,20,nearest_customer,mean_food_pickup_wait_ticks,driver,False,10,-0.21433628688143594,-0.4730027179244679,0.0597029293719875
p_0.66_stores_20_nearest_customer,p_0.44_stores_15_uniform,factorial_cell,0.66,1.0,1.0,20,nearest_customer,mean_food_preparation_queue_ticks,merchant,False,10,0.005872488285094074,-0.02529981201319833,0.03396730670981474
p_0.66_stores_20_nearest_customer,p_0.44_stores_15_uniform,factorial_cell,0.66,1.0,1.0,20,nearest_customer,mean_food_ready_to_handover_ticks,merchant,False,10,0.05050191448472221,-0.5624777036678832,0.6125270315964634
p_0.66_stores_20_nearest_customer,p_0.44_stores_15_uniform,factorial_cell,0.66,1.0,1.0,20,nearest_customer,mean_food_post_pickup_delivery_ticks,customer,False,10,-1.6594207484915882,-2.9384267371309214,-0.5183535592862923
p_0.66_stores_20_nearest_customer,p_0.44_stores_15_uniform,factorial_cell,0.66,1.0,1.0,20,nearest_customer,platform_revenue_per_order,platform,True,10,-948.242354327,-1097.6799169545998,-761.6750729563751
p_0.66_stores_20_nearest_customer,p_0.44_stores_15_uniform,factorial_cell,0.66,1.0,1.0,20,nearest_customer,driver_revenue_per_order,driver,False,10,-3903.3530000000014,-4552.4130000000005,-3149.4756750000006
p_0.66_stores_20_nearest_customer,p_0.44_stores_15_uniform,factorial_cell,0.66,1.0,1.0,20,nearest_customer,merchant_revenue_per_order,merchant,False,10,-2741.182345673,-3185.0318331156664,-2181.384293339333
p_0.66_stores_20_nearest_customer,p_0.44_stores_15_uniform,factorial_cell,0.66,1.0,1.0,20,nearest_customer,driver_profit_per_order,driver,False,10,-3425.219666666667,-4021.5907833333335,-2742.1282833333335
p_0.66_stores_20_nearest_customer,p_0.44_stores_15_uniform,factorial_cell,0.66,1.0,1.0,20,nearest_customer,emission_intensity_per_service_unit,environment,True,10,909.9459229174266,690.2329109284843,1103.359698404659
p_0.66_stores_20_nearest_customer,p_0.44_stores_15_uniform,factorial_cell,0.66,1.0,1.0,20,nearest_customer,total_emission_units,environment,False,10,-21516.0,-25206.0,-17220.0
p_0.66_stores_20_nearest_customer,p_0.44_stores_15_uniform,factorial_cell,0.66,1.0,1.0,20,nearest_customer,emission_units_per_order,environment,False,10,-71.72,-84.01025000000003,-57.49975000000003
p_0.66_stores_20_nearest_customer,p_0.44_stores_15_uniform,factorial_cell,0.66,1.0,1.0,20,nearest_customer,emission_units_per_completed_order,environment,False,10,991.3293985926297,795.6031444775474,1171.7951777781543
p_0.66_stores_20_nearest_customer,p_0.44_stores_15_uniform,factorial_cell,0.66,1.0,1.0,20,nearest_customer,driver_utilization,driver,False,10,-0.01917824074074074,-0.026111255787037033,-0.012111979166666672
p_0.66_stores_20_nearest_customer,p_0.44_stores_15_uniform,factorial_cell,0.66,1.0,1.0,20,nearest_customer,driver_profit_per_driver,driver,False,10,-85630.49166666667,-100766.02375000001,-68487.92500000002
