tick,elapsed_ticks,generated_orders,food_only_orders,integrated_orders,available_orders,assigned_orders,delivered_orders,completed_orders,cancelled_orders,delivered_cumulative,active_orders,active_customers,completed_food_service_units,completed_grocery_service_units,completed_service_units,service_units_per_driver_hour,service_units_per_busy_driver_hour,service_units_per_km,emission_intensity_per_service_unit,movement_count,travel_distance_km,driver_operating_cost,emission_units,driver_revenue,restaurant_revenue,store_revenue,merchant_revenue,platform_revenue,driver_profit,settled_customer_payment,driver_busy_ticks,driver_utilization,food_pickup_wait_ticks_so_far,grocery_pickup_wait_ticks_so_far,food_disposal_events,grocery_return_events,preparation_stopped_events,driver_activation_order,food_completion_rate,food_cancellation_rate,food_unfinished_rate,mean_food_completion_ticks,mean_food_pickup_wait_ticks,mean_food_post_pickup_delivery_ticks,integrated_completion_rate,integrated_cancellation_rate,integrated_unfinished_rate,mean_integrated_completion_ticks,mean_integrated_food_pickup_wait_ticks,mean_integrated_grocery_pickup_wait_ticks,drivers_idle,drivers_grocery_travel,drivers_grocery_pickup,drivers_food_travel,drivers_food_pickup,drivers_deliver,food_preparing_components,food_ready_components,food_handed_over_components,food_cancelled_components,grocery_preparing_components,grocery_ready_components,grocery_handed_over_components,grocery_cancelled_components,active_restaurants,restaurant_preparing_cancelled_units,restaurant_preparing_cancelled_product_value,active_stores,store_preparing_cancelled_units,store_preparing_cancelled_product_value,mean_assignment_wait_ticks,observed_assignment_wait_ticks_count,mean_delivery_service_ticks,observed_delivery_service_ticks_count,mean_acknowledgement_delay_ticks,observed_acknowledgement_delay_ticks_count,mean_completion_total_ticks,observed_completion_total_ticks_count,mean_cancellation_wait_ticks,observed_cancellation_wait_ticks_count,observed_food_pickup_wait_ticks_count,mean_grocery_pickup_wait_ticks,observed_grocery_pickup_wait_ticks_count
0,1,0,0,0,0,0,0,0,0,0,0,0,0,0,0,0.0,,,,0,0.0,0,0,0,0,0,0,0,0,0,0,0.0,0,0,0,0,0,"1,2",,,,,,,,,,,,,2,0,0,0,0,0,0,0,0,0,0,0,0,0,0,0,0,0,0,0,,0,,0,,0,,0,,0,0,,0
1,2,0,0,0,0,0,0,0,0,0,0,0,0,0,0,0.0,,,,0,0.0,0,0,0,0,0,0,0,0,0,0,0.0,0,0,0,0,0,"2,1",,,,,,,,,,,,,2,0,0,0,0,0,0,0,0,0,0,0,0,0,0,0,0,0,0,0,,0,,0,,0,,0,,0,0,,0
2,3,0,0,0,0,0,0,0,0,0,0,0,0,0,0,0.0,,,,0,0.0,0,0,0,0,0,0,0,0,0,0,0.0,0,0,0,0,0,"2,1",,,,,,,,,,,,,2,0,0,0,0,0,0,0,0,0,0,0,0,0,0,0,0,0,0,0,,0,,0,,0,,0,,0,0,,0
3,4,0,0,0,0,0,0,0,0,0,0,0,0,0,0,0.0,,,,0,0.0,0,0,0,0,0,0,0,0,0,0,0.0,0,0,0,0,0,"2,1",,,,,,,,,,,,,2,0,0,0,0,0,0,0,0,0,0,0,0,0,0,0,0,0,0,0,,0,,0,,0,,0,,0,0,,0
4,5,0,0,0,0,0,0,0,0,0,0,0,0,0,0,0.0,,,,0,0.0,0,0,0,0,0,0,0,0,0,0,0.0,0,0,0,0,0,"1,2",,,,,,,,,,,,,2,0,0,0,0,0,0,0,0,0,0,0,0,0,0,0,0,0,0,0,,0,,0,,0,,0,,0,0,,0
5,6,0,0,0,0,0,0,0,0,0,0,0,0,0,0,0.0,,,,0,0.0,0,0,0,0,0,0,0,0,0,0,0.0,0,0,0,0,0,"2,1",,,,,,,,,,,,,2,0,0,0,0,0,0,0,0,0,0,0,0,0,0,0,0,0,0,0,,0,,0,,0,,0,,0,0,,0
6,7,0,0,0,0,0,0,0,0,0,0,0,0,0,0,0.0,,,,0,0.0,0,0,0,0,0,0,0,0,0,0,0.0,0,0,0,0,0,"2,1",,,,,,,,,,,,,2,0,0,0,0,0,0,0,0,0,0,0,0,0,0,0,0,0,0,0,,0,,0,,0,,0,,0,0,,0
7,8,0,0,0,0,0,0,0,0,0,0,0,0,0,0,0.0,,,,0,0.0,0,0,0,0,0,0,0,0,0,0,0.0,0,0,0,0,0,"2,1",,,,,,,,,,,,,2,0,0,0,0,0,0,0,0,0,0,0,0,0,0,0,0,0,0,0,,0,,0,,0,,0,,0,0,,0
8,9,0,0,0,0,0,0,0,0,0,0,0,0,0,0,0.0,,,,0,0.0,0,0,0,0,0,0,0,0,0,0,0.0,0,0,0,0,0,"2,1",,,,,,,,,,,,,2,0,0,0,0,0,0,0,0,0,0,0,0,0,0,0,0,0,0,0,,0,,0,,0,,0,,0,0,,0
9,10,0,0,0,0,0,0,0,0,0,0,0,0,0,0,0.0,,,,0,0.0,0,0,0,0,0,0,0,0,0,0,0.0,0,0,0,0,0,"2,1",,,,,,,,,,,,,2,0,0,0,0,0,0,0,0,0,0,0,0,0,0,0,0,0,0,0,,0,,0,,0,,0,,0,0,,0
10,11,0,0,0,0,0,0,0,0,0,0,0,0,0,0,0.0,,,,0,0.0,0,0,0,0,0,0,0,0,0,0,0.0,0,0,0,0,0,"2,1",,,,,,,,,,,,,2,0,0,0,0,0,0,0,0,0,0,0,0,0,0,0,0,0,0,0,,0,,0,,0,,0,,0,0,,0
11,12,0,0,0,0,0,0,0,0,0,0,0,0,0,0,0.0,,,,0,0.0,0,0,0,0,0,0,0,0,0,0,0.0,0,0,0,0,0,"2,1",,,,,,,,,,,,,2,0,0,0,0,0,0,0,0,0,0,0,0,0,0,0,0,0,0,0,,0,,0,,0,,0,,0,0,,0
12,13,0,0,0,0,0,0,0,0,0,0,0,0,0,0,0.0,,,,0,0.0,0,0,0,0,0,0,0,0,0,0,0.0,0,0,0,0,0,"1,2",,,,,,,,,,,,,2,0,0,0,0,0,0,0,0,0,0,0,0,0,0,0,0,0,0,0,,0,,0,,0,,0,,0,0,,0
13,14,0,0,0,0,0,0,0,0,0,0,0,0,0,0,0.0,,,,0,0.0,0,0,0,0,0,0,0,0,0,0,0.0,0,0,0,0,0,"1,2",,,,,,,,,,,,,2,0,0,0,0,0,0,0,0,0,0,0,0,0,0,0,0,0,0,0,,0,,0,,0,,0,,0,0,,0
14,15,0,0,0,0,0,0,0,0,0,0,0,0,0,0,0.0,,,,0,0.0,0,0,0,0,0,0,0,0,0,0,0.0,0,0,0,0,0,"1,2",,,,,,,,,,,,,2,0,0,0,0,0,0,0,0,0,0,0,0,0,0,0,0,0,0,0,,0,,0,,0,,0,,0,0,,0
15,16,0,0,0,0,0,0,0,0,0,0,0,0,0,0,0.0,,,,0,0.0,0,0,0,0,0,0,0,0,0,0,0.0,0,0,0,0,0,"1,2",,,,,,,,,,,,,2,0,0,0,0,0,0,0,0,0,0,0,0,0,0,0,0,0,0,0,,0,,0,,0,,0,,0,0,,0
16,17,0,0,0,0,0,0,0,0,0,0,0,0,0,0,0.0,,,,0,0.0,0,0,0,0,0,0,0,0,0,0,0.0,0,0,0,0,0,"2,1",,,,,,,,,,,,,2,0,0,0,0,0,0,0,0,0,0,0,0,0,0,0,0,0,0,0,,0,,0,,0,,0,,0,0,,0
17,18,0,0,0,0,0,0,0,0,0,0,0,0,0,0,0.0,,,,0,0.0,0,0,0,0,0,0,0,0,0,0,0.0,0,0,0,0,0,"1,2",,,,,,,,,,,,,2,0,0,0,0,0,0,0,0,0,0,0,0,0,0,0,0,0,0,0,,0,,0,,0,,0,,0,0,,0
18,19,0,0,0,0,0,0,0,0,0,0,0,0,0,0,0.0,,,,0,0.0,0,0,0,0,0,0,0,0,0,0,0.0,0,0,0,0,0,"1,2",,,,,,,,,,,,,2,0,0,0,0,0,0,0,0,0,0,0,0,0,0,0,0,0,0,0,,0,,0,,0,,0,,0,0,,0
19,20,0,0,0,0,0,0,0,0,0,0,0,0,0,0,0.0,,,,0,0.0,0,0,0,0,0,0,0,0,0,0,0.0,0,0,0,0,0,"1,2",,,,,,,,,,,,,2,0,0,0,0,0,0,0,0,0,0,0,0,0,0,0,0,0,0,0,,0,,0,,0,,0,,0,0,,0
20,21,0,0,0,0,0,0,0,0,0,0,0,0,0,0,0.0,,,,0,0.0,0,0,0,0,0,0,0,0,0,0,0.0,0,0,0,0,0,"2,1",,,,,,,,,,,,,2,0,0,0,0,0,0,0,0,0,0,0,0,0,0,0,0,0,0,0,,0,,0,,0,,0,,0,0,,0
21,22,0,0,0,0,0,0,0,0,0,0,0,0,0,0,0.0,,,,0,0.0,0,0,0,0,0,0,0,0,0,0,0.0,0,0,0,0,0,"1,2",,,,,,,,,,,,,2,0,0,0,0,0,0,0,0,0,0,0,0,0,0,0,0,0,0,0,,0,,0,,0,,0,,0,0,,0
22,23,0,0,0,0,0,0,0,0,0,0,0,0,0,0,0.0,,,,0,0.0,0,0,0,0,0,0,0,0,0,0,0.0,0,0,0,0,0,"1,2",,,,,,,,,,,,,2,0,0,0,0,0,0,0,0,0,0,0,0,0,0,0,0,0,0,0,,0,,0,,0,,0,,0,0,,0
23,24,0,0,0,0,0,0,0,0,0,0,0,0,0,0,0.0,,,,0,0.0,0,0,0,0,0,0,0,0,0,0,0.0,0,0,0,0,0,"2,1",,,,,,,,,,,,,2,0,0,0,0,0,0,0,0,0,0,0,0,0,0,0,0,0,0,0,,0,,0,,0,,0,,0,0,,0
24,25,0,0,0,0,0,0,0,0,0,0,0,0,0,0,0.0,,,,0,0.0,0,0,0,0,0,0,0,0,0,0,0.0,0,0,0,0,0,"1,2",,,,,,,,,,,,,2,0,0,0,0,0,0,0,0,0,0,0,0,0,0,0,0,0,0,0,,0,,0,,0,,0,,0,0,,0
25,26,0,0,0,0,0,0,0,0,0,0,0,0,0,0,0.0,,,,0,0.0,0,0,0,0,0,0,0,0,0,0,0.0,0,0,0,0,0,"2,1",,,,,,,,,,,,,2,0,0,0,0,0,0,0,0,0,0,0,0,0,0,0,0,0,0,0,,0,,0,,0,,0,,0,0,,0
26,27,0,0,0,0,0,0,0,0,0,0,0,0,0,0,0.0,,,,0,0.0,0,0,0,0,0,0,0,0,0,0,0.0,0,0,0,0,0,"1,2",,,,,,,,,,,,,2,0,0,0,0,0,0,0,0,0,0,0,0,0,0,0,0,0,0,0,,0,,0,,0,,0,,0,0,,0
27,28,0,0,0,0,0,0,0,0,0,0,0,0,0,0,0.0,,,,0,0.0,0,0,0,0,0,0,0,0,0,0,0.0,0,0,0,0,0,"2,1",,,,,,,,,,,,,2,0,0,0,0,0,0,0,0,0,0,0,0,0,0,0,0,0,0,0,,0,,0,,0,,0,,0,0,,0
28,29,0,0,0,0,0,0,0,0,0,0,0,0,0,0,0.0,,,,0,0.0,0,0,0,0,0,0,0,0,0,0,0.0,0,0,0,0,0,"2,1",,,,,,,,,,,,,2,0,0,0,0,0,0,0,0,0,0,0,0,0,0,0,0,0,0,0,,0,,0,,0,,0,,0,0,,0
29,30,0,0,0,0,0,0,0,0,0,0,0,0,0,0,0.0,,,,0,0.0,0,0,0,0,0,0,0,0,0,0,0.0,0,0,0,0,0,"2,1",,,,,,,,,,,,,2,0,0,0,0,0,0,0,0,0,0,0,0,0,0,0,0,0,0,0,,0,,0,,0,,0,,0,0,,0
30,31,0,0,0,0,0,0,0,0,0,0,0,0,0,0,0.0,,,,0,0.0,0,0,0,0,0,0,0,0,0,0,0.0,0,0,0,0,0,"1,2",,,,,,,,,,,,,2,0,0,0,0,0,0,0,0,0,0,0,0,0,0,0,0,0,0,0,,0,,0,,0,,0,,0,0,,0
31,32,0,0,0,0,0,0,0,0,0,0,0,0,0,0,0.0,,,,0,0.0,0,0,0,0,0,0,0,0,0,0,0.0,0,0,0,0,0,"2,1",,,,,,,,,,,,,2,0,0,0,0,0,0,0,0,0,0,0,0,0,0,0,0,0,0,0,,0,,0,,0,,0,,0,0,,0
32,33,0,0,0,0,0,0,0,0,0,0,0,0,0,0,0.0,,,,0,0.0,0,0,0,0,0,0,0,0,0,0,0.0,0,0,0,0,0,"2,1",,,,,,,,,,,,,2,0,0,0,0,0,0,0,0,0,0,0,0,0,0,0,0,0,0,0,,0,,0,,0,,0,,0,0,,0
33,34,0,0,0,0,0,0,0,0,0,0,0,0,0,0,0.0,,,,0,0.0,0,0,0,0,0,0,0,0,0,0,0.0,0,0,0,0,0,"2,1",,,,,,,,,,,,,2,0,0,0,0,0,0,0,0,0,0,0,0,0,0,0,0,0,0,0,,0,,0,,0,,0,,0,0,,0
34,35,0,0,0,0,0,0,0,0,0,0,0,0,0,0,0.0,,,,0,0.0,0,0,0,0,0,0,0,0,0,0,0.0,0,0,0,0,0,"2,1",,,,,,,,,,,,,2,0,0,0,0,0,0,0,0,0,0,0,0,0,0,0,0,0,0,0,,0,,0,,0,,0,,0,0,,0
35,36,0,0,0,0,0,0,0,0,0,0,0,0,0,0,0.0,,,,0,0.0,0,0,0,0,0,0,0,0,0,0,0.0,0,0,0,0,0,"1,2",,,,,,,,,,,,,2,0,0,0,0,0,0,0,0,0,0,0,0,0,0,0,0,0,0,0,,0,,0,,0,,0,,0,0,,0
36,37,0,0,0,0,0,0,0,0,0,0,0,0,0,0,0.0,,,,0,0.0,0,0,0,0,0,0,0,0,0,0,0.0,0,0,0,0,0,"1,2",,,,,,,,,,,,,2,0,0,0,0,0,0,0,0,0,0,0,0,0,0,0,0,0,0,0,,0,,0,,0,,0,,0,0,,0
37,38,0,0,0,0,0,0,0,0,0,0,0,0,0,0,0.0,,,,0,0.0,0,0,0,0,0,0,0,0,0,0,0.0,0,0,0,0,0,"1,2",,,,,,,,,,,,,2,0,0,0,0,0,0,0,0,0,0,0,0,0,0,0,0,0,0,0,,0,,0,,0,,0,,0,0,,0
38,39,0,0,0,0,0,0,0,0,0,0,0,0,0,0,0.0,,,,0,0.0,0,0,0,0,0,0,0,0,0,0,0.0,0,0,0,0,0,"1,2",,,,,,,,,,,,,2,0,0,0,0,0,0,0,0,0,0,0,0,0,0,0,0,0,0,0,,0,,0,,0,,0,,0,0,,0
39,40,0,0,0,0,0,0,0,0,0,0,0,0,0,0,0.0,,,,0,0.0,0,0,0,0,0,0,0,0,0,0,0.0,0,0,0,0,0,"2,1",,,,,,,,,,,,,2,0,0,0,0,0,0,0,0,0,0,0,0,0,0,0,0,0,0,0,,0,,0,,0,,0,,0,0,,0
40,41,0,0,0,0,0,0,0,0,0,0,0,0,0,0,0.0,,,,0,0.0,0,0,0,0,0,0,0,0,0,0,0.0,0,0,0,0,0,"1,2",,,,,,,,,,,,,2,0,0,0,0,0,0,0,0,0,0,0,0,0,0,0,0,0,0,0,,0,,0,,0,,0,,0,0,,0
41,42,0,0,0,0,0,0,0,0,0,0,0,0,0,0,0.0,,,,0,0.0,0,0,0,0,0,0,0,0,0,0,0.0,0,0,0,0,0,"2,1",,,,,,,,,,,,,2,0,0,0,0,0,0,0,0,0,0,0,0,0,0,0,0,0,0,0,,0,,0,,0,,0,,0,0,,0
42,43,0,0,0,0,0,0,0,0,0,0,0,0,0,0,0.0,,,,0,0.0,0,0,0,0,0,0,0,0,0,0,0.0,0,0,0,0,0,"1,2",,,,,,,,,,,,,2,0,0,0,0,0,0,0,0,0,0,0,0,0,0,0,0,0,0,0,,0,,0,,0,,0,,0,0,,0
43,44,0,0,0,0,0,0,0,0,0,0,0,0,0,0,0.0,,,,0,0.0,0,0,0,0,0,0,0,0,0,0,0.0,0,0,0,0,0,"2,1",,,,,,,,,,,,,2,0,0,0,0,0,0,0,0,0,0,0,0,0,0,0,0,0,0,0,,0,,0,,0,,0,,0,0,,0
44,45,0,0,0,0,0,0,0,0,0,0,0,0,0,0,0.0,,,,0,0.0,0,0,0,0,0,0,0,0,0,0,0.0,0,0,0,0,0,"1,2",,,,,,,,,,,,,2,0,0,0,0,0,0,0,0,0,0,0,0,0,0,0,0,0,0,0,,0,,0,,0,,0,,0,0,,0
45,46,0,0,0,0,0,0,0,0,0,0,0,0,0,0,0.0,,,,0,0.0,0,0,0,0,0,0,0,0,0,0,0.0,0,0,0,0,0,"2,1",,,,,,,,,,,,,2,0,0,0,0,0,0,0,0,0,0,0,0,0,0,0,0,0,0,0,,0,,0,,0,,0,,0,0,,0
46,47,0,0,0,0,0,0,0,0,0,0,0,0,0,0,0.0,,,,0,0.0,0,0,0,0,0,0,0,0,0,0,0.0,0,0,0,0,0,"2,1",,,,,,,,,,,,,2,0,0,0,0,0,0,0,0,0,0,0,0,0,0,0,0,0,0,0,,0,,0,,0,,0,,0,0,,0
47,48,0,0,0,0,0,0,0,0,0,0,0,0,0,0,0.0,,,,0,0.0,0,0,0,0,0,0,0,0,0,0,0.0,0,0,0,0,0,"1,2",,,,,,,,,,,,,2,0,0,0,0,0,0,0,0,0,0,0,0,0,0,0,0,0,0,0,,0,,0,,0,,0,,0,0,,0
48,49,0,0,0,0,0,0,0,0,0,0,0,0,0,0,0.0,,,,0,0.0,0,0,0,0,0,0,0,0,0,0,0.0,0,0,0,0,0,"2,1",,,,,,,,,,,,,2,0,0,0,0,0,0,0,0,0,0,0,0,0,0,0,0,0,0,0,,0,,0,,0,,0,,0,0,,0
49,50,0,0,0,0,0,0,0,0,0,0,0,0,0,0,0.0,,,,0,0.0,0,0,0,0,0,0,0,0,0,0,0.0,0,0,0,0,0,"2,1",,,,,,,,,,,,,2,0,0,0,0,0,0,0,0,0,0,0,0,0,0,0,0,0,0,0,,0,,0,,0,,0,,0,0,,0
50,51,0,0,0,0,0,0,0,0,0,0,0,0,0,0,0.0,,,,0,0.0,0,0,0,0,0,0,0,0,0,0,0.0,0,0,0,0,0,"2,1",,,,,,,,,,,,,2,0,0,0,0,0,0,0,0,0,0,0,0,0,0,0,0,0,0,0,,0,,0,,0,,0,,0,0,,0
51,52,0,0,0,0,0,0,0,0,0,0,0,0,0,0,0.0,,,,0,0.0,0,0,0,0,0,0,0,0,0,0,0.0,0,0,0,0,0,"2,1",,,,,,,,,,,,,2,0,0,0,0,0,0,0,0,0,0,0,0,0,0,0,0,0,0,0,,0,,0,,0,,0,,0,0,,0
52,53,0,0,0,0,0,0,0,0,0,0,0,0,0,0,0.0,,,,0,0.0,0,0,0,0,0,0,0,0,0,0,0.0,0,0,0,0,0,"2,1",,,,,,,,,,,,,2,0,0,0,0,0,0,0,0,0,0,0,0,0,0,0,0,0,0,0,,0,,0,,0,,0,,0,0,,0
53,54,0,0,0,0,0,0,0,0,0,0,0,0,0,0,0.0,,,,0,0.0,0,0,0,0,0,0,0,0,0,0,0.0,0,0,0,0,0,"2,1",,,,,,,,,,,,,2,0,0,0,0,0,0,0,0,0,0,0,0,0,0,0,0,0,0,0,,0,,0,,0,,0,,0,0,,0
54,55,0,0,0,0,0,0,0,0,0,0,0,0,0,0,0.0,,,,0,0.0,0,0,0,0,0,0,0,0,0,0,0.0,0,0,0,0,0,"1,2",,,,,,,,,,,,,2,0,0,0,0,0,0,0,0,0,0,0,0,0,0,0,0,0,0,0,,0,,0,,0,,0,,0,0,,0
55,56,0,0,0,0,0,0,0,0,0,0,0,0,0,0,0.0,,,,0,0.0,0,0,0,0,0,0,0,0,0,0,0.0,0,0,0,0,0,"2,1",,,,,,,,,,,,,2,0,0,0,0,0,0,0,0,0,0,0,0,0,0,0,0,0,0,0,,0,,0,,0,,0,,0,0,,0
56,57,0,0,0,0,0,0,0,0,0,0,0,0,0,0,0.0,,,,0,0.0,0,0,0,0,0,0,0,0,0,0,0.0,0,0,0,0,0,"1,2",,,,,,,,,,,,,2,0,0,0,0,0,0,0,0,0,0,0,0,0,0,0,0,0,0,0,,0,,0,,0,,0,,0,0,,0
57,58,0,0,0,0,0,0,0,0,0,0,0,0,0,0,0.0,,,,0,0.0,0,0,0,0,0,0,0,0,0,0,0.0,0,0,0,0,0,"1,2",,,,,,,,,,,,,2,0,0,0,0,0,0,0,0,0,0,0,0,0,0,0,0,0,0,0,,0,,0,,0,,0,,0,0,,0
58,59,0,0,0,0,0,0,0,0,0,0,0,0,0,0,0.0,,,,0,0.0,0,0,0,0,0,0,0,0,0,0,0.0,0,0,0,0,0,"1,2",,,,,,,,,,,,,2,0,0,0,0,0,0,0,0,0,0,0,0,0,0,0,0,0,0,0,,0,,0,,0,,0,,0,0,,0
59,60,0,0,0,0,0,0,0,0,0,0,0,0,0,0,0.0,,,,0,0.0,0,0,0,0,0,0,0,0,0,0,0.0,0,0,0,0,0,"1,2",,,,,,,,,,,,,2,0,0,0,0,0,0,0,0,0,0,0,0,0,0,0,0,0,0,0,,0,,0,,0,,0,,0,0,,0
60,61,0,0,0,0,0,0,0,0,0,0,0,0,0,0,0.0,,,,0,0.0,0,0,0,0,0,0,0,0,0,0,0.0,0,0,0,0,0,"2,1",,,,,,,,,,,,,2,0,0,0,0,0,0,0,0,0,0,0,0,0,0,0,0,0,0,0,,0,,0,,0,,0,,0,0,,0
61,62,0,0,0,0,0,0,0,0,0,0,0,0,0,0,0.0,,,,0,0.0,0,0,0,0,0,0,0,0,0,0,0.0,0,0,0,0,0,"2,1",,,,,,,,,,,,,2,0,0,0,0,0,0,0,0,0,0,0,0,0,0,0,0,0,0,0,,0,,0,,0,,0,,0,0,,0
62,63,0,0,0,0,0,0,0,0,0,0,0,0,0,0,0.0,,,,0,0.0,0,0,0,0,0,0,0,0,0,0,0.0,0,0,0,0,0,"1,2",,,,,,,,,,,,,2,0,0,0,0,0,0,0,0,0,0,0,0,0,0,0,0,0,0,0,,0,,0,,0,,0,,0,0,,0
63,64,0,0,0,0,0,0,0,0,0,0,0,0,0,0,0.0,,,,0,0.0,0,0,0,0,0,0,0,0,0,0,0.0,0,0,0,0,0,"2,1",,,,,,,,,,,,,2,0,0,0,0,0,0,0,0,0,0,0,0,0,0,0,0,0,0,0,,0,,0,,0,,0,,0,0,,0
64,65,0,0,0,0,0,0,0,0,0,0,0,0,0,0,0.0,,,,0,0.0,0,0,0,0,0,0,0,0,0,0,0.0,0,0,0,0,0,"2,1",,,,,,,,,,,,,2,0,0,0,0,0,0,0,0,0,0,0,0,0,0,0,0,0,0,0,,0,,0,,0,,0,,0,0,,0
65,66,0,0,0,0,0,0,0,0,0,0,0,0,0,0,0.0,,,,0,0.0,0,0,0,0,0,0,0,0,0,0,0.0,0,0,0,0,0,"2,1",,,,,,,,,,,,,2,0,0,0,0,0,0,0,0,0,0,0,0,0,0,0,0,0,0,0,,0,,0,,0,,0,,0,0,,0
66,67,0,0,0,0,0,0,0,0,0,0,0,0,0,0,0.0,,,,0,0.0,0,0,0,0,0,0,0,0,0,0,0.0,0,0,0,0,0,"1,2",,,,,,,,,,,,,2,0,0,0,0,0,0,0,0,0,0,0,0,0,0,0,0,0,0,0,,0,,0,,0,,0,,0,0,,0
67,68,0,0,0,0,0,0,0,0,0,0,0,0,0,0,0.0,,,,0,0.0,0,0,0,0,0,0,0,0,0,0,0.0,0,0,0,0,0,"1,2",,,,,,,,,,,,,2,0,0,0,0,0,0,0,0,0,0,0,0,0,0,0,0,0,0,0,,0,,0,,0,,0,,0,0,,0
68,69,0,0,0,0,0,0,0,0,0,0,0,0,0,0,0.0,,,,0,0.0,0,0,0,0,0,0,0,0,0,0,0.0,0,0,0,0,0,"1,2",,,,,,,,,,,,,2,0,0,0,0,0,0,0,0,0,0,0,0,0,0,0,0,0,0,0,,0,,0,,0,,0,,0,0,,0
69,70,0,0,0,0,0,0,0,0,0,0,0,0,0,0,0.0,,,,0,0.0,0,0,0,0,0,0,0,0,0,0,0.0,0,0,0,0,0,"1,2",,,,,,,,,,,,,2,0,0,0,0,0,0,0,0,0,0,0,0,0,0,0,0,0,0,0,,0,,0,,0,,0,,0,0,,0
70,71,0,0,0,0,0,0,0,0,0,0,0,0,0,0,0.0,,,,0,0.0,0,0,0,0,0,0,0,0,0,0,0.0,0,0,0,0,0,"2,1",,,,,,,,,,,,,2,0,0,0,0,0,0,0,0,0,0,0,0,0,0,0,0,0,0,0,,0,,0,,0,,0,,0,0,,0
71,72,0,0,0,0,0,0,0,0,0,0,0,0,0,0,0.0,,,,0,0.0,0,0,0,0,0,0,0,0,0,0,0.0,0,0,0,0,0,"1,2",,,,,,,,,,,,,2,0,0,0,0,0,0,0,0,0,0,0,0,0,0,0,0,0,0,0,,0,,0,,0,,0,,0,0,,0
72,73,0,0,0,0,0,0,0,0,0,0,0,0,0,0,0.0,,,,0,0.0,0,0,0,0,0,0,0,0,0,0,0.0,0,0,0,0,0,"2,1",,,,,,,,,,,,,2,0,0,0,0,0,0,0,0,0,0,0,0,0,0,0,0,0,0,0,,0,,0,,0,,0,,0,0,,0
73,74,0,0,0,0,0,0,0,0,0,0,0,0,0,0,0.0,,,,0,0.0,0,0,0,0,0,0,0,0,0,0,0.0,0,0,0,0,0,"2,1",,,,,,,,,,,,,2,0,0,0,0,0,0,0,0,0,0,0,0,0,0,0,0,0,0,0,,0,,0,,0,,0,,0,0,,0
74,75,0,0,0,0,0,0,0,0,0,0,0,0,0,0,0.0,,,,0,0.0,0,0,0,0,0,0,0,0,0,0,0.0,0,0,0,0,0,"1,2",,,,,,,,,,,,,2,0,0,0,0,0,0,0,0,0,0,0,0,0,0,0,0,0,0,0,,0,,0,,0,,0,,0,0,,0
75,76,0,0,0,0,0,0,0,0,0,0,0,0,0,0,0.0,,,,0,0.0,0,0,0,0,0,0,0,0,0,0,0.0,0,0,0,0,0,"2,1",,,,,,,,,,,,,2,0,0,0,0,0,0,0,0,0,0,0,0,0,0,0,0,0,0,0,,0,,0,,0,,0,,0,0,,0
76,77,0,0,0,0,0,0,0,0,0,0,0,0,0,0,0.0,,,,0,0.0,0,0,0,0,0,0,0,0,0,0,0.0,0,0,0,0,0,"1,2",,,,,,,,,,,,,2,0,0,0,0,0,0,0,0,0,0,0,0,0,0,0,0,0,0,0,,0,,0,,0,,0,,0,0,,0
77,78,0,0,0,0,0,0,0,0,0,0,0,0,0,0,0.0,,,,0,0.0,0,0,0,0,0,0,0,0,0,0,0.0,0,0,0,0,0,"2,1",,,,,,,,,,,,,2,0,0,0,0,0,0,0,0,0,0,0,0,0,0,0,0,0,0,0,,0,,0,,0,,0,,0,0,,0
78,79,0,0,0,0,0,0,0,0,0,0,0,0,0,0,0.0,,,,0,0.0,0,0,0,0,0,0,0,0,0,0,0.0,0,0,0,0,0,"1,2",,,,,,,,,,,,,2,0,0,0,0,0,0,0,0,0,0,0,0,0,0,0,0,0,0,0,,0,,0,,0,,0,,0,0,,0
79,80,0,0,0,0,0,0,0,0,0,0,0,0,0,0,0.0,,,,0,0.0,0,0,0,0,0,0,0,0,0,0,0.0,0,0,0,0,0,"2,1",,,,,,,,,,,,,2,0,0,0,0,0,0,0,0,0,0,0,0,0,0,0,0,0,0,0,,0,,0,,0,,0,,0,0,,0
80,81,0,0,0,0,0,0,0,0,0,0,0,0,0,0,0.0,,,,0,0.0,0,0,0,0,0,0,0,0,0,0,0.0,0,0,0,0,0,"2,1",,,,,,,,,,,,,2,0,0,0,0,0,0,0,0,0,0,0,0,0,0,0,0,0,0,0,,0,,0,,0,,0,,0,0,,0
81,82,0,0,0,0,0,0,0,0,0,0,0,0,0,0,0.0,,,,0,0.0,0,0,0,0,0,0,0,0,0,0,0.0,0,0,0,0,0,"2,1",,,,,,,,,,,,,2,0,0,0,0,0,0,0,0,0,0,0,0,0,0,0,0,0,0,0,,0,,0,,0,,0,,0,0,,0
82,83,0,0,0,0,0,0,0,0,0,0,0,0,0,0,0.0,,,,0,0.0,0,0,0,0,0,0,0,0,0,0,0.0,0,0,0,0,0,"1,2",,,,,,,,,,,,,2,0,0,0,0,0,0,0,0,0,0,0,0,0,0,0,0,0,0,0,,0,,0,,0,,0,,0,0,,0
83,84,0,0,0,0,0,0,0,0,0,0,0,0,0,0,0.0,,,,0,0.0,0,0,0,0,0,0,0,0,0,0,0.0,0,0,0,0,0,"1,2",,,,,,,,,,,,,2,0,0,0,0,0,0,0,0,0,0,0,0,0,0,0,0,0,0,0,,0,,0,,0,,0,,0,0,,0
84,85,0,0,0,0,0,0,0,0,0,0,0,0,0,0,0.0,,,,0,0.0,0,0,0,0,0,0,0,0,0,0,0.0,0,0,0,0,0,"1,2",,,,,,,,,,,,,2,0,0,0,0,0,0,0,0,0,0,0,0,0,0,0,0,0,0,0,,0,,0,,0,,0,,0,0,,0
85,86,0,0,0,0,0,0,0,0,0,0,0,0,0,0,0.0,,,,0,0.0,0,0,0,0,0,0,0,0,0,0,0.0,0,0,0,0,0,"2,1",,,,,,,,,,,,,2,0,0,0,0,0,0,0,0,0,0,0,0,0,0,0,0,0,0,0,,0,,0,,0,,0,,0,0,,0
86,87,0,0,0,0,0,0,0,0,0,0,0,0,0,0,0.0,,,,0,0.0,0,0,0,0,0,0,0,0,0,0,0.0,0,0,0,0,0,"2,1",,,,,,,,,,,,,2,0,0,0,0,0,0,0,0,0,0,0,0,0,0,0,0,0,0,0,,0,,0,,0,,0,,0,0,,0
87,88,0,0,0,0,0,0,0,0,0,0,0,0,0,0,0.0,,,,0,0.0,0,0,0,0,0,0,0,0,0,0,0.0,0,0,0,0,0,"1,2",,,,,,,,,,,,,2,0,0,0,0,0,0,0,0,0,0,0,0,0,0,0,0,0,0,0,,0,,0,,0,,0,,0,0,,0
88,89,0,0,0,0,0,0,0,0,0,0,0,0,0,0,0.0,,,,0,0.0,0,0,0,0,0,0,0,0,0,0,0.0,0,0,0,0,0,"2,1",,,,,,,,,,,,,2,0,0,0,0,0,0,0,0,0,0,0,0,0,0,0,0,0,0,0,,0,,0,,0,,0,,0,0,,0
89,90,0,0,0,0,0,0,0,0,0,0,0,0,0,0,0.0,,,,0,0.0,0,0,0,0,0,0,0,0,0,0,0.0,0,0,0,0,0,"2,1",,,,,,,,,,,,,2,0,0,0,0,0,0,0,0,0,0,0,0,0,0,0,0,0,0,0,,0,,0,,0,,0,,0,0,,0
90,91,0,0,0,0,0,0,0,0,0,0,0,0,0,0,0.0,,,,0,0.0,0,0,0,0,0,0,0,0,0,0,0.0,0,0,0,0,0,"1,2",,,,,,,,,,,,,2,0,0,0,0,0,0,0,0,0,0,0,0,0,0,0,0,0,0,0,,0,,0,,0,,0,,0,0,,0
91,92,0,0,0,0,0,0,0,0,0,0,0,0,0,0,0.0,,,,0,0.0,0,0,0,0,0,0,0,0,0,0,0.0,0,0,0,0,0,"2,1",,,,,,,,,,,,,2,0,0,0,0,0,0,0,0,0,0,0,0,0,0,0,0,0,0,0,,0,,0,,0,,0,,0,0,,0
92,93,0,0,0,0,0,0,0,0,0,0,0,0,0,0,0.0,,,,0,0.0,0,0,0,0,0,0,0,0,0,0,0.0,0,0,0,0,0,"1,2",,,,,,,,,,,,,2,0,0,0,0,0,0,0,0,0,0,0,0,0,0,0,0,0,0,0,,0,,0,,0,,0,,0,0,,0
93,94,0,0,0,0,0,0,0,0,0,0,0,0,0,0,0.0,,,,0,0.0,0,0,0,0,0,0,0,0,0,0,0.0,0,0,0,0,0,"2,1",,,,,,,,,,,,,2,0,0,0,0,0,0,0,0,0,0,0,0,0,0,0,0,0,0,0,,0,,0,,0,,0,,0,0,,0
94,95,0,0,0,0,0,0,0,0,0,0,0,0,0,0,0.0,,,,0,0.0,0,0,0,0,0,0,0,0,0,0,0.0,0,0,0,0,0,"2,1",,,,,,,,,,,,,2,0,0,0,0,0,0,0,0,0,0,0,0,0,0,0,0,0,0,0,,0,,0,,0,,0,,0,0,,0
95,96,0,0,0,0,0,0,0,0,0,0,0,0,0,0,0.0,,,,0,0.0,0,0,0,0,0,0,0,0,0,0,0.0,0,0,0,0,0,"2,1",,,,,,,,,,,,,2,0,0,0,0,0,0,0,0,0,0,0,0,0,0,0,0,0,0,0,,0,,0,,0,,0,,0,0,,0
96,97,0,0,0,0,0,0,0,0,0,0,0,0,0,0,0.0,,,,0,0.0,0,0,0,0,0,0,0,0,0,0,0.0,0,0,0,0,0,"1,2",,,,,,,,,,,,,2,0,0,0,0,0,0,0,0,0,0,0,0,0,0,0,0,0,0,0,,0,,0,,0,,0,,0,0,,0
97,98,0,0,0,0,0,0,0,0,0,0,0,0,0,0,0.0,,,,0,0.0,0,0,0,0,0,0,0,0,0,0,0.0,0,0,0,0,0,"2,1",,,,,,,,,,,,,2,0,0,0,0,0,0,0,0,0,0,0,0,0,0,0,0,0,0,0,,0,,0,,0,,0,,0,0,,0
98,99,0,0,0,0,0,0,0,0,0,0,0,0,0,0,0.0,,,,0,0.0,0,0,0,0,0,0,0,0,0,0,0.0,0,0,0,0,0,"1,2",,,,,,,,,,,,,2,0,0,0,0,0,0,0,0,0,0,0,0,0,0,0,0,0,0,0,,0,,0,,0,,0,,0,0,,0
99,100,0,0,0,0,0,0,0,0,0,0,0,0,0,0,0.0,,,,0,0.0,0,0,0,0,0,0,0,0,0,0,0.0,0,0,0,0,0,"2,1",,,,,,,,,,,,,2,0,0,0,0,0,0,0,0,0,0,0,0,0,0,0,0,0,0,0,,0,,0,,0,,0,,0,0,,0
100,101,0,0,0,0,0,0,0,0,0,0,0,0,0,0,0.0,,,,0,0.0,0,0,0,0,0,0,0,0,0,0,0.0,0,0,0,0,0,"1,2",,,,,,,,,,,,,2,0,0,0,0,0,0,0,0,0,0,0,0,0,0,0,0,0,0,0,,0,,0,,0,,0,,0,0,,0
101,102,0,0,0,0,0,0,0,0,0,0,0,0,0,0,0.0,,,,0,0.0,0,0,0,0,0,0,0,0,0,0,0.0,0,0,0,0,0,"2,1",,,,,,,,,,,,,2,0,0,0,0,0,0,0,0,0,0,0,0,0,0,0,0,0,0,0,,0,,0,,0,,0,,0,0,,0
102,103,0,0,0,0,0,0,0,0,0,0,0,0,0,0,0.0,,,,0,0.0,0,0,0,0,0,0,0,0,0,0,0.0,0,0,0,0,0,"1,2",,,,,,,,,,,,,2,0,0,0,0,0,0,0,0,0,0,0,0,0,0,0,0,0,0,0,,0,,0,,0,,0,,0,0,,0
103,104,0,0,0,0,0,0,0,0,0,0,0,0,0,0,0.0,,,,0,0.0,0,0,0,0,0,0,0,0,0,0,0.0,0,0,0,0,0,"1,2",,,,,,,,,,,,,2,0,0,0,0,0,0,0,0,0,0,0,0,0,0,0,0,0,0,0,,0,,0,,0,,0,,0,0,,0
104,105,0,0,0,0,0,0,0,0,0,0,0,0,0,0,0.0,,,,0,0.0,0,0,0,0,0,0,0,0,0,0,0.0,0,0,0,0,0,"1,2",,,,,,,,,,,,,2,0,0,0,0,0,0,0,0,0,0,0,0,0,0,0,0,0,0,0,,0,,0,,0,,0,,0,0,,0
105,106,0,0,0,0,0,0,0,0,0,0,0,0,0,0,0.0,,,,0,0.0,0,0,0,0,0,0,0,0,0,0,0.0,0,0,0,0,0,"2,1",,,,,,,,,,,,,2,0,0,0,0,0,0,0,0,0,0,0,0,0,0,0,0,0,0,0,,0,,0,,0,,0,,0,0,,0
106,107,0,0,0,0,0,0,0,0,0,0,0,0,0,0,0.0,,,,0,0.0,0,0,0,0,0,0,0,0,0,0,0.0,0,0,0,0,0,"2,1",,,,,,,,,,,,,2,0,0,0,0,0,0,0,0,0,0,0,0,0,0,0,0,0,0,0,,0,,0,,0,,0,,0,0,,0
107,108,0,0,0,0,0,0,0,0,0,0,0,0,0,0,0.0,,,,0,0.0,0,0,0,0,0,0,0,0,0,0,0.0,0,0,0,0,0,"2,1",,,,,,,,,,,,,2,0,0,0,0,0,0,0,0,0,0,0,0,0,0,0,0,0,0,0,,0,,0,,0,,0,,0,0,,0
108,109,0,0,0,0,0,0,0,0,0,0,0,0,0,0,0.0,,,,0,0.0,0,0,0,0,0,0,0,0,0,0,0.0,0,0,0,0,0,"1,2",,,,,,,,,,,,,2,0,0,0,0,0,0,0,0,0,0,0,0,0,0,0,0,0,0,0,,0,,0,,0,,0,,0,0,,0
109,110,0,0,0,0,0,0,0,0,0,0,0,0,0,0,0.0,,,,0,0.0,0,0,0,0,0,0,0,0,0,0,0.0,0,0,0,0,0,"1,2",,,,,,,,,,,,,2,0,0,0,0,0,0,0,0,0,0,0,0,0,0,0,0,0,0,0,,0,,0,,0,,0,,0,0,,0
110,111,0,0,0,0,0,0,0,0,0,0,0,0,0,0,0.0,,,,0,0.0,0,0,0,0,0,0,0,0,0,0,0.0,0,0,0,0,0,"2,1",,,,,,,,,,,,,2,0,0,0,0,0,0,0,0,0,0,0,0,0,0,0,0,0,0,0,,0,,0,,0,,0,,0,0,,0
111,112,0,0,0,0,0,0,0,0,0,0,0,0,0,0,0.0,,,,0,0.0,0,0,0,0,0,0,0,0,0,0,0.0,0,0,0,0,0,"2,1",,,,,,,,,,,,,2,0,0,0,0,0,0,0,0,0,0,0,0,0,0,0,0,0,0,0,,0,,0,,0,,0,,0,0,,0
112,113,0,0,0,0,0,0,0,0,0,0,0,0,0,0,0.0,,,,0,0.0,0,0,0,0,0,0,0,0,0,0,0.0,0,0,0,0,0,"2,1",,,,,,,,,,,,,2,0,0,0,0,0,0,0,0,0,0,0,0,0,0,0,0,0,0,0,,0,,0,,0,,0,,0,0,,0
113,114,0,0,0,0,0,0,0,0,0,0,0,0,0,0,0.0,,,,0,0.0,0,0,0,0,0,0,0,0,0,0,0.0,0,0,0,0,0,"2,1",,,,,,,,,,,,,2,0,0,0,0,0,0,0,0,0,0,0,0,0,0,0,0,0,0,0,,0,,0,,0,,0,,0,0,,0
114,115,0,0,0,0,0,0,0,0,0,0,0,0,0,0,0.0,,,,0,0.0,0,0,0,0,0,0,0,0,0,0,0.0,0,0,0,0,0,"1,2",,,,,,,,,,,,,2,0,0,0,0,0,0,0,0,0,0,0,0,0,0,0,0,0,0,0,,0,,0,,0,,0,,0,0,,0
115,116,0,0,0,0,0,0,0,0,0,0,0,0,0,0,0.0,,,,0,0.0,0,0,0,0,0,0,0,0,0,0,0.0,0,0,0,0,0,"1,2",,,,,,,,,,,,,2,0,0,0,0,0,0,0,0,0,0,0,0,0,0,0,0,0,0,0,,0,,0,,0,,0,,0,0,,0
116,117,0,0,0,0,0,0,0,0,0,0,0,0,0,0,0.0,,,,0,0.0,0,0,0,0,0,0,0,0,0,0,0.0,0,0,0,0,0,"2,1",,,,,,,,,,,,,2,0,0,0,0,0,0,0,0,0,0,0,0,0,0,0,0,0,0,0,,0,,0,,0,,0,,0,0,,0
117,118,0,0,0,0,0,0,0,0,0,0,0,0,0,0,0.0,,,,0,0.0,0,0,0,0,0,0,0,0,0,0,0.0,0,0,0,0,0,"2,1",,,,,,,,,,,,,2,0,0,0,0,0,0,0,0,0,0,0,0,0,0,0,0,0,0,0,,0,,0,,0,,0,,0,0,,0
118,119,0,0,0,0,0,0,0,0,0,0,0,0,0,0,0.0,,,,0,0.0,0,0,0,0,0,0,0,0,0,0,0.0,0,0,0,0,0,"2,1",,,,,,,,,,,,,2,0,0,0,0,0,0,0,0,0,0,0,0,0,0,0,0,0,0,0,,0,,0,,0,,0,,0,0,,0
119,120,0,0,0,0,0,0,0,0,0,0,0,0,0,0,0.0,,,,0,0.0,0,0,0,0,0,0,0,0,0,0,0.0,0,0,0,0,0,"1,2",,,,,,,,,,,,,2,0,0,0,0,0,0,0,0,0,0,0,0,0,0,0,0,0,0,0,,0,,0,,0,,0,,0,0,,0
120,121,0,0,0,0,0,0,0,0,0,0,0,0,0,0,0.0,,,,0,0.0,0,0,0,0,0,0,0,0,0,0,0.0,0,0,0,0,0,"1,2",,,,,,,,,,,,,2,0,0,0,0,0,0,0,0,0,0,0,0,0,0,0,0,0,0,0,,0,,0,,0,,0,,0,0,,0
121,122,0,0,0,0,0,0,0,0,0,0,0,0,0,0,0.0,,,,0,0.0,0,0,0,0,0,0,0,0,0,0,0.0,0,0,0,0,0,"1,2",,,,,,,,,,,,,2,0,0,0,0,0,0,0,0,0,0,0,0,0,0,0,0,0,0,0,,0,,0,,0,,0,,0,0,,0
122,123,0,0,0,0,0,0,0,0,0,0,0,0,0,0,0.0,,,,0,0.0,0,0,0,0,0,0,0,0,0,0,0.0,0,0,0,0,0,"2,1",,,,,,,,,,,,,2,0,0,0,0,0,0,0,0,0,0,0,0,0,0,0,0,0,0,0,,0,,0,,0,,0,,0,0,,0
123,124,0,0,0,0,0,0,0,0,0,0,0,0,0,0,0.0,,,,0,0.0,0,0,0,0,0,0,0,0,0,0,0.0,0,0,0,0,0,"2,1",,,,,,,,,,,,,2,0,0,0,0,0,0,0,0,0,0,0,0,0,0,0,0,0,0,0,,0,,0,,0,,0,,0,0,,0
124,125,0,0,0,0,0,0,0,0,0,0,0,0,0,0,0.0,,,,0,0.0,0,0,0,0,0,0,0,0,0,0,0.0,0,0,0,0,0,"1,2",,,,,,,,,,,,,2,0,0,0,0,0,0,0,0,0,0,0,0,0,0,0,0,0,0,0,,0,,0,,0,,0,,0,0,,0
125,126,0,0,0,0,0,0,0,0,0,0,0,0,0,0,0.0,,,,0,0.0,0,0,0,0,0,0,0,0,0,0,0.0,0,0,0,0,0,"1,2",,,,,,,,,,,,,2,0,0,0,0,0,0,0,0,0,0,0,0,0,0,0,0,0,0,0,,0,,0,,0,,0,,0,0,,0
126,127,0,0,0,0,0,0,0,0,0,0,0,0,0,0,0.0,,,,0,0.0,0,0,0,0,0,0,0,0,0,0,0.0,0,0,0,0,0,"1,2",,,,,,,,,,,,,2,0,0,0,0,0,0,0,0,0,0,0,0,0,0,0,0,0,0,0,,0,,0,,0,,0,,0,0,,0
127,128,0,0,0,0,0,0,0,0,0,0,0,0,0,0,0.0,,,,0,0.0,0,0,0,0,0,0,0,0,0,0,0.0,0,0,0,0,0,"1,2",,,,,,,,,,,,,2,0,0,0,0,0,0,0,0,0,0,0,0,0,0,0,0,0,0,0,,0,,0,,0,,0,,0,0,,0
128,129,0,0,0,0,0,0,0,0,0,0,0,0,0,0,0.0,,,,0,0.0,0,0,0,0,0,0,0,0,0,0,0.0,0,0,0,0,0,"1,2",,,,,,,,,,,,,2,0,0,0,0,0,0,0,0,0,0,0,0,0,0,0,0,0,0,0,,0,,0,,0,,0,,0,0,,0
129,130,0,0,0,0,0,0,0,0,0,0,0,0,0,0,0.0,,,,0,0.0,0,0,0,0,0,0,0,0,0,0,0.0,0,0,0,0,0,"2,1",,,,,,,,,,,,,2,0,0,0,0,0,0,0,0,0,0,0,0,0,0,0,0,0,0,0,,0,,0,,0,,0,,0,0,,0
130,131,0,0,0,0,0,0,0,0,0,0,0,0,0,0,0.0,,,,0,0.0,0,0,0,0,0,0,0,0,0,0,0.0,0,0,0,0,0,"2,1",,,,,,,,,,,,,2,0,0,0,0,0,0,0,0,0,0,0,0,0,0,0,0,0,0,0,,0,,0,,0,,0,,0,0,,0
131,132,0,0,0,0,0,0,0,0,0,0,0,0,0,0,0.0,,,,0,0.0,0,0,0,0,0,0,0,0,0,0,0.0,0,0,0,0,0,"2,1",,,,,,,,,,,,,2,0,0,0,0,0,0,0,0,0,0,0,0,0,0,0,0,0,0,0,,0,,0,,0,,0,,0,0,,0
132,133,0,0,0,0,0,0,0,0,0,0,0,0,0,0,0.0,,,,0,0.0,0,0,0,0,0,0,0,0,0,0,0.0,0,0,0,0,0,"2,1",,,,,,,,,,,,,2,0,0,0,0,0,0,0,0,0,0,0,0,0,0,0,0,0,0,0,,0,,0,,0,,0,,0,0,,0
133,134,0,0,0,0,0,0,0,0,0,0,0,0,0,0,0.0,,,,0,0.0,0,0,0,0,0,0,0,0,0,0,0.0,0,0,0,0,0,"2,1",,,,,,,,,,,,,2,0,0,0,0,0,0,0,0,0,0,0,0,0,0,0,0,0,0,0,,0,,0,,0,,0,,0,0,,0
134,135,0,0,0,0,0,0,0,0,0,0,0,0,0,0,0.0,,,,0,0.0,0,0,0,0,0,0,0,0,0,0,0.0,0,0,0,0,0,"1,2",,,,,,,,,,,,,2,0,0,0,0,0,0,0,0,0,0,0,0,0,0,0,0,0,0,0,,0,,0,,0,,0,,0,0,,0
135,136,0,0,0,0,0,0,0,0,0,0,0,0,0,0,0.0,,,,0,0.0,0,0,0,0,0,0,0,0,0,0,0.0,0,0,0,0,0,"1,2",,,,,,,,,,,,,2,0,0,0,0,0,0,0,0,0,0,0,0,0,0,0,0,0,0,0,,0,,0,,0,,0,,0,0,,0
136,137,0,0,0,0,0,0,0,0,0,0,0,0,0,0,0.0,,,,0,0.0,0,0,0,0,0,0,0,0,0,0,0.0,0,0,0,0,0,"1,2",,,,,,,,,,,,,2,0,0,0,0,0,0,0,0,0,0,0,0,0,0,0,0,0,0,0,,0,,0,,0,,0,,0,0,,0
137,138,0,0,0,0,0,0,0,0,0,0,0,0,0,0,0.0,,,,0,0.0,0,0,0,0,0,0,0,0,0,0,0.0,0,0,0,0,0,"1,2",,,,,,,,,,,,,2,0,0,0,0,0,0,0,0,0,0,0,0,0,0,0,0,0,0,0,,0,,0,,0,,0,,0,0,,0
138,139,0,0,0,0,0,0,0,0,0,0,0,0,0,0,0.0,,,,0,0.0,0,0,0,0,0,0,0,0,0,0,0.0,0,0,0,0,0,"2,1",,,,,,,,,,,,,2,0,0,0,0,0,0,0,0,0,0,0,0,0,0,0,0,0,0,0,,0,,0,,0,,0,,0,0,,0
139,140,0,0,0,0,0,0,0,0,0,0,0,0,0,0,0.0,,,,0,0.0,0,0,0,0,0,0,0,0,0,0,0.0,0,0,0,0,0,"1,2",,,,,,,,,,,,,2,0,0,0,0,0,0,0,0,0,0,0,0,0,0,0,0,0,0,0,,0,,0,,0,,0,,0,0,,0
140,141,0,0,0,0,0,0,0,0,0,0,0,0,0,0,0.0,,,,0,0.0,0,0,0,0,0,0,0,0,0,0,0.0,0,0,0,0,0,"2,1",,,,,,,,,,,,,2,0,0,0,0,0,0,0,0,0,0,0,0,0,0,0,0,0,0,0,,0,,0,,0,,0,,0,0,,0
141,142,0,0,0,0,0,0,0,0,0,0,0,0,0,0,0.0,,,,0,0.0,0,0,0,0,0,0,0,0,0,0,0.0,0,0,0,0,0,"2,1",,,,,,,,,,,,,2,0,0,0,0,0,0,0,0,0,0,0,0,0,0,0,0,0,0,0,,0,,0,,0,,0,,0,0,,0
142,143,0,0,0,0,0,0,0,0,0,0,0,0,0,0,0.0,,,,0,0.0,0,0,0,0,0,0,0,0,0,0,0.0,0,0,0,0,0,"1,2",,,,,,,,,,,,,2,0,0,0,0,0,0,0,0,0,0,0,0,0,0,0,0,0,0,0,,0,,0,,0,,0,,0,0,,0
143,144,0,0,0,0,0,0,0,0,0,0,0,0,0,0,0.0,,,,0,0.0,0,0,0,0,0,0,0,0,0,0,0.0,0,0,0,0,0,"2,1",,,,,,,,,,,,,2,0,0,0,0,0,0,0,0,0,0,0,0,0,0,0,0,0,0,0,,0,,0,,0,,0,,0,0,,0
144,145,0,0,0,0,0,0,0,0,0,0,0,0,0,0,0.0,,,,0,0.0,0,0,0,0,0,0,0,0,0,0,0.0,0,0,0,0,0,"2,1",,,,,,,,,,,,,2,0,0,0,0,0,0,0,0,0,0,0,0,0,0,0,0,0,0,0,,0,,0,,0,,0,,0,0,,0
145,146,0,0,0,0,0,0,0,0,0,0,0,0,0,0,0.0,,,,0,0.0,0,0,0,0,0,0,0,0,0,0,0.0,0,0,0,0,0,"2,1",,,,,,,,,,,,,2,0,0,0,0,0,0,0,0,0,0,0,0,0,0,0,0,0,0,0,,0,,0,,0,,0,,0,0,,0
146,147,0,0,0,0,0,0,0,0,0,0,0,0,0,0,0.0,,,,0,0.0,0,0,0,0,0,0,0,0,0,0,0.0,0,0,0,0,0,"1,2",,,,,,,,,,,,,2,0,0,0,0,0,0,0,0,0,0,0,0,0,0,0,0,0,0,0,,0,,0,,0,,0,,0,0,,0
147,148,0,0,0,0,0,0,0,0,0,0,0,0,0,0,0.0,,,,0,0.0,0,0,0,0,0,0,0,0,0,0,0.0,0,0,0,0,0,"1,2",,,,,,,,,,,,,2,0,0,0,0,0,0,0,0,0,0,0,0,0,0,0,0,0,0,0,,0,,0,,0,,0,,0,0,,0
148,149,0,0,0,0,0,0,0,0,0,0,0,0,0,0,0.0,,,,0,0.0,0,0,0,0,0,0,0,0,0,0,0.0,0,0,0,0,0,"2,1",,,,,,,,,,,,,2,0,0,0,0,0,0,0,0,0,0,0,0,0,0,0,0,0,0,0,,0,,0,,0,,0,,0,0,,0
149,150,0,0,0,0,0,0,0,0,0,0,0,0,0,0,0.0,,,,0,0.0,0,0,0,0,0,0,0,0,0,0,0.0,0,0,0,0,0,"2,1",,,,,,,,,,,,,2,0,0,0,0,0,0,0,0,0,0,0,0,0,0,0,0,0,0,0,,0,,0,,0,,0,,0,0,,0
150,151,0,0,0,0,0,0,0,0,0,0,0,0,0,0,0.0,,,,0,0.0,0,0,0,0,0,0,0,0,0,0,0.0,0,0,0,0,0,"2,1",,,,,,,,,,,,,2,0,0,0,0,0,0,0,0,0,0,0,0,0,0,0,0,0,0,0,,0,,0,,0,,0,,0,0,,0
151,152,0,0,0,0,0,0,0,0,0,0,0,0,0,0,0.0,,,,0,0.0,0,0,0,0,0,0,0,0,0,0,0.0,0,0,0,0,0,"1,2",,,,,,,,,,,,,2,0,0,0,0,0,0,0,0,0,0,0,0,0,0,0,0,0,0,0,,0,,0,,0,,0,,0,0,,0
152,153,0,0,0,0,0,0,0,0,0,0,0,0,0,0,0.0,,,,0,0.0,0,0,0,0,0,0,0,0,0,0,0.0,0,0,0,0,0,"2,1",,,,,,,,,,,,,2,0,0,0,0,0,0,0,0,0,0,0,0,0,0,0,0,0,0,0,,0,,0,,0,,0,,0,0,,0
153,154,0,0,0,0,0,0,0,0,0,0,0,0,0,0,0.0,,,,0,0.0,0,0,0,0,0,0,0,0,0,0,0.0,0,0,0,0,0,"1,2",,,,,,,,,,,,,2,0,0,0,0,0,0,0,0,0,0,0,0,0,0,0,0,0,0,0,,0,,0,,0,,0,,0,0,,0
154,155,0,0,0,0,0,0,0,0,0,0,0,0,0,0,0.0,,,,0,0.0,0,0,0,0,0,0,0,0,0,0,0.0,0,0,0,0,0,"2,1",,,,,,,,,,,,,2,0,0,0,0,0,0,0,0,0,0,0,0,0,0,0,0,0,0,0,,0,,0,,0,,0,,0,0,,0
155,156,0,0,0,0,0,0,0,0,0,0,0,0,0,0,0.0,,,,0,0.0,0,0,0,0,0,0,0,0,0,0,0.0,0,0,0,0,0,"2,1",,,,,,,,,,,,,2,0,0,0,0,0,0,0,0,0,0,0,0,0,0,0,0,0,0,0,,0,,0,,0,,0,,0,0,,0
156,157,0,0,0,0,0,0,0,0,0,0,0,0,0,0,0.0,,,,0,0.0,0,0,0,0,0,0,0,0,0,0,0.0,0,0,0,0,0,"2,1",,,,,,,,,,,,,2,0,0,0,0,0,0,0,0,0,0,0,0,0,0,0,0,0,0,0,,0,,0,,0,,0,,0,0,,0
157,158,0,0,0,0,0,0,0,0,0,0,0,0,0,0,0.0,,,,0,0.0,0,0,0,0,0,0,0,0,0,0,0.0,0,0,0,0,0,"2,1",,,,,,,,,,,,,2,0,0,0,0,0,0,0,0,0,0,0,0,0,0,0,0,0,0,0,,0,,0,,0,,0,,0,0,,0
158,159,0,0,0,0,0,0,0,0,0,0,0,0,0,0,0.0,,,,0,0.0,0,0,0,0,0,0,0,0,0,0,0.0,0,0,0,0,0,"1,2",,,,,,,,,,,,,2,0,0,0,0,0,0,0,0,0,0,0,0,0,0,0,0,0,0,0,,0,,0,,0,,0,,0,0,,0
159,160,0,0,0,0,0,0,0,0,0,0,0,0,0,0,0.0,,,,0,0.0,0,0,0,0,0,0,0,0,0,0,0.0,0,0,0,0,0,"2,1",,,,,,,,,,,,,2,0,0,0,0,0,0,0,0,0,0,0,0,0,0,0,0,0,0,0,,0,,0,,0,,0,,0,0,,0
160,161,0,0,0,0,0,0,0,0,0,0,0,0,0,0,0.0,,,,0,0.0,0,0,0,0,0,0,0,0,0,0,0.0,0,0,0,0,0,"2,1",,,,,,,,,,,,,2,0,0,0,0,0,0,0,0,0,0,0,0,0,0,0,0,0,0,0,,0,,0,,0,,0,,0,0,,0
161,162,0,0,0,0,0,0,0,0,0,0,0,0,0,0,0.0,,,,0,0.0,0,0,0,0,0,0,0,0,0,0,0.0,0,0,0,0,0,"2,1",,,,,,,,,,,,,2,0,0,0,0,0,0,0,0,0,0,0,0,0,0,0,0,0,0,0,,0,,0,,0,,0,,0,0,,0
162,163,0,0,0,0,0,0,0,0,0,0,0,0,0,0,0.0,,,,0,0.0,0,0,0,0,0,0,0,0,0,0,0.0,0,0,0,0,0,"2,1",,,,,,,,,,,,,2,0,0,0,0,0,0,0,0,0,0,0,0,0,0,0,0,0,0,0,,0,,0,,0,,0,,0,0,,0
163,164,0,0,0,0,0,0,0,0,0,0,0,0,0,0,0.0,,,,0,0.0,0,0,0,0,0,0,0,0,0,0,0.0,0,0,0,0,0,"1,2",,,,,,,,,,,,,2,0,0,0,0,0,0,0,0,0,0,0,0,0,0,0,0,0,0,0,,0,,0,,0,,0,,0,0,,0
164,165,0,0,0,0,0,0,0,0,0,0,0,0,0,0,0.0,,,,0,0.0,0,0,0,0,0,0,0,0,0,0,0.0,0,0,0,0,0,"2,1",,,,,,,,,,,,,2,0,0,0,0,0,0,0,0,0,0,0,0,0,0,0,0,0,0,0,,0,,0,,0,,0,,0,0,,0
165,166,0,0,0,0,0,0,0,0,0,0,0,0,0,0,0.0,,,,0,0.0,0,0,0,0,0,0,0,0,0,0,0.0,0,0,0,0,0,"1,2",,,,,,,,,,,,,2,0,0,0,0,0,0,0,0,0,0,0,0,0,0,0,0,0,0,0,,0,,0,,0,,0,,0,0,,0
166,167,0,0,0,0,0,0,0,0,0,0,0,0,0,0,0.0,,,,0,0.0,0,0,0,0,0,0,0,0,0,0,0.0,0,0,0,0,0,"2,1",,,,,,,,,,,,,2,0,0,0,0,0,0,0,0,0,0,0,0,0,0,0,0,0,0,0,,0,,0,,0,,0,,0,0,,0
167,168,0,0,0,0,0,0,0,0,0,0,0,0,0,0,0.0,,,,0,0.0,0,0,0,0,0,0,0,0,0,0,0.0,0,0,0,0,0,"2,1",,,,,,,,,,,,,2,0,0,0,0,0,0,0,0,0,0,0,0,0,0,0,0,0,0,0,,0,,0,,0,,0,,0,0,,0
168,169,0,0,0,0,0,0,0,0,0,0,0,0,0,0,0.0,,,,0,0.0,0,0,0,0,0,0,0,0,0,0,0.0,0,0,0,0,0,"2,1",,,,,,,,,,,,,2,0,0,0,0,0,0,0,0,0,0,0,0,0,0,0,0,0,0,0,,0,,0,,0,,0,,0,0,,0
169,170,0,0,0,0,0,0,0,0,0,0,0,0,0,0,0.0,,,,0,0.0,0,0,0,0,0,0,0,0,0,0,0.0,0,0,0,0,0,"2,1",,,,,,,,,,,,,2,0,0,0,0,0,0,0,0,0,0,0,0,0,0,0,0,0,0,0,,0,,0,,0,,0,,0,0,,0
170,171,0,0,0,0,0,0,0,0,0,0,0,0,0,0,0.0,,,,0,0.0,0,0,0,0,0,0,0,0,0,0,0.0,0,0,0,0,0,"1,2",,,,,,,,,,,,,2,0,0,0,0,0,0,0,0,0,0,0,0,0,0,0,0,0,0,0,,0,,0,,0,,0,,0,0,,0
171,172,0,0,0,0,0,0,0,0,0,0,0,0,0,0,0.0,,,,0,0.0,0,0,0,0,0,0,0,0,0,0,0.0,0,0,0,0,0,"2,1",,,,,,,,,,,,,2,0,0,0,0,0,0,0,0,0,0,0,0,0,0,0,0,0,0,0,,0,,0,,0,,0,,0,0,,0
172,173,0,0,0,0,0,0,0,0,0,0,0,0,0,0,0.0,,,,0,0.0,0,0,0,0,0,0,0,0,0,0,0.0,0,0,0,0,0,"2,1",,,,,,,,,,,,,2,0,0,0,0,0,0,0,0,0,0,0,0,0,0,0,0,0,0,0,,0,,0,,0,,0,,0,0,,0
173,174,0,0,0,0,0,0,0,0,0,0,0,0,0,0,0.0,,,,0,0.0,0,0,0,0,0,0,0,0,0,0,0.0,0,0,0,0,0,"2,1",,,,,,,,,,,,,2,0,0,0,0,0,0,0,0,0,0,0,0,0,0,0,0,0,0,0,,0,,0,,0,,0,,0,0,,0
174,175,0,0,0,0,0,0,0,0,0,0,0,0,0,0,0.0,,,,0,0.0,0,0,0,0,0,0,0,0,0,0,0.0,0,0,0,0,0,"1,2",,,,,,,,,,,,,2,0,0,0,0,0,0,0,0,0,0,0,0,0,0,0,0,0,0,0,,0,,0,,0,,0,,0,0,,0
175,176,0,0,0,0,0,0,0,0,0,0,0,0,0,0,0.0,,,,0,0.0,0,0,0,0,0,0,0,0,0,0,0.0,0,0,0,0,0,"2,1",,,,,,,,,,,,,2,0,0,0,0,0,0,0,0,0,0,0,0,0,0,0,0,0,0,0,,0,,0,,0,,0,,0,0,,0
176,177,0,0,0,0,0,0,0,0,0,0,0,0,0,0,0.0,,,,0,0.0,0,0,0,0,0,0,0,0,0,0,0.0,0,0,0,0,0,"2,1",,,,,,,,,,,,,2,0,0,0,0,0,0,0,0,0,0,0,0,0,0,0,0,0,0,0,,0,,0,,0,,0,,0,0,,0
177,178,0,0,0,0,0,0,0,0,0,0,0,0,0,0,0.0,,,,0,0.0,0,0,0,0,0,0,0,0,0,0,0.0,0,0,0,0,0,"1,2",,,,,,,,,,,,,2,0,0,0,0,0,0,0,0,0,0,0,0,0,0,0,0,0,0,0,,0,,0,,0,,0,,0,0,,0
178,179,0,0,0,0,0,0,0,0,0,0,0,0,0,0,0.0,,,,0,0.0,0,0,0,0,0,0,0,0,0,0,0.0,0,0,0,0,0,"1,2",,,,,,,,,,,,,2,0,0,0,0,0,0,0,0,0,0,0,0,0,0,0,0,0,0,0,,0,,0,,0,,0,,0,0,,0
179,180,0,0,0,0,0,0,0,0,0,0,0,0,0,0,0.0,,,,0,0.0,0,0,0,0,0,0,0,0,0,0,0.0,0,0,0,0,0,"2,1",,,,,,,,,,,,,2,0,0,0,0,0,0,0,0,0,0,0,0,0,0,0,0,0,0,0,,0,,0,,0,,0,,0,0,,0
180,181,0,0,0,0,0,0,0,0,0,0,0,0,0,0,0.0,,,,0,0.0,0,0,0,0,0,0,0,0,0,0,0.0,0,0,0,0,0,"1,2",,,,,,,,,,,,,2,0,0,0,0,0,0,0,0,0,0,0,0,0,0,0,0,0,0,0,,0,,0,,0,,0,,0,0,,0
181,182,0,0,0,0,0,0,0,0,0,0,0,0,0,0,0.0,,,,0,0.0,0,0,0,0,0,0,0,0,0,0,0.0,0,0,0,0,0,"1,2",,,,,,,,,,,,,2,0,0,0,0,0,0,0,0,0,0,0,0,0,0,0,0,0,0,0,,0,,0,,0,,0,,0,0,,0
182,183,0,0,0,0,0,0,0,0,0,0,0,0,0,0,0.0,,,,0,0.0,0,0,0,0,0,0,0,0,0,0,0.0,0,0,0,0,0,"2,1",,,,,,,,,,,,,2,0,0,0,0,0,0,0,0,0,0,0,0,0,0,0,0,0,0,0,,0,,0,,0,,0,,0,0,,0
183,184,0,0,0,0,0,0,0,0,0,0,0,0,0,0,0.0,,,,0,0.0,0,0,0,0,0,0,0,0,0,0,0.0,0,0,0,0,0,"2,1",,,,,,,,,,,,,2,0,0,0,0,0,0,0,0,0,0,0,0,0,0,0,0,0,0,0,,0,,0,,0,,0,,0,0,,0
184,185,0,0,0,0,0,0,0,0,0,0,0,0,0,0,0.0,,,,0,0.0,0,0,0,0,0,0,0,0,0,0,0.0,0,0,0,0,0,"2,1",,,,,,,,,,,,,2,0,0,0,0,0,0,0,0,0,0,0,0,0,0,0,0,0,0,0,,0,,0,,0,,0,,0,0,,0
185,186,0,0,0,0,0,0,0,0,0,0,0,0,0,0,0.0,,,,0,0.0,0,0,0,0,0,0,0,0,0,0,0.0,0,0,0,0,0,"2,1",,,,,,,,,,,,,2,0,0,0,0,0,0,0,0,0,0,0,0,0,0,0,0,0,0,0,,0,,0,,0,,0,,0,0,,0
186,187,0,0,0,0,0,0,0,0,0,0,0,0,0,0,0.0,,,,0,0.0,0,0,0,0,0,0,0,0,0,0,0.0,0,0,0,0,0,"2,1",,,,,,,,,,,,,2,0,0,0,0,0,0,0,0,0,0,0,0,0,0,0,0,0,0,0,,0,,0,,0,,0,,0,0,,0
187,188,0,0,0,0,0,0,0,0,0,0,0,0,0,0,0.0,,,,0,0.0,0,0,0,0,0,0,0,0,0,0,0.0,0,0,0,0,0,"2,1",,,,,,,,,,,,,2,0,0,0,0,0,0,0,0,0,0,0,0,0,0,0,0,0,0,0,,0,,0,,0,,0,,0,0,,0
188,189,0,0,0,0,0,0,0,0,0,0,0,0,0,0,0.0,,,,0,0.0,0,0,0,0,0,0,0,0,0,0,0.0,0,0,0,0,0,"1,2",,,,,,,,,,,,,2,0,0,0,0,0,0,0,0,0,0,0,0,0,0,0,0,0,0,0,,0,,0,,0,,0,,0,0,,0
189,190,0,0,0,0,0,0,0,0,0,0,0,0,0,0,0.0,,,,0,0.0,0,0,0,0,0,0,0,0,0,0,0.0,0,0,0,0,0,"2,1",,,,,,,,,,,,,2,0,0,0,0,0,0,0,0,0,0,0,0,0,0,0,0,0,0,0,,0,,0,,0,,0,,0,0,,0
190,191,0,0,0,0,0,0,0,0,0,0,0,0,0,0,0.0,,,,0,0.0,0,0,0,0,0,0,0,0,0,0,0.0,0,0,0,0,0,"1,2",,,,,,,,,,,,,2,0,0,0,0,0,0,0,0,0,0,0,0,0,0,0,0,0,0,0,,0,,0,,0,,0,,0,0,,0
191,192,0,0,0,0,0,0,0,0,0,0,0,0,0,0,0.0,,,,0,0.0,0,0,0,0,0,0,0,0,0,0,0.0,0,0,0,0,0,"2,1",,,,,,,,,,,,,2,0,0,0,0,0,0,0,0,0,0,0,0,0,0,0,0,0,0,0,,0,,0,,0,,0,,0,0,,0
192,193,0,0,0,0,0,0,0,0,0,0,0,0,0,0,0.0,,,,0,0.0,0,0,0,0,0,0,0,0,0,0,0.0,0,0,0,0,0,"2,1",,,,,,,,,,,,,2,0,0,0,0,0,0,0,0,0,0,0,0,0,0,0,0,0,0,0,,0,,0,,0,,0,,0,0,,0
193,194,0,0,0,0,0,0,0,0,0,0,0,0,0,0,0.0,,,,0,0.0,0,0,0,0,0,0,0,0,0,0,0.0,0,0,0,0,0,"2,1",,,,,,,,,,,,,2,0,0,0,0,0,0,0,0,0,0,0,0,0,0,0,0,0,0,0,,0,,0,,0,,0,,0,0,,0
194,195,0,0,0,0,0,0,0,0,0,0,0,0,0,0,0.0,,,,0,0.0,0,0,0,0,0,0,0,0,0,0,0.0,0,0,0,0,0,"2,1",,,,,,,,,,,,,2,0,0,0,0,0,0,0,0,0,0,0,0,0,0,0,0,0,0,0,,0,,0,,0,,0,,0,0,,0
195,196,0,0,0,0,0,0,0,0,0,0,0,0,0,0,0.0,,,,0,0.0,0,0,0,0,0,0,0,0,0,0,0.0,0,0,0,0,0,"1,2",,,,,,,,,,,,,2,0,0,0,0,0,0,0,0,0,0,0,0,0,0,0,0,0,0,0,,0,,0,,0,,0,,0,0,,0
196,197,0,0,0,0,0,0,0,0,0,0,0,0,0,0,0.0,,,,0,0.0,0,0,0,0,0,0,0,0,0,0,0.0,0,0,0,0,0,"1,2",,,,,,,,,,,,,2,0,0,0,0,0,0,0,0,0,0,0,0,0,0,0,0,0,0,0,,0,,0,,0,,0,,0,0,,0
197,198,0,0,0,0,0,0,0,0,0,0,0,0,0,0,0.0,,,,0,0.0,0,0,0,0,0,0,0,0,0,0,0.0,0,0,0,0,0,"2,1",,,,,,,,,,,,,2,0,0,0,0,0,0,0,0,0,0,0,0,0,0,0,0,0,0,0,,0,,0,,0,,0,,0,0,,0
198,199,0,0,0,0,0,0,0,0,0,0,0,0,0,0,0.0,,,,0,0.0,0,0,0,0,0,0,0,0,0,0,0.0,0,0,0,0,0,"1,2",,,,,,,,,,,,,2,0,0,0,0,0,0,0,0,0,0,0,0,0,0,0,0,0,0,0,,0,,0,,0,,0,,0,0,,0
199,200,0,0,0,0,0,0,0,0,0,0,0,0,0,0,0.0,,,,0,0.0,0,0,0,0,0,0,0,0,0,0,0.0,0,0,0,0,0,"1,2",,,,,,,,,,,,,2,0,0,0,0,0,0,0,0,0,0,0,0,0,0,0,0,0,0,0,,0,,0,,0,,0,,0,0,,0
200,201,0,0,0,0,0,0,0,0,0,0,0,0,0,0,0.0,,,,0,0.0,0,0,0,0,0,0,0,0,0,0,0.0,0,0,0,0,0,"1,2",,,,,,,,,,,,,2,0,0,0,0,0,0,0,0,0,0,0,0,0,0,0,0,0,0,0,,0,,0,,0,,0,,0,0,,0
201,202,0,0,0,0,0,0,0,0,0,0,0,0,0,0,0.0,,,,0,0.0,0,0,0,0,0,0,0,0,0,0,0.0,0,0,0,0,0,"1,2",,,,,,,,,,,,,2,0,0,0,0,0,0,0,0,0,0,0,0,0,0,0,0,0,0,0,,0,,0,,0,,0,,0,0,,0
202,203,0,0,0,0,0,0,0,0,0,0,0,0,0,0,0.0,,,,0,0.0,0,0,0,0,0,0,0,0,0,0,0.0,0,0,0,0,0,"1,2",,,,,,,,,,,,,2,0,0,0,0,0,0,0,0,0,0,0,0,0,0,0,0,0,0,0,,0,,0,,0,,0,,0,0,,0
203,204,0,0,0,0,0,0,0,0,0,0,0,0,0,0,0.0,,,,0,0.0,0,0,0,0,0,0,0,0,0,0,0.0,0,0,0,0,0,"1,2",,,,,,,,,,,,,2,0,0,0,0,0,0,0,0,0,0,0,0,0,0,0,0,0,0,0,,0,,0,,0,,0,,0,0,,0
204,205,0,0,0,0,0,0,0,0,0,0,0,0,0,0,0.0,,,,0,0.0,0,0,0,0,0,0,0,0,0,0,0.0,0,0,0,0,0,"2,1",,,,,,,,,,,,,2,0,0,0,0,0,0,0,0,0,0,0,0,0,0,0,0,0,0,0,,0,,0,,0,,0,,0,0,,0
205,206,0,0,0,0,0,0,0,0,0,0,0,0,0,0,0.0,,,,0,0.0,0,0,0,0,0,0,0,0,0,0,0.0,0,0,0,0,0,"1,2",,,,,,,,,,,,,2,0,0,0,0,0,0,0,0,0,0,0,0,0,0,0,0,0,0,0,,0,,0,,0,,0,,0,0,,0
206,207,0,0,0,0,0,0,0,0,0,0,0,0,0,0,0.0,,,,0,0.0,0,0,0,0,0,0,0,0,0,0,0.0,0,0,0,0,0,"1,2",,,,,,,,,,,,,2,0,0,0,0,0,0,0,0,0,0,0,0,0,0,0,0,0,0,0,,0,,0,,0,,0,,0,0,,0
207,208,0,0,0,0,0,0,0,0,0,0,0,0,0,0,0.0,,,,0,0.0,0,0,0,0,0,0,0,0,0,0,0.0,0,0,0,0,0,"1,2",,,,,,,,,,,,,2,0,0,0,0,0,0,0,0,0,0,0,0,0,0,0,0,0,0,0,,0,,0,,0,,0,,0,0,,0
208,209,0,0,0,0,0,0,0,0,0,0,0,0,0,0,0.0,,,,0,0.0,0,0,0,0,0,0,0,0,0,0,0.0,0,0,0,0,0,"2,1",,,,,,,,,,,,,2,0,0,0,0,0,0,0,0,0,0,0,0,0,0,0,0,0,0,0,,0,,0,,0,,0,,0,0,,0
209,210,0,0,0,0,0,0,0,0,0,0,0,0,0,0,0.0,,,,0,0.0,0,0,0,0,0,0,0,0,0,0,0.0,0,0,0,0,0,"2,1",,,,,,,,,,,,,2,0,0,0,0,0,0,0,0,0,0,0,0,0,0,0,0,0,0,0,,0,,0,,0,,0,,0,0,,0
210,211,0,0,0,0,0,0,0,0,0,0,0,0,0,0,0.0,,,,0,0.0,0,0,0,0,0,0,0,0,0,0,0.0,0,0,0,0,0,"1,2",,,,,,,,,,,,,2,0,0,0,0,0,0,0,0,0,0,0,0,0,0,0,0,0,0,0,,0,,0,,0,,0,,0,0,,0
211,212,0,0,0,0,0,0,0,0,0,0,0,0,0,0,0.0,,,,0,0.0,0,0,0,0,0,0,0,0,0,0,0.0,0,0,0,0,0,"2,1",,,,,,,,,,,,,2,0,0,0,0,0,0,0,0,0,0,0,0,0,0,0,0,0,0,0,,0,,0,,0,,0,,0,0,,0
212,213,0,0,0,0,0,0,0,0,0,0,0,0,0,0,0.0,,,,0,0.0,0,0,0,0,0,0,0,0,0,0,0.0,0,0,0,0,0,"2,1",,,,,,,,,,,,,2,0,0,0,0,0,0,0,0,0,0,0,0,0,0,0,0,0,0,0,,0,,0,,0,,0,,0,0,,0
213,214,0,0,0,0,0,0,0,0,0,0,0,0,0,0,0.0,,,,0,0.0,0,0,0,0,0,0,0,0,0,0,0.0,0,0,0,0,0,"1,2",,,,,,,,,,,,,2,0,0,0,0,0,0,0,0,0,0,0,0,0,0,0,0,0,0,0,,0,,0,,0,,0,,0,0,,0
214,215,0,0,0,0,0,0,0,0,0,0,0,0,0,0,0.0,,,,0,0.0,0,0,0,0,0,0,0,0,0,0,0.0,0,0,0,0,0,"2,1",,,,,,,,,,,,,2,0,0,0,0,0,0,0,0,0,0,0,0,0,0,0,0,0,0,0,,0,,0,,0,,0,,0,0,,0
215,216,0,0,0,0,0,0,0,0,0,0,0,0,0,0,0.0,,,,0,0.0,0,0,0,0,0,0,0,0,0,0,0.0,0,0,0,0,0,"1,2",,,,,,,,,,,,,2,0,0,0,0,0,0,0,0,0,0,0,0,0,0,0,0,0,0,0,,0,,0,,0,,0,,0,0,,0
216,217,0,0,0,0,0,0,0,0,0,0,0,0,0,0,0.0,,,,0,0.0,0,0,0,0,0,0,0,0,0,0,0.0,0,0,0,0,0,"1,2",,,,,,,,,,,,,2,0,0,0,0,0,0,0,0,0,0,0,0,0,0,0,0,0,0,0,,0,,0,,0,,0,,0,0,,0
217,218,0,0,0,0,0,0,0,0,0,0,0,0,0,0,0.0,,,,0,0.0,0,0,0,0,0,0,0,0,0,0,0.0,0,0,0,0,0,"1,2",,,,,,,,,,,,,2,0,0,0,0,0,0,0,0,0,0,0,0,0,0,0,0,0,0,0,,0,,0,,0,,0,,0,0,,0
218,219,0,0,0,0,0,0,0,0,0,0,0,0,0,0,0.0,,,,0,0.0,0,0,0,0,0,0,0,0,0,0,0.0,0,0,0,0,0,"2,1",,,,,,,,,,,,,2,0,0,0,0,0,0,0,0,0,0,0,0,0,0,0,0,0,0,0,,0,,0,,0,,0,,0,0,,0
219,220,0,0,0,0,0,0,0,0,0,0,0,0,0,0,0.0,,,,0,0.0,0,0,0,0,0,0,0,0,0,0,0.0,0,0,0,0,0,"1,2",,,,,,,,,,,,,2,0,0,0,0,0,0,0,0,0,0,0,0,0,0,0,0,0,0,0,,0,,0,,0,,0,,0,0,,0
220,221,0,0,0,0,0,0,0,0,0,0,0,0,0,0,0.0,,,,0,0.0,0,0,0,0,0,0,0,0,0,0,0.0,0,0,0,0,0,"2,1",,,,,,,,,,,,,2,0,0,0,0,0,0,0,0,0,0,0,0,0,0,0,0,0,0,0,,0,,0,,0,,0,,0,0,,0
221,222,0,0,0,0,0,0,0,0,0,0,0,0,0,0,0.0,,,,0,0.0,0,0,0,0,0,0,0,0,0,0,0.0,0,0,0,0,0,"1,2",,,,,,,,,,,,,2,0,0,0,0,0,0,0,0,0,0,0,0,0,0,0,0,0,0,0,,0,,0,,0,,0,,0,0,,0
222,223,0,0,0,0,0,0,0,0,0,0,0,0,0,0,0.0,,,,0,0.0,0,0,0,0,0,0,0,0,0,0,0.0,0,0,0,0,0,"1,2",,,,,,,,,,,,,2,0,0,0,0,0,0,0,0,0,0,0,0,0,0,0,0,0,0,0,,0,,0,,0,,0,,0,0,,0
223,224,0,0,0,0,0,0,0,0,0,0,0,0,0,0,0.0,,,,0,0.0,0,0,0,0,0,0,0,0,0,0,0.0,0,0,0,0,0,"1,2",,,,,,,,,,,,,2,0,0,0,0,0,0,0,0,0,0,0,0,0,0,0,0,0,0,0,,0,,0,,0,,0,,0,0,,0
224,225,0,0,0,0,0,0,0,0,0,0,0,0,0,0,0.0,,,,0,0.0,0,0,0,0,0,0,0,0,0,0,0.0,0,0,0,0,0,"2,1",,,,,,,,,,,,,2,0,0,0,0,0,0,0,0,0,0,0,0,0,0,0,0,0,0,0,,0,,0,,0,,0,,0,0,,0
225,226,0,0,0,0,0,0,0,0,0,0,0,0,0,0,0.0,,,,0,0.0,0,0,0,0,0,0,0,0,0,0,0.0,0,0,0,0,0,"2,1",,,,,,,,,,,,,2,0,0,0,0,0,0,0,0,0,0,0,0,0,0,0,0,0,0,0,,0,,0,,0,,0,,0,0,,0
226,227,0,0,0,0,0,0,0,0,0,0,0,0,0,0,0.0,,,,0,0.0,0,0,0,0,0,0,0,0,0,0,0.0,0,0,0,0,0,"2,1",,,,,,,,,,,,,2,0,0,0,0,0,0,0,0,0,0,0,0,0,0,0,0,0,0,0,,0,,0,,0,,0,,0,0,,0
227,228,0,0,0,0,0,0,0,0,0,0,0,0,0,0,0.0,,,,0,0.0,0,0,0,0,0,0,0,0,0,0,0.0,0,0,0,0,0,"1,2",,,,,,,,,,,,,2,0,0,0,0,0,0,0,0,0,0,0,0,0,0,0,0,0,0,0,,0,,0,,0,,0,,0,0,,0
228,229,0,0,0,0,0,0,0,0,0,0,0,0,0,0,0.0,,,,0,0.0,0,0,0,0,0,0,0,0,0,0,0.0,0,0,0,0,0,"1,2",,,,,,,,,,,,,2,0,0,0,0,0,0,0,0,0,0,0,0,0,0,0,0,0,0,0,,0,,0,,0,,0,,0,0,,0
229,230,0,0,0,0,0,0,0,0,0,0,0,0,0,0,0.0,,,,0,0.0,0,0,0,0,0,0,0,0,0,0,0.0,0,0,0,0,0,"1,2",,,,,,,,,,,,,2,0,0,0,0,0,0,0,0,0,0,0,0,0,0,0,0,0,0,0,,0,,0,,0,,0,,0,0,,0
230,231,0,0,0,0,0,0,0,0,0,0,0,0,0,0,0.0,,,,0,0.0,0,0,0,0,0,0,0,0,0,0,0.0,0,0,0,0,0,"1,2",,,,,,,,,,,,,2,0,0,0,0,0,0,0,0,0,0,0,0,0,0,0,0,0,0,0,,0,,0,,0,,0,,0,0,,0
231,232,0,0,0,0,0,0,0,0,0,0,0,0,0,0,0.0,,,,0,0.0,0,0,0,0,0,0,0,0,0,0,0.0,0,0,0,0,0,"2,1",,,,,,,,,,,,,2,0,0,0,0,0,0,0,0,0,0,0,0,0,0,0,0,0,0,0,,0,,0,,0,,0,,0,0,,0
232,233,0,0,0,0,0,0,0,0,0,0,0,0,0,0,0.0,,,,0,0.0,0,0,0,0,0,0,0,0,0,0,0.0,0,0,0,0,0,"2,1",,,,,,,,,,,,,2,0,0,0,0,0,0,0,0,0,0,0,0,0,0,0,0,0,0,0,,0,,0,,0,,0,,0,0,,0
233,234,0,0,0,0,0,0,0,0,0,0,0,0,0,0,0.0,,,,0,0.0,0,0,0,0,0,0,0,0,0,0,0.0,0,0,0,0,0,"1,2",,,,,,,,,,,,,2,0,0,0,0,0,0,0,0,0,0,0,0,0,0,0,0,0,0,0,,0,,0,,0,,0,,0,0,,0
234,235,0,0,0,0,0,0,0,0,0,0,0,0,0,0,0.0,,,,0,0.0,0,0,0,0,0,0,0,0,0,0,0.0,0,0,0,0,0,"2,1",,,,,,,,,,,,,2,0,0,0,0,0,0,0,0,0,0,0,0,0,0,0,0,0,0,0,,0,,0,,0,,0,,0,0,,0
235,236,0,0,0,0,0,0,0,0,0,0,0,0,0,0,0.0,,,,0,0.0,0,0,0,0,0,0,0,0,0,0,0.0,0,0,0,0,0,"2,1",,,,,,,,,,,,,2,0,0,0,0,0,0,0,0,0,0,0,0,0,0,0,0,0,0,0,,0,,0,,0,,0,,0,0,,0
236,237,0,0,0,0,0,0,0,0,0,0,0,0,0,0,0.0,,,,0,0.0,0,0,0,0,0,0,0,0,0,0,0.0,0,0,0,0,0,"2,1",,,,,,,,,,,,,2,0,0,0,0,0,0,0,0,0,0,0,0,0,0,0,0,0,0,0,,0,,0,,0,,0,,0,0,,0
237,238,0,0,0,0,0,0,0,0,0,0,0,0,0,0,0.0,,,,0,0.0,0,0,0,0,0,0,0,0,0,0,0.0,0,0,0,0,0,"1,2",,,,,,,,,,,,,2,0,0,0,0,0,0,0,0,0,0,0,0,0,0,0,0,0,0,0,,0,,0,,0,,0,,0,0,,0
238,239,0,0,0,0,0,0,0,0,0,0,0,0,0,0,0.0,,,,0,0.0,0,0,0,0,0,0,0,0,0,0,0.0,0,0,0,0,0,"2,1",,,,,,,,,,,,,2,0,0,0,0,0,0,0,0,0,0,0,0,0,0,0,0,0,0,0,,0,,0,,0,,0,,0,0,,0
239,240,0,0,0,0,0,0,0,0,0,0,0,0,0,0,0.0,,,,0,0.0,0,0,0,0,0,0,0,0,0,0,0.0,0,0,0,0,0,"2,1",,,,,,,,,,,,,2,0,0,0,0,0,0,0,0,0,0,0,0,0,0,0,0,0,0,0,,0,,0,,0,,0,,0,0,,0
240,241,0,0,0,0,0,0,0,0,0,0,0,0,0,0,0.0,,,,0,0.0,0,0,0,0,0,0,0,0,0,0,0.0,0,0,0,0,0,"1,2",,,,,,,,,,,,,2,0,0,0,0,0,0,0,0,0,0,0,0,0,0,0,0,0,0,0,,0,,0,,0,,0,,0,0,,0
241,242,0,0,0,0,0,0,0,0,0,0,0,0,0,0,0.0,,,,0,0.0,0,0,0,0,0,0,0,0,0,0,0.0,0,0,0,0,0,"1,2",,,,,,,,,,,,,2,0,0,0,0,0,0,0,0,0,0,0,0,0,0,0,0,0,0,0,,0,,0,,0,,0,,0,0,,0
242,243,0,0,0,0,0,0,0,0,0,0,0,0,0,0,0.0,,,,0,0.0,0,0,0,0,0,0,0,0,0,0,0.0,0,0,0,0,0,"2,1",,,,,,,,,,,,,2,0,0,0,0,0,0,0,0,0,0,0,0,0,0,0,0,0,0,0,,0,,0,,0,,0,,0,0,,0
243,244,0,0,0,0,0,0,0,0,0,0,0,0,0,0,0.0,,,,0,0.0,0,0,0,0,0,0,0,0,0,0,0.0,0,0,0,0,0,"1,2",,,,,,,,,,,,,2,0,0,0,0,0,0,0,0,0,0,0,0,0,0,0,0,0,0,0,,0,,0,,0,,0,,0,0,,0
244,245,0,0,0,0,0,0,0,0,0,0,0,0,0,0,0.0,,,,0,0.0,0,0,0,0,0,0,0,0,0,0,0.0,0,0,0,0,0,"1,2",,,,,,,,,,,,,2,0,0,0,0,0,0,0,0,0,0,0,0,0,0,0,0,0,0,0,,0,,0,,0,,0,,0,0,,0
245,246,0,0,0,0,0,0,0,0,0,0,0,0,0,0,0.0,,,,0,0.0,0,0,0,0,0,0,0,0,0,0,0.0,0,0,0,0,0,"2,1",,,,,,,,,,,,,2,0,0,0,0,0,0,0,0,0,0,0,0,0,0,0,0,0,0,0,,0,,0,,0,,0,,0,0,,0
246,247,0,0,0,0,0,0,0,0,0,0,0,0,0,0,0.0,,,,0,0.0,0,0,0,0,0,0,0,0,0,0,0.0,0,0,0,0,0,"1,2",,,,,,,,,,,,,2,0,0,0,0,0,0,0,0,0,0,0,0,0,0,0,0,0,0,0,,0,,0,,0,,0,,0,0,,0
247,248,0,0,0,0,0,0,0,0,0,0,0,0,0,0,0.0,,,,0,0.0,0,0,0,0,0,0,0,0,0,0,0.0,0,0,0,0,0,"1,2",,,,,,,,,,,,,2,0,0,0,0,0,0,0,0,0,0,0,0,0,0,0,0,0,0,0,,0,,0,,0,,0,,0,0,,0
248,249,0,0,0,0,0,0,0,0,0,0,0,0,0,0,0.0,,,,0,0.0,0,0,0,0,0,0,0,0,0,0,0.0,0,0,0,0,0,"2,1",,,,,,,,,,,,,2,0,0,0,0,0,0,0,0,0,0,0,0,0,0,0,0,0,0,0,,0,,0,,0,,0,,0,0,,0
249,250,0,0,0,0,0,0,0,0,0,0,0,0,0,0,0.0,,,,0,0.0,0,0,0,0,0,0,0,0,0,0,0.0,0,0,0,0,0,"2,1",,,,,,,,,,,,,2,0,0,0,0,0,0,0,0,0,0,0,0,0,0,0,0,0,0,0,,0,,0,,0,,0,,0,0,,0
250,251,0,0,0,0,0,0,0,0,0,0,0,0,0,0,0.0,,,,0,0.0,0,0,0,0,0,0,0,0,0,0,0.0,0,0,0,0,0,"1,2",,,,,,,,,,,,,2,0,0,0,0,0,0,0,0,0,0,0,0,0,0,0,0,0,0,0,,0,,0,,0,,0,,0,0,,0
251,252,0,0,0,0,0,0,0,0,0,0,0,0,0,0,0.0,,,,0,0.0,0,0,0,0,0,0,0,0,0,0,0.0,0,0,0,0,0,"1,2",,,,,,,,,,,,,2,0,0,0,0,0,0,0,0,0,0,0,0,0,0,0,0,0,0,0,,0,,0,,0,,0,,0,0,,0
252,253,0,0,0,0,0,0,0,0,0,0,0,0,0,0,0.0,,,,0,0.0,0,0,0,0,0,0,0,0,0,0,0.0,0,0,0,0,0,"1,2",,,,,,,,,,,,,2,0,0,0,0,0,0,0,0,0,0,0,0,0,0,0,0,0,0,0,,0,,0,,0,,0,,0,0,,0
253,254,0,0,0,0,0,0,0,0,0,0,0,0,0,0,0.0,,,,0,0.0,0,0,0,0,0,0,0,0,0,0,0.0,0,0,0,0,0,"2,1",,,,,,,,,,,,,2,0,0,0,0,0,0,0,0,0,0,0,0,0,0,0,0,0,0,0,,0,,0,,0,,0,,0,0,,0
254,255,0,0,0,0,0,0,0,0,0,0,0,0,0,0,0.0,,,,0,0.0,0,0,0,0,0,0,0,0,0,0,0.0,0,0,0,0,0,"2,1",,,,,,,,,,,,,2,0,0,0,0,0,0,0,0,0,0,0,0,0,0,0,0,0,0,0,,0,,0,,0,,0,,0,0,,0
255,256,0,0,0,0,0,0,0,0,0,0,0,0,0,0,0.0,,,,0,0.0,0,0,0,0,0,0,0,0,0,0,0.0,0,0,0,0,0,"1,2",,,,,,,,,,,,,2,0,0,0,0,0,0,0,0,0,0,0,0,0,0,0,0,0,0,0,,0,,0,,0,,0,,0,0,,0
256,257,0,0,0,0,0,0,0,0,0,0,0,0,0,0,0.0,,,,0,0.0,0,0,0,0,0,0,0,0,0,0,0.0,0,0,0,0,0,"2,1",,,,,,,,,,,,,2,0,0,0,0,0,0,0,0,0,0,0,0,0,0,0,0,0,0,0,,0,,0,,0,,0,,0,0,,0
257,258,0,0,0,0,0,0,0,0,0,0,0,0,0,0,0.0,,,,0,0.0,0,0,0,0,0,0,0,0,0,0,0.0,0,0,0,0,0,"2,1",,,,,,,,,,,,,2,0,0,0,0,0,0,0,0,0,0,0,0,0,0,0,0,0,0,0,,0,,0,,0,,0,,0,0,,0
258,259,0,0,0,0,0,0,0,0,0,0,0,0,0,0,0.0,,,,0,0.0,0,0,0,0,0,0,0,0,0,0,0.0,0,0,0,0,0,"2,1",,,,,,,,,,,,,2,0,0,0,0,0,0,0,0,0,0,0,0,0,0,0,0,0,0,0,,0,,0,,0,,0,,0,0,,0
259,260,0,0,0,0,0,0,0,0,0,0,0,0,0,0,0.0,,,,0,0.0,0,0,0,0,0,0,0,0,0,0,0.0,0,0,0,0,0,"2,1",,,,,,,,,,,,,2,0,0,0,0,0,0,0,0,0,0,0,0,0,0,0,0,0,0,0,,0,,0,,0,,0,,0,0,,0
260,261,0,0,0,0,0,0,0,0,0,0,0,0,0,0,0.0,,,,0,0.0,0,0,0,0,0,0,0,0,0,0,0.0,0,0,0,0,0,"1,2",,,,,,,,,,,,,2,0,0,0,0,0,0,0,0,0,0,0,0,0,0,0,0,0,0,0,,0,,0,,0,,0,,0,0,,0
261,262,0,0,0,0,0,0,0,0,0,0,0,0,0,0,0.0,,,,0,0.0,0,0,0,0,0,0,0,0,0,0,0.0,0,0,0,0,0,"1,2",,,,,,,,,,,,,2,0,0,0,0,0,0,0,0,0,0,0,0,0,0,0,0,0,0,0,,0,,0,,0,,0,,0,0,,0
262,263,0,0,0,0,0,0,0,0,0,0,0,0,0,0,0.0,,,,0,0.0,0,0,0,0,0,0,0,0,0,0,0.0,0,0,0,0,0,"1,2",,,,,,,,,,,,,2,0,0,0,0,0,0,0,0,0,0,0,0,0,0,0,0,0,0,0,,0,,0,,0,,0,,0,0,,0
263,264,0,0,0,0,0,0,0,0,0,0,0,0,0,0,0.0,,,,0,0.0,0,0,0,0,0,0,0,0,0,0,0.0,0,0,0,0,0,"2,1",,,,,,,,,,,,,2,0,0,0,0,0,0,0,0,0,0,0,0,0,0,0,0,0,0,0,,0,,0,,0,,0,,0,0,,0
264,265,0,0,0,0,0,0,0,0,0,0,0,0,0,0,0.0,,,,0,0.0,0,0,0,0,0,0,0,0,0,0,0.0,0,0,0,0,0,"1,2",,,,,,,,,,,,,2,0,0,0,0,0,0,0,0,0,0,0,0,0,0,0,0,0,0,0,,0,,0,,0,,0,,0,0,,0
265,266,0,0,0,0,0,0,0,0,0,0,0,0,0,0,0.0,,,,0,0.0,0,0,0,0,0,0,0,0,0,0,0.0,0,0,0,0,0,"1,2",,,,,,,,,,,,,2,0,0,0,0,0,0,0,0,0,0,0,0,0,0,0,0,0,0,0,,0,,0,,0,,0,,0,0,,0
266,267,0,0,0,0,0,0,0,0,0,0,0,0,0,0,0.0,,,,0,0.0,0,0,0,0,0,0,0,0,0,0,0.0,0,0,0,0,0,"1,2",,,,,,,,,,,,,2,0,0,0,0,0,0,0,0,0,0,0,0,0,0,0,0,0,0,0,,0,,0,,0,,0,,0,0,,0
267,268,0,0,0,0,0,0,0,0,0,0,0,0,0,0,0.0,,,,0,0.0,0,0,0,0,0,0,0,0,0,0,0.0,0,0,0,0,0,"2,1",,,,,,,,,,,,,2,0,0,0,0,0,0,0,0,0,0,0,0,0,0,0,0,0,0,0,,0,,0,,0,,0,,0,0,,0
268,269,0,0,0,0,0,0,0,0,0,0,0,0,0,0,0.0,,,,0,0.0,0,0,0,0,0,0,0,0,0,0,0.0,0,0,0,0,0,"2,1",,,,,,,,,,,,,2,0,0,0,0,0,0,0,0,0,0,0,0,0,0,0,0,0,0,0,,0,,0,,0,,0,,0,0,,0
269,270,0,0,0,0,0,0,0,0,0,0,0,0,0,0,0.0,,,,0,0.0,0,0,0,0,0,0,0,0,0,0,0.0,0,0,0,0,0,"2,1",,,,,,,,,,,,,2,0,0,0,0,0,0,0,0,0,0,0,0,0,0,0,0,0,0,0,,0,,0,,0,,0,,0,0,,0
270,271,0,0,0,0,0,0,0,0,0,0,0,0,0,0,0.0,,,,0,0.0,0,0,0,0,0,0,0,0,0,0,0.0,0,0,0,0,0,"1,2",,,,,,,,,,,,,2,0,0,0,0,0,0,0,0,0,0,0,0,0,0,0,0,0,0,0,,0,,0,,0,,0,,0,0,,0
271,272,0,0,0,0,0,0,0,0,0,0,0,0,0,0,0.0,,,,0,0.0,0,0,0,0,0,0,0,0,0,0,0.0,0,0,0,0,0,"1,2",,,,,,,,,,,,,2,0,0,0,0,0,0,0,0,0,0,0,0,0,0,0,0,0,0,0,,0,,0,,0,,0,,0,0,,0
272,273,0,0,0,0,0,0,0,0,0,0,0,0,0,0,0.0,,,,0,0.0,0,0,0,0,0,0,0,0,0,0,0.0,0,0,0,0,0,"1,2",,,,,,,,,,,,,2,0,0,0,0,0,0,0,0,0,0,0,0,0,0,0,0,0,0,0,,0,,0,,0,,0,,0,0,,0
273,274,0,0,0,0,0,0,0,0,0,0,0,0,0,0,0.0,,,,0,0.0,0,0,0,0,0,0,0,0,0,0,0.0,0,0,0,0,0,"2,1",,,,,,,,,,,,,2,0,0,0,0,0,0,0,0,0,0,0,0,0,0,0,0,0,0,0,,0,,0,,0,,0,,0,0,,0
274,275,0,0,0,0,0,0,0,0,0,0,0,0,0,0,0.0,,,,0,0.0,0,0,0,0,0,0,0,0,0,0,0.0,0,0,0,0,0,"2,1",,,,,,,,,,,,,2,0,0,0,0,0,0,0,0,0,0,0,0,0,0,0,0,0,0,0,,0,,0,,0,,0,,0,0,,0
275,276,0,0,0,0,0,0,0,0,0,0,0,0,0,0,0.0,,,,0,0.0,0,0,0,0,0,0,0,0,0,0,0.0,0,0,0,0,0,"1,2",,,,,,,,,,,,,2,0,0,0,0,0,0,0,0,0,0,0,0,0,0,0,0,0,0,0,,0,,0,,0,,0,,0,0,,0
276,277,0,0,0,0,0,0,0,0,0,0,0,0,0,0,0.0,,,,0,0.0,0,0,0,0,0,0,0,0,0,0,0.0,0,0,0,0,0,"1,2",,,,,,,,,,,,,2,0,0,0,0,0,0,0,0,0,0,0,0,0,0,0,0,0,0,0,,0,,0,,0,,0,,0,0,,0
277,278,0,0,0,0,0,0,0,0,0,0,0,0,0,0,0.0,,,,0,0.0,0,0,0,0,0,0,0,0,0,0,0.0,0,0,0,0,0,"2,1",,,,,,,,,,,,,2,0,0,0,0,0,0,0,0,0,0,0,0,0,0,0,0,0,0,0,,0,,0,,0,,0,,0,0,,0
278,279,0,0,0,0,0,0,0,0,0,0,0,0,0,0,0.0,,,,0,0.0,0,0,0,0,0,0,0,0,0,0,0.0,0,0,0,0,0,"2,1",,,,,,,,,,,,,2,0,0,0,0,0,0,0,0,0,0,0,0,0,0,0,0,0,0,0,,0,,0,,0,,0,,0,0,,0
279,280,0,0,0,0,0,0,0,0,0,0,0,0,0,0,0.0,,,,0,0.0,0,0,0,0,0,0,0,0,0,0,0.0,0,0,0,0,0,"1,2",,,,,,,,,,,,,2,0,0,0,0,0,0,0,0,0,0,0,0,0,0,0,0,0,0,0,,0,,0,,0,,0,,0,0,,0
280,281,0,0,0,0,0,0,0,0,0,0,0,0,0,0,0.0,,,,0,0.0,0,0,0,0,0,0,0,0,0,0,0.0,0,0,0,0,0,"2,1",,,,,,,,,,,,,2,0,0,0,0,0,0,0,0,0,0,0,0,0,0,0,0,0,0,0,,0,,0,,0,,0,,0,0,,0
281,282,0,0,0,0,0,0,0,0,0,0,0,0,0,0,0.0,,,,0,0.0,0,0,0,0,0,0,0,0,0,0,0.0,0,0,0,0,0,"2,1",,,,,,,,,,,,,2,0,0,0,0,0,0,0,0,0,0,0,0,0,0,0,0,0,0,0,,0,,0,,0,,0,,0,0,,0
282,283,0,0,0,0,0,0,0,0,0,0,0,0,0,0,0.0,,,,0,0.0,0,0,0,0,0,0,0,0,0,0,0.0,0,0,0,0,0,"2,1",,,,,,,,,,,,,2,0,0,0,0,0,0,0,0,0,0,0,0,0,0,0,0,0,0,0,,0,,0,,0,,0,,0,0,,0
283,284,0,0,0,0,0,0,0,0,0,0,0,0,0,0,0.0,,,,0,0.0,0,0,0,0,0,0,0,0,0,0,0.0,0,0,0,0,0,"2,1",,,,,,,,,,,,,2,0,0,0,0,0,0,0,0,0,0,0,0,0,0,0,0,0,0,0,,0,,0,,0,,0,,0,0,,0
284,285,0,0,0,0,0,0,0,0,0,0,0,0,0,0,0.0,,,,0,0.0,0,0,0,0,0,0,0,0,0,0,0.0,0,0,0,0,0,"2,1",,,,,,,,,,,,,2,0,0,0,0,0,0,0,0,0,0,0,0,0,0,0,0,0,0,0,,0,,0,,0,,0,,0,0,,0
285,286,0,0,0,0,0,0,0,0,0,0,0,0,0,0,0.0,,,,0,0.0,0,0,0,0,0,0,0,0,0,0,0.0,0,0,0,0,0,"2,1",,,,,,,,,,,,,2,0,0,0,0,0,0,0,0,0,0,0,0,0,0,0,0,0,0,0,,0,,0,,0,,0,,0,0,,0
286,287,0,0,0,0,0,0,0,0,0,0,0,0,0,0,0.0,,,,0,0.0,0,0,0,0,0,0,0,0,0,0,0.0,0,0,0,0,0,"2,1",,,,,,,,,,,,,2,0,0,0,0,0,0,0,0,0,0,0,0,0,0,0,0,0,0,0,,0,,0,,0,,0,,0,0,,0
287,288,0,0,0,0,0,0,0,0,0,0,0,0,0,0,0.0,,,,0,0.0,0,0,0,0,0,0,0,0,0,0,0.0,0,0,0,0,0,"2,1",,,,,,,,,,,,,2,0,0,0,0,0,0,0,0,0,0,0,0,0,0,0,0,0,0,0,,0,,0,,0,,0,,0,0,,0
288,289,0,0,0,0,0,0,0,0,0,0,0,0,0,0,0.0,,,,0,0.0,0,0,0,0,0,0,0,0,0,0,0.0,0,0,0,0,0,"2,1",,,,,,,,,,,,,2,0,0,0,0,0,0,0,0,0,0,0,0,0,0,0,0,0,0,0,,0,,0,,0,,0,,0,0,,0
289,290,0,0,0,0,0,0,0,0,0,0,0,0,0,0,0.0,,,,0,0.0,0,0,0,0,0,0,0,0,0,0,0.0,0,0,0,0,0,"1,2",,,,,,,,,,,,,2,0,0,0,0,0,0,0,0,0,0,0,0,0,0,0,0,0,0,0,,0,,0,,0,,0,,0,0,,0
290,291,0,0,0,0,0,0,0,0,0,0,0,0,0,0,0.0,,,,0,0.0,0,0,0,0,0,0,0,0,0,0,0.0,0,0,0,0,0,"2,1",,,,,,,,,,,,,2,0,0,0,0,0,0,0,0,0,0,0,0,0,0,0,0,0,0,0,,0,,0,,0,,0,,0,0,,0
291,292,0,0,0,0,0,0,0,0,0,0,0,0,0,0,0.0,,,,0,0.0,0,0,0,0,0,0,0,0,0,0,0.0,0,0,0,0,0,"1,2",,,,,,,,,,,,,2,0,0,0,0,0,0,0,0,0,0,0,0,0,0,0,0,0,0,0,,0,,0,,0,,0,,0,0,,0
292,293,0,0,0,0,0,0,0,0,0,0,0,0,0,0,0.0,,,,0,0.0,0,0,0,0,0,0,0,0,0,0,0.0,0,0,0,0,0,"1,2",,,,,,,,,,,,,2,0,0,0,0,0,0,0,0,0,0,0,0,0,0,0,0,0,0,0,,0,,0,,0,,0,,0,0,,0
293,294,0,0,0,0,0,0,0,0,0,0,0,0,0,0,0.0,,,,0,0.0,0,0,0,0,0,0,0,0,0,0,0.0,0,0,0,0,0,"2,1",,,,,,,,,,,,,2,0,0,0,0,0,0,0,0,0,0,0,0,0,0,0,0,0,0,0,,0,,0,,0,,0,,0,0,,0
294,295,0,0,0,0,0,0,0,0,0,0,0,0,0,0,0.0,,,,0,0.0,0,0,0,0,0,0,0,0,0,0,0.0,0,0,0,0,0,"2,1",,,,,,,,,,,,,2,0,0,0,0,0,0,0,0,0,0,0,0,0,0,0,0,0,0,0,,0,,0,,0,,0,,0,0,,0
295,296,0,0,0,0,0,0,0,0,0,0,0,0,0,0,0.0,,,,0,0.0,0,0,0,0,0,0,0,0,0,0,0.0,0,0,0,0,0,"2,1",,,,,,,,,,,,,2,0,0,0,0,0,0,0,0,0,0,0,0,0,0,0,0,0,0,0,,0,,0,,0,,0,,0,0,,0
296,297,0,0,0,0,0,0,0,0,0,0,0,0,0,0,0.0,,,,0,0.0,0,0,0,0,0,0,0,0,0,0,0.0,0,0,0,0,0,"1,2",,,,,,,,,,,,,2,0,0,0,0,0,0,0,0,0,0,0,0,0,0,0,0,0,0,0,,0,,0,,0,,0,,0,0,,0
297,298,0,0,0,0,0,0,0,0,0,0,0,0,0,0,0.0,,,,0,0.0,0,0,0,0,0,0,0,0,0,0,0.0,0,0,0,0,0,"2,1",,,,,,,,,,,,,2,0,0,0,0,0,0,0,0,0,0,0,0,0,0,0,0,0,0,0,,0,,0,,0,,0,,0,0,,0
298,299,0,0,0,0,0,0,0,0,0,0,0,0,0,0,0.0,,,,0,0.0,0,0,0,0,0,0,0,0,0,0,0.0,0,0,0,0,0,"2,1",,,,,,,,,,,,,2,0,0,0,0,0,0,0,0,0,0,0,0,0,0,0,0,0,0,0,,0,,0,,0,,0,,0,0,,0
299,300,0,0,0,0,0,0,0,0,0,0,0,0,0,0,0.0,,,,0,0.0,0,0,0,0,0,0,0,0,0,0,0.0,0,0,0,0,0,"1,2",,,,,,,,,,,,,2,0,0,0,0,0,0,0,0,0,0,0,0,0,0,0,0,0,0,0,,0,,0,,0,,0,,0,0,,0
300,301,0,0,0,0,0,0,0,0,0,0,0,0,0,0,0.0,,,,0,0.0,0,0,0,0,0,0,0,0,0,0,0.0,0,0,0,0,0,"2,1",,,,,,,,,,,,,2,0,0,0,0,0,0,0,0,0,0,0,0,0,0,0,0,0,0,0,,0,,0,,0,,0,,0,0,,0
301,302,0,0,0,0,0,0,0,0,0,0,0,0,0,0,0.0,,,,0,0.0,0,0,0,0,0,0,0,0,0,0,0.0,0,0,0,0,0,"2,1",,,,,,,,,,,,,2,0,0,0,0,0,0,0,0,0,0,0,0,0,0,0,0,0,0,0,,0,,0,,0,,0,,0,0,,0
302,303,0,0,0,0,0,0,0,0,0,0,0,0,0,0,0.0,,,,0,0.0,0,0,0,0,0,0,0,0,0,0,0.0,0,0,0,0,0,"1,2",,,,,,,,,,,,,2,0,0,0,0,0,0,0,0,0,0,0,0,0,0,0,0,0,0,0,,0,,0,,0,,0,,0,0,,0
303,304,0,0,0,0,0,0,0,0,0,0,0,0,0,0,0.0,,,,0,0.0,0,0,0,0,0,0,0,0,0,0,0.0,0,0,0,0,0,"2,1",,,,,,,,,,,,,2,0,0,0,0,0,0,0,0,0,0,0,0,0,0,0,0,0,0,0,,0,,0,,0,,0,,0,0,,0
304,305,0,0,0,0,0,0,0,0,0,0,0,0,0,0,0.0,,,,0,0.0,0,0,0,0,0,0,0,0,0,0,0.0,0,0,0,0,0,"2,1",,,,,,,,,,,,,2,0,0,0,0,0,0,0,0,0,0,0,0,0,0,0,0,0,0,0,,0,,0,,0,,0,,0,0,,0
305,306,0,0,0,0,0,0,0,0,0,0,0,0,0,0,0.0,,,,0,0.0,0,0,0,0,0,0,0,0,0,0,0.0,0,0,0,0,0,"1,2",,,,,,,,,,,,,2,0,0,0,0,0,0,0,0,0,0,0,0,0,0,0,0,0,0,0,,0,,0,,0,,0,,0,0,,0
306,307,0,0,0,0,0,0,0,0,0,0,0,0,0,0,0.0,,,,0,0.0,0,0,0,0,0,0,0,0,0,0,0.0,0,0,0,0,0,"1,2",,,,,,,,,,,,,2,0,0,0,0,0,0,0,0,0,0,0,0,0,0,0,0,0,0,0,,0,,0,,0,,0,,0,0,,0
307,308,0,0,0,0,0,0,0,0,0,0,0,0,0,0,0.0,,,,0,0.0,0,0,0,0,0,0,0,0,0,0,0.0,0,0,0,0,0,"2,1",,,,,,,,,,,,,2,0,0,0,0,0,0,0,0,0,0,0,0,0,0,0,0,0,0,0,,0,,0,,0,,0,,0,0,,0
308,309,0,0,0,0,0,0,0,0,0,0,0,0,0,0,0.0,,,,0,0.0,0,0,0,0,0,0,0,0,0,0,0.0,0,0,0,0,0,"2,1",,,,,,,,,,,,,2,0,0,0,0,0,0,0,0,0,0,0,0,0,0,0,0,0,0,0,,0,,0,,0,,0,,0,0,,0
309,310,0,0,0,0,0,0,0,0,0,0,0,0,0,0,0.0,,,,0,0.0,0,0,0,0,0,0,0,0,0,0,0.0,0,0,0,0,0,"2,1",,,,,,,,,,,,,2,0,0,0,0,0,0,0,0,0,0,0,0,0,0,0,0,0,0,0,,0,,0,,0,,0,,0,0,,0
310,311,0,0,0,0,0,0,0,0,0,0,0,0,0,0,0.0,,,,0,0.0,0,0,0,0,0,0,0,0,0,0,0.0,0,0,0,0,0,"1,2",,,,,,,,,,,,,2,0,0,0,0,0,0,0,0,0,0,0,0,0,0,0,0,0,0,0,,0,,0,,0,,0,,0,0,,0
311,312,0,0,0,0,0,0,0,0,0,0,0,0,0,0,0.0,,,,0,0.0,0,0,0,0,0,0,0,0,0,0,0.0,0,0,0,0,0,"1,2",,,,,,,,,,,,,2,0,0,0,0,0,0,0,0,0,0,0,0,0,0,0,0,0,0,0,,0,,0,,0,,0,,0,0,,0
312,313,0,0,0,0,0,0,0,0,0,0,0,0,0,0,0.0,,,,0,0.0,0,0,0,0,0,0,0,0,0,0,0.0,0,0,0,0,0,"2,1",,,,,,,,,,,,,2,0,0,0,0,0,0,0,0,0,0,0,0,0,0,0,0,0,0,0,,0,,0,,0,,0,,0,0,,0
313,314,0,0,0,0,0,0,0,0,0,0,0,0,0,0,0.0,,,,0,0.0,0,0,0,0,0,0,0,0,0,0,0.0,0,0,0,0,0,"2,1",,,,,,,,,,,,,2,0,0,0,0,0,0,0,0,0,0,0,0,0,0,0,0,0,0,0,,0,,0,,0,,0,,0,0,,0
314,315,0,0,0,0,0,0,0,0,0,0,0,0,0,0,0.0,,,,0,0.0,0,0,0,0,0,0,0,0,0,0,0.0,0,0,0,0,0,"1,2",,,,,,,,,,,,,2,0,0,0,0,0,0,0,0,0,0,0,0,0,0,0,0,0,0,0,,0,,0,,0,,0,,0,0,,0
315,316,0,0,0,0,0,0,0,0,0,0,0,0,0,0,0.0,,,,0,0.0,0,0,0,0,0,0,0,0,0,0,0.0,0,0,0,0,0,"2,1",,,,,,,,,,,,,2,0,0,0,0,0,0,0,0,0,0,0,0,0,0,0,0,0,0,0,,0,,0,,0,,0,,0,0,,0
316,317,0,0,0,0,0,0,0,0,0,0,0,0,0,0,0.0,,,,0,0.0,0,0,0,0,0,0,0,0,0,0,0.0,0,0,0,0,0,"1,2",,,,,,,,,,,,,2,0,0,0,0,0,0,0,0,0,0,0,0,0,0,0,0,0,0,0,,0,,0,,0,,0,,0,0,,0
317,318,0,0,0,0,0,0,0,0,0,0,0,0,0,0,0.0,,,,0,0.0,0,0,0,0,0,0,0,0,0,0,0.0,0,0,0,0,0,"1,2",,,,,,,,,,,,,2,0,0,0,0,0,0,0,0,0,0,0,0,0,0,0,0,0,0,0,,0,,0,,0,,0,,0,0,,0
318,319,0,0,0,0,0,0,0,0,0,0,0,0,0,0,0.0,,,,0,0.0,0,0,0,0,0,0,0,0,0,0,0.0,0,0,0,0,0,"2,1",,,,,,,,,,,,,2,0,0,0,0,0,0,0,0,0,0,0,0,0,0,0,0,0,0,0,,0,,0,,0,,0,,0,0,,0
319,320,0,0,0,0,0,0,0,0,0,0,0,0,0,0,0.0,,,,0,0.0,0,0,0,0,0,0,0,0,0,0,0.0,0,0,0,0,0,"1,2",,,,,,,,,,,,,2,0,0,0,0,0,0,0,0,0,0,0,0,0,0,0,0,0,0,0,,0,,0,,0,,0,,0,0,,0
320,321,0,0,0,0,0,0,0,0,0,0,0,0,0,0,0.0,,,,0,0.0,0,0,0,0,0,0,0,0,0,0,0.0,0,0,0,0,0,"2,1",,,,,,,,,,,,,2,0,0,0,0,0,0,0,0,0,0,0,0,0,0,0,0,0,0,0,,0,,0,,0,,0,,0,0,,0
321,322,0,0,0,0,0,0,0,0,0,0,0,0,0,0,0.0,,,,0,0.0,0,0,0,0,0,0,0,0,0,0,0.0,0,0,0,0,0,"2,1",,,,,,,,,,,,,2,0,0,0,0,0,0,0,0,0,0,0,0,0,0,0,0,0,0,0,,0,,0,,0,,0,,0,0,,0
322,323,0,0,0,0,0,0,0,0,0,0,0,0,0,0,0.0,,,,0,0.0,0,0,0,0,0,0,0,0,0,0,0.0,0,0,0,0,0,"1,2",,,,,,,,,,,,,2,0,0,0,0,0,0,0,0,0,0,0,0,0,0,0,0,0,0,0,,0,,0,,0,,0,,0,0,,0
323,324,0,0,0,0,0,0,0,0,0,0,0,0,0,0,0.0,,,,0,0.0,0,0,0,0,0,0,0,0,0,0,0.0,0,0,0,0,0,"1,2",,,,,,,,,,,,,2,0,0,0,0,0,0,0,0,0,0,0,0,0,0,0,0,0,0,0,,0,,0,,0,,0,,0,0,,0
324,325,0,0,0,0,0,0,0,0,0,0,0,0,0,0,0.0,,,,0,0.0,0,0,0,0,0,0,0,0,0,0,0.0,0,0,0,0,0,"2,1",,,,,,,,,,,,,2,0,0,0,0,0,0,0,0,0,0,0,0,0,0,0,0,0,0,0,,0,,0,,0,,0,,0,0,,0
325,326,0,0,0,0,0,0,0,0,0,0,0,0,0,0,0.0,,,,0,0.0,0,0,0,0,0,0,0,0,0,0,0.0,0,0,0,0,0,"1,2",,,,,,,,,,,,,2,0,0,0,0,0,0,0,0,0,0,0,0,0,0,0,0,0,0,0,,0,,0,,0,,0,,0,0,,0
326,327,0,0,0,0,0,0,0,0,0,0,0,0,0,0,0.0,,,,0,0.0,0,0,0,0,0,0,0,0,0,0,0.0,0,0,0,0,0,"1,2",,,,,,,,,,,,,2,0,0,0,0,0,0,0,0,0,0,0,0,0,0,0,0,0,0,0,,0,,0,,0,,0,,0,0,,0
327,328,0,0,0,0,0,0,0,0,0,0,0,0,0,0,0.0,,,,0,0.0,0,0,0,0,0,0,0,0,0,0,0.0,0,0,0,0,0,"2,1",,,,,,,,,,,,,2,0,0,0,0,0,0,0,0,0,0,0,0,0,0,0,0,0,0,0,,0,,0,,0,,0,,0,0,,0
328,329,0,0,0,0,0,0,0,0,0,0,0,0,0,0,0.0,,,,0,0.0,0,0,0,0,0,0,0,0,0,0,0.0,0,0,0,0,0,"2,1",,,,,,,,,,,,,2,0,0,0,0,0,0,0,0,0,0,0,0,0,0,0,0,0,0,0,,0,,0,,0,,0,,0,0,,0
329,330,0,0,0,0,0,0,0,0,0,0,0,0,0,0,0.0,,,,0,0.0,0,0,0,0,0,0,0,0,0,0,0.0,0,0,0,0,0,"1,2",,,,,,,,,,,,,2,0,0,0,0,0,0,0,0,0,0,0,0,0,0,0,0,0,0,0,,0,,0,,0,,0,,0,0,,0
330,331,0,0,0,0,0,0,0,0,0,0,0,0,0,0,0.0,,,,0,0.0,0,0,0,0,0,0,0,0,0,0,0.0,0,0,0,0,0,"2,1",,,,,,,,,,,,,2,0,0,0,0,0,0,0,0,0,0,0,0,0,0,0,0,0,0,0,,0,,0,,0,,0,,0,0,,0
331,332,0,0,0,0,0,0,0,0,0,0,0,0,0,0,0.0,,,,0,0.0,0,0,0,0,0,0,0,0,0,0,0.0,0,0,0,0,0,"2,1",,,,,,,,,,,,,2,0,0,0,0,0,0,0,0,0,0,0,0,0,0,0,0,0,0,0,,0,,0,,0,,0,,0,0,,0
332,333,0,0,0,0,0,0,0,0,0,0,0,0,0,0,0.0,,,,0,0.0,0,0,0,0,0,0,0,0,0,0,0.0,0,0,0,0,0,"2,1",,,,,,,,,,,,,2,0,0,0,0,0,0,0,0,0,0,0,0,0,0,0,0,0,0,0,,0,,0,,0,,0,,0,0,,0
333,334,0,0,0,0,0,0,0,0,0,0,0,0,0,0,0.0,,,,0,0.0,0,0,0,0,0,0,0,0,0,0,0.0,0,0,0,0,0,"2,1",,,,,,,,,,,,,2,0,0,0,0,0,0,0,0,0,0,0,0,0,0,0,0,0,0,0,,0,,0,,0,,0,,0,0,,0
334,335,0,0,0,0,0,0,0,0,0,0,0,0,0,0,0.0,,,,0,0.0,0,0,0,0,0,0,0,0,0,0,0.0,0,0,0,0,0,"2,1",,,,,,,,,,,,,2,0,0,0,0,0,0,0,0,0,0,0,0,0,0,0,0,0,0,0,,0,,0,,0,,0,,0,0,,0
335,336,0,0,0,0,0,0,0,0,0,0,0,0,0,0,0.0,,,,0,0.0,0,0,0,0,0,0,0,0,0,0,0.0,0,0,0,0,0,"2,1",,,,,,,,,,,,,2,0,0,0,0,0,0,0,0,0,0,0,0,0,0,0,0,0,0,0,,0,,0,,0,,0,,0,0,,0
336,337,0,0,0,0,0,0,0,0,0,0,0,0,0,0,0.0,,,,0,0.0,0,0,0,0,0,0,0,0,0,0,0.0,0,0,0,0,0,"2,1",,,,,,,,,,,,,2,0,0,0,0,0,0,0,0,0,0,0,0,0,0,0,0,0,0,0,,0,,0,,0,,0,,0,0,,0
337,338,0,0,0,0,0,0,0,0,0,0,0,0,0,0,0.0,,,,0,0.0,0,0,0,0,0,0,0,0,0,0,0.0,0,0,0,0,0,"2,1",,,,,,,,,,,,,2,0,0,0,0,0,0,0,0,0,0,0,0,0,0,0,0,0,0,0,,0,,0,,0,,0,,0,0,,0
338,339,0,0,0,0,0,0,0,0,0,0,0,0,0,0,0.0,,,,0,0.0,0,0,0,0,0,0,0,0,0,0,0.0,0,0,0,0,0,"1,2",,,,,,,,,,,,,2,0,0,0,0,0,0,0,0,0,0,0,0,0,0,0,0,0,0,0,,0,,0,,0,,0,,0,0,,0
339,340,0,0,0,0,0,0,0,0,0,0,0,0,0,0,0.0,,,,0,0.0,0,0,0,0,0,0,0,0,0,0,0.0,0,0,0,0,0,"2,1",,,,,,,,,,,,,2,0,0,0,0,0,0,0,0,0,0,0,0,0,0,0,0,0,0,0,,0,,0,,0,,0,,0,0,,0
340,341,0,0,0,0,0,0,0,0,0,0,0,0,0,0,0.0,,,,0,0.0,0,0,0,0,0,0,0,0,0,0,0.0,0,0,0,0,0,"1,2",,,,,,,,,,,,,2,0,0,0,0,0,0,0,0,0,0,0,0,0,0,0,0,0,0,0,,0,,0,,0,,0,,0,0,,0
341,342,0,0,0,0,0,0,0,0,0,0,0,0,0,0,0.0,,,,0,0.0,0,0,0,0,0,0,0,0,0,0,0.0,0,0,0,0,0,"2,1",,,,,,,,,,,,,2,0,0,0,0,0,0,0,0,0,0,0,0,0,0,0,0,0,0,0,,0,,0,,0,,0,,0,0,,0
342,343,0,0,0,0,0,0,0,0,0,0,0,0,0,0,0.0,,,,0,0.0,0,0,0,0,0,0,0,0,0,0,0.0,0,0,0,0,0,"1,2",,,,,,,,,,,,,2,0,0,0,0,0,0,0,0,0,0,0,0,0,0,0,0,0,0,0,,0,,0,,0,,0,,0,0,,0
343,344,0,0,0,0,0,0,0,0,0,0,0,0,0,0,0.0,,,,0,0.0,0,0,0,0,0,0,0,0,0,0,0.0,0,0,0,0,0,"1,2",,,,,,,,,,,,,2,0,0,0,0,0,0,0,0,0,0,0,0,0,0,0,0,0,0,0,,0,,0,,0,,0,,0,0,,0
344,345,0,0,0,0,0,0,0,0,0,0,0,0,0,0,0.0,,,,0,0.0,0,0,0,0,0,0,0,0,0,0,0.0,0,0,0,0,0,"2,1",,,,,,,,,,,,,2,0,0,0,0,0,0,0,0,0,0,0,0,0,0,0,0,0,0,0,,0,,0,,0,,0,,0,0,,0
345,346,0,0,0,0,0,0,0,0,0,0,0,0,0,0,0.0,,,,0,0.0,0,0,0,0,0,0,0,0,0,0,0.0,0,0,0,0,0,"1,2",,,,,,,,,,,,,2,0,0,0,0,0,0,0,0,0,0,0,0,0,0,0,0,0,0,0,,0,,0,,0,,0,,0,0,,0
346,347,0,0,0,0,0,0,0,0,0,0,0,0,0,0,0.0,,,,0,0.0,0,0,0,0,0,0,0,0,0,0,0.0,0,0,0,0,0,"1,2",,,,,,,,,,,,,2,0,0,0,0,0,0,0,0,0,0,0,0,0,0,0,0,0,0,0,,0,,0,,0,,0,,0,0,,0
347,348,0,0,0,0,0,0,0,0,0,0,0,0,0,0,0.0,,,,0,0.0,0,0,0,0,0,0,0,0,0,0,0.0,0,0,0,0,0,"1,2",,,,,,,,,,,,,2,0,0,0,0,0,0,0,0,0,0,0,0,0,0,0,0,0,0,0,,0,,0,,0,,0,,0,0,,0
348,349,0,0,0,0,0,0,0,0,0,0,0,0,0,0,0.0,,,,0,0.0,0,0,0,0,0,0,0,0,0,0,0.0,0,0,0,0,0,"1,2",,,,,,,,,,,,,2,0,0,0,0,0,0,0,0,0,0,0,0,0,0,0,0,0,0,0,,0,,0,,0,,0,,0,0,,0
349,350,0,0,0,0,0,0,0,0,0,0,0,0,0,0,0.0,,,,0,0.0,0,0,0,0,0,0,0,0,0,0,0.0,0,0,0,0,0,"2,1",,,,,,,,,,,,,2,0,0,0,0,0,0,0,0,0,0,0,0,0,0,0,0,0,0,0,,0,,0,,0,,0,,0,0,,0
350,351,0,0,0,0,0,0,0,0,0,0,0,0,0,0,0.0,,,,0,0.0,0,0,0,0,0,0,0,0,0,0,0.0,0,0,0,0,0,"1,2",,,,,,,,,,,,,2,0,0,0,0,0,0,0,0,0,0,0,0,0,0,0,0,0,0,0,,0,,0,,0,,0,,0,0,,0
351,352,0,0,0,0,0,0,0,0,0,0,0,0,0,0,0.0,,,,0,0.0,0,0,0,0,0,0,0,0,0,0,0.0,0,0,0,0,0,"2,1",,,,,,,,,,,,,2,0,0,0,0,0,0,0,0,0,0,0,0,0,0,0,0,0,0,0,,0,,0,,0,,0,,0,0,,0
352,353,0,0,0,0,0,0,0,0,0,0,0,0,0,0,0.0,,,,0,0.0,0,0,0,0,0,0,0,0,0,0,0.0,0,0,0,0,0,"2,1",,,,,,,,,,,,,2,0,0,0,0,0,0,0,0,0,0,0,0,0,0,0,0,0,0,0,,0,,0,,0,,0,,0,0,,0
353,354,0,0,0,0,0,0,0,0,0,0,0,0,0,0,0.0,,,,0,0.0,0,0,0,0,0,0,0,0,0,0,0.0,0,0,0,0,0,"1,2",,,,,,,,,,,,,2,0,0,0,0,0,0,0,0,0,0,0,0,0,0,0,0,0,0,0,,0,,0,,0,,0,,0,0,,0
354,355,0,0,0,0,0,0,0,0,0,0,0,0,0,0,0.0,,,,0,0.0,0,0,0,0,0,0,0,0,0,0,0.0,0,0,0,0,0,"2,1",,,,,,,,,,,,,2,0,0,0,0,0,0,0,0,0,0,0,0,0,0,0,0,0,0,0,,0,,0,,0,,0,,0,0,,0
355,356,0,0,0,0,0,0,0,0,0,0,0,0,0,0,0.0,,,,0,0.0,0,0,0,0,0,0,0,0,0,0,0.0,0,0,0,0,0,"2,1",,,,,,,,,,,,,2,0,0,0,0,0,0,0,0,0,0,0,0,0,0,0,0,0,0,0,,0,,0,,0,,0,,0,0,,0
356,357,0,0,0,0,0,0,0,0,0,0,0,0,0,0,0.0,,,,0,0.0,0,0,0,0,0,0,0,0,0,0,0.0,0,0,0,0,0,"2,1",,,,,,,,,,,,,2,0,0,0,0,0,0,0,0,0,0,0,0,0,0,0,0,0,0,0,,0,,0,,0,,0,,0,0,,0
357,358,0,0,0,0,0,0,0,0,0,0,0,0,0,0,0.0,,,,0,0.0,0,0,0,0,0,0,0,0,0,0,0.0,0,0,0,0,0,"2,1",,,,,,,,,,,,,2,0,0,0,0,0,0,0,0,0,0,0,0,0,0,0,0,0,0,0,,0,,0,,0,,0,,0,0,,0
358,359,0,0,0,0,0,0,0,0,0,0,0,0,0,0,0.0,,,,0,0.0,0,0,0,0,0,0,0,0,0,0,0.0,0,0,0,0,0,"2,1",,,,,,,,,,,,,2,0,0,0,0,0,0,0,0,0,0,0,0,0,0,0,0,0,0,0,,0,,0,,0,,0,,0,0,,0
359,360,0,0,0,0,0,0,0,0,0,0,0,0,0,0,0.0,,,,0,0.0,0,0,0,0,0,0,0,0,0,0,0.0,0,0,0,0,0,"1,2",,,,,,,,,,,,,2,0,0,0,0,0,0,0,0,0,0,0,0,0,0,0,0,0,0,0,,0,,0,,0,,0,,0,0,,0
360,361,0,0,0,0,0,0,0,0,0,0,0,0,0,0,0.0,,,,0,0.0,0,0,0,0,0,0,0,0,0,0,0.0,0,0,0,0,0,"1,2",,,,,,,,,,,,,2,0,0,0,0,0,0,0,0,0,0,0,0,0,0,0,0,0,0,0,,0,,0,,0,,0,,0,0,,0
361,362,0,0,0,0,0,0,0,0,0,0,0,0,0,0,0.0,,,,0,0.0,0,0,0,0,0,0,0,0,0,0,0.0,0,0,0,0,0,"2,1",,,,,,,,,,,,,2,0,0,0,0,0,0,0,0,0,0,0,0,0,0,0,0,0,0,0,,0,,0,,0,,0,,0,0,,0
362,363,0,0,0,0,0,0,0,0,0,0,0,0,0,0,0.0,,,,0,0.0,0,0,0,0,0,0,0,0,0,0,0.0,0,0,0,0,0,"2,1",,,,,,,,,,,,,2,0,0,0,0,0,0,0,0,0,0,0,0,0,0,0,0,0,0,0,,0,,0,,0,,0,,0,0,,0
363,364,0,0,0,0,0,0,0,0,0,0,0,0,0,0,0.0,,,,0,0.0,0,0,0,0,0,0,0,0,0,0,0.0,0,0,0,0,0,"1,2",,,,,,,,,,,,,2,0,0,0,0,0,0,0,0,0,0,0,0,0,0,0,0,0,0,0,,0,,0,,0,,0,,0,0,,0
364,365,0,0,0,0,0,0,0,0,0,0,0,0,0,0,0.0,,,,0,0.0,0,0,0,0,0,0,0,0,0,0,0.0,0,0,0,0,0,"2,1",,,,,,,,,,,,,2,0,0,0,0,0,0,0,0,0,0,0,0,0,0,0,0,0,0,0,,0,,0,,0,,0,,0,0,,0
365,366,0,0,0,0,0,0,0,0,0,0,0,0,0,0,0.0,,,,0,0.0,0,0,0,0,0,0,0,0,0,0,0.0,0,0,0,0,0,"2,1",,,,,,,,,,,,,2,0,0,0,0,0,0,0,0,0,0,0,0,0,0,0,0,0,0,0,,0,,0,,0,,0,,0,0,,0
366,367,0,0,0,0,0,0,0,0,0,0,0,0,0,0,0.0,,,,0,0.0,0,0,0,0,0,0,0,0,0,0,0.0,0,0,0,0,0,"1,2",,,,,,,,,,,,,2,0,0,0,0,0,0,0,0,0,0,0,0,0,0,0,0,0,0,0,,0,,0,,0,,0,,0,0,,0
367,368,0,0,0,0,0,0,0,0,0,0,0,0,0,0,0.0,,,,0,0.0,0,0,0,0,0,0,0,0,0,0,0.0,0,0,0,0,0,"2,1",,,,,,,,,,,,,2,0,0,0,0,0,0,0,0,0,0,0,0,0,0,0,0,0,0,0,,0,,0,,0,,0,,0,0,,0
368,369,0,0,0,0,0,0,0,0,0,0,0,0,0,0,0.0,,,,0,0.0,0,0,0,0,0,0,0,0,0,0,0.0,0,0,0,0,0,"2,1",,,,,,,,,,,,,2,0,0,0,0,0,0,0,0,0,0,0,0,0,0,0,0,0,0,0,,0,,0,,0,,0,,0,0,,0
369,370,0,0,0,0,0,0,0,0,0,0,0,0,0,0,0.0,,,,0,0.0,0,0,0,0,0,0,0,0,0,0,0.0,0,0,0,0,0,"2,1",,,,,,,,,,,,,2,0,0,0,0,0,0,0,0,0,0,0,0,0,0,0,0,0,0,0,,0,,0,,0,,0,,0,0,,0
370,371,0,0,0,0,0,0,0,0,0,0,0,0,0,0,0.0,,,,0,0.0,0,0,0,0,0,0,0,0,0,0,0.0,0,0,0,0,0,"2,1",,,,,,,,,,,,,2,0,0,0,0,0,0,0,0,0,0,0,0,0,0,0,0,0,0,0,,0,,0,,0,,0,,0,0,,0
371,372,0,0,0,0,0,0,0,0,0,0,0,0,0,0,0.0,,,,0,0.0,0,0,0,0,0,0,0,0,0,0,0.0,0,0,0,0,0,"1,2",,,,,,,,,,,,,2,0,0,0,0,0,0,0,0,0,0,0,0,0,0,0,0,0,0,0,,0,,0,,0,,0,,0,0,,0
372,373,0,0,0,0,0,0,0,0,0,0,0,0,0,0,0.0,,,,0,0.0,0,0,0,0,0,0,0,0,0,0,0.0,0,0,0,0,0,"1,2",,,,,,,,,,,,,2,0,0,0,0,0,0,0,0,0,0,0,0,0,0,0,0,0,0,0,,0,,0,,0,,0,,0,0,,0
373,374,0,0,0,0,0,0,0,0,0,0,0,0,0,0,0.0,,,,0,0.0,0,0,0,0,0,0,0,0,0,0,0.0,0,0,0,0,0,"2,1",,,,,,,,,,,,,2,0,0,0,0,0,0,0,0,0,0,0,0,0,0,0,0,0,0,0,,0,,0,,0,,0,,0,0,,0
374,375,0,0,0,0,0,0,0,0,0,0,0,0,0,0,0.0,,,,0,0.0,0,0,0,0,0,0,0,0,0,0,0.0,0,0,0,0,0,"1,2",,,,,,,,,,,,,2,0,0,0,0,0,0,0,0,0,0,0,0,0,0,0,0,0,0,0,,0,,0,,0,,0,,0,0,,0
375,376,0,0,0,0,0,0,0,0,0,0,0,0,0,0,0.0,,,,0,0.0,0,0,0,0,0,0,0,0,0,0,0.0,0,0,0,0,0,"1,2",,,,,,,,,,,,,2,0,0,0,0,0,0,0,0,0,0,0,0,0,0,0,0,0,0,0,,0,,0,,0,,0,,0,0,,0
376,377,0,0,0,0,0,0,0,0,0,0,0,0,0,0,0.0,,,,0,0.0,0,0,0,0,0,0,0,0,0,0,0.0,0,0,0,0,0,"1,2",,,,,,,,,,,,,2,0,0,0,0,0,0,0,0,0,0,0,0,0,0,0,0,0,0,0,,0,,0,,0,,0,,0,0,,0
377,378,0,0,0,0,0,0,0,0,0,0,0,0,0,0,0.0,,,,0,0.0,0,0,0,0,0,0,0,0,0,0,0.0,0,0,0,0,0,"2,1",,,,,,,,,,,,,2,0,0,0,0,0,0,0,0,0,0,0,0,0,0,0,0,0,0,0,,0,,0,,0,,0,,0,0,,0
378,379,0,0,0,0,0,0,0,0,0,0,0,0,0,0,0.0,,,,0,0.0,0,0,0,0,0,0,0,0,0,0,0.0,0,0,0,0,0,"2,1",,,,,,,,,,,,,2,0,0,0,0,0,0,0,0,0,0,0,0,0,0,0,0,0,0,0,,0,,0,,0,,0,,0,0,,0
379,380,0,0,0,0,0,0,0,0,0,0,0,0,0,0,0.0,,,,0,0.0,0,0,0,0,0,0,0,0,0,0,0.0,0,0,0,0,0,"1,2",,,,,,,,,,,,,2,0,0,0,0,0,0,0,0,0,0,0,0,0,0,0,0,0,0,0,,0,,0,,0,,0,,0,0,,0
380,381,0,0,0,0,0,0,0,0,0,0,0,0,0,0,0.0,,,,0,0.0,0,0,0,0,0,0,0,0,0,0,0.0,0,0,0,0,0,"1,2",,,,,,,,,,,,,2,0,0,0,0,0,0,0,0,0,0,0,0,0,0,0,0,0,0,0,,0,,0,,0,,0,,0,0,,0
381,382,0,0,0,0,0,0,0,0,0,0,0,0,0,0,0.0,,,,0,0.0,0,0,0,0,0,0,0,0,0,0,0.0,0,0,0,0,0,"2,1",,,,,,,,,,,,,2,0,0,0,0,0,0,0,0,0,0,0,0,0,0,0,0,0,0,0,,0,,0,,0,,0,,0,0,,0
382,383,0,0,0,0,0,0,0,0,0,0,0,0,0,0,0.0,,,,0,0.0,0,0,0,0,0,0,0,0,0,0,0.0,0,0,0,0,0,"2,1",,,,,,,,,,,,,2,0,0,0,0,0,0,0,0,0,0,0,0,0,0,0,0,0,0,0,,0,,0,,0,,0,,0,0,,0
383,384,0,0,0,0,0,0,0,0,0,0,0,0,0,0,0.0,,,,0,0.0,0,0,0,0,0,0,0,0,0,0,0.0,0,0,0,0,0,"1,2",,,,,,,,,,,,,2,0,0,0,0,0,0,0,0,0,0,0,0,0,0,0,0,0,0,0,,0,,0,,0,,0,,0,0,,0
384,385,0,0,0,0,0,0,0,0,0,0,0,0,0,0,0.0,,,,0,0.0,0,0,0,0,0,0,0,0,0,0,0.0,0,0,0,0,0,"2,1",,,,,,,,,,,,,2,0,0,0,0,0,0,0,0,0,0,0,0,0,0,0,0,0,0,0,,0,,0,,0,,0,,0,0,,0
385,386,0,0,0,0,0,0,0,0,0,0,0,0,0,0,0.0,,,,0,0.0,0,0,0,0,0,0,0,0,0,0,0.0,0,0,0,0,0,"1,2",,,,,,,,,,,,,2,0,0,0,0,0,0,0,0,0,0,0,0,0,0,0,0,0,0,0,,0,,0,,0,,0,,0,0,,0
386,387,0,0,0,0,0,0,0,0,0,0,0,0,0,0,0.0,,,,0,0.0,0,0,0,0,0,0,0,0,0,0,0.0,0,0,0,0,0,"2,1",,,,,,,,,,,,,2,0,0,0,0,0,0,0,0,0,0,0,0,0,0,0,0,0,0,0,,0,,0,,0,,0,,0,0,,0
387,388,0,0,0,0,0,0,0,0,0,0,0,0,0,0,0.0,,,,0,0.0,0,0,0,0,0,0,0,0,0,0,0.0,0,0,0,0,0,"1,2",,,,,,,,,,,,,2,0,0,0,0,0,0,0,0,0,0,0,0,0,0,0,0,0,0,0,,0,,0,,0,,0,,0,0,,0
388,389,0,0,0,0,0,0,0,0,0,0,0,0,0,0,0.0,,,,0,0.0,0,0,0,0,0,0,0,0,0,0,0.0,0,0,0,0,0,"1,2",,,,,,,,,,,,,2,0,0,0,0,0,0,0,0,0,0,0,0,0,0,0,0,0,0,0,,0,,0,,0,,0,,0,0,,0
389,390,0,0,0,0,0,0,0,0,0,0,0,0,0,0,0.0,,,,0,0.0,0,0,0,0,0,0,0,0,0,0,0.0,0,0,0,0,0,"1,2",,,,,,,,,,,,,2,0,0,0,0,0,0,0,0,0,0,0,0,0,0,0,0,0,0,0,,0,,0,,0,,0,,0,0,,0
390,391,0,0,0,0,0,0,0,0,0,0,0,0,0,0,0.0,,,,0,0.0,0,0,0,0,0,0,0,0,0,0,0.0,0,0,0,0,0,"2,1",,,,,,,,,,,,,2,0,0,0,0,0,0,0,0,0,0,0,0,0,0,0,0,0,0,0,,0,,0,,0,,0,,0,0,,0
391,392,0,0,0,0,0,0,0,0,0,0,0,0,0,0,0.0,,,,0,0.0,0,0,0,0,0,0,0,0,0,0,0.0,0,0,0,0,0,"1,2",,,,,,,,,,,,,2,0,0,0,0,0,0,0,0,0,0,0,0,0,0,0,0,0,0,0,,0,,0,,0,,0,,0,0,,0
392,393,0,0,0,0,0,0,0,0,0,0,0,0,0,0,0.0,,,,0,0.0,0,0,0,0,0,0,0,0,0,0,0.0,0,0,0,0,0,"2,1",,,,,,,,,,,,,2,0,0,0,0,0,0,0,0,0,0,0,0,0,0,0,0,0,0,0,,0,,0,,0,,0,,0,0,,0
393,394,0,0,0,0,0,0,0,0,0,0,0,0,0,0,0.0,,,,0,0.0,0,0,0,0,0,0,0,0,0,0,0.0,0,0,0,0,0,"2,1",,,,,,,,,,,,,2,0,0,0,0,0,0,0,0,0,0,0,0,0,0,0,0,0,0,0,,0,,0,,0,,0,,0,0,,0
394,395,0,0,0,0,0,0,0,0,0,0,0,0,0,0,0.0,,,,0,0.0,0,0,0,0,0,0,0,0,0,0,0.0,0,0,0,0,0,"2,1",,,,,,,,,,,,,2,0,0,0,0,0,0,0,0,0,0,0,0,0,0,0,0,0,0,0,,0,,0,,0,,0,,0,0,,0
395,396,0,0,0,0,0,0,0,0,0,0,0,0,0,0,0.0,,,,0,0.0,0,0,0,0,0,0,0,0,0,0,0.0,0,0,0,0,0,"2,1",,,,,,,,,,,,,2,0,0,0,0,0,0,0,0,0,0,0,0,0,0,0,0,0,0,0,,0,,0,,0,,0,,0,0,,0
396,397,0,0,0,0,0,0,0,0,0,0,0,0,0,0,0.0,,,,0,0.0,0,0,0,0,0,0,0,0,0,0,0.0,0,0,0,0,0,"2,1",,,,,,,,,,,,,2,0,0,0,0,0,0,0,0,0,0,0,0,0,0,0,0,0,0,0,,0,,0,,0,,0,,0,0,,0
397,398,0,0,0,0,0,0,0,0,0,0,0,0,0,0,0.0,,,,0,0.0,0,0,0,0,0,0,0,0,0,0,0.0,0,0,0,0,0,"1,2",,,,,,,,,,,,,2,0,0,0,0,0,0,0,0,0,0,0,0,0,0,0,0,0,0,0,,0,,0,,0,,0,,0,0,,0
398,399,0,0,0,0,0,0,0,0,0,0,0,0,0,0,0.0,,,,0,0.0,0,0,0,0,0,0,0,0,0,0,0.0,0,0,0,0,0,"1,2",,,,,,,,,,,,,2,0,0,0,0,0,0,0,0,0,0,0,0,0,0,0,0,0,0,0,,0,,0,,0,,0,,0,0,,0
399,400,0,0,0,0,0,0,0,0,0,0,0,0,0,0,0.0,,,,0,0.0,0,0,0,0,0,0,0,0,0,0,0.0,0,0,0,0,0,"2,1",,,,,,,,,,,,,2,0,0,0,0,0,0,0,0,0,0,0,0,0,0,0,0,0,0,0,,0,,0,,0,,0,,0,0,,0
400,401,0,0,0,0,0,0,0,0,0,0,0,0,0,0,0.0,,,,0,0.0,0,0,0,0,0,0,0,0,0,0,0.0,0,0,0,0,0,"1,2",,,,,,,,,,,,,2,0,0,0,0,0,0,0,0,0,0,0,0,0,0,0,0,0,0,0,,0,,0,,0,,0,,0,0,,0
401,402,0,0,0,0,0,0,0,0,0,0,0,0,0,0,0.0,,,,0,0.0,0,0,0,0,0,0,0,0,0,0,0.0,0,0,0,0,0,"1,2",,,,,,,,,,,,,2,0,0,0,0,0,0,0,0,0,0,0,0,0,0,0,0,0,0,0,,0,,0,,0,,0,,0,0,,0
402,403,0,0,0,0,0,0,0,0,0,0,0,0,0,0,0.0,,,,0,0.0,0,0,0,0,0,0,0,0,0,0,0.0,0,0,0,0,0,"2,1",,,,,,,,,,,,,2,0,0,0,0,0,0,0,0,0,0,0,0,0,0,0,0,0,0,0,,0,,0,,0,,0,,0,0,,0
403,404,0,0,0,0,0,0,0,0,0,0,0,0,0,0,0.0,,,,0,0.0,0,0,0,0,0,0,0,0,0,0,0.0,0,0,0,0,0,"1,2",,,,,,,,,,,,,2,0,0,0,0,0,0,0,0,0,0,0,0,0,0,0,0,0,0,0,,0,,0,,0,,0,,0,0,,0
404,405,0,0,0,0,0,0,0,0,0,0,0,0,0,0,0.0,,,,0,0.0,0,0,0,0,0,0,0,0,0,0,0.0,0,0,0,0,0,"2,1",,,,,,,,,,,,,2,0,0,0,0,0,0,0,0,0,0,0,0,0,0,0,0,0,0,0,,0,,0,,0,,0,,0,0,,0
405,406,0,0,0,0,0,0,0,0,0,0,0,0,0,0,0.0,,,,0,0.0,0,0,0,0,0,0,0,0,0,0,0.0,0,0,0,0,0,"1,2",,,,,,,,,,,,,2,0,0,0,0,0,0,0,0,0,0,0,0,0,0,0,0,0,0,0,,0,,0,,0,,0,,0,0,,0
406,407,0,0,0,0,0,0,0,0,0,0,0,0,0,0,0.0,,,,0,0.0,0,0,0,0,0,0,0,0,0,0,0.0,0,0,0,0,0,"1,2",,,,,,,,,,,,,2,0,0,0,0,0,0,0,0,0,0,0,0,0,0,0,0,0,0,0,,0,,0,,0,,0,,0,0,,0
407,408,0,0,0,0,0,0,0,0,0,0,0,0,0,0,0.0,,,,0,0.0,0,0,0,0,0,0,0,0,0,0,0.0,0,0,0,0,0,"2,1",,,,,,,,,,,,,2,0,0,0,0,0,0,0,0,0,0,0,0,0,0,0,0,0,0,0,,0,,0,,0,,0,,0,0,,0
408,409,0,0,0,0,0,0,0,0,0,0,0,0,0,0,0.0,,,,0,0.0,0,0,0,0,0,0,0,0,0,0,0.0,0,0,0,0,0,"2,1",,,,,,,,,,,,,2,0,0,0,0,0,0,0,0,0,0,0,0,0,0,0,0,0,0,0,,0,,0,,0,,0,,0,0,,0
409,410,0,0,0,0,0,0,0,0,0,0,0,0,0,0,0.0,,,,0,0.0,0,0,0,0,0,0,0,0,0,0,0.0,0,0,0,0,0,"2,1",,,,,,,,,,,,,2,0,0,0,0,0,0,0,0,0,0,0,0,0,0,0,0,0,0,0,,0,,0,,0,,0,,0,0,,0
410,411,0,0,0,0,0,0,0,0,0,0,0,0,0,0,0.0,,,,0,0.0,0,0,0,0,0,0,0,0,0,0,0.0,0,0,0,0,0,"1,2",,,,,,,,,,,,,2,0,0,0,0,0,0,0,0,0,0,0,0,0,0,0,0,0,0,0,,0,,0,,0,,0,,0,0,,0
411,412,0,0,0,0,0,0,0,0,0,0,0,0,0,0,0.0,,,,0,0.0,0,0,0,0,0,0,0,0,0,0,0.0,0,0,0,0,0,"2,1",,,,,,,,,,,,,2,0,0,0,0,0,0,0,0,0,0,0,0,0,0,0,0,0,0,0,,0,,0,,0,,0,,0,0,,0
412,413,0,0,0,0,0,0,0,0,0,0,0,0,0,0,0.0,,,,0,0.0,0,0,0,0,0,0,0,0,0,0,0.0,0,0,0,0,0,"2,1",,,,,,,,,,,,,2,0,0,0,0,0,0,0,0,0,0,0,0,0,0,0,0,0,0,0,,0,,0,,0,,0,,0,0,,0
413,414,0,0,0,0,0,0,0,0,0,0,0,0,0,0,0.0,,,,0,0.0,0,0,0,0,0,0,0,0,0,0,0.0,0,0,0,0,0,"2,1",,,,,,,,,,,,,2,0,0,0,0,0,0,0,0,0,0,0,0,0,0,0,0,0,0,0,,0,,0,,0,,0,,0,0,,0
414,415,0,0,0,0,0,0,0,0,0,0,0,0,0,0,0.0,,,,0,0.0,0,0,0,0,0,0,0,0,0,0,0.0,0,0,0,0,0,"1,2",,,,,,,,,,,,,2,0,0,0,0,0,0,0,0,0,0,0,0,0,0,0,0,0,0,0,,0,,0,,0,,0,,0,0,,0
415,416,0,0,0,0,0,0,0,0,0,0,0,0,0,0,0.0,,,,0,0.0,0,0,0,0,0,0,0,0,0,0,0.0,0,0,0,0,0,"1,2",,,,,,,,,,,,,2,0,0,0,0,0,0,0,0,0,0,0,0,0,0,0,0,0,0,0,,0,,0,,0,,0,,0,0,,0
416,417,0,0,0,0,0,0,0,0,0,0,0,0,0,0,0.0,,,,0,0.0,0,0,0,0,0,0,0,0,0,0,0.0,0,0,0,0,0,"1,2",,,,,,,,,,,,,2,0,0,0,0,0,0,0,0,0,0,0,0,0,0,0,0,0,0,0,,0,,0,,0,,0,,0,0,,0
417,418,0,0,0,0,0,0,0,0,0,0,0,0,0,0,0.0,,,,0,0.0,0,0,0,0,0,0,0,0,0,0,0.0,0,0,0,0,0,"2,1",,,,,,,,,,,,,2,0,0,0,0,0,0,0,0,0,0,0,0,0,0,0,0,0,0,0,,0,,0,,0,,0,,0,0,,0
418,419,0,0,0,0,0,0,0,0,0,0,0,0,0,0,0.0,,,,0,0.0,0,0,0,0,0,0,0,0,0,0,0.0,0,0,0,0,0,"2,1",,,,,,,,,,,,,2,0,0,0,0,0,0,0,0,0,0,0,0,0,0,0,0,0,0,0,,0,,0,,0,,0,,0,0,,0
419,420,0,0,0,0,0,0,0,0,0,0,0,0,0,0,0.0,,,,0,0.0,0,0,0,0,0,0,0,0,0,0,0.0,0,0,0,0,0,"2,1",,,,,,,,,,,,,2,0,0,0,0,0,0,0,0,0,0,0,0,0,0,0,0,0,0,0,,0,,0,,0,,0,,0,0,,0
420,421,0,0,0,0,0,0,0,0,0,0,0,0,0,0,0.0,,,,0,0.0,0,0,0,0,0,0,0,0,0,0,0.0,0,0,0,0,0,"1,2",,,,,,,,,,,,,2,0,0,0,0,0,0,0,0,0,0,0,0,0,0,0,0,0,0,0,,0,,0,,0,,0,,0,0,,0
421,422,0,0,0,0,0,0,0,0,0,0,0,0,0,0,0.0,,,,0,0.0,0,0,0,0,0,0,0,0,0,0,0.0,0,0,0,0,0,"2,1",,,,,,,,,,,,,2,0,0,0,0,0,0,0,0,0,0,0,0,0,0,0,0,0,0,0,,0,,0,,0,,0,,0,0,,0
422,423,0,0,0,0,0,0,0,0,0,0,0,0,0,0,0.0,,,,0,0.0,0,0,0,0,0,0,0,0,0,0,0.0,0,0,0,0,0,"1,2",,,,,,,,,,,,,2,0,0,0,0,0,0,0,0,0,0,0,0,0,0,0,0,0,0,0,,0,,0,,0,,0,,0,0,,0
423,424,0,0,0,0,0,0,0,0,0,0,0,0,0,0,0.0,,,,0,0.0,0,0,0,0,0,0,0,0,0,0,0.0,0,0,0,0,0,"1,2",,,,,,,,,,,,,2,0,0,0,0,0,0,0,0,0,0,0,0,0,0,0,0,0,0,0,,0,,0,,0,,0,,0,0,,0
424,425,0,0,0,0,0,0,0,0,0,0,0,0,0,0,0.0,,,,0,0.0,0,0,0,0,0,0,0,0,0,0,0.0,0,0,0,0,0,"2,1",,,,,,,,,,,,,2,0,0,0,0,0,0,0,0,0,0,0,0,0,0,0,0,0,0,0,,0,,0,,0,,0,,0,0,,0
425,426,0,0,0,0,0,0,0,0,0,0,0,0,0,0,0.0,,,,0,0.0,0,0,0,0,0,0,0,0,0,0,0.0,0,0,0,0,0,"1,2",,,,,,,,,,,,,2,0,0,0,0,0,0,0,0,0,0,0,0,0,0,0,0,0,0,0,,0,,0,,0,,0,,0,0,,0
426,427,0,0,0,0,0,0,0,0,0,0,0,0,0,0,0.0,,,,0,0.0,0,0,0,0,0,0,0,0,0,0,0.0,0,0,0,0,0,"1,2",,,,,,,,,,,,,2,0,0,0,0,0,0,0,0,0,0,0,0,0,0,0,0,0,0,0,,0,,0,,0,,0,,0,0,,0
427,428,0,0,0,0,0,0,0,0,0,0,0,0,0,0,0.0,,,,0,0.0,0,0,0,0,0,0,0,0,0,0,0.0,0,0,0,0,0,"2,1",,,,,,,,,,,,,2,0,0,0,0,0,0,0,0,0,0,0,0,0,0,0,0,0,0,0,,0,,0,,0,,0,,0,0,,0
428,429,0,0,0,0,0,0,0,0,0,0,0,0,0,0,0.0,,,,0,0.0,0,0,0,0,0,0,0,0,0,0,0.0,0,0,0,0,0,"2,1",,,,,,,,,,,,,2,0,0,0,0,0,0,0,0,0,0,0,0,0,0,0,0,0,0,0,,0,,0,,0,,0,,0,0,,0
429,430,0,0,0,0,0,0,0,0,0,0,0,0,0,0,0.0,,,,0,0.0,0,0,0,0,0,0,0,0,0,0,0.0,0,0,0,0,0,"2,1",,,,,,,,,,,,,2,0,0,0,0,0,0,0,0,0,0,0,0,0,0,0,0,0,0,0,,0,,0,,0,,0,,0,0,,0
430,431,0,0,0,0,0,0,0,0,0,0,0,0,0,0,0.0,,,,0,0.0,0,0,0,0,0,0,0,0,0,0,0.0,0,0,0,0,0,"2,1",,,,,,,,,,,,,2,0,0,0,0,0,0,0,0,0,0,0,0,0,0,0,0,0,0,0,,0,,0,,0,,0,,0,0,,0
431,432,0,0,0,0,0,0,0,0,0,0,0,0,0,0,0.0,,,,0,0.0,0,0,0,0,0,0,0,0,0,0,0.0,0,0,0,0,0,"2,1",,,,,,,,,,,,,2,0,0,0,0,0,0,0,0,0,0,0,0,0,0,0,0,0,0,0,,0,,0,,0,,0,,0,0,,0
432,433,0,0,0,0,0,0,0,0,0,0,0,0,0,0,0.0,,,,0,0.0,0,0,0,0,0,0,0,0,0,0,0.0,0,0,0,0,0,"1,2",,,,,,,,,,,,,2,0,0,0,0,0,0,0,0,0,0,0,0,0,0,0,0,0,0,0,,0,,0,,0,,0,,0,0,,0
433,434,0,0,0,0,0,0,0,0,0,0,0,0,0,0,0.0,,,,0,0.0,0,0,0,0,0,0,0,0,0,0,0.0,0,0,0,0,0,"2,1",,,,,,,,,,,,,2,0,0,0,0,0,0,0,0,0,0,0,0,0,0,0,0,0,0,0,,0,,0,,0,,0,,0,0,,0
434,435,0,0,0,0,0,0,0,0,0,0,0,0,0,0,0.0,,,,0,0.0,0,0,0,0,0,0,0,0,0,0,0.0,0,0,0,0,0,"1,2",,,,,,,,,,,,,2,0,0,0,0,0,0,0,0,0,0,0,0,0,0,0,0,0,0,0,,0,,0,,0,,0,,0,0,,0
435,436,0,0,0,0,0,0,0,0,0,0,0,0,0,0,0.0,,,,0,0.0,0,0,0,0,0,0,0,0,0,0,0.0,0,0,0,0,0,"1,2",,,,,,,,,,,,,2,0,0,0,0,0,0,0,0,0,0,0,0,0,0,0,0,0,0,0,,0,,0,,0,,0,,0,0,,0
436,437,0,0,0,0,0,0,0,0,0,0,0,0,0,0,0.0,,,,0,0.0,0,0,0,0,0,0,0,0,0,0,0.0,0,0,0,0,0,"1,2",,,,,,,,,,,,,2,0,0,0,0,0,0,0,0,0,0,0,0,0,0,0,0,0,0,0,,0,,0,,0,,0,,0,0,,0
437,438,0,0,0,0,0,0,0,0,0,0,0,0,0,0,0.0,,,,0,0.0,0,0,0,0,0,0,0,0,0,0,0.0,0,0,0,0,0,"1,2",,,,,,,,,,,,,2,0,0,0,0,0,0,0,0,0,0,0,0,0,0,0,0,0,0,0,,0,,0,,0,,0,,0,0,,0
438,439,0,0,0,0,0,0,0,0,0,0,0,0,0,0,0.0,,,,0,0.0,0,0,0,0,0,0,0,0,0,0,0.0,0,0,0,0,0,"1,2",,,,,,,,,,,,,2,0,0,0,0,0,0,0,0,0,0,0,0,0,0,0,0,0,0,0,,0,,0,,0,,0,,0,0,,0
439,440,0,0,0,0,0,0,0,0,0,0,0,0,0,0,0.0,,,,0,0.0,0,0,0,0,0,0,0,0,0,0,0.0,0,0,0,0,0,"1,2",,,,,,,,,,,,,2,0,0,0,0,0,0,0,0,0,0,0,0,0,0,0,0,0,0,0,,0,,0,,0,,0,,0,0,,0
440,441,0,0,0,0,0,0,0,0,0,0,0,0,0,0,0.0,,,,0,0.0,0,0,0,0,0,0,0,0,0,0,0.0,0,0,0,0,0,"2,1",,,,,,,,,,,,,2,0,0,0,0,0,0,0,0,0,0,0,0,0,0,0,0,0,0,0,,0,,0,,0,,0,,0,0,,0
441,442,0,0,0,0,0,0,0,0,0,0,0,0,0,0,0.0,,,,0,0.0,0,0,0,0,0,0,0,0,0,0,0.0,0,0,0,0,0,"2,1",,,,,,,,,,,,,2,0,0,0,0,0,0,0,0,0,0,0,0,0,0,0,0,0,0,0,,0,,0,,0,,0,,0,0,,0
442,443,0,0,0,0,0,0,0,0,0,0,0,0,0,0,0.0,,,,0,0.0,0,0,0,0,0,0,0,0,0,0,0.0,0,0,0,0,0,"2,1",,,,,,,,,,,,,2,0,0,0,0,0,0,0,0,0,0,0,0,0,0,0,0,0,0,0,,0,,0,,0,,0,,0,0,,0
443,444,0,0,0,0,0,0,0,0,0,0,0,0,0,0,0.0,,,,0,0.0,0,0,0,0,0,0,0,0,0,0,0.0,0,0,0,0,0,"2,1",,,,,,,,,,,,,2,0,0,0,0,0,0,0,0,0,0,0,0,0,0,0,0,0,0,0,,0,,0,,0,,0,,0,0,,0
444,445,0,0,0,0,0,0,0,0,0,0,0,0,0,0,0.0,,,,0,0.0,0,0,0,0,0,0,0,0,0,0,0.0,0,0,0,0,0,"1,2",,,,,,,,,,,,,2,0,0,0,0,0,0,0,0,0,0,0,0,0,0,0,0,0,0,0,,0,,0,,0,,0,,0,0,,0
445,446,0,0,0,0,0,0,0,0,0,0,0,0,0,0,0.0,,,,0,0.0,0,0,0,0,0,0,0,0,0,0,0.0,0,0,0,0,0,"2,1",,,,,,,,,,,,,2,0,0,0,0,0,0,0,0,0,0,0,0,0,0,0,0,0,0,0,,0,,0,,0,,0,,0,0,,0
446,447,0,0,0,0,0,0,0,0,0,0,0,0,0,0,0.0,,,,0,0.0,0,0,0,0,0,0,0,0,0,0,0.0,0,0,0,0,0,"2,1",,,,,,,,,,,,,2,0,0,0,0,0,0,0,0,0,0,0,0,0,0,0,0,0,0,0,,0,,0,,0,,0,,0,0,,0
447,448,0,0,0,0,0,0,0,0,0,0,0,0,0,0,0.0,,,,0,0.0,0,0,0,0,0,0,0,0,0,0,0.0,0,0,0,0,0,"1,2",,,,,,,,,,,,,2,0,0,0,0,0,0,0,0,0,0,0,0,0,0,0,0,0,0,0,,0,,0,,0,,0,,0,0,,0
448,449,0,0,0,0,0,0,0,0,0,0,0,0,0,0,0.0,,,,0,0.0,0,0,0,0,0,0,0,0,0,0,0.0,0,0,0,0,0,"2,1",,,,,,,,,,,,,2,0,0,0,0,0,0,0,0,0,0,0,0,0,0,0,0,0,0,0,,0,,0,,0,,0,,0,0,,0
449,450,0,0,0,0,0,0,0,0,0,0,0,0,0,0,0.0,,,,0,0.0,0,0,0,0,0,0,0,0,0,0,0.0,0,0,0,0,0,"1,2",,,,,,,,,,,,,2,0,0,0,0,0,0,0,0,0,0,0,0,0,0,0,0,0,0,0,,0,,0,,0,,0,,0,0,,0
450,451,0,0,0,0,0,0,0,0,0,0,0,0,0,0,0.0,,,,0,0.0,0,0,0,0,0,0,0,0,0,0,0.0,0,0,0,0,0,"1,2",,,,,,,,,,,,,2,0,0,0,0,0,0,0,0,0,0,0,0,0,0,0,0,0,0,0,,0,,0,,0,,0,,0,0,,0
451,452,0,0,0,0,0,0,0,0,0,0,0,0,0,0,0.0,,,,0,0.0,0,0,0,0,0,0,0,0,0,0,0.0,0,0,0,0,0,"1,2",,,,,,,,,,,,,2,0,0,0,0,0,0,0,0,0,0,0,0,0,0,0,0,0,0,0,,0,,0,,0,,0,,0,0,,0
452,453,0,0,0,0,0,0,0,0,0,0,0,0,0,0,0.0,,,,0,0.0,0,0,0,0,0,0,0,0,0,0,0.0,0,0,0,0,0,"2,1",,,,,,,,,,,,,2,0,0,0,0,0,0,0,0,0,0,0,0,0,0,0,0,0,0,0,,0,,0,,0,,0,,0,0,,0
453,454,0,0,0,0,0,0,0,0,0,0,0,0,0,0,0.0,,,,0,0.0,0,0,0,0,0,0,0,0,0,0,0.0,0,0,0,0,0,"1,2",,,,,,,,,,,,,2,0,0,0,0,0,0,0,0,0,0,0,0,0,0,0,0,0,0,0,,0,,0,,0,,0,,0,0,,0
454,455,0,0,0,0,0,0,0,0,0,0,0,0,0,0,0.0,,,,0,0.0,0,0,0,0,0,0,0,0,0,0,0.0,0,0,0,0,0,"2,1",,,,,,,,,,,,,2,0,0,0,0,0,0,0,0,0,0,0,0,0,0,0,0,0,0,0,,0,,0,,0,,0,,0,0,,0
455,456,0,0,0,0,0,0,0,0,0,0,0,0,0,0,0.0,,,,0,0.0,0,0,0,0,0,0,0,0,0,0,0.0,0,0,0,0,0,"1,2",,,,,,,,,,,,,2,0,0,0,0,0,0,0,0,0,0,0,0,0,0,0,0,0,0,0,,0,,0,,0,,0,,0,0,,0
456,457,0,0,0,0,0,0,0,0,0,0,0,0,0,0,0.0,,,,0,0.0,0,0,0,0,0,0,0,0,0,0,0.0,0,0,0,0,0,"1,2",,,,,,,,,,,,,2,0,0,0,0,0,0,0,0,0,0,0,0,0,0,0,0,0,0,0,,0,,0,,0,,0,,0,0,,0
457,458,0,0,0,0,0,0,0,0,0,0,0,0,0,0,0.0,,,,0,0.0,0,0,0,0,0,0,0,0,0,0,0.0,0,0,0,0,0,"1,2",,,,,,,,,,,,,2,0,0,0,0,0,0,0,0,0,0,0,0,0,0,0,0,0,0,0,,0,,0,,0,,0,,0,0,,0
458,459,0,0,0,0,0,0,0,0,0,0,0,0,0,0,0.0,,,,0,0.0,0,0,0,0,0,0,0,0,0,0,0.0,0,0,0,0,0,"2,1",,,,,,,,,,,,,2,0,0,0,0,0,0,0,0,0,0,0,0,0,0,0,0,0,0,0,,0,,0,,0,,0,,0,0,,0
459,460,0,0,0,0,0,0,0,0,0,0,0,0,0,0,0.0,,,,0,0.0,0,0,0,0,0,0,0,0,0,0,0.0,0,0,0,0,0,"2,1",,,,,,,,,,,,,2,0,0,0,0,0,0,0,0,0,0,0,0,0,0,0,0,0,0,0,,0,,0,,0,,0,,0,0,,0
460,461,0,0,0,0,0,0,0,0,0,0,0,0,0,0,0.0,,,,0,0.0,0,0,0,0,0,0,0,0,0,0,0.0,0,0,0,0,0,"2,1",,,,,,,,,,,,,2,0,0,0,0,0,0,0,0,0,0,0,0,0,0,0,0,0,0,0,,0,,0,,0,,0,,0,0,,0
461,462,0,0,0,0,0,0,0,0,0,0,0,0,0,0,0.0,,,,0,0.0,0,0,0,0,0,0,0,0,0,0,0.0,0,0,0,0,0,"2,1",,,,,,,,,,,,,2,0,0,0,0,0,0,0,0,0,0,0,0,0,0,0,0,0,0,0,,0,,0,,0,,0,,0,0,,0
462,463,0,0,0,0,0,0,0,0,0,0,0,0,0,0,0.0,,,,0,0.0,0,0,0,0,0,0,0,0,0,0,0.0,0,0,0,0,0,"2,1",,,,,,,,,,,,,2,0,0,0,0,0,0,0,0,0,0,0,0,0,0,0,0,0,0,0,,0,,0,,0,,0,,0,0,,0
463,464,0,0,0,0,0,0,0,0,0,0,0,0,0,0,0.0,,,,0,0.0,0,0,0,0,0,0,0,0,0,0,0.0,0,0,0,0,0,"1,2",,,,,,,,,,,,,2,0,0,0,0,0,0,0,0,0,0,0,0,0,0,0,0,0,0,0,,0,,0,,0,,0,,0,0,,0
464,465,0,0,0,0,0,0,0,0,0,0,0,0,0,0,0.0,,,,0,0.0,0,0,0,0,0,0,0,0,0,0,0.0,0,0,0,0,0,"2,1",,,,,,,,,,,,,2,0,0,0,0,0,0,0,0,0,0,0,0,0,0,0,0,0,0,0,,0,,0,,0,,0,,0,0,,0
465,466,0,0,0,0,0,0,0,0,0,0,0,0,0,0,0.0,,,,0,0.0,0,0,0,0,0,0,0,0,0,0,0.0,0,0,0,0,0,"1,2",,,,,,,,,,,,,2,0,0,0,0,0,0,0,0,0,0,0,0,0,0,0,0,0,0,0,,0,,0,,0,,0,,0,0,,0
466,467,0,0,0,0,0,0,0,0,0,0,0,0,0,0,0.0,,,,0,0.0,0,0,0,0,0,0,0,0,0,0,0.0,0,0,0,0,0,"1,2",,,,,,,,,,,,,2,0,0,0,0,0,0,0,0,0,0,0,0,0,0,0,0,0,0,0,,0,,0,,0,,0,,0,0,,0
467,468,0,0,0,0,0,0,0,0,0,0,0,0,0,0,0.0,,,,0,0.0,0,0,0,0,0,0,0,0,0,0,0.0,0,0,0,0,0,"1,2",,,,,,,,,,,,,2,0,0,0,0,0,0,0,0,0,0,0,0,0,0,0,0,0,0,0,,0,,0,,0,,0,,0,0,,0
468,469,0,0,0,0,0,0,0,0,0,0,0,0,0,0,0.0,,,,0,0.0,0,0,0,0,0,0,0,0,0,0,0.0,0,0,0,0,0,"2,1",,,,,,,,,,,,,2,0,0,0,0,0,0,0,0,0,0,0,0,0,0,0,0,0,0,0,,0,,0,,0,,0,,0,0,,0
469,470,0,0,0,0,0,0,0,0,0,0,0,0,0,0,0.0,,,,0,0.0,0,0,0,0,0,0,0,0,0,0,0.0,0,0,0,0,0,"2,1",,,,,,,,,,,,,2,0,0,0,0,0,0,0,0,0,0,0,0,0,0,0,0,0,0,0,,0,,0,,0,,0,,0,0,,0
470,471,0,0,0,0,0,0,0,0,0,0,0,0,0,0,0.0,,,,0,0.0,0,0,0,0,0,0,0,0,0,0,0.0,0,0,0,0,0,"1,2",,,,,,,,,,,,,2,0,0,0,0,0,0,0,0,0,0,0,0,0,0,0,0,0,0,0,,0,,0,,0,,0,,0,0,,0
471,472,0,0,0,0,0,0,0,0,0,0,0,0,0,0,0.0,,,,0,0.0,0,0,0,0,0,0,0,0,0,0,0.0,0,0,0,0,0,"2,1",,,,,,,,,,,,,2,0,0,0,0,0,0,0,0,0,0,0,0,0,0,0,0,0,0,0,,0,,0,,0,,0,,0,0,,0
472,473,0,0,0,0,0,0,0,0,0,0,0,0,0,0,0.0,,,,0,0.0,0,0,0,0,0,0,0,0,0,0,0.0,0,0,0,0,0,"2,1",,,,,,,,,,,,,2,0,0,0,0,0,0,0,0,0,0,0,0,0,0,0,0,0,0,0,,0,,0,,0,,0,,0,0,,0
473,474,0,0,0,0,0,0,0,0,0,0,0,0,0,0,0.0,,,,0,0.0,0,0,0,0,0,0,0,0,0,0,0.0,0,0,0,0,0,"1,2",,,,,,,,,,,,,2,0,0,0,0,0,0,0,0,0,0,0,0,0,0,0,0,0,0,0,,0,,0,,0,,0,,0,0,,0
474,475,0,0,0,0,0,0,0,0,0,0,0,0,0,0,0.0,,,,0,0.0,0,0,0,0,0,0,0,0,0,0,0.0,0,0,0,0,0,"1,2",,,,,,,,,,,,,2,0,0,0,0,0,0,0,0,0,0,0,0,0,0,0,0,0,0,0,,0,,0,,0,,0,,0,0,,0
475,476,0,0,0,0,0,0,0,0,0,0,0,0,0,0,0.0,,,,0,0.0,0,0,0,0,0,0,0,0,0,0,0.0,0,0,0,0,0,"2,1",,,,,,,,,,,,,2,0,0,0,0,0,0,0,0,0,0,0,0,0,0,0,0,0,0,0,,0,,0,,0,,0,,0,0,,0
476,477,0,0,0,0,0,0,0,0,0,0,0,0,0,0,0.0,,,,0,0.0,0,0,0,0,0,0,0,0,0,0,0.0,0,0,0,0,0,"2,1",,,,,,,,,,,,,2,0,0,0,0,0,0,0,0,0,0,0,0,0,0,0,0,0,0,0,,0,,0,,0,,0,,0,0,,0
477,478,0,0,0,0,0,0,0,0,0,0,0,0,0,0,0.0,,,,0,0.0,0,0,0,0,0,0,0,0,0,0,0.0,0,0,0,0,0,"2,1",,,,,,,,,,,,,2,0,0,0,0,0,0,0,0,0,0,0,0,0,0,0,0,0,0,0,,0,,0,,0,,0,,0,0,,0
478,479,0,0,0,0,0,0,0,0,0,0,0,0,0,0,0.0,,,,0,0.0,0,0,0,0,0,0,0,0,0,0,0.0,0,0,0,0,0,"1,2",,,,,,,,,,,,,2,0,0,0,0,0,0,0,0,0,0,0,0,0,0,0,0,0,0,0,,0,,0,,0,,0,,0,0,,0
479,480,0,0,0,0,0,0,0,0,0,0,0,0,0,0,0.0,,,,0,0.0,0,0,0,0,0,0,0,0,0,0,0.0,0,0,0,0,0,"1,2",,,,,,,,,,,,,2,0,0,0,0,0,0,0,0,0,0,0,0,0,0,0,0,0,0,0,,0,,0,,0,,0,,0,0,,0
480,481,0,0,0,0,0,0,0,0,0,0,0,0,0,0,0.0,,,,0,0.0,0,0,0,0,0,0,0,0,0,0,0.0,0,0,0,0,0,"2,1",,,,,,,,,,,,,2,0,0,0,0,0,0,0,0,0,0,0,0,0,0,0,0,0,0,0,,0,,0,,0,,0,,0,0,,0
481,482,0,0,0,0,0,0,0,0,0,0,0,0,0,0,0.0,,,,0,0.0,0,0,0,0,0,0,0,0,0,0,0.0,0,0,0,0,0,"2,1",,,,,,,,,,,,,2,0,0,0,0,0,0,0,0,0,0,0,0,0,0,0,0,0,0,0,,0,,0,,0,,0,,0,0,,0
482,483,0,0,0,0,0,0,0,0,0,0,0,0,0,0,0.0,,,,0,0.0,0,0,0,0,0,0,0,0,0,0,0.0,0,0,0,0,0,"1,2",,,,,,,,,,,,,2,0,0,0,0,0,0,0,0,0,0,0,0,0,0,0,0,0,0,0,,0,,0,,0,,0,,0,0,,0
483,484,0,0,0,0,0,0,0,0,0,0,0,0,0,0,0.0,,,,0,0.0,0,0,0,0,0,0,0,0,0,0,0.0,0,0,0,0,0,"1,2",,,,,,,,,,,,,2,0,0,0,0,0,0,0,0,0,0,0,0,0,0,0,0,0,0,0,,0,,0,,0,,0,,0,0,,0
484,485,0,0,0,0,0,0,0,0,0,0,0,0,0,0,0.0,,,,0,0.0,0,0,0,0,0,0,0,0,0,0,0.0,0,0,0,0,0,"1,2",,,,,,,,,,,,,2,0,0,0,0,0,0,0,0,0,0,0,0,0,0,0,0,0,0,0,,0,,0,,0,,0,,0,0,,0
485,486,0,0,0,0,0,0,0,0,0,0,0,0,0,0,0.0,,,,0,0.0,0,0,0,0,0,0,0,0,0,0,0.0,0,0,0,0,0,"2,1",,,,,,,,,,,,,2,0,0,0,0,0,0,0,0,0,0,0,0,0,0,0,0,0,0,0,,0,,0,,0,,0,,0,0,,0
486,487,0,0,0,0,0,0,0,0,0,0,0,0,0,0,0.0,,,,0,0.0,0,0,0,0,0,0,0,0,0,0,0.0,0,0,0,0,0,"2,1",,,,,,,,,,,,,2,0,0,0,0,0,0,0,0,0,0,0,0,0,0,0,0,0,0,0,,0,,0,,0,,0,,0,0,,0
487,488,0,0,0,0,0,0,0,0,0,0,0,0,0,0,0.0,,,,0,0.0,0,0,0,0,0,0,0,0,0,0,0.0,0,0,0,0,0,"1,2",,,,,,,,,,,,,2,0,0,0,0,0,0,0,0,0,0,0,0,0,0,0,0,0,0,0,,0,,0,,0,,0,,0,0,,0
488,489,0,0,0,0,0,0,0,0,0,0,0,0,0,0,0.0,,,,0,0.0,0,0,0,0,0,0,0,0,0,0,0.0,0,0,0,0,0,"1,2",,,,,,,,,,,,,2,0,0,0,0,0,0,0,0,0,0,0,0,0,0,0,0,0,0,0,,0,,0,,0,,0,,0,0,,0
489,490,0,0,0,0,0,0,0,0,0,0,0,0,0,0,0.0,,,,0,0.0,0,0,0,0,0,0,0,0,0,0,0.0,0,0,0,0,0,"2,1",,,,,,,,,,,,,2,0,0,0,0,0,0,0,0,0,0,0,0,0,0,0,0,0,0,0,,0,,0,,0,,0,,0,0,,0
490,491,0,0,0,0,0,0,0,0,0,0,0,0,0,0,0.0,,,,0,0.0,0,0,0,0,0,0,0,0,0,0,0.0,0,0,0,0,0,"2,1",,,,,,,,,,,,,2,0,0,0,0,0,0,0,0,0,0,0,0,0,0,0,0,0,0,0,,0,,0,,0,,0,,0,0,,0
491,492,0,0,0,0,0,0,0,0,0,0,0,0,0,0,0.0,,,,0,0.0,0,0,0,0,0,0,0,0,0,0,0.0,0,0,0,0,0,"1,2",,,,,,,,,,,,,2,0,0,0,0,0,0,0,0,0,0,0,0,0,0,0,0,0,0,0,,0,,0,,0,,0,,0,0,,0
492,493,0,0,0,0,0,0,0,0,0,0,0,0,0,0,0.0,,,,0,0.0,0,0,0,0,0,0,0,0,0,0,0.0,0,0,0,0,0,"1,2",,,,,,,,,,,,,2,0,0,0,0,0,0,0,0,0,0,0,0,0,0,0,0,0,0,0,,0,,0,,0,,0,,0,0,,0
493,494,0,0,0,0,0,0,0,0,0,0,0,0,0,0,0.0,,,,0,0.0,0,0,0,0,0,0,0,0,0,0,0.0,0,0,0,0,0,"1,2",,,,,,,,,,,,,2,0,0,0,0,0,0,0,0,0,0,0,0,0,0,0,0,0,0,0,,0,,0,,0,,0,,0,0,,0
494,495,0,0,0,0,0,0,0,0,0,0,0,0,0,0,0.0,,,,0,0.0,0,0,0,0,0,0,0,0,0,0,0.0,0,0,0,0,0,"2,1",,,,,,,,,,,,,2,0,0,0,0,0,0,0,0,0,0,0,0,0,0,0,0,0,0,0,,0,,0,,0,,0,,0,0,,0
495,496,0,0,0,0,0,0,0,0,0,0,0,0,0,0,0.0,,,,0,0.0,0,0,0,0,0,0,0,0,0,0,0.0,0,0,0,0,0,"2,1",,,,,,,,,,,,,2,0,0,0,0,0,0,0,0,0,0,0,0,0,0,0,0,0,0,0,,0,,0,,0,,0,,0,0,,0
496,497,0,0,0,0,0,0,0,0,0,0,0,0,0,0,0.0,,,,0,0.0,0,0,0,0,0,0,0,0,0,0,0.0,0,0,0,0,0,"1,2",,,,,,,,,,,,,2,0,0,0,0,0,0,0,0,0,0,0,0,0,0,0,0,0,0,0,,0,,0,,0,,0,,0,0,,0
497,498,0,0,0,0,0,0,0,0,0,0,0,0,0,0,0.0,,,,0,0.0,0,0,0,0,0,0,0,0,0,0,0.0,0,0,0,0,0,"2,1",,,,,,,,,,,,,2,0,0,0,0,0,0,0,0,0,0,0,0,0,0,0,0,0,0,0,,0,,0,,0,,0,,0,0,,0
498,499,0,0,0,0,0,0,0,0,0,0,0,0,0,0,0.0,,,,0,0.0,0,0,0,0,0,0,0,0,0,0,0.0,0,0,0,0,0,"1,2",,,,,,,,,,,,,2,0,0,0,0,0,0,0,0,0,0,0,0,0,0,0,0,0,0,0,,0,,0,,0,,0,,0,0,,0
499,500,0,0,0,0,0,0,0,0,0,0,0,0,0,0,0.0,,,,0,0.0,0,0,0,0,0,0,0,0,0,0,0.0,0,0,0,0,0,"1,2",,,,,,,,,,,,,2,0,0,0,0,0,0,0,0,0,0,0,0,0,0,0,0,0,0,0,,0,,0,,0,,0,,0,0,,0
500,501,0,0,0,0,0,0,0,0,0,0,0,0,0,0,0.0,,,,0,0.0,0,0,0,0,0,0,0,0,0,0,0.0,0,0,0,0,0,"2,1",,,,,,,,,,,,,2,0,0,0,0,0,0,0,0,0,0,0,0,0,0,0,0,0,0,0,,0,,0,,0,,0,,0,0,,0
501,502,0,0,0,0,0,0,0,0,0,0,0,0,0,0,0.0,,,,0,0.0,0,0,0,0,0,0,0,0,0,0,0.0,0,0,0,0,0,"2,1",,,,,,,,,,,,,2,0,0,0,0,0,0,0,0,0,0,0,0,0,0,0,0,0,0,0,,0,,0,,0,,0,,0,0,,0
502,503,0,0,0,0,0,0,0,0,0,0,0,0,0,0,0.0,,,,0,0.0,0,0,0,0,0,0,0,0,0,0,0.0,0,0,0,0,0,"1,2",,,,,,,,,,,,,2,0,0,0,0,0,0,0,0,0,0,0,0,0,0,0,0,0,0,0,,0,,0,,0,,0,,0,0,,0
503,504,0,0,0,0,0,0,0,0,0,0,0,0,0,0,0.0,,,,0,0.0,0,0,0,0,0,0,0,0,0,0,0.0,0,0,0,0,0,"2,1",,,,,,,,,,,,,2,0,0,0,0,0,0,0,0,0,0,0,0,0,0,0,0,0,0,0,,0,,0,,0,,0,,0,0,,0
504,505,0,0,0,0,0,0,0,0,0,0,0,0,0,0,0.0,,,,0,0.0,0,0,0,0,0,0,0,0,0,0,0.0,0,0,0,0,0,"2,1",,,,,,,,,,,,,2,0,0,0,0,0,0,0,0,0,0,0,0,0,0,0,0,0,0,0,,0,,0,,0,,0,,0,0,,0
505,506,0,0,0,0,0,0,0,0,0,0,0,0,0,0,0.0,,,,0,0.0,0,0,0,0,0,0,0,0,0,0,0.0,0,0,0,0,0,"2,1",,,,,,,,,,,,,2,0,0,0,0,0,0,0,0,0,0,0,0,0,0,0,0,0,0,0,,0,,0,,0,,0,,0,0,,0
506,507,0,0,0,0,0,0,0,0,0,0,0,0,0,0,0.0,,,,0,0.0,0,0,0,0,0,0,0,0,0,0,0.0,0,0,0,0,0,"1,2",,,,,,,,,,,,,2,0,0,0,0,0,0,0,0,0,0,0,0,0,0,0,0,0,0,0,,0,,0,,0,,0,,0,0,,0
507,508,0,0,0,0,0,0,0,0,0,0,0,0,0,0,0.0,,,,0,0.0,0,0,0,0,0,0,0,0,0,0,0.0,0,0,0,0,0,"2,1",,,,,,,,,,,,,2,0,0,0,0,0,0,0,0,0,0,0,0,0,0,0,0,0,0,0,,0,,0,,0,,0,,0,0,,0
508,509,0,0,0,0,0,0,0,0,0,0,0,0,0,0,0.0,,,,0,0.0,0,0,0,0,0,0,0,0,0,0,0.0,0,0,0,0,0,"1,2",,,,,,,,,,,,,2,0,0,0,0,0,0,0,0,0,0,0,0,0,0,0,0,0,0,0,,0,,0,,0,,0,,0,0,,0
509,510,0,0,0,0,0,0,0,0,0,0,0,0,0,0,0.0,,,,0,0.0,0,0,0,0,0,0,0,0,0,0,0.0,0,0,0,0,0,"1,2",,,,,,,,,,,,,2,0,0,0,0,0,0,0,0,0,0,0,0,0,0,0,0,0,0,0,,0,,0,,0,,0,,0,0,,0
510,511,0,0,0,0,0,0,0,0,0,0,0,0,0,0,0.0,,,,0,0.0,0,0,0,0,0,0,0,0,0,0,0.0,0,0,0,0,0,"2,1",,,,,,,,,,,,,2,0,0,0,0,0,0,0,0,0,0,0,0,0,0,0,0,0,0,0,,0,,0,,0,,0,,0,0,,0
511,512,0,0,0,0,0,0,0,0,0,0,0,0,0,0,0.0,,,,0,0.0,0,0,0,0,0,0,0,0,0,0,0.0,0,0,0,0,0,"1,2",,,,,,,,,,,,,2,0,0,0,0,0,0,0,0,0,0,0,0,0,0,0,0,0,0,0,,0,,0,,0,,0,,0,0,,0
512,513,0,0,0,0,0,0,0,0,0,0,0,0,0,0,0.0,,,,0,0.0,0,0,0,0,0,0,0,0,0,0,0.0,0,0,0,0,0,"1,2",,,,,,,,,,,,,2,0,0,0,0,0,0,0,0,0,0,0,0,0,0,0,0,0,0,0,,0,,0,,0,,0,,0,0,,0
513,514,0,0,0,0,0,0,0,0,0,0,0,0,0,0,0.0,,,,0,0.0,0,0,0,0,0,0,0,0,0,0,0.0,0,0,0,0,0,"2,1",,,,,,,,,,,,,2,0,0,0,0,0,0,0,0,0,0,0,0,0,0,0,0,0,0,0,,0,,0,,0,,0,,0,0,,0
514,515,0,0,0,0,0,0,0,0,0,0,0,0,0,0,0.0,,,,0,0.0,0,0,0,0,0,0,0,0,0,0,0.0,0,0,0,0,0,"2,1",,,,,,,,,,,,,2,0,0,0,0,0,0,0,0,0,0,0,0,0,0,0,0,0,0,0,,0,,0,,0,,0,,0,0,,0
515,516,0,0,0,0,0,0,0,0,0,0,0,0,0,0,0.0,,,,0,0.0,0,0,0,0,0,0,0,0,0,0,0.0,0,0,0,0,0,"1,2",,,,,,,,,,,,,2,0,0,0,0,0,0,0,0,0,0,0,0,0,0,0,0,0,0,0,,0,,0,,0,,0,,0,0,,0
516,517,0,0,0,0,0,0,0,0,0,0,0,0,0,0,0.0,,,,0,0.0,0,0,0,0,0,0,0,0,0,0,0.0,0,0,0,0,0,"2,1",,,,,,,,,,,,,2,0,0,0,0,0,0,0,0,0,0,0,0,0,0,0,0,0,0,0,,0,,0,,0,,0,,0,0,,0
517,518,0,0,0,0,0,0,0,0,0,0,0,0,0,0,0.0,,,,0,0.0,0,0,0,0,0,0,0,0,0,0,0.0,0,0,0,0,0,"2,1",,,,,,,,,,,,,2,0,0,0,0,0,0,0,0,0,0,0,0,0,0,0,0,0,0,0,,0,,0,,0,,0,,0,0,,0
518,519,0,0,0,0,0,0,0,0,0,0,0,0,0,0,0.0,,,,0,0.0,0,0,0,0,0,0,0,0,0,0,0.0,0,0,0,0,0,"2,1",,,,,,,,,,,,,2,0,0,0,0,0,0,0,0,0,0,0,0,0,0,0,0,0,0,0,,0,,0,,0,,0,,0,0,,0
519,520,0,0,0,0,0,0,0,0,0,0,0,0,0,0,0.0,,,,0,0.0,0,0,0,0,0,0,0,0,0,0,0.0,0,0,0,0,0,"2,1",,,,,,,,,,,,,2,0,0,0,0,0,0,0,0,0,0,0,0,0,0,0,0,0,0,0,,0,,0,,0,,0,,0,0,,0
520,521,0,0,0,0,0,0,0,0,0,0,0,0,0,0,0.0,,,,0,0.0,0,0,0,0,0,0,0,0,0,0,0.0,0,0,0,0,0,"2,1",,,,,,,,,,,,,2,0,0,0,0,0,0,0,0,0,0,0,0,0,0,0,0,0,0,0,,0,,0,,0,,0,,0,0,,0
521,522,0,0,0,0,0,0,0,0,0,0,0,0,0,0,0.0,,,,0,0.0,0,0,0,0,0,0,0,0,0,0,0.0,0,0,0,0,0,"2,1",,,,,,,,,,,,,2,0,0,0,0,0,0,0,0,0,0,0,0,0,0,0,0,0,0,0,,0,,0,,0,,0,,0,0,,0
522,523,0,0,0,0,0,0,0,0,0,0,0,0,0,0,0.0,,,,0,0.0,0,0,0,0,0,0,0,0,0,0,0.0,0,0,0,0,0,"1,2",,,,,,,,,,,,,2,0,0,0,0,0,0,0,0,0,0,0,0,0,0,0,0,0,0,0,,0,,0,,0,,0,,0,0,,0
523,524,0,0,0,0,0,0,0,0,0,0,0,0,0,0,0.0,,,,0,0.0,0,0,0,0,0,0,0,0,0,0,0.0,0,0,0,0,0,"1,2",,,,,,,,,,,,,2,0,0,0,0,0,0,0,0,0,0,0,0,0,0,0,0,0,0,0,,0,,0,,0,,0,,0,0,,0
524,525,0,0,0,0,0,0,0,0,0,0,0,0,0,0,0.0,,,,0,0.0,0,0,0,0,0,0,0,0,0,0,0.0,0,0,0,0,0,"2,1",,,,,,,,,,,,,2,0,0,0,0,0,0,0,0,0,0,0,0,0,0,0,0,0,0,0,,0,,0,,0,,0,,0,0,,0
525,526,0,0,0,0,0,0,0,0,0,0,0,0,0,0,0.0,,,,0,0.0,0,0,0,0,0,0,0,0,0,0,0.0,0,0,0,0,0,"1,2",,,,,,,,,,,,,2,0,0,0,0,0,0,0,0,0,0,0,0,0,0,0,0,0,0,0,,0,,0,,0,,0,,0,0,,0
526,527,0,0,0,0,0,0,0,0,0,0,0,0,0,0,0.0,,,,0,0.0,0,0,0,0,0,0,0,0,0,0,0.0,0,0,0,0,0,"1,2",,,,,,,,,,,,,2,0,0,0,0,0,0,0,0,0,0,0,0,0,0,0,0,0,0,0,,0,,0,,0,,0,,0,0,,0
527,528,0,0,0,0,0,0,0,0,0,0,0,0,0,0,0.0,,,,0,0.0,0,0,0,0,0,0,0,0,0,0,0.0,0,0,0,0,0,"1,2",,,,,,,,,,,,,2,0,0,0,0,0,0,0,0,0,0,0,0,0,0,0,0,0,0,0,,0,,0,,0,,0,,0,0,,0
528,529,0,0,0,0,0,0,0,0,0,0,0,0,0,0,0.0,,,,0,0.0,0,0,0,0,0,0,0,0,0,0,0.0,0,0,0,0,0,"1,2",,,,,,,,,,,,,2,0,0,0,0,0,0,0,0,0,0,0,0,0,0,0,0,0,0,0,,0,,0,,0,,0,,0,0,,0
529,530,0,0,0,0,0,0,0,0,0,0,0,0,0,0,0.0,,,,0,0.0,0,0,0,0,0,0,0,0,0,0,0.0,0,0,0,0,0,"1,2",,,,,,,,,,,,,2,0,0,0,0,0,0,0,0,0,0,0,0,0,0,0,0,0,0,0,,0,,0,,0,,0,,0,0,,0
530,531,0,0,0,0,0,0,0,0,0,0,0,0,0,0,0.0,,,,0,0.0,0,0,0,0,0,0,0,0,0,0,0.0,0,0,0,0,0,"1,2",,,,,,,,,,,,,2,0,0,0,0,0,0,0,0,0,0,0,0,0,0,0,0,0,0,0,,0,,0,,0,,0,,0,0,,0
531,532,0,0,0,0,0,0,0,0,0,0,0,0,0,0,0.0,,,,0,0.0,0,0,0,0,0,0,0,0,0,0,0.0,0,0,0,0,0,"2,1",,,,,,,,,,,,,2,0,0,0,0,0,0,0,0,0,0,0,0,0,0,0,0,0,0,0,,0,,0,,0,,0,,0,0,,0
532,533,0,0,0,0,0,0,0,0,0,0,0,0,0,0,0.0,,,,0,0.0,0,0,0,0,0,0,0,0,0,0,0.0,0,0,0,0,0,"2,1",,,,,,,,,,,,,2,0,0,0,0,0,0,0,0,0,0,0,0,0,0,0,0,0,0,0,,0,,0,,0,,0,,0,0,,0
533,534,0,0,0,0,0,0,0,0,0,0,0,0,0,0,0.0,,,,0,0.0,0,0,0,0,0,0,0,0,0,0,0.0,0,0,0,0,0,"1,2",,,,,,,,,,,,,2,0,0,0,0,0,0,0,0,0,0,0,0,0,0,0,0,0,0,0,,0,,0,,0,,0,,0,0,,0
534,535,0,0,0,0,0,0,0,0,0,0,0,0,0,0,0.0,,,,0,0.0,0,0,0,0,0,0,0,0,0,0,0.0,0,0,0,0,0,"1,2",,,,,,,,,,,,,2,0,0,0,0,0,0,0,0,0,0,0,0,0,0,0,0,0,0,0,,0,,0,,0,,0,,0,0,,0
535,536,0,0,0,0,0,0,0,0,0,0,0,0,0,0,0.0,,,,0,0.0,0,0,0,0,0,0,0,0,0,0,0.0,0,0,0,0,0,"1,2",,,,,,,,,,,,,2,0,0,0,0,0,0,0,0,0,0,0,0,0,0,0,0,0,0,0,,0,,0,,0,,0,,0,0,,0
536,537,0,0,0,0,0,0,0,0,0,0,0,0,0,0,0.0,,,,0,0.0,0,0,0,0,0,0,0,0,0,0,0.0,0,0,0,0,0,"1,2",,,,,,,,,,,,,2,0,0,0,0,0,0,0,0,0,0,0,0,0,0,0,0,0,0,0,,0,,0,,0,,0,,0,0,,0
537,538,0,0,0,0,0,0,0,0,0,0,0,0,0,0,0.0,,,,0,0.0,0,0,0,0,0,0,0,0,0,0,0.0,0,0,0,0,0,"2,1",,,,,,,,,,,,,2,0,0,0,0,0,0,0,0,0,0,0,0,0,0,0,0,0,0,0,,0,,0,,0,,0,,0,0,,0
538,539,0,0,0,0,0,0,0,0,0,0,0,0,0,0,0.0,,,,0,0.0,0,0,0,0,0,0,0,0,0,0,0.0,0,0,0,0,0,"1,2",,,,,,,,,,,,,2,0,0,0,0,0,0,0,0,0,0,0,0,0,0,0,0,0,0,0,,0,,0,,0,,0,,0,0,,0
539,540,0,0,0,0,0,0,0,0,0,0,0,0,0,0,0.0,,,,0,0.0,0,0,0,0,0,0,0,0,0,0,0.0,0,0,0,0,0,"2,1",,,,,,,,,,,,,2,0,0,0,0,0,0,0,0,0,0,0,0,0,0,0,0,0,0,0,,0,,0,,0,,0,,0,0,,0
540,541,0,0,0,0,0,0,0,0,0,0,0,0,0,0,0.0,,,,0,0.0,0,0,0,0,0,0,0,0,0,0,0.0,0,0,0,0,0,"1,2",,,,,,,,,,,,,2,0,0,0,0,0,0,0,0,0,0,0,0,0,0,0,0,0,0,0,,0,,0,,0,,0,,0,0,,0
541,542,0,0,0,0,0,0,0,0,0,0,0,0,0,0,0.0,,,,0,0.0,0,0,0,0,0,0,0,0,0,0,0.0,0,0,0,0,0,"2,1",,,,,,,,,,,,,2,0,0,0,0,0,0,0,0,0,0,0,0,0,0,0,0,0,0,0,,0,,0,,0,,0,,0,0,,0
542,543,0,0,0,0,0,0,0,0,0,0,0,0,0,0,0.0,,,,0,0.0,0,0,0,0,0,0,0,0,0,0,0.0,0,0,0,0,0,"2,1",,,,,,,,,,,,,2,0,0,0,0,0,0,0,0,0,0,0,0,0,0,0,0,0,0,0,,0,,0,,0,,0,,0,0,,0
543,544,0,0,0,0,0,0,0,0,0,0,0,0,0,0,0.0,,,,0,0.0,0,0,0,0,0,0,0,0,0,0,0.0,0,0,0,0,0,"1,2",,,,,,,,,,,,,2,0,0,0,0,0,0,0,0,0,0,0,0,0,0,0,0,0,0,0,,0,,0,,0,,0,,0,0,,0
544,545,0,0,0,0,0,0,0,0,0,0,0,0,0,0,0.0,,,,0,0.0,0,0,0,0,0,0,0,0,0,0,0.0,0,0,0,0,0,"2,1",,,,,,,,,,,,,2,0,0,0,0,0,0,0,0,0,0,0,0,0,0,0,0,0,0,0,,0,,0,,0,,0,,0,0,,0
545,546,0,0,0,0,0,0,0,0,0,0,0,0,0,0,0.0,,,,0,0.0,0,0,0,0,0,0,0,0,0,0,0.0,0,0,0,0,0,"1,2",,,,,,,,,,,,,2,0,0,0,0,0,0,0,0,0,0,0,0,0,0,0,0,0,0,0,,0,,0,,0,,0,,0,0,,0
546,547,0,0,0,0,0,0,0,0,0,0,0,0,0,0,0.0,,,,0,0.0,0,0,0,0,0,0,0,0,0,0,0.0,0,0,0,0,0,"1,2",,,,,,,,,,,,,2,0,0,0,0,0,0,0,0,0,0,0,0,0,0,0,0,0,0,0,,0,,0,,0,,0,,0,0,,0
547,548,0,0,0,0,0,0,0,0,0,0,0,0,0,0,0.0,,,,0,0.0,0,0,0,0,0,0,0,0,0,0,0.0,0,0,0,0,0,"2,1",,,,,,,,,,,,,2,0,0,0,0,0,0,0,0,0,0,0,0,0,0,0,0,0,0,0,,0,,0,,0,,0,,0,0,,0
548,549,0,0,0,0,0,0,0,0,0,0,0,0,0,0,0.0,,,,0,0.0,0,0,0,0,0,0,0,0,0,0,0.0,0,0,0,0,0,"1,2",,,,,,,,,,,,,2,0,0,0,0,0,0,0,0,0,0,0,0,0,0,0,0,0,0,0,,0,,0,,0,,0,,0,0,,0
549,550,0,0,0,0,0,0,0,0,0,0,0,0,0,0,0.0,,,,0,0.0,0,0,0,0,0,0,0,0,0,0,0.0,0,0,0,0,0,"1,2",,,,,,,,,,,,,2,0,0,0,0,0,0,0,0,0,0,0,0,0,0,0,0,0,0,0,,0,,0,,0,,0,,0,0,,0
550,551,0,0,0,0,0,0,0,0,0,0,0,0,0,0,0.0,,,,0,0.0,0,0,0,0,0,0,0,0,0,0,0.0,0,0,0,0,0,"1,2",,,,,,,,,,,,,2,0,0,0,0,0,0,0,0,0,0,0,0,0,0,0,0,0,0,0,,0,,0,,0,,0,,0,0,,0
551,552,0,0,0,0,0,0,0,0,0,0,0,0,0,0,0.0,,,,0,0.0,0,0,0,0,0,0,0,0,0,0,0.0,0,0,0,0,0,"2,1",,,,,,,,,,,,,2,0,0,0,0,0,0,0,0,0,0,0,0,0,0,0,0,0,0,0,,0,,0,,0,,0,,0,0,,0
552,553,0,0,0,0,0,0,0,0,0,0,0,0,0,0,0.0,,,,0,0.0,0,0,0,0,0,0,0,0,0,0,0.0,0,0,0,0,0,"2,1",,,,,,,,,,,,,2,0,0,0,0,0,0,0,0,0,0,0,0,0,0,0,0,0,0,0,,0,,0,,0,,0,,0,0,,0
553,554,0,0,0,0,0,0,0,0,0,0,0,0,0,0,0.0,,,,0,0.0,0,0,0,0,0,0,0,0,0,0,0.0,0,0,0,0,0,"1,2",,,,,,,,,,,,,2,0,0,0,0,0,0,0,0,0,0,0,0,0,0,0,0,0,0,0,,0,,0,,0,,0,,0,0,,0
554,555,0,0,0,0,0,0,0,0,0,0,0,0,0,0,0.0,,,,0,0.0,0,0,0,0,0,0,0,0,0,0,0.0,0,0,0,0,0,"1,2",,,,,,,,,,,,,2,0,0,0,0,0,0,0,0,0,0,0,0,0,0,0,0,0,0,0,,0,,0,,0,,0,,0,0,,0
555,556,0,0,0,0,0,0,0,0,0,0,0,0,0,0,0.0,,,,0,0.0,0,0,0,0,0,0,0,0,0,0,0.0,0,0,0,0,0,"1,2",,,,,,,,,,,,,2,0,0,0,0,0,0,0,0,0,0,0,0,0,0,0,0,0,0,0,,0,,0,,0,,0,,0,0,,0
556,557,0,0,0,0,0,0,0,0,0,0,0,0,0,0,0.0,,,,0,0.0,0,0,0,0,0,0,0,0,0,0,0.0,0,0,0,0,0,"2,1",,,,,,,,,,,,,2,0,0,0,0,0,0,0,0,0,0,0,0,0,0,0,0,0,0,0,,0,,0,,0,,0,,0,0,,0
557,558,0,0,0,0,0,0,0,0,0,0,0,0,0,0,0.0,,,,0,0.0,0,0,0,0,0,0,0,0,0,0,0.0,0,0,0,0,0,"2,1",,,,,,,,,,,,,2,0,0,0,0,0,0,0,0,0,0,0,0,0,0,0,0,0,0,0,,0,,0,,0,,0,,0,0,,0
558,559,0,0,0,0,0,0,0,0,0,0,0,0,0,0,0.0,,,,0,0.0,0,0,0,0,0,0,0,0,0,0,0.0,0,0,0,0,0,"1,2",,,,,,,,,,,,,2,0,0,0,0,0,0,0,0,0,0,0,0,0,0,0,0,0,0,0,,0,,0,,0,,0,,0,0,,0
559,560,0,0,0,0,0,0,0,0,0,0,0,0,0,0,0.0,,,,0,0.0,0,0,0,0,0,0,0,0,0,0,0.0,0,0,0,0,0,"1,2",,,,,,,,,,,,,2,0,0,0,0,0,0,0,0,0,0,0,0,0,0,0,0,0,0,0,,0,,0,,0,,0,,0,0,,0
560,561,0,0,0,0,0,0,0,0,0,0,0,0,0,0,0.0,,,,0,0.0,0,0,0,0,0,0,0,0,0,0,0.0,0,0,0,0,0,"2,1",,,,,,,,,,,,,2,0,0,0,0,0,0,0,0,0,0,0,0,0,0,0,0,0,0,0,,0,,0,,0,,0,,0,0,,0
561,562,0,0,0,0,0,0,0,0,0,0,0,0,0,0,0.0,,,,0,0.0,0,0,0,0,0,0,0,0,0,0,0.0,0,0,0,0,0,"2,1",,,,,,,,,,,,,2,0,0,0,0,0,0,0,0,0,0,0,0,0,0,0,0,0,0,0,,0,,0,,0,,0,,0,0,,0
562,563,0,0,0,0,0,0,0,0,0,0,0,0,0,0,0.0,,,,0,0.0,0,0,0,0,0,0,0,0,0,0,0.0,0,0,0,0,0,"2,1",,,,,,,,,,,,,2,0,0,0,0,0,0,0,0,0,0,0,0,0,0,0,0,0,0,0,,0,,0,,0,,0,,0,0,,0
563,564,0,0,0,0,0,0,0,0,0,0,0,0,0,0,0.0,,,,0,0.0,0,0,0,0,0,0,0,0,0,0,0.0,0,0,0,0,0,"1,2",,,,,,,,,,,,,2,0,0,0,0,0,0,0,0,0,0,0,0,0,0,0,0,0,0,0,,0,,0,,0,,0,,0,0,,0
564,565,0,0,0,0,0,0,0,0,0,0,0,0,0,0,0.0,,,,0,0.0,0,0,0,0,0,0,0,0,0,0,0.0,0,0,0,0,0,"2,1",,,,,,,,,,,,,2,0,0,0,0,0,0,0,0,0,0,0,0,0,0,0,0,0,0,0,,0,,0,,0,,0,,0,0,,0
565,566,0,0,0,0,0,0,0,0,0,0,0,0,0,0,0.0,,,,0,0.0,0,0,0,0,0,0,0,0,0,0,0.0,0,0,0,0,0,"2,1",,,,,,,,,,,,,2,0,0,0,0,0,0,0,0,0,0,0,0,0,0,0,0,0,0,0,,0,,0,,0,,0,,0,0,,0
566,567,0,0,0,0,0,0,0,0,0,0,0,0,0,0,0.0,,,,0,0.0,0,0,0,0,0,0,0,0,0,0,0.0,0,0,0,0,0,"1,2",,,,,,,,,,,,,2,0,0,0,0,0,0,0,0,0,0,0,0,0,0,0,0,0,0,0,,0,,0,,0,,0,,0,0,,0
567,568,0,0,0,0,0,0,0,0,0,0,0,0,0,0,0.0,,,,0,0.0,0,0,0,0,0,0,0,0,0,0,0.0,0,0,0,0,0,"2,1",,,,,,,,,,,,,2,0,0,0,0,0,0,0,0,0,0,0,0,0,0,0,0,0,0,0,,0,,0,,0,,0,,0,0,,0
568,569,0,0,0,0,0,0,0,0,0,0,0,0,0,0,0.0,,,,0,0.0,0,0,0,0,0,0,0,0,0,0,0.0,0,0,0,0,0,"2,1",,,,,,,,,,,,,2,0,0,0,0,0,0,0,0,0,0,0,0,0,0,0,0,0,0,0,,0,,0,,0,,0,,0,0,,0
569,570,0,0,0,0,0,0,0,0,0,0,0,0,0,0,0.0,,,,0,0.0,0,0,0,0,0,0,0,0,0,0,0.0,0,0,0,0,0,"2,1",,,,,,,,,,,,,2,0,0,0,0,0,0,0,0,0,0,0,0,0,0,0,0,0,0,0,,0,,0,,0,,0,,0,0,,0
570,571,0,0,0,0,0,0,0,0,0,0,0,0,0,0,0.0,,,,0,0.0,0,0,0,0,0,0,0,0,0,0,0.0,0,0,0,0,0,"1,2",,,,,,,,,,,,,2,0,0,0,0,0,0,0,0,0,0,0,0,0,0,0,0,0,0,0,,0,,0,,0,,0,,0,0,,0
571,572,0,0,0,0,0,0,0,0,0,0,0,0,0,0,0.0,,,,0,0.0,0,0,0,0,0,0,0,0,0,0,0.0,0,0,0,0,0,"2,1",,,,,,,,,,,,,2,0,0,0,0,0,0,0,0,0,0,0,0,0,0,0,0,0,0,0,,0,,0,,0,,0,,0,0,,0
572,573,0,0,0,0,0,0,0,0,0,0,0,0,0,0,0.0,,,,0,0.0,0,0,0,0,0,0,0,0,0,0,0.0,0,0,0,0,0,"1,2",,,,,,,,,,,,,2,0,0,0,0,0,0,0,0,0,0,0,0,0,0,0,0,0,0,0,,0,,0,,0,,0,,0,0,,0
573,574,0,0,0,0,0,0,0,0,0,0,0,0,0,0,0.0,,,,0,0.0,0,0,0,0,0,0,0,0,0,0,0.0,0,0,0,0,0,"2,1",,,,,,,,,,,,,2,0,0,0,0,0,0,0,0,0,0,0,0,0,0,0,0,0,0,0,,0,,0,,0,,0,,0,0,,0
574,575,0,0,0,0,0,0,0,0,0,0,0,0,0,0,0.0,,,,0,0.0,0,0,0,0,0,0,0,0,0,0,0.0,0,0,0,0,0,"2,1",,,,,,,,,,,,,2,0,0,0,0,0,0,0,0,0,0,0,0,0,0,0,0,0,0,0,,0,,0,,0,,0,,0,0,,0
575,576,0,0,0,0,0,0,0,0,0,0,0,0,0,0,0.0,,,,0,0.0,0,0,0,0,0,0,0,0,0,0,0.0,0,0,0,0,0,"1,2",,,,,,,,,,,,,2,0,0,0,0,0,0,0,0,0,0,0,0,0,0,0,0,0,0,0,,0,,0,,0,,0,,0,0,,0
576,577,0,0,0,0,0,0,0,0,0,0,0,0,0,0,0.0,,,,0,0.0,0,0,0,0,0,0,0,0,0,0,0.0,0,0,0,0,0,"2,1",,,,,,,,,,,,,2,0,0,0,0,0,0,0,0,0,0,0,0,0,0,0,0,0,0,0,,0,,0,,0,,0,,0,0,,0
577,578,0,0,0,0,0,0,0,0,0,0,0,0,0,0,0.0,,,,0,0.0,0,0,0,0,0,0,0,0,0,0,0.0,0,0,0,0,0,"1,2",,,,,,,,,,,,,2,0,0,0,0,0,0,0,0,0,0,0,0,0,0,0,0,0,0,0,,0,,0,,0,,0,,0,0,,0
578,579,0,0,0,0,0,0,0,0,0,0,0,0,0,0,0.0,,,,0,0.0,0,0,0,0,0,0,0,0,0,0,0.0,0,0,0,0,0,"1,2",,,,,,,,,,,,,2,0,0,0,0,0,0,0,0,0,0,0,0,0,0,0,0,0,0,0,,0,,0,,0,,0,,0,0,,0
579,580,0,0,0,0,0,0,0,0,0,0,0,0,0,0,0.0,,,,0,0.0,0,0,0,0,0,0,0,0,0,0,0.0,0,0,0,0,0,"2,1",,,,,,,,,,,,,2,0,0,0,0,0,0,0,0,0,0,0,0,0,0,0,0,0,0,0,,0,,0,,0,,0,,0,0,,0
580,581,0,0,0,0,0,0,0,0,0,0,0,0,0,0,0.0,,,,0,0.0,0,0,0,0,0,0,0,0,0,0,0.0,0,0,0,0,0,"2,1",,,,,,,,,,,,,2,0,0,0,0,0,0,0,0,0,0,0,0,0,0,0,0,0,0,0,,0,,0,,0,,0,,0,0,,0
581,582,0,0,0,0,0,0,0,0,0,0,0,0,0,0,0.0,,,,0,0.0,0,0,0,0,0,0,0,0,0,0,0.0,0,0,0,0,0,"1,2",,,,,,,,,,,,,2,0,0,0,0,0,0,0,0,0,0,0,0,0,0,0,0,0,0,0,,0,,0,,0,,0,,0,0,,0
582,583,0,0,0,0,0,0,0,0,0,0,0,0,0,0,0.0,,,,0,0.0,0,0,0,0,0,0,0,0,0,0,0.0,0,0,0,0,0,"2,1",,,,,,,,,,,,,2,0,0,0,0,0,0,0,0,0,0,0,0,0,0,0,0,0,0,0,,0,,0,,0,,0,,0,0,,0
583,584,0,0,0,0,0,0,0,0,0,0,0,0,0,0,0.0,,,,0,0.0,0,0,0,0,0,0,0,0,0,0,0.0,0,0,0,0,0,"1,2",,,,,,,,,,,,,2,0,0,0,0,0,0,0,0,0,0,0,0,0,0,0,0,0,0,0,,0,,0,,0,,0,,0,0,,0
584,585,0,0,0,0,0,0,0,0,0,0,0,0,0,0,0.0,,,,0,0.0,0,0,0,0,0,0,0,0,0,0,0.0,0,0,0,0,0,"2,1",,,,,,,,,,,,,2,0,0,0,0,0,0,0,0,0,0,0,0,0,0,0,0,0,0,0,,0,,0,,0,,0,,0,0,,0
585,586,0,0,0,0,0,0,0,0,0,0,0,0,0,0,0.0,,,,0,0.0,0,0,0,0,0,0,0,0,0,0,0.0,0,0,0,0,0,"1,2",,,,,,,,,,,,,2,0,0,0,0,0,0,0,0,0,0,0,0,0,0,0,0,0,0,0,,0,,0,,0,,0,,0,0,,0
586,587,0,0,0,0,0,0,0,0,0,0,0,0,0,0,0.0,,,,0,0.0,0,0,0,0,0,0,0,0,0,0,0.0,0,0,0,0,0,"1,2",,,,,,,,,,,,,2,0,0,0,0,0,0,0,0,0,0,0,0,0,0,0,0,0,0,0,,0,,0,,0,,0,,0,0,,0
587,588,0,0,0,0,0,0,0,0,0,0,0,0,0,0,0.0,,,,0,0.0,0,0,0,0,0,0,0,0,0,0,0.0,0,0,0,0,0,"1,2",,,,,,,,,,,,,2,0,0,0,0,0,0,0,0,0,0,0,0,0,0,0,0,0,0,0,,0,,0,,0,,0,,0,0,,0
588,589,0,0,0,0,0,0,0,0,0,0,0,0,0,0,0.0,,,,0,0.0,0,0,0,0,0,0,0,0,0,0,0.0,0,0,0,0,0,"1,2",,,,,,,,,,,,,2,0,0,0,0,0,0,0,0,0,0,0,0,0,0,0,0,0,0,0,,0,,0,,0,,0,,0,0,,0
589,590,0,0,0,0,0,0,0,0,0,0,0,0,0,0,0.0,,,,0,0.0,0,0,0,0,0,0,0,0,0,0,0.0,0,0,0,0,0,"2,1",,,,,,,,,,,,,2,0,0,0,0,0,0,0,0,0,0,0,0,0,0,0,0,0,0,0,,0,,0,,0,,0,,0,0,,0
590,591,0,0,0,0,0,0,0,0,0,0,0,0,0,0,0.0,,,,0,0.0,0,0,0,0,0,0,0,0,0,0,0.0,0,0,0,0,0,"2,1",,,,,,,,,,,,,2,0,0,0,0,0,0,0,0,0,0,0,0,0,0,0,0,0,0,0,,0,,0,,0,,0,,0,0,,0
591,592,0,0,0,0,0,0,0,0,0,0,0,0,0,0,0.0,,,,0,0.0,0,0,0,0,0,0,0,0,0,0,0.0,0,0,0,0,0,"2,1",,,,,,,,,,,,,2,0,0,0,0,0,0,0,0,0,0,0,0,0,0,0,0,0,0,0,,0,,0,,0,,0,,0,0,,0
592,593,0,0,0,0,0,0,0,0,0,0,0,0,0,0,0.0,,,,0,0.0,0,0,0,0,0,0,0,0,0,0,0.0,0,0,0,0,0,"2,1",,,,,,,,,,,,,2,0,0,0,0,0,0,0,0,0,0,0,0,0,0,0,0,0,0,0,,0,,0,,0,,0,,0,0,,0
593,594,0,0,0,0,0,0,0,0,0,0,0,0,0,0,0.0,,,,0,0.0,0,0,0,0,0,0,0,0,0,0,0.0,0,0,0,0,0,"2,1",,,,,,,,,,,,,2,0,0,0,0,0,0,0,0,0,0,0,0,0,0,0,0,0,0,0,,0,,0,,0,,0,,0,0,,0
594,595,0,0,0,0,0,0,0,0,0,0,0,0,0,0,0.0,,,,0,0.0,0,0,0,0,0,0,0,0,0,0,0.0,0,0,0,0,0,"1,2",,,,,,,,,,,,,2,0,0,0,0,0,0,0,0,0,0,0,0,0,0,0,0,0,0,0,,0,,0,,0,,0,,0,0,,0
595,596,0,0,0,0,0,0,0,0,0,0,0,0,0,0,0.0,,,,0,0.0,0,0,0,0,0,0,0,0,0,0,0.0,0,0,0,0,0,"1,2",,,,,,,,,,,,,2,0,0,0,0,0,0,0,0,0,0,0,0,0,0,0,0,0,0,0,,0,,0,,0,,0,,0,0,,0
596,597,0,0,0,0,0,0,0,0,0,0,0,0,0,0,0.0,,,,0,0.0,0,0,0,0,0,0,0,0,0,0,0.0,0,0,0,0,0,"1,2",,,,,,,,,,,,,2,0,0,0,0,0,0,0,0,0,0,0,0,0,0,0,0,0,0,0,,0,,0,,0,,0,,0,0,,0
597,598,0,0,0,0,0,0,0,0,0,0,0,0,0,0,0.0,,,,0,0.0,0,0,0,0,0,0,0,0,0,0,0.0,0,0,0,0,0,"1,2",,,,,,,,,,,,,2,0,0,0,0,0,0,0,0,0,0,0,0,0,0,0,0,0,0,0,,0,,0,,0,,0,,0,0,,0
598,599,0,0,0,0,0,0,0,0,0,0,0,0,0,0,0.0,,,,0,0.0,0,0,0,0,0,0,0,0,0,0,0.0,0,0,0,0,0,"1,2",,,,,,,,,,,,,2,0,0,0,0,0,0,0,0,0,0,0,0,0,0,0,0,0,0,0,,0,,0,,0,,0,,0,0,,0
599,600,0,0,0,0,0,0,0,0,0,0,0,0,0,0,0.0,,,,0,0.0,0,0,0,0,0,0,0,0,0,0,0.0,0,0,0,0,0,"1,2",,,,,,,,,,,,,2,0,0,0,0,0,0,0,0,0,0,0,0,0,0,0,0,0,0,0,,0,,0,,0,,0,,0,0,,0
600,601,0,0,0,0,0,0,0,0,0,0,0,0,0,0,0.0,,,,0,0.0,0,0,0,0,0,0,0,0,0,0,0.0,0,0,0,0,0,"2,1",,,,,,,,,,,,,2,0,0,0,0,0,0,0,0,0,0,0,0,0,0,0,0,0,0,0,,0,,0,,0,,0,,0,0,,0
601,602,0,0,0,0,0,0,0,0,0,0,0,0,0,0,0.0,,,,0,0.0,0,0,0,0,0,0,0,0,0,0,0.0,0,0,0,0,0,"1,2",,,,,,,,,,,,,2,0,0,0,0,0,0,0,0,0,0,0,0,0,0,0,0,0,0,0,,0,,0,,0,,0,,0,0,,0
602,603,0,0,0,0,0,0,0,0,0,0,0,0,0,0,0.0,,,,0,0.0,0,0,0,0,0,0,0,0,0,0,0.0,0,0,0,0,0,"2,1",,,,,,,,,,,,,2,0,0,0,0,0,0,0,0,0,0,0,0,0,0,0,0,0,0,0,,0,,0,,0,,0,,0,0,,0
603,604,0,0,0,0,0,0,0,0,0,0,0,0,0,0,0.0,,,,0,0.0,0,0,0,0,0,0,0,0,0,0,0.0,0,0,0,0,0,"1,2",,,,,,,,,,,,,2,0,0,0,0,0,0,0,0,0,0,0,0,0,0,0,0,0,0,0,,0,,0,,0,,0,,0,0,,0
604,605,0,0,0,0,0,0,0,0,0,0,0,0,0,0,0.0,,,,0,0.0,0,0,0,0,0,0,0,0,0,0,0.0,0,0,0,0,0,"2,1",,,,,,,,,,,,,2,0,0,0,0,0,0,0,0,0,0,0,0,0,0,0,0,0,0,0,,0,,0,,0,,0,,0,0,,0
605,606,0,0,0,0,0,0,0,0,0,0,0,0,0,0,0.0,,,,0,0.0,0,0,0,0,0,0,0,0,0,0,0.0,0,0,0,0,0,"2,1",,,,,,,,,,,,,2,0,0,0,0,0,0,0,0,0,0,0,0,0,0,0,0,0,0,0,,0,,0,,0,,0,,0,0,,0
606,607,0,0,0,0,0,0,0,0,0,0,0,0,0,0,0.0,,,,0,0.0,0,0,0,0,0,0,0,0,0,0,0.0,0,0,0,0,0,"1,2",,,,,,,,,,,,,2,0,0,0,0,0,0,0,0,0,0,0,0,0,0,0,0,0,0,0,,0,,0,,0,,0,,0,0,,0
607,608,0,0,0,0,0,0,0,0,0,0,0,0,0,0,0.0,,,,0,0.0,0,0,0,0,0,0,0,0,0,0,0.0,0,0,0,0,0,"1,2",,,,,,,,,,,,,2,0,0,0,0,0,0,0,0,0,0,0,0,0,0,0,0,0,0,0,,0,,0,,0,,0,,0,0,,0
608,609,0,0,0,0,0,0,0,0,0,0,0,0,0,0,0.0,,,,0,0.0,0,0,0,0,0,0,0,0,0,0,0.0,0,0,0,0,0,"2,1",,,,,,,,,,,,,2,0,0,0,0,0,0,0,0,0,0,0,0,0,0,0,0,0,0,0,,0,,0,,0,,0,,0,0,,0
609,610,0,0,0,0,0,0,0,0,0,0,0,0,0,0,0.0,,,,0,0.0,0,0,0,0,0,0,0,0,0,0,0.0,0,0,0,0,0,"2,1",,,,,,,,,,,,,2,0,0,0,0,0,0,0,0,0,0,0,0,0,0,0,0,0,0,0,,0,,0,,0,,0,,0,0,,0
610,611,0,0,0,0,0,0,0,0,0,0,0,0,0,0,0.0,,,,0,0.0,0,0,0,0,0,0,0,0,0,0,0.0,0,0,0,0,0,"1,2",,,,,,,,,,,,,2,0,0,0,0,0,0,0,0,0,0,0,0,0,0,0,0,0,0,0,,0,,0,,0,,0,,0,0,,0
611,612,0,0,0,0,0,0,0,0,0,0,0,0,0,0,0.0,,,,0,0.0,0,0,0,0,0,0,0,0,0,0,0.0,0,0,0,0,0,"1,2",,,,,,,,,,,,,2,0,0,0,0,0,0,0,0,0,0,0,0,0,0,0,0,0,0,0,,0,,0,,0,,0,,0,0,,0
612,613,0,0,0,0,0,0,0,0,0,0,0,0,0,0,0.0,,,,0,0.0,0,0,0,0,0,0,0,0,0,0,0.0,0,0,0,0,0,"1,2",,,,,,,,,,,,,2,0,0,0,0,0,0,0,0,0,0,0,0,0,0,0,0,0,0,0,,0,,0,,0,,0,,0,0,,0
613,614,0,0,0,0,0,0,0,0,0,0,0,0,0,0,0.0,,,,0,0.0,0,0,0,0,0,0,0,0,0,0,0.0,0,0,0,0,0,"2,1",,,,,,,,,,,,,2,0,0,0,0,0,0,0,0,0,0,0,0,0,0,0,0,0,0,0,,0,,0,,0,,0,,0,0,,0
614,615,0,0,0,0,0,0,0,0,0,0,0,0,0,0,0.0,,,,0,0.0,0,0,0,0,0,0,0,0,0,0,0.0,0,0,0,0,0,"1,2",,,,,,,,,,,,,2,0,0,0,0,0,0,0,0,0,0,0,0,0,0,0,0,0,0,0,,0,,0,,0,,0,,0,0,,0
615,616,0,0,0,0,0,0,0,0,0,0,0,0,0,0,0.0,,,,0,0.0,0,0,0,0,0,0,0,0,0,0,0.0,0,0,0,0,0,"1,2",,,,,,,,,,,,,2,0,0,0,0,0,0,0,0,0,0,0,0,0,0,0,0,0,0,0,,0,,0,,0,,0,,0,0,,0
616,617,0,0,0,0,0,0,0,0,0,0,0,0,0,0,0.0,,,,0,0.0,0,0,0,0,0,0,0,0,0,0,0.0,0,0,0,0,0,"1,2",,,,,,,,,,,,,2,0,0,0,0,0,0,0,0,0,0,0,0,0,0,0,0,0,0,0,,0,,0,,0,,0,,0,0,,0
617,618,0,0,0,0,0,0,0,0,0,0,0,0,0,0,0.0,,,,0,0.0,0,0,0,0,0,0,0,0,0,0,0.0,0,0,0,0,0,"2,1",,,,,,,,,,,,,2,0,0,0,0,0,0,0,0,0,0,0,0,0,0,0,0,0,0,0,,0,,0,,0,,0,,0,0,,0
618,619,0,0,0,0,0,0,0,0,0,0,0,0,0,0,0.0,,,,0,0.0,0,0,0,0,0,0,0,0,0,0,0.0,0,0,0,0,0,"2,1",,,,,,,,,,,,,2,0,0,0,0,0,0,0,0,0,0,0,0,0,0,0,0,0,0,0,,0,,0,,0,,0,,0,0,,0
619,620,0,0,0,0,0,0,0,0,0,0,0,0,0,0,0.0,,,,0,0.0,0,0,0,0,0,0,0,0,0,0,0.0,0,0,0,0,0,"1,2",,,,,,,,,,,,,2,0,0,0,0,0,0,0,0,0,0,0,0,0,0,0,0,0,0,0,,0,,0,,0,,0,,0,0,,0
620,621,0,0,0,0,0,0,0,0,0,0,0,0,0,0,0.0,,,,0,0.0,0,0,0,0,0,0,0,0,0,0,0.0,0,0,0,0,0,"1,2",,,,,,,,,,,,,2,0,0,0,0,0,0,0,0,0,0,0,0,0,0,0,0,0,0,0,,0,,0,,0,,0,,0,0,,0
621,622,1,0,1,0,1,0,0,0,0,1,1,0,0,0,0.0,0.0,,,0,0.0,0,0,0,0,0,0,0,0,0,1,0.0008038585209003215,0,0,0,0,0,"2,1",0.0,0.0,1.0,,,,0.0,0.0,1.0,,,,1,1,0,0,0,0,1,0,0,0,1,0,0,0,1,0,0,1,0,0,0.0,1,,0,,0,,0,,0,0,,0
622,623,1,0,1,0,1,0,0,0,0,1,1,0,0,0,0.0,0.0,0.0,,1,0.5,200,30,0,0,0,0,0,-200,0,2,0.0016051364365971107,0,0,0,0,0,"2,1",0.0,0.0,1.0,,,,0.0,0.0,1.0,,,,1,1,0,0,0,0,1,0,0,0,1,0,0,0,1,0,0,1,0,0,0.0,1,,0,,0,,0,,0,0,,0
623,624,1,0,1,0,1,0,0,0,0,1,1,0,0,0,0.0,0.0,0.0,,2,1.0,400,60,0,0,0,0,0,-400,0,3,0.002403846153846154,0,0,0,0,0,"1,2",0.0,0.0,1.0,,,,0.0,0.0,1.0,,,,1,1,0,0,0,0,1,0,0,0,1,0,0,0,1,0,0,1,0,0,0.0,1,,0,,0,,0,,0,0,,0
624,625,1,0,1,0,1,0,0,0,0,1,1,0,0,0,0.0,0.0,0.0,,3,1.5,600,90,0,0,0,0,0,-600,0,4,0.0032,0,0,0,0,0,"2,1",0.0,0.0,1.0,,,,0.0,0.0,1.0,,,,1,1,0,0,0,0,1,0,0,0,1,0,0,0,1,0,0,1,0,0,0.0,1,,0,,0,,0,,0,0,,0
625,626,1,0,1,0,1,0,0,0,0,1,1,0,0,0,0.0,0.0,0.0,,4,2.0,800,120,0,0,0,0,0,-800,0,5,0.003993610223642172,0,0,0,0,0,"2,1",0.0,0.0,1.0,,,,0.0,0.0,1.0,,,,1,1,0,0,0,0,1,0,0,0,1,0,0,0,1,0,0,1,0,0,0.0,1,,0,,0,,0,,0,0,,0
626,627,1,0,1,0,1,0,0,0,0,1,1,0,0,0,0.0,0.0,0.0,,5,2.5,1000,150,0,0,0,0,0,-1000,0,6,0.004784688995215311,0,0,0,0,0,"1,2",0.0,0.0,1.0,,,,0.0,0.0,1.0,,,,1,1,0,0,0,0,1,0,0,0,1,0,0,0,1,0,0,1,0,0,0.0,1,,0,,0,,0,,0,0,,0
627,628,1,0,1,0,1,0,0,0,0,1,1,0,0,0,0.0,0.0,0.0,,6,3.0,1200,180,0,0,0,0,0,-1200,0,7,0.005573248407643312,0,0,0,0,0,"2,1",0.0,0.0,1.0,,,,0.0,0.0,1.0,,,,1,1,0,0,0,0,1,0,0,0,1,0,0,0,1,0,0,1,0,0,0.0,1,,0,,0,,0,,0,0,,0
628,629,1,0,1,0,1,0,0,0,0,1,1,0,0,0,0.0,0.0,0.0,,7,3.5,1400,210,0,0,0,0,0,-1400,0,8,0.006359300476947536,0,0,0,0,0,"2,1",0.0,0.0,1.0,,,,0.0,0.0,1.0,,,,1,1,0,0,0,0,1,0,0,0,1,0,0,0,1,0,0,1,0,0,0.0,1,,0,,0,,0,,0,0,,0
629,630,1,0,1,0,1,0,0,0,0,1,1,0,0,0,0.0,0.0,0.0,,8,4.0,1600,240,0,0,0,0,0,-1600,0,9,0.007142857142857143,0,0,0,0,0,"2,1",0.0,0.0,1.0,,,,0.0,0.0,1.0,,,,1,1,0,0,0,0,1,0,0,0,1,0,0,0,1,0,0,1,0,0,0.0,1,,0,,0,,0,,0,0,,0
630,631,1,0,1,0,1,0,0,0,0,1,1,0,0,0,0.0,0.0,0.0,,9,4.5,1800,270,0,0,0,0,0,-1800,0,10,0.00792393026941363,0,0,0,0,0,"2,1",0.0,0.0,1.0,,,,0.0,0.0,1.0,,,,1,1,0,0,0,0,0,1,0,0,1,0,0,0,1,0,0,1,0,0,0.0,1,,0,,0,,0,,0,0,,0
631,632,1,0,1,0,1,0,0,0,0,1,1,0,0,0,0.0,0.0,0.0,,10,5.0,2000,300,0,0,0,0,0,-2000,0,11,0.00870253164556962,0,0,0,0,0,"2,1",0.0,0.0,1.0,,,,0.0,0.0,1.0,,,,1,1,0,0,0,0,0,1,0,0,1,0,0,0,1,0,0,1,0,0,0.0,1,,0,,0,,0,,0,0,,0
632,633,1,0,1,0,1,0,0,0,0,1,1,0,0,0,0.0,0.0,0.0,,11,5.5,2200,330,0,0,0,0,0,-2200,0,12,0.009478672985781991,0,0,0,0,0,"2,1",0.0,0.0,1.0,,,,0.0,0.0,1.0,,,,1,1,0,0,0,0,0,1,0,0,1,0,0,0,1,0,0,1,0,0,0.0,1,,0,,0,,0,,0,0,,0
633,634,1,0,1,0,1,0,0,0,0,1,1,0,0,0,0.0,0.0,0.0,,12,6.0,2400,360,0,0,0,0,0,-2400,0,13,0.01025236593059937,0,0,0,0,0,"1,2",0.0,0.0,1.0,,,,0.0,0.0,1.0,,,,1,1,0,0,0,0,0,1,0,0,1,0,0,0,1,0,0,1,0,0,0.0,1,,0,,0,,0,,0,0,,0
634,635,1,0,1,0,1,0,0,0,0,1,1,0,0,0,0.0,0.0,0.0,,13,6.5,2600,390,0,0,0,0,0,-2600,0,14,0.011023622047244094,0,0,0,0,0,"1,2",0.0,0.0,1.0,,,,0.0,0.0,1.0,,,,1,1,0,0,0,0,0,1,0,0,1,0,0,0,1,0,0,1,0,0,0.0,1,,0,,0,,0,,0,0,,0
635,636,1,0,1,0,1,0,0,0,0,1,1,0,0,0,0.0,0.0,0.0,,14,7.0,2800,420,0,0,0,0,0,-2800,0,15,0.01179245283018868,0,0,0,0,0,"2,1",0.0,0.0,1.0,,,,0.0,0.0,1.0,,,,1,1,0,0,0,0,0,1,0,0,1,0,0,0,1,0,0,1,0,0,0.0,1,,0,,0,,0,,0,0,,0
636,637,1,0,1,0,1,0,0,0,0,1,1,0,0,0,0.0,0.0,0.0,,15,7.5,3000,450,0,0,0,0,0,-3000,0,16,0.012558869701726845,0,0,0,0,0,"2,1",0.0,0.0,1.0,,,,0.0,0.0,1.0,,,,1,1,0,0,0,0,0,1,0,0,1,0,0,0,1,0,0,1,0,0,0.0,1,,0,,0,,0,,0,0,,0
637,638,1,0,1,0,1,0,0,0,0,1,1,0,0,0,0.0,0.0,0.0,,16,8.0,3200,480,0,0,0,0,0,-3200,0,17,0.013322884012539185,0,0,0,0,0,"2,1",0.0,0.0,1.0,,,,0.0,0.0,1.0,,,,1,1,0,0,0,0,0,1,0,0,1,0,0,0,1,0,0,1,0,0,0.0,1,,0,,0,,0,,0,0,,0
638,639,1,0,1,0,1,0,0,0,0,1,1,0,0,0,0.0,0.0,0.0,,17,8.5,3400,510,0,0,0,0,0,-3400,0,18,0.014084507042253521,0,0,0,0,0,"2,1",0.0,0.0,1.0,,,,0.0,0.0,1.0,,,,1,1,0,0,0,0,0,1,0,0,1,0,0,0,1,0,0,1,0,0,0.0,1,,0,,0,,0,,0,0,,0
639,640,1,0,1,0,1,0,0,0,0,1,1,0,0,0,0.0,0.0,0.0,,18,9.0,3600,540,0,0,0,0,0,-3600,0,19,0.01484375,0,0,0,0,0,"2,1",0.0,0.0,1.0,,,,0.0,0.0,1.0,,,,1,1,0,0,0,0,0,1,0,0,1,0,0,0,1,0,0,1,0,0,0.0,1,,0,,0,,0,,0,0,,0
640,641,1,0,1,0,1,0,0,0,0,1,1,0,0,0,0.0,0.0,0.0,,19,9.5,3800,570,0,0,0,0,0,-3800,0,20,0.015600624024960999,0,0,0,0,0,"2,1",0.0,0.0,1.0,,,,0.0,0.0,1.0,,,,1,1,0,0,0,0,0,1,0,0,1,0,0,0,1,0,0,1,0,0,0.0,1,,0,,0,,0,,0,0,,0
641,642,1,0,1,0,1,0,0,0,0,1,1,0,0,0,0.0,0.0,0.0,,20,10.0,4000,600,0,0,0,0,0,-4000,0,21,0.016355140186915886,0,0,0,0,0,"1,2",0.0,0.0,1.0,,,,0.0,0.0,1.0,,,,1,1,0,0,0,0,0,1,0,0,1,0,0,0,1,0,0,1,0,0,0.0,1,,0,,0,,0,,0,0,,0
642,643,1,0,1,0,1,0,0,0,0,1,1,0,0,0,0.0,0.0,0.0,,21,10.5,4200,630,0,0,0,0,0,-4200,0,22,0.017107309486780714,0,0,0,0,0,"1,2",0.0,0.0,1.0,,,,0.0,0.0,1.0,,,,1,1,0,0,0,0,0,1,0,0,1,0,0,0,1,0,0,1,0,0,0.0,1,,0,,0,,0,,0,0,,0
643,644,1,0,1,0,1,0,0,0,0,1,1,0,0,0,0.0,0.0,0.0,,22,11.0,4400,660,0,0,0,0,0,-4400,0,23,0.017857142857142856,0,0,0,0,0,"2,1",0.0,0.0,1.0,,,,0.0,0.0,1.0,,,,1,1,0,0,0,0,0,1,0,0,1,0,0,0,1,0,0,1,0,0,0.0,1,,0,,0,,0,,0,0,,0
644,645,1,0,1,0,1,0,0,0,0,1,1,0,0,0,0.0,0.0,0.0,,23,11.5,4600,690,0,0,0,0,0,-4600,0,24,0.018604651162790697,0,0,0,0,0,"2,1",0.0,0.0,1.0,,,,0.0,0.0,1.0,,,,1,1,0,0,0,0,0,1,0,0,1,0,0,0,1,0,0,1,0,0,0.0,1,,0,,0,,0,,0,0,,0
645,646,1,0,1,0,1,0,0,0,0,1,1,0,0,0,0.0,0.0,0.0,,24,12.0,4800,720,0,0,0,0,0,-4800,0,25,0.01934984520123839,0,0,0,0,0,"1,2",0.0,0.0,1.0,,,,0.0,0.0,1.0,,,,1,1,0,0,0,0,0,1,0,0,1,0,0,0,1,0,0,1,0,0,0.0,1,,0,,0,,0,,0,0,,0
646,647,1,0,1,0,1,0,0,0,0,1,1,0,0,0,0.0,0.0,0.0,,25,12.5,5000,750,0,0,0,0,0,-5000,0,26,0.02009273570324575,0,0,0,0,0,"2,1",0.0,0.0,1.0,,,,0.0,0.0,1.0,,,,1,1,0,0,0,0,0,1,0,0,1,0,0,0,1,0,0,1,0,0,0.0,1,,0,,0,,0,,0,0,,0
647,648,1,0,1,0,1,0,0,0,0,1,1,0,0,0,0.0,0.0,0.0,,26,13.0,5200,780,0,0,0,0,0,-5200,0,27,0.020833333333333332,0,0,0,0,0,"2,1",0.0,0.0,1.0,,,,0.0,0.0,1.0,,,,1,1,0,0,0,0,0,1,0,0,1,0,0,0,1,0,0,1,0,0,0.0,1,,0,,0,,0,,0,0,,0
648,649,1,0,1,0,1,0,0,0,0,1,1,0,0,0,0.0,0.0,0.0,,27,13.5,5400,810,0,0,0,0,0,-5400,0,28,0.02157164869029276,0,0,0,0,0,"1,2",0.0,0.0,1.0,,,,0.0,0.0,1.0,,,,1,1,0,0,0,0,0,1,0,0,1,0,0,0,1,0,0,1,0,0,0.0,1,,0,,0,,0,,0,0,,0
649,650,1,0,1,0,1,0,0,0,0,1,1,0,0,0,0.0,0.0,0.0,,28,14.0,5600,840,0,0,0,0,0,-5600,0,29,0.022307692307692306,0,0,0,0,0,"1,2",0.0,0.0,1.0,,,,0.0,0.0,1.0,,,,1,1,0,0,0,0,0,1,0,0,1,0,0,0,1,0,0,1,0,0,0.0,1,,0,,0,,0,,0,0,,0
650,651,1,0,1,0,1,0,0,0,0,1,1,0,0,0,0.0,0.0,0.0,,29,14.5,5800,870,0,0,0,0,0,-5800,0,30,0.02304147465437788,0,0,0,0,0,"2,1",0.0,0.0,1.0,,,,0.0,0.0,1.0,,,,1,1,0,0,0,0,0,1,0,0,1,0,0,0,1,0,0,1,0,0,0.0,1,,0,,0,,0,,0,0,,0
651,652,1,0,1,0,1,0,0,0,0,1,1,0,0,0,0.0,0.0,0.0,,30,15.0,6000,900,0,0,0,0,0,-6000,0,31,0.023773006134969327,0,0,0,0,0,"1,2",0.0,0.0,1.0,,,,0.0,0.0,1.0,,,,1,1,0,0,0,0,0,1,0,0,1,0,0,0,1,0,0,1,0,0,0.0,1,,0,,0,,0,,0,0,,0
652,653,1,0,1,0,1,0,0,0,0,1,1,0,0,0,0.0,0.0,0.0,,31,15.5,6200,930,0,0,0,0,0,-6200,0,32,0.02450229709035222,0,0,0,0,0,"1,2",0.0,0.0,1.0,,,,0.0,0.0,1.0,,,,1,1,0,0,0,0,0,1,0,0,1,0,0,0,1,0,0,1,0,0,0.0,1,,0,,0,,0,,0,0,,0
653,654,1,0,1,0,1,0,0,0,0,1,1,0,0,0,0.0,0.0,0.0,,32,16.0,6400,960,0,0,0,0,0,-6400,0,33,0.02522935779816514,0,0,0,0,0,"2,1",0.0,0.0,1.0,,,,0.0,0.0,1.0,,,,1,1,0,0,0,0,0,1,0,0,1,0,0,0,1,0,0,1,0,0,0.0,1,,0,,0,,0,,0,0,,0
654,655,1,0,1,0,1,0,0,0,0,1,1,0,0,0,0.0,0.0,0.0,,33,16.5,6600,990,0,0,0,0,0,-6600,0,34,0.025954198473282442,0,0,0,0,0,"1,2",0.0,0.0,1.0,,,,0.0,0.0,1.0,,,,1,1,0,0,0,0,0,1,0,0,1,0,0,0,1,0,0,1,0,0,0.0,1,,0,,0,,0,,0,0,,0
655,656,1,0,1,0,1,0,0,0,0,1,1,0,0,0,0.0,0.0,0.0,,34,17.0,6800,1020,0,0,0,0,0,-6800,0,35,0.026676829268292682,0,0,0,0,0,"2,1",0.0,0.0,1.0,,,,0.0,0.0,1.0,,,,1,1,0,0,0,0,0,1,0,0,1,0,0,0,1,0,0,1,0,0,0.0,1,,0,,0,,0,,0,0,,0
656,657,1,0,1,0,1,0,0,0,0,1,1,0,0,0,0.0,0.0,0.0,,35,17.5,7000,1050,0,0,0,0,0,-7000,0,36,0.0273972602739726,0,0,0,0,0,"2,1",0.0,0.0,1.0,,,,0.0,0.0,1.0,,,,1,1,0,0,0,0,0,1,0,0,1,0,0,0,1,0,0,1,0,0,0.0,1,,0,,0,,0,,0,0,,0
657,658,1,0,1,0,1,0,0,0,0,1,1,0,0,0,0.0,0.0,0.0,,36,18.0,7200,1080,0,0,0,0,0,-7200,0,37,0.02811550151975684,0,0,0,0,0,"2,1",0.0,0.0,1.0,,,,0.0,0.0,1.0,,,,1,1,0,0,0,0,0,1,0,0,1,0,0,0,1,0,0,1,0,0,0.0,1,,0,,0,,0,,0,0,,0
658,659,1,0,1,0,1,0,0,0,0,1,1,0,0,0,0.0,0.0,0.0,,37,18.5,7400,1110,0,0,0,0,0,-7400,0,38,0.028831562974203338,0,0,0,0,0,"1,2",0.0,0.0,1.0,,,,0.0,0.0,1.0,,,,1,1,0,0,0,0,0,1,0,0,1,0,0,0,1,0,0,1,0,0,0.0,1,,0,,0,,0,,0,0,,0
659,660,1,0,1,0,1,0,0,0,0,1,1,0,0,0,0.0,0.0,0.0,,38,19.0,7600,1140,0,0,0,0,0,-7600,0,39,0.029545454545454545,0,0,0,0,0,"2,1",0.0,0.0,1.0,,,,0.0,0.0,1.0,,,,1,1,0,0,0,0,0,1,0,0,1,0,0,0,1,0,0,1,0,0,0.0,1,,0,,0,,0,,0,0,,0
660,661,1,0,1,0,1,0,0,0,0,1,1,0,0,0,0.0,0.0,0.0,,39,19.5,7800,1170,0,0,0,0,0,-7800,0,40,0.030257186081694403,0,0,0,0,0,"1,2",0.0,0.0,1.0,,,,0.0,0.0,1.0,,,,1,1,0,0,0,0,0,1,0,0,1,0,0,0,1,0,0,1,0,0,0.0,1,,0,,0,,0,,0,0,,0
661,662,1,0,1,0,1,0,0,0,0,1,1,0,0,0,0.0,0.0,0.0,,40,20.0,8000,1200,0,0,0,0,0,-8000,0,41,0.030966767371601207,0,0,0,0,0,"2,1",0.0,0.0,1.0,,,,0.0,0.0,1.0,,,,1,1,0,0,0,0,0,1,0,0,1,0,0,0,1,0,0,1,0,0,0.0,1,,0,,0,,0,,0,0,,0
662,663,1,0,1,0,1,0,0,0,0,1,1,0,0,0,0.0,0.0,0.0,,41,20.5,8200,1230,0,0,0,0,0,-8200,0,42,0.03167420814479638,0,0,0,0,0,"1,2",0.0,0.0,1.0,,,,0.0,0.0,1.0,,,,1,1,0,0,0,0,0,1,0,0,1,0,0,0,1,0,0,1,0,0,0.0,1,,0,,0,,0,,0,0,,0
663,664,1,0,1,0,1,0,0,0,0,1,1,0,0,0,0.0,0.0,0.0,,42,21.0,8400,1260,0,0,0,0,0,-8400,0,43,0.03237951807228916,0,0,0,0,0,"2,1",0.0,0.0,1.0,,,,0.0,0.0,1.0,,,,1,1,0,0,0,0,0,1,0,0,1,0,0,0,1,0,0,1,0,0,0.0,1,,0,,0,,0,,0,0,,0
664,665,1,0,1,0,1,0,0,0,0,1,1,0,0,0,0.0,0.0,0.0,,43,21.5,8600,1290,0,0,0,0,0,-8600,0,44,0.03308270676691729,0,0,0,0,0,"2,1",0.0,0.0,1.0,,,,0.0,0.0,1.0,,,,1,1,0,0,0,0,0,1,0,0,1,0,0,0,1,0,0,1,0,0,0.0,1,,0,,0,,0,,0,0,,0
665,666,1,0,1,0,1,0,0,0,0,1,1,0,0,0,0.0,0.0,0.0,,44,22.0,8800,1320,0,0,0,0,0,-8800,0,45,0.033783783783783786,0,0,0,0,0,"2,1",0.0,0.0,1.0,,,,0.0,0.0,1.0,,,,1,0,1,0,0,0,0,1,0,0,1,0,0,0,1,0,0,1,0,0,0.0,1,,0,,0,,0,,0,0,,0
666,667,1,0,1,0,1,0,0,0,0,1,1,0,0,0,0.0,0.0,0.0,,44,22.0,8800,1320,0,0,0,0,0,-8800,0,46,0.034482758620689655,0,1,0,0,0,"2,1",0.0,0.0,1.0,,,,0.0,0.0,1.0,,,,1,0,1,0,0,0,0,1,0,0,1,0,0,0,1,0,0,1,0,0,0.0,1,,0,,0,,0,,0,0,,0
667,668,1,0,1,0,1,0,0,0,0,1,1,0,0,0,0.0,0.0,0.0,,44,22.0,8800,1320,0,0,0,0,0,-8800,0,47,0.035179640718562874,0,1,0,0,0,"1,2",0.0,0.0,1.0,,,,0.0,0.0,1.0,,,1.0,1,0,0,1,0,0,0,1,0,0,0,0,1,0,1,0,0,0,0,0,0.0,1,,0,,0,,0,,0,0,1.0,1
668,669,1,0,1,0,1,0,0,0,0,1,1,0,0,0,0.0,0.0,0.0,,45,22.5,9000,1350,0,0,0,0,0,-9000,0,48,0.03587443946188341,0,1,0,0,0,"1,2",0.0,0.0,1.0,,,,0.0,0.0,1.0,,,1.0,1,0,0,1,0,0,0,1,0,0,0,0,1,0,1,0,0,0,0,0,0.0,1,,0,,0,,0,,0,0,1.0,1
669,670,1,0,1,0,1,0,0,0,0,1,1,0,0,0,0.0,0.0,0.0,,46,23.0,9200,1380,0,0,0,0,0,-9200,0,49,0.03656716417910448,0,1,0,0,0,"1,2",0.0,0.0,1.0,,,,0.0,0.0,1.0,,,1.0,1,0,0,1,0,0,0,1,0,0,0,0,1,0,1,0,0,0,0,0,0.0,1,,0,,0,,0,,0,0,1.0,1
670,671,1,0,1,0,1,0,0,0,0,1,1,0,0,0,0.0,0.0,0.0,,47,23.5,9400,1410,0,0,0,0,0,-9400,0,50,0.037257824143070044,0,1,0,0,0,"2,1",0.0,0.0,1.0,,,,0.0,0.0,1.0,,,1.0,1,0,0,1,0,0,0,1,0,0,0,0,1,0,1,0,0,0,0,0,0.0,1,,0,,0,,0,,0,0,1.0,1
671,672,2,1,1,0,2,0,0,0,0,2,2,0,0,0,0.0,0.0,0.0,,48,24.0,9600,1440,0,0,0,0,0,-9600,0,52,0.03869047619047619,0,1,0,0,0,"2,1",0.0,0.0,1.0,,,,0.0,0.0,1.0,,,1.0,0,0,0,2,0,0,1,1,0,0,0,0,1,0,2,0,0,0,0,0,0.0,2,,0,,0,,0,,0,0,1.0,1
672,673,2,1,1,0,2,0,0,0,0,2,2,0,0,0,0.0,0.0,0.0,,50,25.0,10000,1500,0,0,0,0,0,-10000,0,54,0.04011887072808321,0,1,0,0,0,"1,2",0.0,0.0,1.0,,,,0.0,0.0,1.0,,,1.0,0,0,0,2,0,0,1,1,0,0,0,0,1,0,2,0,0,0,0,0,0.0,2,,0,,0,,0,,0,0,1.0,1
673,674,2,1,1,0,2,0,0,0,0,2,2,0,0,0,0.0,0.0,0.0,,52,26.0,10400,1560,0,0,0,0,0,-10400,0,56,0.04154302670623145,0,1,0,0,0,"1,2",0.0,0.0,1.0,,,,0.0,0.0,1.0,,,1.0,0,0,0,2,0,0,1,1,0,0,0,0,1,0,2,0,0,0,0,0,0.0,2,,0,,0,,0,,0,0,1.0,1
674,675,2,1,1,0,2,0,0,0,0,2,2,0,0,0,0.0,0.0,0.0,,54,27.0,10800,1620,0,0,0,0,0,-10800,0,58,0.04296296296296296,0,1,0,0,0,"1,2",0.0,0.0,1.0,,,,0.0,0.0,1.0,,,1.0,0,0,0,2,0,0,1,1,0,0,0,0,1,0,2,0,0,0,0,0,0.0,2,,0,,0,,0,,0,0,1.0,1
675,676,2,1,1,0,2,0,0,0,0,2,2,0,0,0,0.0,0.0,0.0,,56,28.0,11200,1680,0,0,0,0,0,-11200,0,60,0.04437869822485207,0,1,0,0,0,"1,2",0.0,0.0,1.0,,,,0.0,0.0,1.0,,,1.0,0,0,0,2,0,0,1,1,0,0,0,0,1,0,2,0,0,0,0,0,0.0,2,,0,,0,,0,,0,0,1.0,1
676,677,2,1,1,0,2,0,0,0,0,2,2,0,0,0,0.0,0.0,0.0,,58,29.0,11600,1740,0,0,0,0,0,-11600,0,62,0.04579025110782865,0,1,0,0,0,"2,1",0.0,0.0,1.0,,,,0.0,0.0,1.0,,,1.0,0,0,0,2,0,0,1,1,0,0,0,0,1,0,2,0,0,0,0,0,0.0,2,,0,,0,,0,,0,0,1.0,1
677,678,2,1,1,0,2,0,0,0,0,2,2,0,0,0,0.0,0.0,0.0,,60,30.0,12000,1800,0,0,0,0,0,-12000,0,64,0.0471976401179941,0,1,0,0,0,"2,1",0.0,0.0,1.0,,,,0.0,0.0,1.0,,,1.0,0,0,0,2,0,0,1,1,0,0,0,0,1,0,2,0,0,0,0,0,0.0,2,,0,,0,,0,,0,0,1.0,1
678,679,2,1,1,0,2,0,0,0,0,2,2,0,0,0,0.0,0.0,0.0,,62,31.0,12400,1860,0,0,0,0,0,-12400,0,66,0.048600883652430045,0,1,0,0,0,"1,2",0.0,0.0,1.0,,,,0.0,0.0,1.0,,,1.0,0,0,0,2,0,0,1,1,0,0,0,0,1,0,2,0,0,0,0,0,0.0,2,,0,,0,,0,,0,0,1.0,1
679,680,2,1,1,0,2,0,0,0,0,2,2,0,0,0,0.0,0.0,0.0,,64,32.0,12800,1920,0,0,0,0,0,-12800,0,68,0.05,0,1,0,0,0,"2,1",0.0,0.0,1.0,,,,0.0,0.0,1.0,,,1.0,0,0,0,2,0,0,1,1,0,0,0,0,1,0,2,0,0,0,0,0,0.0,2,,0,,0,,0,,0,0,1.0,1
680,681,2,1,1,0,2,0,0,0,0,2,2,0,0,0,0.0,0.0,0.0,,66,33.0,13200,1980,0,0,0,0,0,-13200,0,70,0.0513950073421439,0,1,0,0,0,"1,2",0.0,0.0,1.0,,,,0.0,0.0,1.0,,,1.0,0,0,0,2,0,0,1,1,0,0,0,0,1,0,2,0,0,0,0,0,0.0,2,,0,,0,,0,,0,0,1.0,1
681,682,2,1,1,0,2,0,0,0,0,2,2,0,0,0,0.0,0.0,0.0,,68,34.0,13600,2040,0,0,0,0,0,-13600,0,72,0.05278592375366569,0,1,0,0,0,"2,1",0.0,0.0,1.0,,,,0.0,0.0,1.0,,,1.0,0,0,0,2,0,0,1,1,0,0,0,0,1,0,2,0,0,0,0,0,0.0,2,,0,,0,,0,,0,0,1.0,1
682,683,2,1,1,0,2,0,0,0,0,2,2,0,0,0,0.0,0.0,0.0,,70,35.0,14000,2100,0,0,0,0,0,-14000,0,74,0.05417276720351391,0,1,0,0,0,"2,1",0.0,0.0,1.0,,,,0.0,0.0,1.0,,,1.0,0,0,0,2,0,0,1,1,0,0,0,0,1,0,2,0,0,0,0,0,0.0,2,,0,,0,,0,,0,0,1.0,1
683,684,2,1,1,0,2,0,0,0,0,2,2,0,0,0,0.0,0.0,0.0,,72,36.0,14400,2160,0,0,0,0,0,-14400,0,76,0.05555555555555555,0,1,0,0,0,"1,2",0.0,0.0,1.0,,,,0.0,0.0,1.0,,,1.0,0,0,0,2,0,0,1,1,0,0,0,0,1,0,2,0,0,0,0,0,0.0,2,,0,,0,,0,,0,0,1.0,1
684,685,2,1,1,0,2,0,0,0,0,2,2,0,0,0,0.0,0.0,0.0,,74,37.0,14800,2220,0,0,0,0,0,-14800,0,78,0.05693430656934306,0,1,0,0,0,"2,1",0.0,0.0,1.0,,,,0.0,0.0,1.0,,,1.0,0,0,0,2,0,0,1,1,0,0,0,0,1,0,2,0,0,0,0,0,0.0,2,,0,,0,,0,,0,0,1.0,1
685,686,2,1,1,0,2,0,0,0,0,2,2,0,0,0,0.0,0.0,0.0,,76,38.0,15200,2280,0,0,0,0,0,-15200,0,80,0.05830903790087463,0,1,0,0,0,"1,2",0.0,0.0,1.0,,,,0.0,0.0,1.0,,,1.0,0,0,0,2,0,0,1,1,0,0,0,0,1,0,2,0,0,0,0,0,0.0,2,,0,,0,,0,,0,0,1.0,1
686,687,2,1,1,0,2,0,0,0,0,2,2,0,0,0,0.0,0.0,0.0,,78,39.0,15600,2340,0,0,0,0,0,-15600,0,82,0.05967976710334789,0,1,0,0,0,"1,2",0.0,0.0,1.0,,,,0.0,0.0,1.0,,,1.0,0,0,0,2,0,0,1,1,0,0,0,0,1,0,2,0,0,0,0,0,0.0,2,,0,,0,,0,,0,0,1.0,1
687,688,2,1,1,0,2,0,0,0,0,2,2,0,0,0,0.0,0.0,0.0,,80,40.0,16000,2400,0,0,0,0,0,-16000,0,84,0.061046511627906974,0,1,0,0,0,"2,1",0.0,0.0,1.0,,,,0.0,0.0,1.0,,,1.0,0,0,0,2,0,0,0,2,0,0,0,0,1,0,2,0,0,0,0,0,0.0,2,,0,,0,,0,,0,0,1.0,1
688,689,3,1,2,1,2,0,0,0,0,3,3,0,0,0,0.0,0.0,0.0,,82,41.0,16400,2460,0,0,0,0,0,-16400,0,86,0.062409288824383166,0,1,0,0,0,"2,1",0.0,0.0,1.0,,,,0.0,0.0,1.0,,,1.0,0,0,0,2,0,0,1,2,0,0,1,0,1,0,3,0,0,1,0,0,0.0,2,,0,,0,,0,,0,0,1.0,1
689,690,3,1,2,1,2,0,0,0,0,3,3,0,0,0,0.0,0.0,0.0,,84,42.0,16800,2520,0,0,0,0,0,-16800,0,88,0.06376811594202898,0,1,0,0,0,"2,1",0.0,0.0,1.0,,,,0.0,0.0,1.0,,,1.0,0,0,0,2,0,0,1,2,0,0,1,0,1,0,3,0,0,1,0,0,0.0,2,,0,,0,,0,,0,0,1.0,1
690,691,3,1,2,1,2,0,0,0,0,3,3,0,0,0,0.0,0.0,0.0,,86,43.0,17200,2580,0,0,0,0,0,-17200,0,90,0.06512301013024602,0,1,0,0,0,"2,1",0.0,0.0,1.0,,,,0.0,0.0,1.0,,,1.0,0,0,0,2,0,0,1,2,0,0,1,0,1,0,3,0,0,1,0,0,0.0,2,,0,,0,,0,,0,0,1.0,1
691,692,3,1,2,1,2,0,0,0,0,3,3,0,0,0,0.0,0.0,0.0,,88,44.0,17600,2640,0,0,0,0,0,-17600,0,92,0.06647398843930635,0,1,0,0,0,"2,1",0.0,0.0,1.0,,,,0.0,0.0,1.0,,,1.0,0,0,0,2,0,0,1,2,0,0,1,0,1,0,3,0,0,1,0,0,0.0,2,,0,,0,,0,,0,0,1.0,1
692,693,3,1,2,1,2,0,0,0,0,3,3,0,0,0,0.0,0.0,0.0,,90,45.0,18000,2700,0,0,0,0,0,-18000,0,94,0.06782106782106782,0,1,0,0,0,"2,1",0.0,0.0,1.0,,,,0.0,0.0,1.0,,,1.0,0,0,0,2,0,0,1,2,0,0,1,0,1,0,3,0,0,1,0,0,0.0,2,,0,,0,,0,,0,0,1.0,1
693,694,3,1,2,1,2,0,0,0,0,3,3,0,0,0,0.0,0.0,0.0,,92,46.0,18400,2760,0,0,0,0,0,-18400,0,96,0.069164265129683,0,1,0,0,0,"1,2",0.0,0.0,1.0,,,,0.0,0.0,1.0,,,1.0,0,0,0,2,0,0,1,2,0,0,1,0,1,0,3,0,0,1,0,0,0.0,2,,0,,0,,0,,0,0,1.0,1
694,695,3,1,2,1,2,0,0,0,0,3,3,0,0,0,0.0,0.0,0.0,,94,47.0,18800,2820,0,0,0,0,0,-18800,0,98,0.07050359712230216,0,1,0,0,0,"2,1",0.0,0.0,1.0,,,,0.0,0.0,1.0,,,1.0,0,0,0,2,0,0,1,2,0,0,1,0,1,0,3,0,0,1,0,0,0.0,2,,0,,0,,0,,0,0,1.0,1
695,696,3,1,2,1,2,0,0,0,0,3,3,0,0,0,0.0,0.0,0.0,,96,48.0,19200,2880,0,0,0,0,0,-19200,0,100,0.07183908045977011,0,1,0,0,0,"2,1",0.0,0.0,1.0,,,,0.0,0.0,1.0,,,1.0,0,0,0,2,0,0,1,2,0,0,1,0,1,0,3,0,0,1,0,0,0.0,2,,0,,0,,0,,0,0,1.0,1
696,697,3,1,2,1,2,0,0,0,0,3,3,0,0,0,0.0,0.0,0.0,,98,49.0,19600,2940,0,0,0,0,0,-19600,0,102,0.07317073170731707,0,1,0,0,0,"1,2",0.0,0.0,1.0,,,,0.0,0.0,1.0,,,1.0,0,0,0,2,0,0,1,2,0,0,1,0,1,0,3,0,0,1,0,0,0.0,2,,0,,0,,0,,0,0,1.0,1
697,698,3,1,2,1,2,0,0,0,0,3,3,0,0,0,0.0,0.0,0.0,,100,50.0,20000,3000,0,0,0,0,0,-20000,0,104,0.07449856733524356,0,1,0,0,0,"1,2",0.0,0.0,1.0,,,,0.0,0.0,1.0,,,1.0,0,0,0,2,0,0,0,3,0,0,0,1,1,0,3,0,0,1,0,0,0.0,2,,0,,0,,0,,0,0,1.0,1
698,699,3,1,2,1,2,0,0,0,0,3,3,0,0,0,0.0,0.0,0.0,,102,51.0,20400,3060,0,0,0,0,0,-20400,0,106,0.07582260371959942,0,1,0,0,0,"2,1",0.0,0.0,1.0,,,,0.0,0.0,1.0,,,1.0,0,0,0,2,0,0,0,3,0,0,0,1,1,0,3,0,0,1,0,0,0.0,2,,0,,0,,0,,0,0,1.0,1
699,700,3,1,2,1,2,0,0,0,0,3,3,0,0,0,0.0,0.0,0.0,,104,52.0,20800,3120,0,0,0,0,0,-20800,0,108,0.07714285714285714,0,1,0,0,0,"2,1",0.0,0.0,1.0,,,,0.0,0.0,1.0,,,1.0,0,0,0,2,0,0,0,3,0,0,0,1,1,0,3,0,0,1,0,0,0.0,2,,0,,0,,0,,0,0,1.0,1
700,701,3,1,2,1,2,0,0,0,0,3,3,0,0,0,0.0,0.0,0.0,,106,53.0,21200,3180,0,0,0,0,0,-21200,0,110,0.07845934379457917,0,1,0,0,0,"2,1",0.0,0.0,1.0,,,,0.0,0.0,1.0,,,1.0,0,0,0,2,0,0,0,3,0,0,0,1,1,0,3,0,0,1,0,0,0.0,2,,0,,0,,0,,0,0,1.0,1
701,702,3,1,2,1,2,0,0,0,0,3,3,0,0,0,0.0,0.0,0.0,,108,54.0,21600,3240,0,0,0,0,0,-21600,0,112,0.07977207977207977,0,1,0,0,0,"2,1",0.0,0.0,1.0,,,,0.0,0.0,1.0,,,1.0,0,0,0,2,0,0,0,3,0,0,0,1,1,0,3,0,0,1,0,0,0.0,2,,0,,0,,0,,0,0,1.0,1
702,703,3,1,2,1,2,0,0,0,0,3,3,0,0,0,0.0,0.0,0.0,,110,55.0,22000,3300,0,0,0,0,0,-22000,0,114,0.08108108108108109,0,1,0,0,0,"2,1",0.0,0.0,1.0,,,,0.0,0.0,1.0,,,1.0,0,0,0,2,0,0,0,3,0,0,0,1,1,0,3,0,0,1,0,0,0.0,2,,0,,0,,0,,0,0,1.0,1
703,704,3,1,2,1,2,0,0,0,0,3,3,0,0,0,0.0,0.0,0.0,,112,56.0,22400,3360,0,0,0,0,0,-22400,0,116,0.08238636363636363,0,1,0,0,0,"1,2",0.0,0.0,1.0,,,,0.0,0.0,1.0,,,1.0,0,0,0,2,0,0,0,3,0,0,0,1,1,0,3,0,0,1,0,0,0.0,2,,0,,0,,0,,0,0,1.0,1
704,705,3,1,2,1,2,0,0,0,0,3,3,0,0,0,0.0,0.0,0.0,,114,57.0,22800,3420,0,0,0,0,0,-22800,0,118,0.08368794326241134,0,1,0,0,0,"2,1",0.0,0.0,1.0,,,,0.0,0.0,1.0,,,1.0,0,0,0,2,0,0,0,3,0,0,0,1,1,0,3,0,0,1,0,0,0.0,2,,0,,0,,0,,0,0,1.0,1
705,706,3,1,2,1,2,0,0,0,0,3,3,0,0,0,0.0,0.0,0.0,,116,58.0,23200,3480,0,0,0,0,0,-23200,0,120,0.08498583569405099,0,1,0,0,0,"2,1",0.0,0.0,1.0,,,,0.0,0.0,1.0,,,1.0,0,0,0,2,0,0,0,3,0,0,0,1,1,0,3,0,0,1,0,0,0.0,2,,0,,0,,0,,0,0,1.0,1
706,707,3,1,2,1,2,0,0,0,0,3,3,0,0,0,0.0,0.0,0.0,,118,59.0,23600,3540,0,0,0,0,0,-23600,0,122,0.08628005657708628,0,1,0,0,0,"1,2",0.0,0.0,1.0,,,,0.0,0.0,1.0,,,1.0,0,0,0,2,0,0,0,3,0,0,0,1,1,0,3,0,0,1,0,0,0.0,2,,0,,0,,0,,0,0,1.0,1
707,708,3,1,2,1,2,0,0,0,0,3,3,0,0,0,0.0,0.0,0.0,,120,60.0,24000,3600,0,0,0,0,0,-24000,0,124,0.08757062146892655,0,1,0,0,0,"1,2",0.0,0.0,1.0,,,,0.0,0.0,1.0,,,1.0,0,0,0,2,0,0,0,3,0,0,0,1,1,0,3,0,0,1,0,0,0.0,2,,0,,0,,0,,0,0,1.0,1
708,709,3,1,2,1,2,0,0,0,0,3,3,0,0,0,0.0,0.0,0.0,,122,61.0,24400,3660,0,0,0,0,0,-24400,0,126,0.08885754583921016,0,1,0,0,0,"1,2",0.0,0.0,1.0,,,,0.0,0.0,1.0,,,1.0,0,0,0,2,0,0,0,3,0,0,0,1,1,0,3,0,0,1,0,0,0.0,2,,0,,0,,0,,0,0,1.0,1
709,710,3,1,2,1,2,0,0,0,0,3,3,0,0,0,0.0,0.0,0.0,,124,62.0,24800,3720,0,0,0,0,0,-24800,0,128,0.09014084507042254,0,1,0,0,0,"1,2",0.0,0.0,1.0,,,,0.0,0.0,1.0,,,1.0,0,0,0,2,0,0,0,3,0,0,0,1,1,0,3,0,0,1,0,0,0.0,2,,0,,0,,0,,0,0,1.0,1
710,711,3,1,2,1,2,0,0,0,0,3,3,0,0,0,0.0,0.0,0.0,,126,63.0,25200,3780,0,0,0,0,0,-25200,0,130,0.09142053445850915,0,1,0,0,0,"1,2",0.0,0.0,1.0,,,,0.0,0.0,1.0,,,1.0,0,0,0,1,1,0,0,3,0,0,0,1,1,0,3,0,0,1,0,0,0.0,2,,0,,0,,0,,0,0,1.0,1
711,712,3,1,2,0,2,0,0,1,0,2,2,0,0,0,0.0,0.0,0.0,,127,63.5,25400,3810,0,0,0,0,0,-25400,0,132,0.09269662921348315,0,1,1,1,0,"1,2",0.0,0.3333333333333333,0.6666666666666666,,0.0,,0.0,0.5,0.5,,0.0,1.0,0,0,0,1,0,1,0,1,1,1,0,0,1,1,1,0,0,0,0,0,0.0,2,,0,,0,,0,23.0,1,1,1.0,1
712,713,3,1,2,0,2,0,0,1,0,2,2,0,0,0,0.0,0.0,0.0,,129,64.5,25800,3870,0,0,0,0,0,-25800,0,134,0.09396914446002805,0,1,1,1,0,"1,2",0.0,0.3333333333333333,0.6666666666666666,,0.0,,0.0,0.5,0.5,,0.0,1.0,0,0,0,1,0,1,0,1,1,1,0,0,1,1,1,0,0,0,0,0,0.0,2,,0,,0,,0,23.0,1,1,1.0,1
713,714,3,1,2,0,2,0,0,1,0,2,2,0,0,0,0.0,0.0,0.0,,131,65.5,26200,3930,0,0,0,0,0,-26200,0,136,0.09523809523809523,0,1,1,1,0,"2,1",0.0,0.3333333333333333,0.6666666666666666,,0.0,,0.0,0.5,0.5,,0.0,1.0,0,0,0,1,0,1,0,1,1,1,0,0,1,1,1,0,0,0,0,0,0.0,2,,0,,0,,0,23.0,1,1,1.0,1
714,715,3,1,2,0,2,0,0,1,0,2,2,0,0,0,0.0,0.0,0.0,,133,66.5,26600,3990,0,0,0,0,0,-26600,0,138,0.0965034965034965,0,1,1,1,0,"2,1",0.0,0.3333333333333333,0.6666666666666666,,0.0,,0.0,0.5,0.5,,0.0,1.0,0,0,0,0,1,1,0,1,1,1,0,0,1,1,1,0,0,0,0,0,0.0,2,,0,,0,,0,23.0,1,1,1.0,1
715,716,3,1,2,0,2,0,0,1,0,2,2,0,0,0,0.0,0.0,0.0,,134,67.0,26800,4020,0,0,0,0,0,-26800,0,140,0.09776536312849161,0,1,1,1,0,"2,1",0.0,0.3333333333333333,0.6666666666666666,,0.0,,0.0,0.5,0.5,,0.0,1.0,0,0,0,0,0,2,0,0,2,1,0,0,1,1,0,0,0,0,0,0,0.0,2,,0,,0,,0,23.0,1,2,1.0,1
716,717,3,1,2,0,2,0,0,1,0,2,2,0,0,0,0.0,0.0,0.0,,136,68.0,27200,4080,0,0,0,0,0,-27200,0,142,0.09902370990237098,0,1,1,1,0,"1,2",0.0,0.3333333333333333,0.6666666666666666,,0.0,,0.0,0.5,0.5,,0.0,1.0,0,0,0,0,0,2,0,0,2,1,0,0,1,1,0,0,0,0,0,0,0.0,2,,0,,0,,0,23.0,1,2,1.0,1
717,718,3,1,2,0,2,0,0,1,0,2,2,0,0,0,0.0,0.0,0.0,,138,69.0,27600,4140,0,0,0,0,0,-27600,0,144,0.10027855153203342,0,1,1,1,0,"1,2",0.0,0.3333333333333333,0.6666666666666666,,0.0,,0.0,0.5,0.5,,0.0,1.0,0,0,0,0,0,2,0,0,2,1,0,0,1,1,0,0,0,0,0,0,0.0,2,,0,,0,,0,23.0,1,2,1.0,1
718,719,3,1,2,0,2,0,0,1,0,2,2,0,0,0,0.0,0.0,0.0,,140,70.0,28000,4200,0,0,0,0,0,-28000,0,146,0.10152990264255911,0,1,1,1,0,"1,2",0.0,0.3333333333333333,0.6666666666666666,,0.0,,0.0,0.5,0.5,,0.0,1.0,0,0,0,0,0,2,0,0,2,1,0,0,1,1,0,0,0,0,0,0,0.0,2,,0,,0,,0,23.0,1,2,1.0,1
719,720,3,1,2,0,2,0,0,1,0,2,2,0,0,0,0.0,0.0,0.0,,142,71.0,28400,4260,0,0,0,0,0,-28400,0,148,0.10277777777777777,0,1,1,1,0,"2,1",0.0,0.3333333333333333,0.6666666666666666,,0.0,,0.0,0.5,0.5,,0.0,1.0,0,0,0,0,0,2,0,0,2,1,0,0,1,1,0,0,0,0,0,0,0.0,2,,0,,0,,0,23.0,1,2,1.0,1
720,721,3,1,2,0,2,0,0,1,0,2,2,0,0,0,0.0,0.0,0.0,,144,72.0,28800,4320,0,0,0,0,0,-28800,0,150,0.10402219140083217,0,1,1,1,0,"1,2",0.0,0.3333333333333333,0.6666666666666666,,0.0,,0.0,0.5,0.5,,0.0,1.0,0,0,0,0,0,2,0,0,2,1,0,0,1,1,0,0,0,0,0,0,0.0,2,,0,,0,,0,23.0,1,2,1.0,1
721,722,3,1,2,0,2,0,0,1,0,2,2,0,0,0,0.0,0.0,0.0,,146,73.0,29200,4380,0,0,0,0,0,-29200,0,152,0.10526315789473684,0,1,1,1,0,"2,1",0.0,0.3333333333333333,0.6666666666666666,,0.0,,0.0,0.5,0.5,,0.0,1.0,0,0,0,0,0,2,0,0,2,1,0,0,1,1,0,0,0,0,0,0,0.0,2,,0,,0,,0,23.0,1,2,1.0,1
722,723,3,1,2,0,2,0,0,1,0,2,2,0,0,0,0.0,0.0,0.0,,148,74.0,29600,4440,0,0,0,0,0,-29600,0,154,0.10650069156293222,0,1,1,1,0,"1,2",0.0,0.3333333333333333,0.6666666666666666,,0.0,,0.0,0.5,0.5,,0.0,1.0,0,0,0,0,0,2,0,0,2,1,0,0,1,1,0,0,0,0,0,0,0.0,2,,0,,0,,0,23.0,1,2,1.0,1
723,724,3,1,2,0,2,0,0,1,0,2,2,0,0,0,0.0,0.0,0.0,,150,75.0,30000,4500,0,0,0,0,0,-30000,0,156,0.10773480662983426,0,1,1,1,0,"1,2",0.0,0.3333333333333333,0.6666666666666666,,0.0,,0.0,0.5,0.5,,0.0,1.0,0,0,0,0,0,2,0,0,2,1,0,0,1,1,0,0,0,0,0,0,0.0,2,,0,,0,,0,23.0,1,2,1.0,1
724,725,3,1,2,0,2,0,0,1,0,2,2,0,0,0,0.0,0.0,0.0,,152,76.0,30400,4560,0,0,0,0,0,-30400,0,158,0.10896551724137932,0,1,1,1,0,"2,1",0.0,0.3333333333333333,0.6666666666666666,,0.0,,0.0,0.5,0.5,,0.0,1.0,0,0,0,0,0,2,0,0,2,1,0,0,1,1,0,0,0,0,0,0,0.0,2,,0,,0,,0,23.0,1,2,1.0,1
725,726,3,1,2,0,2,0,0,1,0,2,2,0,0,0,0.0,0.0,0.0,,154,77.0,30800,4620,0,0,0,0,0,-30800,0,160,0.11019283746556474,0,1,1,1,0,"2,1",0.0,0.3333333333333333,0.6666666666666666,,0.0,,0.0,0.5,0.5,,0.0,1.0,0,0,0,0,0,2,0,0,2,1,0,0,1,1,0,0,0,0,0,0,0.0,2,,0,,0,,0,23.0,1,2,1.0,1
726,727,3,1,2,0,2,0,0,1,0,2,2,0,0,0,0.0,0.0,0.0,,156,78.0,31200,4680,0,0,0,0,0,-31200,0,162,0.11141678129298486,0,1,1,1,0,"1,2",0.0,0.3333333333333333,0.6666666666666666,,0.0,,0.0,0.5,0.5,,0.0,1.0,0,0,0,0,0,2,0,0,2,1,0,0,1,1,0,0,0,0,0,0,0.0,2,,0,,0,,0,23.0,1,2,1.0,1
727,728,3,1,2,0,2,0,0,1,0,2,2,0,0,0,0.0,0.0,0.0,,158,79.0,31600,4740,0,0,0,0,0,-31600,0,164,0.11263736263736264,0,1,1,1,0,"1,2",0.0,0.3333333333333333,0.6666666666666666,,0.0,,0.0,0.5,0.5,,0.0,1.0,0,0,0,0,0,2,0,0,2,1,0,0,1,1,0,0,0,0,0,0,0.0,2,,0,,0,,0,23.0,1,2,1.0,1
728,729,3,1,2,0,2,0,0,1,0,2,2,0,0,0,0.0,0.0,0.0,,160,80.0,32000,4800,0,0,0,0,0,-32000,0,166,0.11385459533607682,0,1,1,1,0,"1,2",0.0,0.3333333333333333,0.6666666666666666,,0.0,,0.0,0.5,0.5,,0.0,1.0,0,0,0,0,0,2,0,0,2,1,0,0,1,1,0,0,0,0,0,0,0.0,2,,0,,0,,0,23.0,1,2,1.0,1
729,730,3,1,2,0,2,0,0,1,0,2,2,0,0,0,0.0,0.0,0.0,,162,81.0,32400,4860,0,0,0,0,0,-32400,0,168,0.11506849315068493,0,1,1,1,0,"2,1",0.0,0.3333333333333333,0.6666666666666666,,0.0,,0.0,0.5,0.5,,0.0,1.0,0,0,0,0,0,2,0,0,2,1,0,0,1,1,0,0,0,0,0,0,0.0,2,,0,,0,,0,23.0,1,2,1.0,1
730,731,3,1,2,0,2,0,0,1,0,2,2,0,0,0,0.0,0.0,0.0,,164,82.0,32800,4920,0,0,0,0,0,-32800,0,170,0.11627906976744186,0,1,1,1,0,"1,2",0.0,0.3333333333333333,0.6666666666666666,,0.0,,0.0,0.5,0.5,,0.0,1.0,0,0,0,0,0,2,0,0,2,1,0,0,1,1,0,0,0,0,0,0,0.0,2,,0,,0,,0,23.0,1,2,1.0,1
731,732,3,1,2,0,2,0,0,1,0,2,2,0,0,0,0.0,0.0,0.0,,166,83.0,33200,4980,0,0,0,0,0,-33200,0,172,0.11748633879781421,0,1,1,1,0,"2,1",0.0,0.3333333333333333,0.6666666666666666,,0.0,,0.0,0.5,0.5,,0.0,1.0,0,0,0,0,0,2,0,0,2,1,0,0,1,1,0,0,0,0,0,0,0.0,2,,0,,0,,0,23.0,1,2,1.0,1
732,733,3,1,2,0,2,0,0,1,0,2,2,0,0,0,0.0,0.0,0.0,,168,84.0,33600,5040,0,0,0,0,0,-33600,0,174,0.11869031377899045,0,1,1,1,0,"1,2",0.0,0.3333333333333333,0.6666666666666666,,0.0,,0.0,0.5,0.5,,0.0,1.0,0,0,0,0,0,2,0,0,2,1,0,0,1,1,0,0,0,0,0,0,0.0,2,,0,,0,,0,23.0,1,2,1.0,1
733,734,4,2,2,1,2,0,0,1,0,3,3,0,0,0,0.0,0.0,0.0,,170,85.0,34000,5100,0,0,0,0,0,-34000,0,176,0.11989100817438691,0,1,1,1,0,"2,1",0.0,0.25,0.75,,0.0,,0.0,0.5,0.5,,0.0,1.0,0,0,0,0,0,2,1,0,2,1,0,0,1,1,1,0,0,0,0,0,0.0,2,,0,,0,,0,23.0,1,2,1.0,1
734,735,4,2,2,1,2,0,0,1,0,3,3,0,0,0,0.0,0.0,0.0,,172,86.0,34400,5160,0,0,0,0,0,-34400,0,178,0.12108843537414966,0,1,1,1,0,"1,2",0.0,0.25,0.75,,0.0,,0.0,0.5,0.5,,0.0,1.0,0,0,0,0,0,2,1,0,2,1,0,0,1,1,1,0,0,0,0,0,0.0,2,,0,,0,,0,23.0,1,2,1.0,1
735,736,4,2,2,1,2,0,0,1,0,3,3,0,0,0,0.0,0.0,0.0,,174,87.0,34800,5220,0,0,0,0,0,-34800,0,180,0.12228260869565218,0,1,1,1,0,"2,1",0.0,0.25,0.75,,0.0,,0.0,0.5,0.5,,0.0,1.0,0,0,0,0,0,2,1,0,2,1,0,0,1,1,1,0,0,0,0,0,0.0,2,,0,,0,,0,23.0,1,2,1.0,1
736,737,4,2,2,1,2,0,0,1,0,3,3,0,0,0,0.0,0.0,0.0,,176,88.0,35200,5280,0,0,0,0,0,-35200,0,182,0.12347354138398914,0,1,1,1,0,"1,2",0.0,0.25,0.75,,0.0,,0.0,0.5,0.5,,0.0,1.0,0,0,0,0,0,2,1,0,2,1,0,0,1,1,1,0,0,0,0,0,0.0,2,,0,,0,,0,23.0,1,2,1.0,1
737,738,4,2,2,1,2,0,0,1,0,3,3,0,0,0,0.0,0.0,0.0,,178,89.0,35600,5340,0,0,0,0,0,-35600,0,184,0.12466124661246612,0,1,1,1,0,"1,2",0.0,0.25,0.75,,0.0,,0.0,0.5,0.5,,0.0,1.0,0,0,0,0,0,2,1,0,2,1,0,0,1,1,1,0,0,0,0,0,0.0,2,,0,,0,,0,23.0,1,2,1.0,1
738,739,4,2,2,1,2,0,0,1,0,3,3,0,0,0,0.0,0.0,0.0,,180,90.0,36000,5400,0,0,0,0,0,-36000,0,186,0.12584573748308525,0,1,1,1,0,"1,2",0.0,0.25,0.75,,0.0,,0.0,0.5,0.5,,0.0,1.0,0,0,0,0,0,2,1,0,2,1,0,0,1,1,1,0,0,0,0,0,0.0,2,,0,,0,,0,23.0,1,2,1.0,1
739,740,4,2,2,1,2,0,0,1,0,3,3,0,0,0,0.0,0.0,0.0,,182,91.0,36400,5460,0,0,0,0,0,-36400,0,188,0.12702702702702703,0,1,1,1,0,"2,1",0.0,0.25,0.75,,0.0,,0.0,0.5,0.5,,0.0,1.0,0,0,0,0,0,2,1,0,2,1,0,0,1,1,1,0,0,0,0,0,0.0,2,,0,,0,,0,23.0,1,2,1.0,1
740,741,4,2,2,1,2,0,0,1,0,3,3,0,0,0,0.0,0.0,0.0,,184,92.0,36800,5520,0,0,0,0,0,-36800,0,190,0.1282051282051282,0,1,1,1,0,"2,1",0.0,0.25,0.75,,0.0,,0.0,0.5,0.5,,0.0,1.0,0,0,0,0,0,2,1,0,2,1,0,0,1,1,1,0,0,0,0,0,0.0,2,,0,,0,,0,23.0,1,2,1.0,1
741,742,4,2,2,1,2,0,0,1,0,3,3,0,0,0,0.0,0.0,0.0,,186,93.0,37200,5580,0,0,0,0,0,-37200,0,192,0.1293800539083558,0,1,1,1,0,"1,2",0.0,0.25,0.75,,0.0,,0.0,0.5,0.5,,0.0,1.0,0,0,0,0,0,2,1,0,2,1,0,0,1,1,1,0,0,0,0,0,0.0,2,,0,,0,,0,23.0,1,2,1.0,1
742,743,4,2,2,1,2,0,0,1,0,3,3,0,0,0,0.0,0.0,0.0,,188,94.0,37600,5640,0,0,0,0,0,-37600,0,194,0.13055181695827725,0,1,1,1,0,"2,1",0.0,0.25,0.75,,0.0,,0.0,0.5,0.5,,0.0,1.0,0,0,0,0,0,2,1,0,2,1,0,0,1,1,1,0,0,0,0,0,0.0,2,,0,,0,,0,23.0,1,2,1.0,1
743,744,4,2,2,1,2,0,0,1,0,3,3,0,0,0,0.0,0.0,0.0,,190,95.0,38000,5700,0,0,0,0,0,-38000,0,196,0.13172043010752688,0,1,1,1,0,"1,2",0.0,0.25,0.75,,0.0,,0.0,0.5,0.5,,0.0,1.0,0,0,0,0,0,2,1,0,2,1,0,0,1,1,1,0,0,0,0,0,0.0,2,,0,,0,,0,23.0,1,2,1.0,1
744,745,4,2,2,1,2,0,0,1,0,3,3,0,0,0,0.0,0.0,0.0,,192,96.0,38400,5760,0,0,0,0,0,-38400,0,198,0.13288590604026845,0,1,1,1,0,"2,1",0.0,0.25,0.75,,0.0,,0.0,0.5,0.5,,0.0,1.0,0,0,0,0,0,2,0,1,2,1,0,0,1,1,1,0,0,0,0,0,0.0,2,,0,,0,,0,23.0,1,2,1.0,1
745,746,4,2,2,1,2,0,0,1,0,3,3,0,0,0,0.0,0.0,0.0,,194,97.0,38800,5820,0,0,0,0,0,-38800,0,200,0.13404825737265416,0,1,1,1,0,"2,1",0.0,0.25,0.75,,0.0,,0.0,0.5,0.5,,0.0,1.0,0,0,0,0,0,2,0,1,2,1,0,0,1,1,1,0,0,0,0,0,0.0,2,,0,,0,,0,23.0,1,2,1.0,1
746,747,4,2,2,1,2,0,0,1,0,3,3,0,0,0,0.0,0.0,0.0,,196,98.0,39200,5880,0,0,0,0,0,-39200,0,202,0.13520749665327977,0,1,1,1,0,"1,2",0.0,0.25,0.75,,0.0,,0.0,0.5,0.5,,0.0,1.0,0,0,0,0,0,2,0,1,2,1,0,0,1,1,1,0,0,0,0,0,0.0,2,,0,,0,,0,23.0,1,2,1.0,1
747,748,4,2,2,1,2,0,0,1,0,3,3,0,0,0,0.0,0.0,0.0,,198,99.0,39600,5940,0,0,0,0,0,-39600,0,204,0.13636363636363635,0,1,1,1,0,"2,1",0.0,0.25,0.75,,0.0,,0.0,0.5,0.5,,0.0,1.0,0,0,0,0,0,2,0,1,2,1,0,0,1,1,1,0,0,0,0,0,0.0,2,,0,,0,,0,23.0,1,2,1.0,1
748,749,4,2,2,1,2,0,0,1,0,3,3,0,0,0,0.0,0.0,0.0,,200,100.0,40000,6000,0,0,0,0,0,-40000,0,206,0.1375166889185581,0,1,1,1,0,"1,2",0.0,0.25,0.75,,0.0,,0.0,0.5,0.5,,0.0,1.0,0,0,0,0,0,2,0,1,2,1,0,0,1,1,1,0,0,0,0,0,0.0,2,,0,,0,,0,23.0,1,2,1.0,1
749,750,4,2,2,1,2,0,0,1,0,3,3,0,0,0,0.0,0.0,0.0,,202,101.0,40400,6060,0,0,0,0,0,-40400,0,208,0.13866666666666666,0,1,1,1,0,"2,1",0.0,0.25,0.75,,0.0,,0.0,0.5,0.5,,0.0,1.0,0,0,0,0,0,2,0,1,2,1,0,0,1,1,1,0,0,0,0,0,0.0,2,,0,,0,,0,23.0,1,2,1.0,1
750,751,4,2,2,1,2,0,0,1,0,3,3,0,0,0,0.0,0.0,0.0,,204,102.0,40800,6120,0,0,0,0,0,-40800,0,210,0.13981358189081225,0,1,1,1,0,"2,1",0.0,0.25,0.75,,0.0,,0.0,0.5,0.5,,0.0,1.0,0,0,0,0,0,2,0,1,2,1,0,0,1,1,1,0,0,0,0,0,0.0,2,,0,,0,,0,23.0,1,2,1.0,1
751,752,4,2,2,1,2,0,0,1,0,3,3,0,0,0,0.0,0.0,0.0,,206,103.0,41200,6180,0,0,0,0,0,-41200,0,212,0.14095744680851063,0,1,1,1,0,"2,1",0.0,0.25,0.75,,0.0,,0.0,0.5,0.5,,0.0,1.0,0,0,0,0,0,2,0,1,2,1,0,0,1,1,1,0,0,0,0,0,0.0,2,,0,,0,,0,23.0,1,2,1.0,1
752,753,4,2,2,1,2,0,0,1,0,3,3,0,0,0,0.0,0.0,0.0,,208,104.0,41600,6240,0,0,0,0,0,-41600,0,214,0.14209827357237717,0,1,1,1,0,"1,2",0.0,0.25,0.75,,0.0,,0.0,0.5,0.5,,0.0,1.0,0,0,0,0,0,2,0,1,2,1,0,0,1,1,1,0,0,0,0,0,0.0,2,,0,,0,,0,23.0,1,2,1.0,1
753,754,4,2,2,1,2,0,0,1,0,3,3,0,0,0,0.0,0.0,0.0,,210,105.0,42000,6300,0,0,0,0,0,-42000,0,216,0.14323607427055704,0,1,1,1,0,"2,1",0.0,0.25,0.75,,0.0,,0.0,0.5,0.5,,0.0,1.0,0,0,0,0,0,2,0,1,2,1,0,0,1,1,1,0,0,0,0,0,0.0,2,,0,,0,,0,23.0,1,2,1.0,1
754,755,4,2,2,1,2,0,0,1,0,3,3,0,0,0,0.0,0.0,0.0,,212,106.0,42400,6360,0,0,0,0,0,-42400,0,218,0.14437086092715232,0,1,1,1,0,"1,2",0.0,0.25,0.75,,0.0,,0.0,0.5,0.5,,0.0,1.0,0,0,0,0,0,2,0,1,2,1,0,0,1,1,1,0,0,0,0,0,0.0,2,,0,,0,,0,23.0,1,2,1.0,1
755,756,4,2,2,1,2,0,0,1,0,3,3,0,0,0,0.0,0.0,0.0,,214,107.0,42800,6420,0,0,0,0,0,-42800,0,220,0.1455026455026455,0,1,1,1,0,"1,2",0.0,0.25,0.75,,0.0,,0.0,0.5,0.5,,0.0,1.0,0,0,0,0,0,2,0,1,2,1,0,0,1,1,1,0,0,0,0,0,0.0,2,,0,,0,,0,23.0,1,2,1.0,1
756,757,4,2,2,0,2,0,0,2,0,2,2,0,0,0,0.0,0.0,0.0,,216,108.0,43200,6480,0,0,0,0,0,-43200,0,222,0.14663143989431968,0,1,2,1,0,"1,2",0.0,0.5,0.5,,0.0,,0.0,0.5,0.5,,0.0,1.0,0,0,0,0,0,2,0,0,2,2,0,0,1,1,0,0,0,0,0,0,0.0,2,,0,,0,,0,23.0,2,2,1.0,1
757,758,4,2,2,0,2,0,0,2,0,2,2,0,0,0,0.0,0.0,0.0,,218,109.0,43600,6540,0,0,0,0,0,-43600,0,224,0.14775725593667546,0,1,2,1,0,"2,1",0.0,0.5,0.5,,0.0,,0.0,0.5,0.5,,0.0,1.0,0,0,0,0,0,2,0,0,2,2,0,0,1,1,0,0,0,0,0,0,0.0,2,,0,,0,,0,23.0,2,2,1.0,1
758,759,4,2,2,0,2,0,0,2,0,2,2,0,0,0,0.0,0.0,0.0,,220,110.0,44000,6600,0,0,0,0,0,-44000,0,226,0.14888010540184454,0,1,2,1,0,"1,2",0.0,0.5,0.5,,0.0,,0.0,0.5,0.5,,0.0,1.0,0,0,0,0,0,2,0,0,2,2,0,0,1,1,0,0,0,0,0,0,0.0,2,,0,,0,,0,23.0,2,2,1.0,1
759,760,4,2,2,0,2,0,0,2,0,2,2,0,0,0,0.0,0.0,0.0,,222,111.0,44400,6660,0,0,0,0,0,-44400,0,228,0.15,0,1,2,1,0,"1,2",0.0,0.5,0.5,,0.0,,0.0,0.5,0.5,,0.0,1.0,0,0,0,0,0,2,0,0,2,2,0,0,1,1,0,0,0,0,0,0,0.0,2,,0,,0,,0,23.0,2,2,1.0,1
760,761,4,2,2,0,2,0,0,2,0,2,2,0,0,0,0.0,0.0,0.0,,224,112.0,44800,6720,0,0,0,0,0,-44800,0,230,0.15111695137976347,0,1,2,1,0,"2,1",0.0,0.5,0.5,,0.0,,0.0,0.5,0.5,,0.0,1.0,0,0,0,0,0,2,0,0,2,2,0,0,1,1,0,0,0,0,0,0,0.0,2,,0,,0,,0,23.0,2,2,1.0,1
761,762,4,2,2,0,2,0,0,2,0,2,2,0,0,0,0.0,0.0,0.0,,226,113.0,45200,6780,0,0,0,0,0,-45200,0,232,0.15223097112860892,0,1,2,1,0,"2,1",0.0,0.5,0.5,,0.0,,0.0,0.5,0.5,,0.0,1.0,0,0,0,0,0,2,0,0,2,2,0,0,1,1,0,0,0,0,0,0,0.0,2,,0,,0,,0,23.0,2,2,1.0,1
762,763,4,2,2,0,2,0,0,2,0,2,2,0,0,0,0.0,0.0,0.0,,228,114.0,45600,6840,0,0,0,0,0,-45600,0,234,0.15334207077326342,0,1,2,1,0,"1,2",0.0,0.5,0.5,,0.0,,0.0,0.5,0.5,,0.0,1.0,0,0,0,0,0,2,0,0,2,2,0,0,1,1,0,0,0,0,0,0,0.0,2,,0,,0,,0,23.0,2,2,1.0,1
763,764,4,2,2,0,2,0,0,2,0,2,2,0,0,0,0.0,0.0,0.0,,230,115.0,46000,6900,0,0,0,0,0,-46000,0,236,0.1544502617801047,0,1,2,1,0,"1,2",0.0,0.5,0.5,,0.0,,0.0,0.5,0.5,,0.0,1.0,0,0,0,0,0,2,0,0,2,2,0,0,1,1,0,0,0,0,0,0,0.0,2,,0,,0,,0,23.0,2,2,1.0,1
764,765,4,2,2,0,2,0,0,2,0,2,2,0,0,0,0.0,0.0,0.0,,232,116.0,46400,6960,0,0,0,0,0,-46400,0,238,0.15555555555555556,0,1,2,1,0,"1,2",0.0,0.5,0.5,,0.0,,0.0,0.5,0.5,,0.0,1.0,0,0,0,0,0,2,0,0,2,2,0,0,1,1,0,0,0,0,0,0,0.0,2,,0,,0,,0,23.0,2,2,1.0,1
765,766,4,2,2,0,2,0,0,2,0,2,2,0,0,0,0.0,0.0,0.0,,234,117.0,46800,7020,0,0,0,0,0,-46800,0,240,0.1566579634464752,0,1,2,1,0,"2,1",0.0,0.5,0.5,,0.0,,0.0,0.5,0.5,,0.0,1.0,0,0,0,0,0,2,0,0,2,2,0,0,1,1,0,0,0,0,0,0,0.0,2,,0,,0,,0,23.0,2,2,1.0,1
766,767,4,2,2,0,2,0,0,2,0,2,2,0,0,0,0.0,0.0,0.0,,236,118.0,47200,7080,0,0,0,0,0,-47200,0,242,0.1577574967405476,0,1,2,1,0,"1,2",0.0,0.5,0.5,,0.0,,0.0,0.5,0.5,,0.0,1.0,0,0,0,0,0,2,0,0,2,2,0,0,1,1,0,0,0,0,0,0,0.0,2,,0,,0,,0,23.0,2,2,1.0,1
767,768,4,2,2,0,2,0,0,2,0,2,2,0,0,0,0.0,0.0,0.0,,238,119.0,47600,7140,0,0,0,0,0,-47600,0,244,0.15885416666666666,0,1,2,1,0,"1,2",0.0,0.5,0.5,,0.0,,0.0,0.5,0.5,,0.0,1.0,0,0,0,0,0,2,0,0,2,2,0,0,1,1,0,0,0,0,0,0,0.0,2,,0,,0,,0,23.0,2,2,1.0,1
768,769,4,2,2,0,1,1,0,2,1,2,2,0,0,0,0.0,0.0,0.0,,240,120.0,48000,7200,0,0,0,0,0,-48000,0,246,0.1599479843953186,0,1,2,1,0,"2,1",0.0,0.5,0.5,,0.0,,0.0,0.5,0.5,,0.0,1.0,1,0,0,0,0,1,0,0,2,2,0,0,1,1,0,0,0,0,0,0,0.0,2,147.0,1,,0,,0,23.0,2,2,1.0,1
769,770,4,2,2,0,1,0,1,2,1,1,1,1,1,2,0.07792207792207792,0.4858299595141701,0.016597510373443983,3615.0,241,120.5,48200,7230,103500.000,32350.04890604000000000000000,95316.10743016000000000000000,127666.1563362000000000000000,36664.8436638000000000000000,55300.000,267831.00,247,0.1603896103896104,0,1,2,1,0,"1,2",0.25,0.5,0.25,148.0,0.0,57.0,0.5,0.5,0.0,148.0,0.0,1.0,1,0,0,0,0,1,0,0,2,2,0,0,1,1,0,0,0,0,0,0,0.0,2,147.0,1,1.0,1,148.0,1,23.0,2,2,1.0,1
770,771,4,2,2,0,1,0,1,2,1,1,1,1,1,2,0.07782101167315175,0.48387096774193544,0.01652892561983471,3630.0,242,121.0,48400,7260,103500.000,32350.04890604000000000000000,95316.10743016000000000000000,127666.1563362000000000000000,36664.8436638000000000000000,55100.000,267831.00,248,0.1608300907911803,0,1,2,1,0,"2,1",0.25,0.5,0.25,148.0,0.0,57.0,0.5,0.5,0.0,148.0,0.0,1.0,1,0,0,0,0,1,0,0,2,2,0,0,1,1,0,0,0,0,0,0,0.0,2,147.0,1,1.0,1,148.0,1,23.0,2,2,1.0,1
771,772,4,2,2,0,1,0,1,2,1,1,1,1,1,2,0.07772020725388601,0.48192771084337344,0.01646090534979424,3645.0,243,121.5,48600,7290,103500.000,32350.04890604000000000000000,95316.10743016000000000000000,127666.1563362000000000000000,36664.8436638000000000000000,54900.000,267831.00,249,0.16126943005181346,0,1,2,1,0,"1,2",0.25,0.5,0.25,148.0,0.0,57.0,0.5,0.5,0.0,148.0,0.0,1.0,1,0,0,0,0,1,0,0,2,2,0,0,1,1,0,0,0,0,0,0,0.0,2,147.0,1,1.0,1,148.0,1,23.0,2,2,1.0,1
772,773,4,2,2,0,1,0,1,2,1,1,1,1,1,2,0.0776196636481242,0.48,0.01639344262295082,3660.0,244,122.0,48800,7320,103500.000,32350.04890604000000000000000,95316.10743016000000000000000,127666.1563362000000000000000,36664.8436638000000000000000,54700.000,267831.00,250,0.16170763260025872,0,1,2,1,0,"1,2",0.25,0.5,0.25,148.0,0.0,57.0,0.5,0.5,0.0,148.0,0.0,1.0,1,0,0,0,0,1,0,0,2,2,0,0,1,1,0,0,0,0,0,0,0.0,2,147.0,1,1.0,1,148.0,1,23.0,2,2,1.0,1
773,774,4,2,2,0,1,0,1,2,1,1,1,1,1,2,0.07751937984496124,0.4780876494023904,0.0163265306122449,3675.0,245,122.5,49000,7350,103500.000,32350.04890604000000000000000,95316.10743016000000000000000,127666.1563362000000000000000,36664.8436638000000000000000,54500.000,267831.00,251,0.16214470284237725,0,1,2,1,0,"1,2",0.25,0.5,0.25,148.0,0.0,57.0,0.5,0.5,0.0,148.0,0.0,1.0,1,0,0,0,0,1,0,0,2,2,0,0,1,1,0,0,0,0,0,0,0.0,2,147.0,1,1.0,1,148.0,1,23.0,2,2,1.0,1
774,775,4,2,2,0,1,0,1,2,1,1,1,1,1,2,0.07741935483870968,0.47619047619047616,0.016260162601626018,3690.0,246,123.0,49200,7380,103500.000,32350.04890604000000000000000,95316.10743016000000000000000,127666.1563362000000000000000,36664.8436638000000000000000,54300.000,267831.00,252,0.1625806451612903,0,1,2,1,0,"1,2",0.25,0.5,0.25,148.0,0.0,57.0,0.5,0.5,0.0,148.0,0.0,1.0,1,0,0,0,0,1,0,0,2,2,0,0,1,1,0,0,0,0,0,0,0.0,2,147.0,1,1.0,1,148.0,1,23.0,2,2,1.0,1
775,776,4,2,2,0,1,0,1,2,1,1,1,1,1,2,0.07731958762886598,0.4743083003952569,0.016194331983805668,3705.0,247,123.5,49400,7410,103500.000,32350.04890604000000000000000,95316.10743016000000000000000,127666.1563362000000000000000,36664.8436638000000000000000,54100.000,267831.00,253,0.16301546391752578,0,1,2,1,0,"1,2",0.25,0.5,0.25,148.0,0.0,57.0,0.5,0.5,0.0,148.0,0.0,1.0,1,0,0,0,0,1,0,0,2,2,0,0,1,1,0,0,0,0,0,0,0.0,2,147.0,1,1.0,1,148.0,1,23.0,2,2,1.0,1
776,777,4,2,2,0,1,0,1,2,1,1,1,1,1,2,0.07722007722007722,0.47244094488188976,0.016129032258064516,3720.0,248,124.0,49600,7440,103500.000,32350.04890604000000000000000,95316.10743016000000000000000,127666.1563362000000000000000,36664.8436638000000000000000,53900.000,267831.00,254,0.16344916344916344,0,1,2,1,0,"2,1",0.25,0.5,0.25,148.0,0.0,57.0,0.5,0.5,0.0,148.0,0.0,1.0,1,0,0,0,0,1,0,0,2,2,0,0,1,1,0,0,0,0,0,0,0.0,2,147.0,1,1.0,1,148.0,1,23.0,2,2,1.0,1
777,778,4,2,2,0,1,0,1,2,1,1,1,1,1,2,0.07712082262210797,0.47058823529411764,0.01606425702811245,3735.0,249,124.5,49800,7470,103500.000,32350.04890604000000000000000,95316.10743016000000000000000,127666.1563362000000000000000,36664.8436638000000000000000,53700.000,267831.00,255,0.16388174807197944,0,1,2,1,0,"2,1",0.25,0.5,0.25,148.0,0.0,57.0,0.5,0.5,0.0,148.0,0.0,1.0,1,0,0,0,0,1,0,0,2,2,0,0,1,1,0,0,0,0,0,0,0.0,2,147.0,1,1.0,1,148.0,1,23.0,2,2,1.0,1
778,779,4,2,2,0,1,0,1,2,1,1,1,1,1,2,0.07702182284980745,0.46875,0.016,3750.0,250,125.0,50000,7500,103500.000,32350.04890604000000000000000,95316.10743016000000000000000,127666.1563362000000000000000,36664.8436638000000000000000,53500.000,267831.00,256,0.1643132220795892,0,1,2,1,0,"2,1",0.25,0.5,0.25,148.0,0.0,57.0,0.5,0.5,0.0,148.0,0.0,1.0,1,0,0,0,0,1,0,0,2,2,0,0,1,1,0,0,0,0,0,0,0.0,2,147.0,1,1.0,1,148.0,1,23.0,2,2,1.0,1
779,780,4,2,2,0,1,0,1,2,1,1,1,1,1,2,0.07692307692307693,0.4669260700389105,0.01593625498007968,3765.0,251,125.5,50200,7530,103500.000,32350.04890604000000000000000,95316.10743016000000000000000,127666.1563362000000000000000,36664.8436638000000000000000,53300.000,267831.00,257,0.16474358974358974,0,1,2,1,0,"1,2",0.25,0.5,0.25,148.0,0.0,57.0,0.5,0.5,0.0,148.0,0.0,1.0,1,0,0,0,0,1,0,0,2,2,0,0,1,1,0,0,0,0,0,0,0.0,2,147.0,1,1.0,1,148.0,1,23.0,2,2,1.0,1
780,781,4,2,2,0,1,0,1,2,1,1,1,1,1,2,0.07682458386683738,0.46511627906976744,0.015873015873015872,3780.0,252,126.0,50400,7560,103500.000,32350.04890604000000000000000,95316.10743016000000000000000,127666.1563362000000000000000,36664.8436638000000000000000,53100.000,267831.00,258,0.16517285531370038,0,1,2,1,0,"1,2",0.25,0.5,0.25,148.0,0.0,57.0,0.5,0.5,0.0,148.0,0.0,1.0,1,0,0,0,0,1,0,0,2,2,0,0,1,1,0,0,0,0,0,0,0.0,2,147.0,1,1.0,1,148.0,1,23.0,2,2,1.0,1
781,782,4,2,2,0,1,0,1,2,1,1,1,1,1,2,0.07672634271099744,0.46332046332046334,0.015810276679841896,3795.0,253,126.5,50600,7590,103500.000,32350.04890604000000000000000,95316.10743016000000000000000,127666.1563362000000000000000,36664.8436638000000000000000,52900.000,267831.00,259,0.1656010230179028,0,1,2,1,0,"1,2",0.25,0.5,0.25,148.0,0.0,57.0,0.5,0.5,0.0,148.0,0.0,1.0,1,0,0,0,0,1,0,0,2,2,0,0,1,1,0,0,0,0,0,0,0.0,2,147.0,1,1.0,1,148.0,1,23.0,2,2,1.0,1
782,783,4,2,2,0,1,0,1,2,1,1,1,1,1,2,0.07662835249042145,0.46153846153846156,0.015748031496062992,3810.0,254,127.0,50800,7620,103500.000,32350.04890604000000000000000,95316.10743016000000000000000,127666.1563362000000000000000,36664.8436638000000000000000,52700.000,267831.00,260,0.16602809706257982,0,1,2,1,0,"1,2",0.25,0.5,0.25,148.0,0.0,57.0,0.5,0.5,0.0,148.0,0.0,1.0,1,0,0,0,0,1,0,0,2,2,0,0,1,1,0,0,0,0,0,0,0.0,2,147.0,1,1.0,1,148.0,1,23.0,2,2,1.0,1
783,784,4,2,2,0,0,1,1,2,2,1,1,1,1,2,0.07653061224489796,0.4597701149425288,0.01568627450980392,3825.0,255,127.5,51000,7650,103500.000,32350.04890604000000000000000,95316.10743016000000000000000,127666.1563362000000000000000,36664.8436638000000000000000,52500.000,267831.00,261,0.16645408163265307,0,1,2,1,0,"1,2",0.25,0.5,0.25,148.0,0.0,57.0,0.5,0.5,0.0,148.0,0.0,1.0,2,0,0,0,0,0,0,0,2,2,0,0,1,1,0,0,0,0,0,0,0.0,2,129.5,2,1.0,1,148.0,1,23.0,2,2,1.0,1
784,785,4,2,2,0,0,0,2,2,2,0,0,2,1,3,0.11464968152866241,0.6896551724137931,0.023529411764705882,2550.0,255,127.5,51000,7650,173880.000,57388.74446394000000000000000,95316.10743016000000000000000,152704.8518941000000000000000,48210.64810590000000000000000,122880.000,374795.50,261,0.1662420382165605,0,1,2,1,0,"2,1",0.5,0.5,0.0,130.5,0.0,62.5,0.5,0.5,0.0,148.0,0.0,1.0,2,0,0,0,0,0,0,0,2,2,0,0,1,1,0,0,0,0,0,0,0.0,2,129.5,2,1.0,2,130.5,2,23.0,2,2,1.0,1
785,786,4,2,2,0,0,0,2,2,2,0,0,2,1,3,0.11450381679389313,0.6896551724137931,0.023529411764705882,2550.0,255,127.5,51000,7650,173880.000,57388.74446394000000000000000,95316.10743016000000000000000,152704.8518941000000000000000,48210.64810590000000000000000,122880.000,374795.50,261,0.16603053435114504,0,1,2,1,0,"1,2",0.5,0.5,0.0,130.5,0.0,62.5,0.5,0.5,0.0,148.0,0.0,1.0,2,0,0,0,0,0,0,0,2,2,0,0,1,1,0,0,0,0,0,0,0.0,2,129.5,2,1.0,2,130.5,2,23.0,2,2,1.0,1
786,787,4,2,2,0,0,0,2,2,2,0,0,2,1,3,0.11435832274459974,0.6896551724137931,0.023529411764705882,2550.0,255,127.5,51000,7650,173880.000,57388.74446394000000000000000,95316.10743016000000000000000,152704.8518941000000000000000,48210.64810590000000000000000,122880.000,374795.50,261,0.16581956797966962,0,1,2,1,0,"1,2",0.5,0.5,0.0,130.5,0.0,62.5,0.5,0.5,0.0,148.0,0.0,1.0,2,0,0,0,0,0,0,0,2,2,0,0,1,1,0,0,0,0,0,0,0.0,2,129.5,2,1.0,2,130.5,2,23.0,2,2,1.0,1
787,788,4,2,2,0,0,0,2,2,2,0,0,2,1,3,0.11421319796954316,0.6896551724137931,0.023529411764705882,2550.0,255,127.5,51000,7650,173880.000,57388.74446394000000000000000,95316.10743016000000000000000,152704.8518941000000000000000,48210.64810590000000000000000,122880.000,374795.50,261,0.16560913705583757,0,1,2,1,0,"1,2",0.5,0.5,0.0,130.5,0.0,62.5,0.5,0.5,0.0,148.0,0.0,1.0,2,0,0,0,0,0,0,0,2,2,0,0,1,1,0,0,0,0,0,0,0.0,2,129.5,2,1.0,2,130.5,2,23.0,2,2,1.0,1
788,789,4,2,2,0,0,0,2,2,2,0,0,2,1,3,0.11406844106463879,0.6896551724137931,0.023529411764705882,2550.0,255,127.5,51000,7650,173880.000,57388.74446394000000000000000,95316.10743016000000000000000,152704.8518941000000000000000,48210.64810590000000000000000,122880.000,374795.50,261,0.16539923954372623,0,1,2,1,0,"1,2",0.5,0.5,0.0,130.5,0.0,62.5,0.5,0.5,0.0,148.0,0.0,1.0,2,0,0,0,0,0,0,0,2,2,0,0,1,1,0,0,0,0,0,0,0.0,2,129.5,2,1.0,2,130.5,2,23.0,2,2,1.0,1
789,790,4,2,2,0,0,0,2,2,2,0,0,2,1,3,0.1139240506329114,0.6896551724137931,0.023529411764705882,2550.0,255,127.5,51000,7650,173880.000,57388.74446394000000000000000,95316.10743016000000000000000,152704.8518941000000000000000,48210.64810590000000000000000,122880.000,374795.50,261,0.1651898734177215,0,1,2,1,0,"1,2",0.5,0.5,0.0,130.5,0.0,62.5,0.5,0.5,0.0,148.0,0.0,1.0,2,0,0,0,0,0,0,0,2,2,0,0,1,1,0,0,0,0,0,0,0.0,2,129.5,2,1.0,2,130.5,2,23.0,2,2,1.0,1
790,791,4,2,2,0,0,0,2,2,2,0,0,2,1,3,0.11378002528445007,0.6896551724137931,0.023529411764705882,2550.0,255,127.5,51000,7650,173880.000,57388.74446394000000000000000,95316.10743016000000000000000,152704.8518941000000000000000,48210.64810590000000000000000,122880.000,374795.50,261,0.1649810366624526,0,1,2,1,0,"1,2",0.5,0.5,0.0,130.5,0.0,62.5,0.5,0.5,0.0,148.0,0.0,1.0,2,0,0,0,0,0,0,0,2,2,0,0,1,1,0,0,0,0,0,0,0.0,2,129.5,2,1.0,2,130.5,2,23.0,2,2,1.0,1
791,792,4,2,2,0,0,0,2,2,2,0,0,2,1,3,0.11363636363636365,0.6896551724137931,0.023529411764705882,2550.0,255,127.5,51000,7650,173880.000,57388.74446394000000000000000,95316.10743016000000000000000,152704.8518941000000000000000,48210.64810590000000000000000,122880.000,374795.50,261,0.16477272727272727,0,1,2,1,0,"1,2",0.5,0.5,0.0,130.5,0.0,62.5,0.5,0.5,0.0,148.0,0.0,1.0,2,0,0,0,0,0,0,0,2,2,0,0,1,1,0,0,0,0,0,0,0.0,2,129.5,2,1.0,2,130.5,2,23.0,2,2,1.0,1
792,793,4,2,2,0,0,0,2,2,2,0,0,2,1,3,0.11349306431273644,0.6896551724137931,0.023529411764705882,2550.0,255,127.5,51000,7650,173880.000,57388.74446394000000000000000,95316.10743016000000000000000,152704.8518941000000000000000,48210.64810590000000000000000,122880.000,374795.50,261,0.16456494325346785,0,1,2,1,0,"1,2",0.5,0.5,0.0,130.5,0.0,62.5,0.5,0.5,0.0,148.0,0.0,1.0,2,0,0,0,0,0,0,0,2,2,0,0,1,1,0,0,0,0,0,0,0.0,2,129.5,2,1.0,2,130.5,2,23.0,2,2,1.0,1
793,794,4,2,2,0,0,0,2,2,2,0,0,2,1,3,0.11335012594458439,0.6896551724137931,0.023529411764705882,2550.0,255,127.5,51000,7650,173880.000,57388.74446394000000000000000,95316.10743016000000000000000,152704.8518941000000000000000,48210.64810590000000000000000,122880.000,374795.50,261,0.16435768261964737,0,1,2,1,0,"2,1",0.5,0.5,0.0,130.5,0.0,62.5,0.5,0.5,0.0,148.0,0.0,1.0,2,0,0,0,0,0,0,0,2,2,0,0,1,1,0,0,0,0,0,0,0.0,2,129.5,2,1.0,2,130.5,2,23.0,2,2,1.0,1
794,795,4,2,2,0,0,0,2,2,2,0,0,2,1,3,0.11320754716981132,0.6896551724137931,0.023529411764705882,2550.0,255,127.5,51000,7650,173880.000,57388.74446394000000000000000,95316.10743016000000000000000,152704.8518941000000000000000,48210.64810590000000000000000,122880.000,374795.50,261,0.1641509433962264,0,1,2,1,0,"2,1",0.5,0.5,0.0,130.5,0.0,62.5,0.5,0.5,0.0,148.0,0.0,1.0,2,0,0,0,0,0,0,0,2,2,0,0,1,1,0,0,0,0,0,0,0.0,2,129.5,2,1.0,2,130.5,2,23.0,2,2,1.0,1
795,796,4,2,2,0,0,0,2,2,2,0,0,2,1,3,0.11306532663316582,0.6896551724137931,0.023529411764705882,2550.0,255,127.5,51000,7650,173880.000,57388.74446394000000000000000,95316.10743016000000000000000,152704.8518941000000000000000,48210.64810590000000000000000,122880.000,374795.50,261,0.16394472361809045,0,1,2,1,0,"2,1",0.5,0.5,0.0,130.5,0.0,62.5,0.5,0.5,0.0,148.0,0.0,1.0,2,0,0,0,0,0,0,0,2,2,0,0,1,1,0,0,0,0,0,0,0.0,2,129.5,2,1.0,2,130.5,2,23.0,2,2,1.0,1
796,797,4,2,2,0,0,0,2,2,2,0,0,2,1,3,0.11292346298619825,0.6896551724137931,0.023529411764705882,2550.0,255,127.5,51000,7650,173880.000,57388.74446394000000000000000,95316.10743016000000000000000,152704.8518941000000000000000,48210.64810590000000000000000,122880.000,374795.50,261,0.16373902132998747,0,1,2,1,0,"2,1",0.5,0.5,0.0,130.5,0.0,62.5,0.5,0.5,0.0,148.0,0.0,1.0,2,0,0,0,0,0,0,0,2,2,0,0,1,1,0,0,0,0,0,0,0.0,2,129.5,2,1.0,2,130.5,2,23.0,2,2,1.0,1
797,798,4,2,2,0,0,0,2,2,2,0,0,2,1,3,0.11278195488721804,0.6896551724137931,0.023529411764705882,2550.0,255,127.5,51000,7650,173880.000,57388.74446394000000000000000,95316.10743016000000000000000,152704.8518941000000000000000,48210.64810590000000000000000,122880.000,374795.50,261,0.16353383458646617,0,1,2,1,0,"2,1",0.5,0.5,0.0,130.5,0.0,62.5,0.5,0.5,0.0,148.0,0.0,1.0,2,0,0,0,0,0,0,0,2,2,0,0,1,1,0,0,0,0,0,0,0.0,2,129.5,2,1.0,2,130.5,2,23.0,2,2,1.0,1
798,799,4,2,2,0,0,0,2,2,2,0,0,2,1,3,0.11264080100125157,0.6896551724137931,0.023529411764705882,2550.0,255,127.5,51000,7650,173880.000,57388.74446394000000000000000,95316.10743016000000000000000,152704.8518941000000000000000,48210.64810590000000000000000,122880.000,374795.50,261,0.16332916145181478,0,1,2,1,0,"1,2",0.5,0.5,0.0,130.5,0.0,62.5,0.5,0.5,0.0,148.0,0.0,1.0,2,0,0,0,0,0,0,0,2,2,0,0,1,1,0,0,0,0,0,0,0.0,2,129.5,2,1.0,2,130.5,2,23.0,2,2,1.0,1
799,800,4,2,2,0,0,0,2,2,2,0,0,2,1,3,0.11249999999999999,0.6896551724137931,0.023529411764705882,2550.0,255,127.5,51000,7650,173880.000,57388.74446394000000000000000,95316.10743016000000000000000,152704.8518941000000000000000,48210.64810590000000000000000,122880.000,374795.50,261,0.163125,0,1,2,1,0,"2,1",0.5,0.5,0.0,130.5,0.0,62.5,0.5,0.5,0.0,148.0,0.0,1.0,2,0,0,0,0,0,0,0,2,2,0,0,1,1,0,0,0,0,0,0,0.0,2,129.5,2,1.0,2,130.5,2,23.0,2,2,1.0,1
800,801,4,2,2,0,0,0,2,2,2,0,0,2,1,3,0.11235955056179775,0.6896551724137931,0.023529411764705882,2550.0,255,127.5,51000,7650,173880.000,57388.74446394000000000000000,95316.10743016000000000000000,152704.8518941000000000000000,48210.64810590000000000000000,122880.000,374795.50,261,0.16292134831460675,0,1,2,1,0,"2,1",0.5,0.5,0.0,130.5,0.0,62.5,0.5,0.5,0.0,148.0,0.0,1.0,2,0,0,0,0,0,0,0,2,2,0,0,1,1,0,0,0,0,0,0,0.0,2,129.5,2,1.0,2,130.5,2,23.0,2,2,1.0,1
801,802,4,2,2,0,0,0,2,2,2,0,0,2,1,3,0.11221945137157106,0.6896551724137931,0.023529411764705882,2550.0,255,127.5,51000,7650,173880.000,57388.74446394000000000000000,95316.10743016000000000000000,152704.8518941000000000000000,48210.64810590000000000000000,122880.000,374795.50,261,0.16271820448877805,0,1,2,1,0,"1,2",0.5,0.5,0.0,130.5,0.0,62.5,0.5,0.5,0.0,148.0,0.0,1.0,2,0,0,0,0,0,0,0,2,2,0,0,1,1,0,0,0,0,0,0,0.0,2,129.5,2,1.0,2,130.5,2,23.0,2,2,1.0,1
802,803,4,2,2,0,0,0,2,2,2,0,0,2,1,3,0.11207970112079702,0.6896551724137931,0.023529411764705882,2550.0,255,127.5,51000,7650,173880.000,57388.74446394000000000000000,95316.10743016000000000000000,152704.8518941000000000000000,48210.64810590000000000000000,122880.000,374795.50,261,0.16251556662515568,0,1,2,1,0,"1,2",0.5,0.5,0.0,130.5,0.0,62.5,0.5,0.5,0.0,148.0,0.0,1.0,2,0,0,0,0,0,0,0,2,2,0,0,1,1,0,0,0,0,0,0,0.0,2,129.5,2,1.0,2,130.5,2,23.0,2,2,1.0,1
803,804,4,2,2,0,0,0,2,2,2,0,0,2,1,3,0.11194029850746269,0.6896551724137931,0.023529411764705882,2550.0,255,127.5,51000,7650,173880.000,57388.74446394000000000000000,95316.10743016000000000000000,152704.8518941000000000000000,48210.64810590000000000000000,122880.000,374795.50,261,0.1623134328358209,0,1,2,1,0,"2,1",0.5,0.5,0.0,130.5,0.0,62.5,0.5,0.5,0.0,148.0,0.0,1.0,2,0,0,0,0,0,0,0,2,2,0,0,1,1,0,0,0,0,0,0,0.0,2,129.5,2,1.0,2,130.5,2,23.0,2,2,1.0,1
804,805,4,2,2,0,0,0,2,2,2,0,0,2,1,3,0.11180124223602485,0.6896551724137931,0.023529411764705882,2550.0,255,127.5,51000,7650,173880.000,57388.74446394000000000000000,95316.10743016000000000000000,152704.8518941000000000000000,48210.64810590000000000000000,122880.000,374795.50,261,0.16211180124223604,0,1,2,1,0,"1,2",0.5,0.5,0.0,130.5,0.0,62.5,0.5,0.5,0.0,148.0,0.0,1.0,2,0,0,0,0,0,0,0,2,2,0,0,1,1,0,0,0,0,0,0,0.0,2,129.5,2,1.0,2,130.5,2,23.0,2,2,1.0,1
805,806,4,2,2,0,0,0,2,2,2,0,0,2,1,3,0.11166253101736973,0.6896551724137931,0.023529411764705882,2550.0,255,127.5,51000,7650,173880.000,57388.74446394000000000000000,95316.10743016000000000000000,152704.8518941000000000000000,48210.64810590000000000000000,122880.000,374795.50,261,0.1619106699751861,0,1,2,1,0,"2,1",0.5,0.5,0.0,130.5,0.0,62.5,0.5,0.5,0.0,148.0,0.0,1.0,2,0,0,0,0,0,0,0,2,2,0,0,1,1,0,0,0,0,0,0,0.0,2,129.5,2,1.0,2,130.5,2,23.0,2,2,1.0,1
806,807,4,2,2,0,0,0,2,2,2,0,0,2,1,3,0.11152416356877325,0.6896551724137931,0.023529411764705882,2550.0,255,127.5,51000,7650,173880.000,57388.74446394000000000000000,95316.10743016000000000000000,152704.8518941000000000000000,48210.64810590000000000000000,122880.000,374795.50,261,0.16171003717472118,0,1,2,1,0,"2,1",0.5,0.5,0.0,130.5,0.0,62.5,0.5,0.5,0.0,148.0,0.0,1.0,2,0,0,0,0,0,0,0,2,2,0,0,1,1,0,0,0,0,0,0,0.0,2,129.5,2,1.0,2,130.5,2,23.0,2,2,1.0,1
807,808,4,2,2,0,0,0,2,2,2,0,0,2,1,3,0.11138613861386139,0.6896551724137931,0.023529411764705882,2550.0,255,127.5,51000,7650,173880.000,57388.74446394000000000000000,95316.10743016000000000000000,152704.8518941000000000000000,48210.64810590000000000000000,122880.000,374795.50,261,0.16150990099009901,0,1,2,1,0,"2,1",0.5,0.5,0.0,130.5,0.0,62.5,0.5,0.5,0.0,148.0,0.0,1.0,2,0,0,0,0,0,0,0,2,2,0,0,1,1,0,0,0,0,0,0,0.0,2,129.5,2,1.0,2,130.5,2,23.0,2,2,1.0,1
808,809,4,2,2,0,0,0,2,2,2,0,0,2,1,3,0.11124845488257108,0.6896551724137931,0.023529411764705882,2550.0,255,127.5,51000,7650,173880.000,57388.74446394000000000000000,95316.10743016000000000000000,152704.8518941000000000000000,48210.64810590000000000000000,122880.000,374795.50,261,0.16131025957972805,0,1,2,1,0,"1,2",0.5,0.5,0.0,130.5,0.0,62.5,0.5,0.5,0.0,148.0,0.0,1.0,2,0,0,0,0,0,0,0,2,2,0,0,1,1,0,0,0,0,0,0,0.0,2,129.5,2,1.0,2,130.5,2,23.0,2,2,1.0,1
809,810,4,2,2,0,0,0,2,2,2,0,0,2,1,3,0.1111111111111111,0.6896551724137931,0.023529411764705882,2550.0,255,127.5,51000,7650,173880.000,57388.74446394000000000000000,95316.10743016000000000000000,152704.8518941000000000000000,48210.64810590000000000000000,122880.000,374795.50,261,0.16111111111111112,0,1,2,1,0,"1,2",0.5,0.5,0.0,130.5,0.0,62.5,0.5,0.5,0.0,148.0,0.0,1.0,2,0,0,0,0,0,0,0,2,2,0,0,1,1,0,0,0,0,0,0,0.0,2,129.5,2,1.0,2,130.5,2,23.0,2,2,1.0,1
810,811,4,2,2,0,0,0,2,2,2,0,0,2,1,3,0.11097410604192355,0.6896551724137931,0.023529411764705882,2550.0,255,127.5,51000,7650,173880.000,57388.74446394000000000000000,95316.10743016000000000000000,152704.8518941000000000000000,48210.64810590000000000000000,122880.000,374795.50,261,0.16091245376078914,0,1,2,1,0,"2,1",0.5,0.5,0.0,130.5,0.0,62.5,0.5,0.5,0.0,148.0,0.0,1.0,2,0,0,0,0,0,0,0,2,2,0,0,1,1,0,0,0,0,0,0,0.0,2,129.5,2,1.0,2,130.5,2,23.0,2,2,1.0,1
811,812,4,2,2,0,0,0,2,2,2,0,0,2,1,3,0.11083743842364532,0.6896551724137931,0.023529411764705882,2550.0,255,127.5,51000,7650,173880.000,57388.74446394000000000000000,95316.10743016000000000000000,152704.8518941000000000000000,48210.64810590000000000000000,122880.000,374795.50,261,0.16071428571428573,0,1,2,1,0,"1,2",0.5,0.5,0.0,130.5,0.0,62.5,0.5,0.5,0.0,148.0,0.0,1.0,2,0,0,0,0,0,0,0,2,2,0,0,1,1,0,0,0,0,0,0,0.0,2,129.5,2,1.0,2,130.5,2,23.0,2,2,1.0,1
812,813,4,2,2,0,0,0,2,2,2,0,0,2,1,3,0.11070110701107011,0.6896551724137931,0.023529411764705882,2550.0,255,127.5,51000,7650,173880.000,57388.74446394000000000000000,95316.10743016000000000000000,152704.8518941000000000000000,48210.64810590000000000000000,122880.000,374795.50,261,0.16051660516605165,0,1,2,1,0,"1,2",0.5,0.5,0.0,130.5,0.0,62.5,0.5,0.5,0.0,148.0,0.0,1.0,2,0,0,0,0,0,0,0,2,2,0,0,1,1,0,0,0,0,0,0,0.0,2,129.5,2,1.0,2,130.5,2,23.0,2,2,1.0,1
813,814,4,2,2,0,0,0,2,2,2,0,0,2,1,3,0.11056511056511056,0.6896551724137931,0.023529411764705882,2550.0,255,127.5,51000,7650,173880.000,57388.74446394000000000000000,95316.10743016000000000000000,152704.8518941000000000000000,48210.64810590000000000000000,122880.000,374795.50,261,0.16031941031941033,0,1,2,1,0,"1,2",0.5,0.5,0.0,130.5,0.0,62.5,0.5,0.5,0.0,148.0,0.0,1.0,2,0,0,0,0,0,0,0,2,2,0,0,1,1,0,0,0,0,0,0,0.0,2,129.5,2,1.0,2,130.5,2,23.0,2,2,1.0,1
814,815,4,2,2,0,0,0,2,2,2,0,0,2,1,3,0.11042944785276074,0.6896551724137931,0.023529411764705882,2550.0,255,127.5,51000,7650,173880.000,57388.74446394000000000000000,95316.10743016000000000000000,152704.8518941000000000000000,48210.64810590000000000000000,122880.000,374795.50,261,0.16012269938650306,0,1,2,1,0,"2,1",0.5,0.5,0.0,130.5,0.0,62.5,0.5,0.5,0.0,148.0,0.0,1.0,2,0,0,0,0,0,0,0,2,2,0,0,1,1,0,0,0,0,0,0,0.0,2,129.5,2,1.0,2,130.5,2,23.0,2,2,1.0,1
815,816,4,2,2,0,0,0,2,2,2,0,0,2,1,3,0.11029411764705882,0.6896551724137931,0.023529411764705882,2550.0,255,127.5,51000,7650,173880.000,57388.74446394000000000000000,95316.10743016000000000000000,152704.8518941000000000000000,48210.64810590000000000000000,122880.000,374795.50,261,0.15992647058823528,0,1,2,1,0,"2,1",0.5,0.5,0.0,130.5,0.0,62.5,0.5,0.5,0.0,148.0,0.0,1.0,2,0,0,0,0,0,0,0,2,2,0,0,1,1,0,0,0,0,0,0,0.0,2,129.5,2,1.0,2,130.5,2,23.0,2,2,1.0,1
816,817,4,2,2,0,0,0,2,2,2,0,0,2,1,3,0.11015911872705018,0.6896551724137931,0.023529411764705882,2550.0,255,127.5,51000,7650,173880.000,57388.74446394000000000000000,95316.10743016000000000000000,152704.8518941000000000000000,48210.64810590000000000000000,122880.000,374795.50,261,0.15973072215422277,0,1,2,1,0,"2,1",0.5,0.5,0.0,130.5,0.0,62.5,0.5,0.5,0.0,148.0,0.0,1.0,2,0,0,0,0,0,0,0,2,2,0,0,1,1,0,0,0,0,0,0,0.0,2,129.5,2,1.0,2,130.5,2,23.0,2,2,1.0,1
817,818,4,2,2,0,0,0,2,2,2,0,0,2,1,3,0.11002444987775062,0.6896551724137931,0.023529411764705882,2550.0,255,127.5,51000,7650,173880.000,57388.74446394000000000000000,95316.10743016000000000000000,152704.8518941000000000000000,48210.64810590000000000000000,122880.000,374795.50,261,0.15953545232273839,0,1,2,1,0,"2,1",0.5,0.5,0.0,130.5,0.0,62.5,0.5,0.5,0.0,148.0,0.0,1.0,2,0,0,0,0,0,0,0,2,2,0,0,1,1,0,0,0,0,0,0,0.0,2,129.5,2,1.0,2,130.5,2,23.0,2,2,1.0,1
818,819,4,2,2,0,0,0,2,2,2,0,0,2,1,3,0.10989010989010989,0.6896551724137931,0.023529411764705882,2550.0,255,127.5,51000,7650,173880.000,57388.74446394000000000000000,95316.10743016000000000000000,152704.8518941000000000000000,48210.64810590000000000000000,122880.000,374795.50,261,0.15934065934065933,0,1,2,1,0,"2,1",0.5,0.5,0.0,130.5,0.0,62.5,0.5,0.5,0.0,148.0,0.0,1.0,2,0,0,0,0,0,0,0,2,2,0,0,1,1,0,0,0,0,0,0,0.0,2,129.5,2,1.0,2,130.5,2,23.0,2,2,1.0,1
819,820,4,2,2,0,0,0,2,2,2,0,0,2,1,3,0.10975609756097561,0.6896551724137931,0.023529411764705882,2550.0,255,127.5,51000,7650,173880.000,57388.74446394000000000000000,95316.10743016000000000000000,152704.8518941000000000000000,48210.64810590000000000000000,122880.000,374795.50,261,0.15914634146341464,0,1,2,1,0,"1,2",0.5,0.5,0.0,130.5,0.0,62.5,0.5,0.5,0.0,148.0,0.0,1.0,2,0,0,0,0,0,0,0,2,2,0,0,1,1,0,0,0,0,0,0,0.0,2,129.5,2,1.0,2,130.5,2,23.0,2,2,1.0,1
820,821,4,2,2,0,0,0,2,2,2,0,0,2,1,3,0.10962241169305724,0.6896551724137931,0.023529411764705882,2550.0,255,127.5,51000,7650,173880.000,57388.74446394000000000000000,95316.10743016000000000000000,152704.8518941000000000000000,48210.64810590000000000000000,122880.000,374795.50,261,0.15895249695493302,0,1,2,1,0,"2,1",0.5,0.5,0.0,130.5,0.0,62.5,0.5,0.5,0.0,148.0,0.0,1.0,2,0,0,0,0,0,0,0,2,2,0,0,1,1,0,0,0,0,0,0,0.0,2,129.5,2,1.0,2,130.5,2,23.0,2,2,1.0,1
821,822,4,2,2,0,0,0,2,2,2,0,0,2,1,3,0.10948905109489052,0.6896551724137931,0.023529411764705882,2550.0,255,127.5,51000,7650,173880.000,57388.74446394000000000000000,95316.10743016000000000000000,152704.8518941000000000000000,48210.64810590000000000000000,122880.000,374795.50,261,0.15875912408759124,0,1,2,1,0,"2,1",0.5,0.5,0.0,130.5,0.0,62.5,0.5,0.5,0.0,148.0,0.0,1.0,2,0,0,0,0,0,0,0,2,2,0,0,1,1,0,0,0,0,0,0,0.0,2,129.5,2,1.0,2,130.5,2,23.0,2,2,1.0,1
822,823,4,2,2,0,0,0,2,2,2,0,0,2,1,3,0.10935601458080195,0.6896551724137931,0.023529411764705882,2550.0,255,127.5,51000,7650,173880.000,57388.74446394000000000000000,95316.10743016000000000000000,152704.8518941000000000000000,48210.64810590000000000000000,122880.000,374795.50,261,0.15856622114216282,0,1,2,1,0,"2,1",0.5,0.5,0.0,130.5,0.0,62.5,0.5,0.5,0.0,148.0,0.0,1.0,2,0,0,0,0,0,0,0,2,2,0,0,1,1,0,0,0,0,0,0,0.0,2,129.5,2,1.0,2,130.5,2,23.0,2,2,1.0,1
823,824,4,2,2,0,0,0,2,2,2,0,0,2,1,3,0.1092233009708738,0.6896551724137931,0.023529411764705882,2550.0,255,127.5,51000,7650,173880.000,57388.74446394000000000000000,95316.10743016000000000000000,152704.8518941000000000000000,48210.64810590000000000000000,122880.000,374795.50,261,0.158373786407767,0,1,2,1,0,"2,1",0.5,0.5,0.0,130.5,0.0,62.5,0.5,0.5,0.0,148.0,0.0,1.0,2,0,0,0,0,0,0,0,2,2,0,0,1,1,0,0,0,0,0,0,0.0,2,129.5,2,1.0,2,130.5,2,23.0,2,2,1.0,1
824,825,4,2,2,0,0,0,2,2,2,0,0,2,1,3,0.10909090909090909,0.6896551724137931,0.023529411764705882,2550.0,255,127.5,51000,7650,173880.000,57388.74446394000000000000000,95316.10743016000000000000000,152704.8518941000000000000000,48210.64810590000000000000000,122880.000,374795.50,261,0.15818181818181817,0,1,2,1,0,"2,1",0.5,0.5,0.0,130.5,0.0,62.5,0.5,0.5,0.0,148.0,0.0,1.0,2,0,0,0,0,0,0,0,2,2,0,0,1,1,0,0,0,0,0,0,0.0,2,129.5,2,1.0,2,130.5,2,23.0,2,2,1.0,1
825,826,4,2,2,0,0,0,2,2,2,0,0,2,1,3,0.1089588377723971,0.6896551724137931,0.023529411764705882,2550.0,255,127.5,51000,7650,173880.000,57388.74446394000000000000000,95316.10743016000000000000000,152704.8518941000000000000000,48210.64810590000000000000000,122880.000,374795.50,261,0.1579903147699758,0,1,2,1,0,"1,2",0.5,0.5,0.0,130.5,0.0,62.5,0.5,0.5,0.0,148.0,0.0,1.0,2,0,0,0,0,0,0,0,2,2,0,0,1,1,0,0,0,0,0,0,0.0,2,129.5,2,1.0,2,130.5,2,23.0,2,2,1.0,1
826,827,4,2,2,0,0,0,2,2,2,0,0,2,1,3,0.10882708585247884,0.6896551724137931,0.023529411764705882,2550.0,255,127.5,51000,7650,173880.000,57388.74446394000000000000000,95316.10743016000000000000000,152704.8518941000000000000000,48210.64810590000000000000000,122880.000,374795.50,261,0.15779927448609432,0,1,2,1,0,"2,1",0.5,0.5,0.0,130.5,0.0,62.5,0.5,0.5,0.0,148.0,0.0,1.0,2,0,0,0,0,0,0,0,2,2,0,0,1,1,0,0,0,0,0,0,0.0,2,129.5,2,1.0,2,130.5,2,23.0,2,2,1.0,1
827,828,4,2,2,0,0,0,2,2,2,0,0,2,1,3,0.10869565217391304,0.6896551724137931,0.023529411764705882,2550.0,255,127.5,51000,7650,173880.000,57388.74446394000000000000000,95316.10743016000000000000000,152704.8518941000000000000000,48210.64810590000000000000000,122880.000,374795.50,261,0.15760869565217392,0,1,2,1,0,"2,1",0.5,0.5,0.0,130.5,0.0,62.5,0.5,0.5,0.0,148.0,0.0,1.0,2,0,0,0,0,0,0,0,2,2,0,0,1,1,0,0,0,0,0,0,0.0,2,129.5,2,1.0,2,130.5,2,23.0,2,2,1.0,1
828,829,4,2,2,0,0,0,2,2,2,0,0,2,1,3,0.10856453558504223,0.6896551724137931,0.023529411764705882,2550.0,255,127.5,51000,7650,173880.000,57388.74446394000000000000000,95316.10743016000000000000000,152704.8518941000000000000000,48210.64810590000000000000000,122880.000,374795.50,261,0.1574185765983112,0,1,2,1,0,"1,2",0.5,0.5,0.0,130.5,0.0,62.5,0.5,0.5,0.0,148.0,0.0,1.0,2,0,0,0,0,0,0,0,2,2,0,0,1,1,0,0,0,0,0,0,0.0,2,129.5,2,1.0,2,130.5,2,23.0,2,2,1.0,1
829,830,4,2,2,0,0,0,2,2,2,0,0,2,1,3,0.10843373493975904,0.6896551724137931,0.023529411764705882,2550.0,255,127.5,51000,7650,173880.000,57388.74446394000000000000000,95316.10743016000000000000000,152704.8518941000000000000000,48210.64810590000000000000000,122880.000,374795.50,261,0.1572289156626506,0,1,2,1,0,"1,2",0.5,0.5,0.0,130.5,0.0,62.5,0.5,0.5,0.0,148.0,0.0,1.0,2,0,0,0,0,0,0,0,2,2,0,0,1,1,0,0,0,0,0,0,0.0,2,129.5,2,1.0,2,130.5,2,23.0,2,2,1.0,1
830,831,4,2,2,0,0,0,2,2,2,0,0,2,1,3,0.10830324909747292,0.6896551724137931,0.023529411764705882,2550.0,255,127.5,51000,7650,173880.000,57388.74446394000000000000000,95316.10743016000000000000000,152704.8518941000000000000000,48210.64810590000000000000000,122880.000,374795.50,261,0.15703971119133575,0,1,2,1,0,"2,1",0.5,0.5,0.0,130.5,0.0,62.5,0.5,0.5,0.0,148.0,0.0,1.0,2,0,0,0,0,0,0,0,2,2,0,0,1,1,0,0,0,0,0,0,0.0,2,129.5,2,1.0,2,130.5,2,23.0,2,2,1.0,1
831,832,5,2,3,0,1,0,2,2,2,1,1,2,1,3,0.10817307692307691,0.6870229007633588,0.023529411764705882,2550.0,255,127.5,51000,7650,173880.000,57388.74446394000000000000000,95316.10743016000000000000000,152704.8518941000000000000000,48210.64810590000000000000000,122880.000,374795.50,262,0.15745192307692307,0,1,2,1,0,"1,2",0.4,0.4,0.2,130.5,0.0,62.5,0.3333333333333333,0.3333333333333333,0.3333333333333333,148.0,0.0,1.0,1,1,0,0,0,0,1,0,2,2,0,1,1,1,1,0,0,1,0,0,0.0,3,129.5,2,1.0,2,130.5,2,23.0,2,2,1.0,1
832,833,5,2,3,0,1,0,2,2,2,1,1,2,1,3,0.10804321728691477,0.6844106463878327,0.0234375,2560.0,256,128.0,51200,7680,173880.000,57388.74446394000000000000000,95316.10743016000000000000000,152704.8518941000000000000000,48210.64810590000000000000000,122680.000,374795.50,263,0.15786314525810324,0,1,2,1,0,"1,2",0.4,0.4,0.2,130.5,0.0,62.5,0.3333333333333333,0.3333333333333333,0.3333333333333333,148.0,0.0,1.0,1,1,0,0,0,0,1,0,2,2,0,1,1,1,1,0,0,1,0,0,0.0,3,129.5,2,1.0,2,130.5,2,23.0,2,2,1.0,1
833,834,5,2,3,0,1,0,2,2,2,1,1,2,1,3,0.1079136690647482,0.6818181818181818,0.023346303501945526,2570.0,257,128.5,51400,7710,173880.000,57388.74446394000000000000000,95316.10743016000000000000000,152704.8518941000000000000000,48210.64810590000000000000000,122480.000,374795.50,264,0.15827338129496402,0,1,2,1,0,"2,1",0.4,0.4,0.2,130.5,0.0,62.5,0.3333333333333333,0.3333333333333333,0.3333333333333333,148.0,0.0,1.0,1,1,0,0,0,0,1,0,2,2,0,1,1,1,1,0,0,1,0,0,0.0,3,129.5,2,1.0,2,130.5,2,23.0,2,2,1.0,1
834,835,5,2,3,0,1,0,2,2,2,1,1,2,1,3,0.10778443113772455,0.6792452830188679,0.023255813953488372,2580.0,258,129.0,51600,7740,173880.000,57388.74446394000000000000000,95316.10743016000000000000000,152704.8518941000000000000000,48210.64810590000000000000000,122280.000,374795.50,265,0.15868263473053892,0,1,2,1,0,"1,2",0.4,0.4,0.2,130.5,0.0,62.5,0.3333333333333333,0.3333333333333333,0.3333333333333333,148.0,0.0,1.0,1,1,0,0,0,0,1,0,2,2,0,1,1,1,1,0,0,1,0,0,0.0,3,129.5,2,1.0,2,130.5,2,23.0,2,2,1.0,1
835,836,5,2,3,0,1,0,2,2,2,1,1,2,1,3,0.10765550239234449,0.6766917293233082,0.023166023166023165,2590.0,259,129.5,51800,7770,173880.000,57388.74446394000000000000000,95316.10743016000000000000000,152704.8518941000000000000000,48210.64810590000000000000000,122080.000,374795.50,266,0.1590909090909091,0,1,2,1,0,"2,1",0.4,0.4,0.2,130.5,0.0,62.5,0.3333333333333333,0.3333333333333333,0.3333333333333333,148.0,0.0,1.0,1,1,0,0,0,0,1,0,2,2,0,1,1,1,1,0,0,1,0,0,0.0,3,129.5,2,1.0,2,130.5,2,23.0,2,2,1.0,1
836,837,5,2,3,0,1,0,2,2,2,1,1,2,1,3,0.10752688172043011,0.6741573033707865,0.023076923076923078,2600.0,260,130.0,52000,7800,173880.000,57388.74446394000000000000000,95316.10743016000000000000000,152704.8518941000000000000000,48210.64810590000000000000000,121880.000,374795.50,267,0.15949820788530467,0,1,2,1,0,"1,2",0.4,0.4,0.2,130.5,0.0,62.5,0.3333333333333333,0.3333333333333333,0.3333333333333333,148.0,0.0,1.0,1,1,0,0,0,0,1,0,2,2,0,1,1,1,1,0,0,1,0,0,0.0,3,129.5,2,1.0,2,130.5,2,23.0,2,2,1.0,1
837,838,5,2,3,0,1,0,2,2,2,1,1,2,1,3,0.10739856801909307,0.6716417910447761,0.022988505747126436,2610.0,261,130.5,52200,7830,173880.000,57388.74446394000000000000000,95316.10743016000000000000000,152704.8518941000000000000000,48210.64810590000000000000000,121680.000,374795.50,268,0.15990453460620524,0,1,2,1,0,"2,1",0.4,0.4,0.2,130.5,0.0,62.5,0.3333333333333333,0.3333333333333333,0.3333333333333333,148.0,0.0,1.0,1,1,0,0,0,0,1,0,2,2,0,1,1,1,1,0,0,1,0,0,0.0,3,129.5,2,1.0,2,130.5,2,23.0,2,2,1.0,1
838,839,5,2,3,0,1,0,2,2,2,1,1,2,1,3,0.10727056019070322,0.6691449814126395,0.022900763358778626,2620.0,262,131.0,52400,7860,173880.000,57388.74446394000000000000000,95316.10743016000000000000000,152704.8518941000000000000000,48210.64810590000000000000000,121480.000,374795.50,269,0.1603098927294398,0,1,2,1,0,"1,2",0.4,0.4,0.2,130.5,0.0,62.5,0.3333333333333333,0.3333333333333333,0.3333333333333333,148.0,0.0,1.0,1,1,0,0,0,0,1,0,2,2,0,1,1,1,1,0,0,1,0,0,0.0,3,129.5,2,1.0,2,130.5,2,23.0,2,2,1.0,1
839,840,5,2,3,0,1,0,2,2,2,1,1,2,1,3,0.10714285714285714,0.6666666666666666,0.022813688212927757,2630.0,263,131.5,52600,7890,173880.000,57388.74446394000000000000000,95316.10743016000000000000000,152704.8518941000000000000000,48210.64810590000000000000000,121280.000,374795.50,270,0.16071428571428573,0,1,2,1,0,"1,2",0.4,0.4,0.2,130.5,0.0,62.5,0.3333333333333333,0.3333333333333333,0.3333333333333333,148.0,0.0,1.0,1,1,0,0,0,0,1,0,2,2,0,1,1,1,1,0,0,1,0,0,0.0,3,129.5,2,1.0,2,130.5,2,23.0,2,2,1.0,1
840,841,5,2,3,0,1,0,2,2,2,1,1,2,1,3,0.1070154577883472,0.6642066420664207,0.022727272727272728,2640.0,264,132.0,52800,7920,173880.000,57388.74446394000000000000000,95316.10743016000000000000000,152704.8518941000000000000000,48210.64810590000000000000000,121080.000,374795.50,271,0.1611177170035672,0,1,2,1,0,"2,1",0.4,0.4,0.2,130.5,0.0,62.5,0.3333333333333333,0.3333333333333333,0.3333333333333333,148.0,0.0,1.0,1,1,0,0,0,0,1,0,2,2,0,1,1,1,1,0,0,1,0,0,0.0,3,129.5,2,1.0,2,130.5,2,23.0,2,2,1.0,1
841,842,5,2,3,0,1,0,2,2,2,1,1,2,1,3,0.10688836104513064,0.6617647058823529,0.022641509433962263,2650.0,265,132.5,53000,7950,173880.000,57388.74446394000000000000000,95316.10743016000000000000000,152704.8518941000000000000000,48210.64810590000000000000000,120880.000,374795.50,272,0.16152019002375298,0,1,2,1,0,"2,1",0.4,0.4,0.2,130.5,0.0,62.5,0.3333333333333333,0.3333333333333333,0.3333333333333333,148.0,0.0,1.0,1,1,0,0,0,0,1,0,2,2,0,1,1,1,1,0,0,1,0,0,0.0,3,129.5,2,1.0,2,130.5,2,23.0,2,2,1.0,1
842,843,5,2,3,0,1,0,2,2,2,1,1,2,1,3,0.10676156583629892,0.6593406593406593,0.022556390977443608,2660.0,266,133.0,53200,7980,173880.000,57388.74446394000000000000000,95316.10743016000000000000000,152704.8518941000000000000000,48210.64810590000000000000000,120680.000,374795.50,273,0.1619217081850534,0,1,2,1,0,"1,2",0.4,0.4,0.2,130.5,0.0,62.5,0.3333333333333333,0.3333333333333333,0.3333333333333333,148.0,0.0,1.0,1,1,0,0,0,0,1,0,2,2,0,1,1,1,1,0,0,1,0,0,0.0,3,129.5,2,1.0,2,130.5,2,23.0,2,2,1.0,1
843,844,5,2,3,0,1,0,2,2,2,1,1,2,1,3,0.1066350710900474,0.6569343065693432,0.02247191011235955,2670.0,267,133.5,53400,8010,173880.000,57388.74446394000000000000000,95316.10743016000000000000000,152704.8518941000000000000000,48210.64810590000000000000000,120480.000,374795.50,274,0.1623222748815166,0,1,2,1,0,"2,1",0.4,0.4,0.2,130.5,0.0,62.5,0.3333333333333333,0.3333333333333333,0.3333333333333333,148.0,0.0,1.0,1,1,0,0,0,0,0,1,2,2,0,1,1,1,1,0,0,1,0,0,0.0,3,129.5,2,1.0,2,130.5,2,23.0,2,2,1.0,1
844,845,5,2,3,0,1,0,2,2,2,1,1,2,1,3,0.10650887573964496,0.6545454545454545,0.022388059701492536,2680.0,268,134.0,53600,8040,173880.000,57388.74446394000000000000000,95316.10743016000000000000000,152704.8518941000000000000000,48210.64810590000000000000000,120280.000,374795.50,275,0.16272189349112426,0,1,2,1,0,"1,2",0.4,0.4,0.2,130.5,0.0,62.5,0.3333333333333333,0.3333333333333333,0.3333333333333333,148.0,0.0,1.0,1,1,0,0,0,0,0,1,2,2,0,1,1,1,1,0,0,1,0,0,0.0,3,129.5,2,1.0,2,130.5,2,23.0,2,2,1.0,1
845,846,5,2,3,0,1,0,2,2,2,1,1,2,1,3,0.10638297872340426,0.6521739130434783,0.022304832713754646,2690.0,269,134.5,53800,8070,173880.000,57388.74446394000000000000000,95316.10743016000000000000000,152704.8518941000000000000000,48210.64810590000000000000000,120080.000,374795.50,276,0.16312056737588654,0,1,2,1,0,"1,2",0.4,0.4,0.2,130.5,0.0,62.5,0.3333333333333333,0.3333333333333333,0.3333333333333333,148.0,0.0,1.0,1,1,0,0,0,0,0,1,2,2,0,1,1,1,1,0,0,1,0,0,0.0,3,129.5,2,1.0,2,130.5,2,23.0,2,2,1.0,1
846,847,5,2,3,0,1,0,2,2,2,1,1,2,1,3,0.10625737898465171,0.6498194945848376,0.022222222222222223,2700.0,270,135.0,54000,8100,173880.000,57388.74446394000000000000000,95316.10743016000000000000000,152704.8518941000000000000000,48210.64810590000000000000000,119880.000,374795.50,277,0.16351829988193625,0,1,2,1,0,"2,1",0.4,0.4,0.2,130.5,0.0,62.5,0.3333333333333333,0.3333333333333333,0.3333333333333333,148.0,0.0,1.0,1,1,0,0,0,0,0,1,2,2,0,1,1,1,1,0,0,1,0,0,0.0,3,129.5,2,1.0,2,130.5,2,23.0,2,2,1.0,1
847,848,5,2,3,0,1,0,2,2,2,1,1,2,1,3,0.10613207547169812,0.6474820143884892,0.02214022140221402,2710.0,271,135.5,54200,8130,173880.000,57388.74446394000000000000000,95316.10743016000000000000000,152704.8518941000000000000000,48210.64810590000000000000000,119680.000,374795.50,278,0.16391509433962265,0,1,2,1,0,"1,2",0.4,0.4,0.2,130.5,0.0,62.5,0.3333333333333333,0.3333333333333333,0.3333333333333333,148.0,0.0,1.0,1,1,0,0,0,0,0,1,2,2,0,1,1,1,1,0,0,1,0,0,0.0,3,129.5,2,1.0,2,130.5,2,23.0,2,2,1.0,1
848,849,5,2,3,0,1,0,2,2,2,1,1,2,1,3,0.10600706713780919,0.6451612903225806,0.022058823529411766,2720.0,272,136.0,54400,8160,173880.000,57388.74446394000000000000000,95316.10743016000000000000000,152704.8518941000000000000000,48210.64810590000000000000000,119480.000,374795.50,279,0.16431095406360424,0,1,2,1,0,"2,1",0.4,0.4,0.2,130.5,0.0,62.5,0.3333333333333333,0.3333333333333333,0.3333333333333333,148.0,0.0,1.0,1,1,0,0,0,0,0,1,2,2,0,1,1,1,1,0,0,1,0,0,0.0,3,129.5,2,1.0,2,130.5,2,23.0,2,2,1.0,1
849,850,5,2,3,0,1,0,2,2,2,1,1,2,1,3,0.10588235294117647,0.6428571428571428,0.02197802197802198,2730.0,273,136.5,54600,8190,173880.000,57388.74446394000000000000000,95316.10743016000000000000000,152704.8518941000000000000000,48210.64810590000000000000000,119280.000,374795.50,280,0.16470588235294117,0,1,2,1,0,"2,1",0.4,0.4,0.2,130.5,0.0,62.5,0.3333333333333333,0.3333333333333333,0.3333333333333333,148.0,0.0,1.0,1,1,0,0,0,0,0,1,2,2,0,1,1,1,1,0,0,1,0,0,0.0,3,129.5,2,1.0,2,130.5,2,23.0,2,2,1.0,1
850,851,5,2,3,0,1,0,2,2,2,1,1,2,1,3,0.10575793184488837,0.6405693950177935,0.021897810218978103,2740.0,274,137.0,54800,8220,173880.000,57388.74446394000000000000000,95316.10743016000000000000000,152704.8518941000000000000000,48210.64810590000000000000000,119080.000,374795.50,281,0.16509988249118684,0,1,2,1,0,"1,2",0.4,0.4,0.2,130.5,0.0,62.5,0.3333333333333333,0.3333333333333333,0.3333333333333333,148.0,0.0,1.0,1,1,0,0,0,0,0,1,2,2,0,1,1,1,1,0,0,1,0,0,0.0,3,129.5,2,1.0,2,130.5,2,23.0,2,2,1.0,1
851,852,5,2,3,0,1,0,2,2,2,1,1,2,1,3,0.10563380281690142,0.6382978723404255,0.02181818181818182,2750.0,275,137.5,55000,8250,173880.000,57388.74446394000000000000000,95316.10743016000000000000000,152704.8518941000000000000000,48210.64810590000000000000000,118880.000,374795.50,282,0.16549295774647887,0,1,2,1,0,"1,2",0.4,0.4,0.2,130.5,0.0,62.5,0.3333333333333333,0.3333333333333333,0.3333333333333333,148.0,0.0,1.0,1,1,0,0,0,0,0,1,2,2,0,1,1,1,1,0,0,1,0,0,0.0,3,129.5,2,1.0,2,130.5,2,23.0,2,2,1.0,1
852,853,5,2,3,0,1,0,2,2,2,1,1,2,1,3,0.10550996483001172,0.6360424028268551,0.021739130434782608,2760.0,276,138.0,55200,8280,173880.000,57388.74446394000000000000000,95316.10743016000000000000000,152704.8518941000000000000000,48210.64810590000000000000000,118680.000,374795.50,283,0.16588511137162953,0,1,2,1,0,"2,1",0.4,0.4,0.2,130.5,0.0,62.5,0.3333333333333333,0.3333333333333333,0.3333333333333333,148.0,0.0,1.0,1,1,0,0,0,0,0,1,2,2,0,1,1,1,1,0,0,1,0,0,0.0,3,129.5,2,1.0,2,130.5,2,23.0,2,2,1.0,1
853,854,5,2,3,0,1,0,2,2,2,1,1,2,1,3,0.1053864168618267,0.6338028169014085,0.021660649819494584,2770.0,277,138.5,55400,8310,173880.000,57388.74446394000000000000000,95316.10743016000000000000000,152704.8518941000000000000000,48210.64810590000000000000000,118480.000,374795.50,284,0.16627634660421545,0,1,2,1,0,"2,1",0.4,0.4,0.2,130.5,0.0,62.5,0.3333333333333333,0.3333333333333333,0.3333333333333333,148.0,0.0,1.0,1,1,0,0,0,0,0,1,2,2,0,1,1,1,1,0,0,1,0,0,0.0,3,129.5,2,1.0,2,130.5,2,23.0,2,2,1.0,1
854,855,5,2,3,0,1,0,2,2,2,1,1,2,1,3,0.10526315789473684,0.631578947368421,0.02158273381294964,2780.0,278,139.0,55600,8340,173880.000,57388.74446394000000000000000,95316.10743016000000000000000,152704.8518941000000000000000,48210.64810590000000000000000,118280.000,374795.50,285,0.16666666666666666,0,1,2,1,0,"1,2",0.4,0.4,0.2,130.5,0.0,62.5,0.3333333333333333,0.3333333333333333,0.3333333333333333,148.0,0.0,1.0,1,1,0,0,0,0,0,1,2,2,0,1,1,1,1,0,0,1,0,0,0.0,3,129.5,2,1.0,2,130.5,2,23.0,2,2,1.0,1
855,856,5,2,3,0,1,0,2,2,2,1,1,2,1,3,0.10514018691588785,0.6293706293706294,0.021505376344086023,2790.0,279,139.5,55800,8370,173880.000,57388.74446394000000000000000,95316.10743016000000000000000,152704.8518941000000000000000,48210.64810590000000000000000,118080.000,374795.50,286,0.16705607476635514,0,1,2,1,0,"1,2",0.4,0.4,0.2,130.5,0.0,62.5,0.3333333333333333,0.3333333333333333,0.3333333333333333,148.0,0.0,1.0,1,1,0,0,0,0,0,1,2,2,0,1,1,1,1,0,0,1,0,0,0.0,3,129.5,2,1.0,2,130.5,2,23.0,2,2,1.0,1
856,857,5,2,3,0,1,0,2,2,2,1,1,2,1,3,0.10501750291715287,0.6271777003484321,0.02142857142857143,2800.0,280,140.0,56000,8400,173880.000,57388.74446394000000000000000,95316.10743016000000000000000,152704.8518941000000000000000,48210.64810590000000000000000,117880.000,374795.50,287,0.1674445740956826,0,1,2,1,0,"2,1",0.4,0.4,0.2,130.5,0.0,62.5,0.3333333333333333,0.3333333333333333,0.3333333333333333,148.0,0.0,1.0,1,0,1,0,0,0,0,1,2,2,0,1,1,1,1,0,0,1,0,0,0.0,3,129.5,2,1.0,2,130.5,2,23.0,2,2,1.0,1
857,858,5,2,3,0,1,0,2,2,2,1,1,2,1,3,0.1048951048951049,0.625,0.02142857142857143,2800.0,280,140.0,56000,8400,173880.000,57388.74446394000000000000000,95316.10743016000000000000000,152704.8518941000000000000000,48210.64810590000000000000000,117880.000,374795.50,288,0.16783216783216784,0,1,2,1,0,"2,1",0.4,0.4,0.2,130.5,0.0,62.5,0.3333333333333333,0.3333333333333333,0.3333333333333333,148.0,0.0,0.5,1,0,0,1,0,0,0,1,2,2,0,0,2,1,1,0,0,0,0,0,0.0,3,129.5,2,1.0,2,130.5,2,23.0,2,2,0.5,2
858,859,5,2,3,0,1,0,2,2,2,1,1,2,1,3,0.10477299185098952,0.6228373702422145,0.021352313167259787,2810.0,281,140.5,56200,8430,173880.000,57388.74446394000000000000000,95316.10743016000000000000000,152704.8518941000000000000000,48210.64810590000000000000000,117680.000,374795.50,289,0.16821885913853318,0,1,2,1,0,"2,1",0.4,0.4,0.2,130.5,0.0,62.5,0.3333333333333333,0.3333333333333333,0.3333333333333333,148.0,0.0,0.5,1,0,0,1,0,0,0,1,2,2,0,0,2,1,1,0,0,0,0,0,0.0,3,129.5,2,1.0,2,130.5,2,23.0,2,2,0.5,2
859,860,5,2,3,0,1,0,2,2,2,1,1,2,1,3,0.10465116279069767,0.6206896551724138,0.02127659574468085,2820.0,282,141.0,56400,8460,173880.000,57388.74446394000000000000000,95316.10743016000000000000000,152704.8518941000000000000000,48210.64810590000000000000000,117480.000,374795.50,290,0.1686046511627907,0,1,2,1,0,"2,1",0.4,0.4,0.2,130.5,0.0,62.5,0.3333333333333333,0.3333333333333333,0.3333333333333333,148.0,0.0,0.5,1,0,0,1,0,0,0,1,2,2,0,0,2,1,1,0,0,0,0,0,0.0,3,129.5,2,1.0,2,130.5,2,23.0,2,2,0.5,2
860,861,5,2,3,0,1,0,2,2,2,1,1,2,1,3,0.10452961672473868,0.6185567010309279,0.02120141342756184,2830.0,283,141.5,56600,8490,173880.000,57388.74446394000000000000000,95316.10743016000000000000000,152704.8518941000000000000000,48210.64810590000000000000000,117280.000,374795.50,291,0.16898954703832753,0,1,2,1,0,"2,1",0.4,0.4,0.2,130.5,0.0,62.5,0.3333333333333333,0.3333333333333333,0.3333333333333333,148.0,0.0,0.5,1,0,0,1,0,0,0,1,2,2,0,0,2,1,1,0,0,0,0,0,0.0,3,129.5,2,1.0,2,130.5,2,23.0,2,2,0.5,2
861,862,5,2,3,0,1,0,2,2,2,1,1,2,1,3,0.10440835266821345,0.6164383561643836,0.02112676056338028,2840.0,284,142.0,56800,8520,173880.000,57388.74446394000000000000000,95316.10743016000000000000000,152704.8518941000000000000000,48210.64810590000000000000000,117080.000,374795.50,292,0.16937354988399073,0,1,2,1,0,"1,2",0.4,0.4,0.2,130.5,0.0,62.5,0.3333333333333333,0.3333333333333333,0.3333333333333333,148.0,0.0,0.5,1,0,0,1,0,0,0,1,2,2,0,0,2,1,1,0,0,0,0,0,0.0,3,129.5,2,1.0,2,130.5,2,23.0,2,2,0.5,2
862,863,5,2,3,0,1,0,2,2,2,1,1,2,1,3,0.10428736964078796,0.614334470989761,0.021052631578947368,2850.0,285,142.5,57000,8550,173880.000,57388.74446394000000000000000,95316.10743016000000000000000,152704.8518941000000000000000,48210.64810590000000000000000,116880.000,374795.50,293,0.16975666280417148,0,1,2,1,0,"1,2",0.4,0.4,0.2,130.5,0.0,62.5,0.3333333333333333,0.3333333333333333,0.3333333333333333,148.0,0.0,0.5,1,0,0,1,0,0,0,1,2,2,0,0,2,1,1,0,0,0,0,0,0.0,3,129.5,2,1.0,2,130.5,2,23.0,2,2,0.5,2
863,864,5,2,3,0,1,0,2,2,2,1,1,2,1,3,0.10416666666666666,0.6122448979591836,0.02097902097902098,2860.0,286,143.0,57200,8580,173880.000,57388.74446394000000000000000,95316.10743016000000000000000,152704.8518941000000000000000,48210.64810590000000000000000,116680.000,374795.50,294,0.1701388888888889,0,1,2,1,0,"1,2",0.4,0.4,0.2,130.5,0.0,62.5,0.3333333333333333,0.3333333333333333,0.3333333333333333,148.0,0.0,0.5,1,0,0,1,0,0,0,1,2,2,0,0,2,1,1,0,0,0,0,0,0.0,3,129.5,2,1.0,2,130.5,2,23.0,2,2,0.5,2
864,865,5,2,3,0,1,0,2,2,2,1,1,2,1,3,0.10404624277456648,0.6101694915254237,0.020905923344947737,2870.0,287,143.5,57400,8610,173880.000,57388.74446394000000000000000,95316.10743016000000000000000,152704.8518941000000000000000,48210.64810590000000000000000,116480.000,374795.50,295,0.17052023121387283,0,1,2,1,0,"1,2",0.4,0.4,0.2,130.5,0.0,62.5,0.3333333333333333,0.3333333333333333,0.3333333333333333,148.0,0.0,0.5,1,0,0,1,0,0,0,1,2,2,0,0,2,1,1,0,0,0,0,0,0.0,3,129.5,2,1.0,2,130.5,2,23.0,2,2,0.5,2
865,866,5,2,3,0,1,0,2,2,2,1,1,2,1,3,0.10392609699769052,0.6081081081081081,0.020833333333333332,2880.0,288,144.0,57600,8640,173880.000,57388.74446394000000000000000,95316.10743016000000000000000,152704.8518941000000000000000,48210.64810590000000000000000,116280.000,374795.50,296,0.17090069284064666,0,1,2,1,0,"1,2",0.4,0.4,0.2,130.5,0.0,62.5,0.3333333333333333,0.3333333333333333,0.3333333333333333,148.0,0.0,0.5,1,0,0,1,0,0,0,1,2,2,0,0,2,1,1,0,0,0,0,0,0.0,3,129.5,2,1.0,2,130.5,2,23.0,2,2,0.5,2
866,867,5,2,3,0,1,0,2,2,2,1,1,2,1,3,0.10380622837370243,0.6060606060606061,0.020761245674740483,2890.0,289,144.5,57800,8670,173880.000,57388.74446394000000000000000,95316.10743016000000000000000,152704.8518941000000000000000,48210.64810590000000000000000,116080.000,374795.50,297,0.17128027681660898,0,1,2,1,0,"1,2",0.4,0.4,0.2,130.5,0.0,62.5,0.3333333333333333,0.3333333333333333,0.3333333333333333,148.0,0.0,0.5,1,0,0,1,0,0,0,1,2,2,0,0,2,1,1,0,0,0,0,0,0.0,3,129.5,2,1.0,2,130.5,2,23.0,2,2,0.5,2
867,868,5,2,3,0,1,0,2,2,2,1,1,2,1,3,0.10368663594470046,0.6040268456375839,0.020689655172413793,2900.0,290,145.0,58000,8700,173880.000,57388.74446394000000000000000,95316.10743016000000000000000,152704.8518941000000000000000,48210.64810590000000000000000,115880.000,374795.50,298,0.1716589861751152,0,1,2,1,0,"2,1",0.4,0.4,0.2,130.5,0.0,62.5,0.3333333333333333,0.3333333333333333,0.3333333333333333,148.0,0.0,0.5,1,0,0,1,0,0,0,1,2,2,0,0,2,1,1,0,0,0,0,0,0.0,3,129.5,2,1.0,2,130.5,2,23.0,2,2,0.5,2
868,869,5,2,3,0,1,0,2,2,2,1,1,2,1,3,0.10356731875719218,0.6020066889632107,0.020618556701030927,2910.0,291,145.5,58200,8730,173880.000,57388.74446394000000000000000,95316.10743016000000000000000,152704.8518941000000000000000,48210.64810590000000000000000,115680.000,374795.50,299,0.1720368239355581,0,1,2,1,0,"1,2",0.4,0.4,0.2,130.5,0.0,62.5,0.3333333333333333,0.3333333333333333,0.3333333333333333,148.0,0.0,0.5,1,0,0,1,0,0,0,1,2,2,0,0,2,1,1,0,0,0,0,0,0.0,3,129.5,2,1.0,2,130.5,2,23.0,2,2,0.5,2
869,870,5,2,3,0,1,0,2,2,2,1,1,2,1,3,0.10344827586206896,0.6,0.02054794520547945,2920.0,292,146.0,58400,8760,173880.000,57388.74446394000000000000000,95316.10743016000000000000000,152704.8518941000000000000000,48210.64810590000000000000000,115480.000,374795.50,300,0.1724137931034483,0,1,2,1,0,"1,2",0.4,0.4,0.2,130.5,0.0,62.5,0.3333333333333333,0.3333333333333333,0.3333333333333333,148.0,0.0,0.5,1,0,0,1,0,0,0,1,2,2,0,0,2,1,1,0,0,0,0,0,0.0,3,129.5,2,1.0,2,130.5,2,23.0,2,2,0.5,2
870,871,5,2,3,0,1,0,2,2,2,1,1,2,1,3,0.10332950631458093,0.5980066445182725,0.020477815699658702,2930.0,293,146.5,58600,8790,173880.000,57388.74446394000000000000000,95316.10743016000000000000000,152704.8518941000000000000000,48210.64810590000000000000000,115280.000,374795.50,301,0.1727898966704937,0,1,2,1,0,"2,1",0.4,0.4,0.2,130.5,0.0,62.5,0.3333333333333333,0.3333333333333333,0.3333333333333333,148.0,0.0,0.5,1,0,0,1,0,0,0,1,2,2,0,0,2,1,1,0,0,0,0,0,0.0,3,129.5,2,1.0,2,130.5,2,23.0,2,2,0.5,2
871,872,5,2,3,0,1,0,2,2,2,1,1,2,1,3,0.10321100917431193,0.5960264900662252,0.02040816326530612,2940.0,294,147.0,58800,8820,173880.000,57388.74446394000000000000000,95316.10743016000000000000000,152704.8518941000000000000000,48210.64810590000000000000000,115080.000,374795.50,302,0.1731651376146789,0,1,2,1,0,"2,1",0.4,0.4,0.2,130.5,0.0,62.5,0.3333333333333333,0.3333333333333333,0.3333333333333333,148.0,0.0,0.5,1,0,0,1,0,0,0,1,2,2,0,0,2,1,1,0,0,0,0,0,0.0,3,129.5,2,1.0,2,130.5,2,23.0,2,2,0.5,2
872,873,5,2,3,0,1,0,2,2,2,1,1,2,1,3,0.10309278350515463,0.594059405940594,0.020338983050847456,2950.0,295,147.5,59000,8850,173880.000,57388.74446394000000000000000,95316.10743016000000000000000,152704.8518941000000000000000,48210.64810590000000000000000,114880.000,374795.50,303,0.17353951890034364,0,1,2,1,0,"2,1",0.4,0.4,0.2,130.5,0.0,62.5,0.3333333333333333,0.3333333333333333,0.3333333333333333,148.0,0.0,0.5,1,0,0,1,0,0,0,1,2,2,0,0,2,1,1,0,0,0,0,0,0.0,3,129.5,2,1.0,2,130.5,2,23.0,2,2,0.5,2
873,874,5,2,3,0,1,0,2,2,2,1,1,2,1,3,0.10297482837528604,0.5921052631578948,0.02027027027027027,2960.0,296,148.0,59200,8880,173880.000,57388.74446394000000000000000,95316.10743016000000000000000,152704.8518941000000000000000,48210.64810590000000000000000,114680.000,374795.50,304,0.17391304347826086,0,1,2,1,0,"2,1",0.4,0.4,0.2,130.5,0.0,62.5,0.3333333333333333,0.3333333333333333,0.3333333333333333,148.0,0.0,0.5,1,0,0,1,0,0,0,1,2,2,0,0,2,1,1,0,0,0,0,0,0.0,3,129.5,2,1.0,2,130.5,2,23.0,2,2,0.5,2
874,875,5,2,3,0,1,0,2,2,2,1,1,2,1,3,0.10285714285714286,0.5901639344262295,0.020202020202020204,2970.0,297,148.5,59400,8910,173880.000,57388.74446394000000000000000,95316.10743016000000000000000,152704.8518941000000000000000,48210.64810590000000000000000,114480.000,374795.50,305,0.1742857142857143,0,1,2,1,0,"2,1",0.4,0.4,0.2,130.5,0.0,62.5,0.3333333333333333,0.3333333333333333,0.3333333333333333,148.0,0.0,0.5,1,0,0,1,0,0,0,1,2,2,0,0,2,1,1,0,0,0,0,0,0.0,3,129.5,2,1.0,2,130.5,2,23.0,2,2,0.5,2
875,876,5,2,3,0,1,0,2,2,2,1,1,2,1,3,0.10273972602739727,0.5882352941176471,0.020134228187919462,2980.0,298,149.0,59600,8940,173880.000,57388.74446394000000000000000,95316.10743016000000000000000,152704.8518941000000000000000,48210.64810590000000000000000,114280.000,374795.50,306,0.17465753424657535,0,1,2,1,0,"2,1",0.4,0.4,0.2,130.5,0.0,62.5,0.3333333333333333,0.3333333333333333,0.3333333333333333,148.0,0.0,0.5,1,0,0,1,0,0,0,1,2,2,0,0,2,1,1,0,0,0,0,0,0.0,3,129.5,2,1.0,2,130.5,2,23.0,2,2,0.5,2
876,877,5,2,3,0,1,0,2,2,2,1,1,2,1,3,0.10262257696693272,0.5863192182410424,0.020066889632107024,2990.0,299,149.5,59800,8970,173880.000,57388.74446394000000000000000,95316.10743016000000000000000,152704.8518941000000000000000,48210.64810590000000000000000,114080.000,374795.50,307,0.1750285062713797,0,1,2,1,0,"1,2",0.4,0.4,0.2,130.5,0.0,62.5,0.3333333333333333,0.3333333333333333,0.3333333333333333,148.0,0.0,0.5,1,0,0,1,0,0,0,1,2,2,0,0,2,1,1,0,0,0,0,0,0.0,3,129.5,2,1.0,2,130.5,2,23.0,2,2,0.5,2
877,878,5,2,3,0,1,0,2,2,2,1,1,2,1,3,0.10250569476082005,0.5844155844155844,0.02,3000.0,300,150.0,60000,9000,173880.000,57388.74446394000000000000000,95316.10743016000000000000000,152704.8518941000000000000000,48210.64810590000000000000000,113880.000,374795.50,308,0.17539863325740318,0,1,2,1,0,"2,1",0.4,0.4,0.2,130.5,0.0,62.5,0.3333333333333333,0.3333333333333333,0.3333333333333333,148.0,0.0,0.5,1,0,0,1,0,0,0,1,2,2,0,0,2,1,1,0,0,0,0,0,0.0,3,129.5,2,1.0,2,130.5,2,23.0,2,2,0.5,2
878,879,5,2,3,0,1,0,2,2,2,1,1,2,1,3,0.10238907849829351,0.5825242718446602,0.019933554817275746,3010.0,301,150.5,60200,9030,173880.000,57388.74446394000000000000000,95316.10743016000000000000000,152704.8518941000000000000000,48210.64810590000000000000000,113680.000,374795.50,309,0.1757679180887372,0,1,2,1,0,"1,2",0.4,0.4,0.2,130.5,0.0,62.5,0.3333333333333333,0.3333333333333333,0.3333333333333333,148.0,0.0,0.5,1,0,0,1,0,0,0,1,2,2,0,0,2,1,1,0,0,0,0,0,0.0,3,129.5,2,1.0,2,130.5,2,23.0,2,2,0.5,2
879,880,5,2,3,0,1,0,2,2,2,1,1,2,1,3,0.10227272727272728,0.5806451612903225,0.019867549668874173,3020.0,302,151.0,60400,9060,173880.000,57388.74446394000000000000000,95316.10743016000000000000000,152704.8518941000000000000000,48210.64810590000000000000000,113480.000,374795.50,310,0.17613636363636365,0,1,2,1,0,"2,1",0.4,0.4,0.2,130.5,0.0,62.5,0.3333333333333333,0.3333333333333333,0.3333333333333333,148.0,0.0,0.5,1,0,0,1,0,0,0,1,2,2,0,0,2,1,1,0,0,0,0,0,0.0,3,129.5,2,1.0,2,130.5,2,23.0,2,2,0.5,2
880,881,6,2,4,0,2,0,2,2,2,2,2,2,1,3,0.1021566401816118,0.5769230769230769,0.019801980198019802,3030.0,303,151.5,60600,9090,173880.000,57388.74446394000000000000000,95316.10743016000000000000000,152704.8518941000000000000000,48210.64810590000000000000000,113280.000,374795.50,312,0.17707150964812712,0,1,2,1,0,"2,1",0.3333333333333333,0.3333333333333333,0.3333333333333333,130.5,0.0,62.5,0.25,0.25,0.5,148.0,0.0,0.5,0,1,0,1,0,0,1,1,2,2,0,1,2,1,2,0,0,1,0,0,0.0,4,129.5,2,1.0,2,130.5,2,23.0,2,2,0.5,2
881,882,6,2,4,0,2,0,2,2,2,2,2,2,1,3,0.10204081632653061,0.5732484076433121,0.019672131147540985,3050.0,305,152.5,61000,9150,173880.000,57388.74446394000000000000000,95316.10743016000000000000000,152704.8518941000000000000000,48210.64810590000000000000000,112880.000,374795.50,314,0.17800453514739228,0,1,2,1,0,"1,2",0.3333333333333333,0.3333333333333333,0.3333333333333333,130.5,0.0,62.5,0.25,0.25,0.5,148.0,0.0,0.5,0,1,0,1,0,0,1,1,2,2,0,1,2,1,2,0,0,1,0,0,0.0,4,129.5,2,1.0,2,130.5,2,23.0,2,2,0.5,2
882,883,6,2,4,0,2,0,2,2,2,2,2,2,1,3,0.10192525481313704,0.569620253164557,0.019543973941368076,3070.0,307,153.5,61400,9210,173880.000,57388.74446394000000000000000,95316.10743016000000000000000,152704.8518941000000000000000,48210.64810590000000000000000,112480.000,374795.50,316,0.17893544733861835,0,1,2,1,0,"1,2",0.3333333333333333,0.3333333333333333,0.3333333333333333,130.5,0.0,62.5,0.25,0.25,0.5,148.0,0.0,0.5,0,1,0,1,0,0,1,1,2,2,0,1,2,1,2,0,0,1,0,0,0.0,4,129.5,2,1.0,2,130.5,2,23.0,2,2,0.5,2
883,884,6,2,4,0,2,0,2,2,2,2,2,2,1,3,0.10180995475113122,0.5660377358490566,0.019417475728155338,3090.0,309,154.5,61800,9270,173880.000,57388.74446394000000000000000,95316.10743016000000000000000,152704.8518941000000000000000,48210.64810590000000000000000,112080.000,374795.50,318,0.17986425339366516,0,1,2,1,0,"1,2",0.3333333333333333,0.3333333333333333,0.3333333333333333,130.5,0.0,62.5,0.25,0.25,0.5,148.0,0.0,0.5,0,1,0,1,0,0,1,1,2,2,0,1,2,1,2,0,0,1,0,0,0.0,4,129.5,2,1.0,2,130.5,2,23.0,2,2,0.5,2
884,885,6,2,4,0,2,0,2,2,2,2,2,2,1,3,0.1016949152542373,0.5625,0.01929260450160772,3110.0,311,155.5,62200,9330,173880.000,57388.74446394000000000000000,95316.10743016000000000000000,152704.8518941000000000000000,48210.64810590000000000000000,111680.000,374795.50,320,0.1807909604519774,0,1,2,1,0,"2,1",0.3333333333333333,0.3333333333333333,0.3333333333333333,130.5,0.0,62.5,0.25,0.25,0.5,148.0,0.0,0.5,0,1,0,1,0,0,1,1,2,2,0,1,2,1,2,0,0,1,0,0,0.0,4,129.5,2,1.0,2,130.5,2,23.0,2,2,0.5,2
885,886,6,2,4,0,2,0,2,2,2,2,2,2,1,3,0.10158013544018057,0.5590062111801243,0.019169329073482427,3130.0,313,156.5,62600,9390,173880.000,57388.74446394000000000000000,95316.10743016000000000000000,152704.8518941000000000000000,48210.64810590000000000000000,111280.000,374795.50,322,0.18171557562076748,0,1,2,1,0,"1,2",0.3333333333333333,0.3333333333333333,0.3333333333333333,130.5,0.0,62.5,0.25,0.25,0.5,148.0,0.0,0.5,0,1,0,1,0,0,1,1,2,2,0,1,2,1,2,0,0,1,0,0,0.0,4,129.5,2,1.0,2,130.5,2,23.0,2,2,0.5,2
886,887,6,2,4,0,2,0,2,2,2,2,2,2,1,3,0.10146561443066517,0.5555555555555555,0.01904761904761905,3150.0,315,157.5,63000,9450,173880.000,57388.74446394000000000000000,95316.10743016000000000000000,152704.8518941000000000000000,48210.64810590000000000000000,110880.000,374795.50,324,0.1826381059751973,0,1,2,1,0,"1,2",0.3333333333333333,0.3333333333333333,0.3333333333333333,130.5,0.0,62.5,0.25,0.25,0.5,148.0,0.0,0.5,0,1,0,1,0,0,1,1,2,2,0,1,2,1,2,0,0,1,0,0,0.0,4,129.5,2,1.0,2,130.5,2,23.0,2,2,0.5,2
887,888,6,2,4,0,2,0,2,2,2,2,2,2,1,3,0.10135135135135134,0.5521472392638036,0.01892744479495268,3170.0,317,158.5,63400,9510,173880.000,57388.74446394000000000000000,95316.10743016000000000000000,152704.8518941000000000000000,48210.64810590000000000000000,110480.000,374795.50,326,0.18355855855855857,0,1,2,1,0,"1,2",0.3333333333333333,0.3333333333333333,0.3333333333333333,130.5,0.0,62.5,0.25,0.25,0.5,148.0,0.0,0.5,0,1,0,1,0,0,1,1,2,2,0,1,2,1,2,0,0,1,0,0,0.0,4,129.5,2,1.0,2,130.5,2,23.0,2,2,0.5,2
888,889,6,2,4,0,2,0,2,2,2,2,2,2,1,3,0.10123734533183353,0.5487804878048781,0.018808777429467086,3190.0,319,159.5,63800,9570,173880.000,57388.74446394000000000000000,95316.10743016000000000000000,152704.8518941000000000000000,48210.64810590000000000000000,110080.000,374795.50,328,0.1844769403824522,0,1,2,1,0,"2,1",0.3333333333333333,0.3333333333333333,0.3333333333333333,130.5,0.0,62.5,0.25,0.25,0.5,148.0,0.0,0.5,0,1,0,1,0,0,1,1,2,2,0,1,2,1,2,0,0,1,0,0,0.0,4,129.5,2,1.0,2,130.5,2,23.0,2,2,0.5,2
889,890,6,2,4,0,2,0,2,2,2,2,2,2,1,3,0.10112359550561797,0.5454545454545454,0.018691588785046728,3210.0,321,160.5,64200,9630,173880.000,57388.74446394000000000000000,95316.10743016000000000000000,152704.8518941000000000000000,48210.64810590000000000000000,109680.000,374795.50,330,0.1853932584269663,0,1,2,1,0,"2,1",0.3333333333333333,0.3333333333333333,0.3333333333333333,130.5,0.0,62.5,0.25,0.25,0.5,148.0,0.0,0.5,0,1,0,1,0,0,1,1,2,2,0,1,2,1,2,0,0,1,0,0,0.0,4,129.5,2,1.0,2,130.5,2,23.0,2,2,0.5,2
890,891,6,2,4,0,2,0,2,2,2,2,2,2,1,3,0.10101010101010101,0.5421686746987951,0.018575851393188854,3230.0,323,161.5,64600,9690,173880.000,57388.74446394000000000000000,95316.10743016000000000000000,152704.8518941000000000000000,48210.64810590000000000000000,109280.000,374795.50,332,0.186307519640853,0,1,2,1,0,"1,2",0.3333333333333333,0.3333333333333333,0.3333333333333333,130.5,0.0,62.5,0.25,0.25,0.5,148.0,0.0,0.5,0,1,0,1,0,0,1,1,2,2,0,1,2,1,2,0,0,1,0,0,0.0,4,129.5,2,1.0,2,130.5,2,23.0,2,2,0.5,2
891,892,6,2,4,0,2,0,2,2,2,2,2,2,1,3,0.10089686098654709,0.5389221556886228,0.018461538461538463,3250.0,325,162.5,65000,9750,173880.000,57388.74446394000000000000000,95316.10743016000000000000000,152704.8518941000000000000000,48210.64810590000000000000000,108880.000,374795.50,334,0.18721973094170405,0,1,2,1,0,"2,1",0.3333333333333333,0.3333333333333333,0.3333333333333333,130.5,0.0,62.5,0.25,0.25,0.5,148.0,0.0,0.5,0,1,0,1,0,0,1,1,2,2,0,1,2,1,2,0,0,1,0,0,0.0,4,129.5,2,1.0,2,130.5,2,23.0,2,2,0.5,2
892,893,6,2,4,0,2,0,2,2,2,2,2,2,1,3,0.1007838745800672,0.5357142857142857,0.01834862385321101,3270.0,327,163.5,65400,9810,173880.000,57388.74446394000000000000000,95316.10743016000000000000000,152704.8518941000000000000000,48210.64810590000000000000000,108480.000,374795.50,336,0.1881298992161254,0,1,2,1,0,"2,1",0.3333333333333333,0.3333333333333333,0.3333333333333333,130.5,0.0,62.5,0.25,0.25,0.5,148.0,0.0,0.5,0,1,0,1,0,0,1,1,2,2,0,1,2,1,2,0,0,1,0,0,0.0,4,129.5,2,1.0,2,130.5,2,23.0,2,2,0.5,2
893,894,6,2,4,0,2,0,2,2,2,2,2,2,1,3,0.10067114093959731,0.5325443786982248,0.0182370820668693,3290.0,329,164.5,65800,9870,173880.000,57388.74446394000000000000000,95316.10743016000000000000000,152704.8518941000000000000000,48210.64810590000000000000000,108080.000,374795.50,338,0.1890380313199105,0,1,2,1,0,"1,2",0.3333333333333333,0.3333333333333333,0.3333333333333333,130.5,0.0,62.5,0.25,0.25,0.5,148.0,0.0,0.5,0,1,0,1,0,0,1,1,2,2,0,1,2,1,2,0,0,1,0,0,0.0,4,129.5,2,1.0,2,130.5,2,23.0,2,2,0.5,2
894,895,6,2,4,0,2,0,2,2,2,2,2,2,1,3,0.1005586592178771,0.5294117647058824,0.01812688821752266,3310.0,331,165.5,66200,9930,173880.000,57388.74446394000000000000000,95316.10743016000000000000000,152704.8518941000000000000000,48210.64810590000000000000000,107680.000,374795.50,340,0.18994413407821228,0,1,2,1,0,"1,2",0.3333333333333333,0.3333333333333333,0.3333333333333333,130.5,0.0,62.5,0.25,0.25,0.5,148.0,0.0,0.5,0,0,1,1,0,0,1,1,2,2,0,1,2,1,2,0,0,1,0,0,0.0,4,129.5,2,1.0,2,130.5,2,23.0,2,2,0.5,2
895,896,6,2,4,0,2,0,2,2,2,2,2,2,1,3,0.10044642857142858,0.5263157894736842,0.018072289156626505,3320.0,332,166.0,66400,9960,173880.000,57388.74446394000000000000000,95316.10743016000000000000000,152704.8518941000000000000000,48210.64810590000000000000000,107480.000,374795.50,342,0.19084821428571427,0,1,2,1,0,"1,2",0.3333333333333333,0.3333333333333333,0.3333333333333333,130.5,0.0,62.5,0.25,0.25,0.5,148.0,0.0,0.3333333333333333,0,0,0,2,0,0,1,1,2,2,0,0,3,1,2,0,0,0,0,0,0.0,4,129.5,2,1.0,2,130.5,2,23.0,2,2,0.3333333333333333,3
896,897,6,2,4,0,2,0,2,2,2,2,2,2,1,3,0.10033444816053512,0.5232558139534884,0.017964071856287425,3340.0,334,167.0,66800,10020,173880.000,57388.74446394000000000000000,95316.10743016000000000000000,152704.8518941000000000000000,48210.64810590000000000000000,107080.000,374795.50,344,0.19175027870680045,0,1,2,1,0,"1,2",0.3333333333333333,0.3333333333333333,0.3333333333333333,130.5,0.0,62.5,0.25,0.25,0.5,148.0,0.0,0.3333333333333333,0,0,0,2,0,0,1,1,2,2,0,0,3,1,2,0,0,0,0,0,0.0,4,129.5,2,1.0,2,130.5,2,23.0,2,2,0.3333333333333333,3
897,898,6,2,4,0,2,0,2,2,2,2,2,2,1,3,0.10022271714922049,0.5202312138728323,0.017857142857142856,3360.0,336,168.0,67200,10080,173880.000,57388.74446394000000000000000,95316.10743016000000000000000,152704.8518941000000000000000,48210.64810590000000000000000,106680.000,374795.50,346,0.19265033407572382,0,1,2,1,0,"2,1",0.3333333333333333,0.3333333333333333,0.3333333333333333,130.5,0.0,62.5,0.25,0.25,0.5,148.0,0.0,0.3333333333333333,0,0,0,2,0,0,1,1,2,2,0,0,3,1,2,0,0,0,0,0,0.0,4,129.5,2,1.0,2,130.5,2,23.0,2,2,0.3333333333333333,3
898,899,6,2,4,0,2,0,2,2,2,2,2,2,1,3,0.10011123470522804,0.5172413793103449,0.01775147928994083,3380.0,338,169.0,67600,10140,173880.000,57388.74446394000000000000000,95316.10743016000000000000000,152704.8518941000000000000000,48210.64810590000000000000000,106280.000,374795.50,348,0.1935483870967742,0,1,2,1,0,"2,1",0.3333333333333333,0.3333333333333333,0.3333333333333333,130.5,0.0,62.5,0.25,0.25,0.5,148.0,0.0,0.3333333333333333,0,0,0,2,0,0,1,1,2,2,0,0,3,1,2,0,0,0,0,0,0.0,4,129.5,2,1.0,2,130.5,2,23.0,2,2,0.3333333333333333,3
899,900,6,2,4,0,2,0,2,2,2,2,2,2,1,3,0.1,0.5142857142857143,0.01764705882352941,3400.0,340,170.0,68000,10200,173880.000,57388.74446394000000000000000,95316.10743016000000000000000,152704.8518941000000000000000,48210.64810590000000000000000,105880.000,374795.50,350,0.19444444444444445,0,1,2,1,0,"2,1",0.3333333333333333,0.3333333333333333,0.3333333333333333,130.5,0.0,62.5,0.25,0.25,0.5,148.0,0.0,0.3333333333333333,0,0,0,2,0,0,0,2,2,2,0,0,3,1,2,0,0,0,0,0,0.0,4,129.5,2,1.0,2,130.5,2,23.0,2,2,0.3333333333333333,3
900,901,6,2,4,0,2,0,2,2,2,2,2,2,1,3,0.09988901220865704,0.5113636363636364,0.017543859649122806,3420.0,342,171.0,68400,10260,173880.000,57388.74446394000000000000000,95316.10743016000000000000000,152704.8518941000000000000000,48210.64810590000000000000000,105480.000,374795.50,352,0.195338512763596,0,1,2,1,0,"1,2",0.3333333333333333,0.3333333333333333,0.3333333333333333,130.5,0.0,62.5,0.25,0.25,0.5,148.0,0.0,0.3333333333333333,0,0,0,2,0,0,0,2,2,2,0,0,3,1,2,0,0,0,0,0,0.0,4,129.5,2,1.0,2,130.5,2,23.0,2,2,0.3333333333333333,3
901,902,6,2,4,0,2,0,2,2,2,2,2,2,1,3,0.09977827050997783,0.5084745762711864,0.01744186046511628,3440.0,344,172.0,68800,10320,173880.000,57388.74446394000000000000000,95316.10743016000000000000000,152704.8518941000000000000000,48210.64810590000000000000000,105080.000,374795.50,354,0.19623059866962306,0,1,2,1,0,"1,2",0.3333333333333333,0.3333333333333333,0.3333333333333333,130.5,0.0,62.5,0.25,0.25,0.5,148.0,0.0,0.3333333333333333,0,0,0,2,0,0,0,2,2,2,0,0,3,1,2,0,0,0,0,0,0.0,4,129.5,2,1.0,2,130.5,2,23.0,2,2,0.3333333333333333,3
902,903,6,2,4,0,2,0,2,2,2,2,2,2,1,3,0.09966777408637874,0.5056179775280899,0.017341040462427744,3460.0,346,173.0,69200,10380,173880.000,57388.74446394000000000000000,95316.10743016000000000000000,152704.8518941000000000000000,48210.64810590000000000000000,104680.000,374795.50,356,0.19712070874861573,0,1,2,1,0,"2,1",0.3333333333333333,0.3333333333333333,0.3333333333333333,130.5,0.0,62.5,0.25,0.25,0.5,148.0,0.0,0.3333333333333333,0,0,0,2,0,0,0,2,2,2,0,0,3,1,2,0,0,0,0,0,0.0,4,129.5,2,1.0,2,130.5,2,23.0,2,2,0.3333333333333333,3
903,904,6,2,4,0,2,0,2,2,2,2,2,2,1,3,0.09955752212389381,0.5027932960893855,0.017241379310344827,3480.0,348,174.0,69600,10440,173880.000,57388.74446394000000000000000,95316.10743016000000000000000,152704.8518941000000000000000,48210.64810590000000000000000,104280.000,374795.50,358,0.19800884955752213,0,1,2,1,0,"2,1",0.3333333333333333,0.3333333333333333,0.3333333333333333,130.5,0.0,62.5,0.25,0.25,0.5,148.0,0.0,0.3333333333333333,0,0,0,2,0,0,0,2,2,2,0,0,3,1,2,0,0,0,0,0,0.0,4,129.5,2,1.0,2,130.5,2,23.0,2,2,0.3333333333333333,3
904,905,6,2,4,0,2,0,2,2,2,2,2,2,1,3,0.09944751381215469,0.5,0.017142857142857144,3500.0,350,175.0,70000,10500,173880.000,57388.74446394000000000000000,95316.10743016000000000000000,152704.8518941000000000000000,48210.64810590000000000000000,103880.000,374795.50,360,0.19889502762430938,0,1,2,1,0,"2,1",0.3333333333333333,0.3333333333333333,0.3333333333333333,130.5,0.0,62.5,0.25,0.25,0.5,148.0,0.0,0.3333333333333333,0,0,0,2,0,0,0,2,2,2,0,0,3,1,2,0,0,0,0,0,0.0,4,129.5,2,1.0,2,130.5,2,23.0,2,2,0.3333333333333333,3
905,906,6,2,4,0,2,0,2,2,2,2,2,2,1,3,0.09933774834437087,0.4972375690607735,0.017045454545454544,3520.0,352,176.0,70400,10560,173880.000,57388.74446394000000000000000,95316.10743016000000000000000,152704.8518941000000000000000,48210.64810590000000000000000,103480.000,374795.50,362,0.1997792494481236,0,1,2,1,0,"2,1",0.3333333333333333,0.3333333333333333,0.3333333333333333,130.5,0.0,62.5,0.25,0.25,0.5,148.0,0.0,0.3333333333333333,0,0,0,2,0,0,0,2,2,2,0,0,3,1,2,0,0,0,0,0,0.0,4,129.5,2,1.0,2,130.5,2,23.0,2,2,0.3333333333333333,3
906,907,6,2,4,0,2,0,2,2,2,2,2,2,1,3,0.09922822491730982,0.4945054945054945,0.01694915254237288,3540.0,354,177.0,70800,10620,173880.000,57388.74446394000000000000000,95316.10743016000000000000000,152704.8518941000000000000000,48210.64810590000000000000000,103080.000,374795.50,364,0.20066152149944874,0,1,2,1,0,"1,2",0.3333333333333333,0.3333333333333333,0.3333333333333333,130.5,0.0,62.5,0.25,0.25,0.5,148.0,0.0,0.3333333333333333,0,0,0,2,0,0,0,2,2,2,0,0,3,1,2,0,0,0,0,0,0.0,4,129.5,2,1.0,2,130.5,2,23.0,2,2,0.3333333333333333,3
907,908,6,2,4,0,2,0,2,2,2,2,2,2,1,3,0.09911894273127754,0.49180327868852464,0.016853932584269662,3560.0,356,178.0,71200,10680,173880.000,57388.74446394000000000000000,95316.10743016000000000000000,152704.8518941000000000000000,48210.64810590000000000000000,102680.000,374795.50,366,0.20154185022026433,0,1,2,1,0,"2,1",0.3333333333333333,0.3333333333333333,0.3333333333333333,130.5,0.0,62.5,0.25,0.25,0.5,148.0,0.0,0.3333333333333333,0,0,0,2,0,0,0,2,2,2,0,0,3,1,2,0,0,0,0,0,0.0,4,129.5,2,1.0,2,130.5,2,23.0,2,2,0.3333333333333333,3
908,909,6,2,4,0,2,0,2,2,2,2,2,2,1,3,0.099009900990099,0.48913043478260865,0.01675977653631285,3580.0,358,179.0,71600,10740,173880.000,57388.74446394000000000000000,95316.10743016000000000000000,152704.8518941000000000000000,48210.64810590000000000000000,102280.000,374795.50,368,0.20242024202420242,0,1,2,1,0,"1,2",0.3333333333333333,0.3333333333333333,0.3333333333333333,130.5,0.0,62.5,0.25,0.25,0.5,148.0,0.0,0.3333333333333333,0,0,0,2,0,0,0,2,2,2,0,0,3,1,2,0,0,0,0,0,0.0,4,129.5,2,1.0,2,130.5,2,23.0,2,2,0.3333333333333333,3
909,910,6,2,4,0,2,0,2,2,2,2,2,2,1,3,0.09890109890109891,0.48648648648648646,0.016666666666666666,3600.0,360,180.0,72000,10800,173880.000,57388.74446394000000000000000,95316.10743016000000000000000,152704.8518941000000000000000,48210.64810590000000000000000,101880.000,374795.50,370,0.2032967032967033,0,1,2,1,0,"2,1",0.3333333333333333,0.3333333333333333,0.3333333333333333,130.5,0.0,62.5,0.25,0.25,0.5,148.0,0.0,0.3333333333333333,0,0,0,2,0,0,0,2,2,2,0,0,3,1,2,0,0,0,0,0,0.0,4,129.5,2,1.0,2,130.5,2,23.0,2,2,0.3333333333333333,3
910,911,6,2,4,0,2,0,2,2,2,2,2,2,1,3,0.09879253567508232,0.48387096774193544,0.016574585635359115,3620.0,362,181.0,72400,10860,173880.000,57388.74446394000000000000000,95316.10743016000000000000000,152704.8518941000000000000000,48210.64810590000000000000000,101480.000,374795.50,372,0.20417124039517015,0,1,2,1,0,"1,2",0.3333333333333333,0.3333333333333333,0.3333333333333333,130.5,0.0,62.5,0.25,0.25,0.5,148.0,0.0,0.3333333333333333,0,0,0,2,0,0,0,2,2,2,0,0,3,1,2,0,0,0,0,0,0.0,4,129.5,2,1.0,2,130.5,2,23.0,2,2,0.3333333333333333,3
911,912,6,2,4,0,2,0,2,2,2,2,2,2,1,3,0.09868421052631579,0.48128342245989303,0.016483516483516484,3640.0,364,182.0,72800,10920,173880.000,57388.74446394000000000000000,95316.10743016000000000000000,152704.8518941000000000000000,48210.64810590000000000000000,101080.000,374795.50,374,0.2050438596491228,0,1,2,1,0,"2,1",0.3333333333333333,0.3333333333333333,0.3333333333333333,130.5,0.0,62.5,0.25,0.25,0.5,148.0,0.0,0.3333333333333333,0,0,0,2,0,0,0,2,2,2,0,0,3,1,2,0,0,0,0,0,0.0,4,129.5,2,1.0,2,130.5,2,23.0,2,2,0.3333333333333333,3
912,913,6,2,4,0,2,0,2,2,2,2,2,2,1,3,0.09857612267250822,0.4787234042553192,0.01639344262295082,3660.0,366,183.0,73200,10980,173880.000,57388.74446394000000000000000,95316.10743016000000000000000,152704.8518941000000000000000,48210.64810590000000000000000,100680.000,374795.50,376,0.2059145673603505,0,1,2,1,0,"1,2",0.3333333333333333,0.3333333333333333,0.3333333333333333,130.5,0.0,62.5,0.25,0.25,0.5,148.0,0.0,0.3333333333333333,0,0,0,2,0,0,0,2,2,2,0,0,3,1,2,0,0,0,0,0,0.0,4,129.5,2,1.0,2,130.5,2,23.0,2,2,0.3333333333333333,3
913,914,6,2,4,0,2,0,2,2,2,2,2,2,1,3,0.09846827133479213,0.4761904761904762,0.016304347826086956,3680.0,368,184.0,73600,11040,173880.000,57388.74446394000000000000000,95316.10743016000000000000000,152704.8518941000000000000000,48210.64810590000000000000000,100280.000,374795.50,378,0.20678336980306344,0,1,2,1,0,"2,1",0.3333333333333333,0.3333333333333333,0.3333333333333333,130.5,0.0,62.5,0.25,0.25,0.5,148.0,0.0,0.3333333333333333,0,0,0,2,0,0,0,2,2,2,0,0,3,1,2,0,0,0,0,0,0.0,4,129.5,2,1.0,2,130.5,2,23.0,2,2,0.3333333333333333,3
914,915,6,2,4,0,2,0,2,2,2,2,2,2,1,3,0.09836065573770492,0.4736842105263158,0.016216216216216217,3700.0,370,185.0,74000,11100,173880.000,57388.74446394000000000000000,95316.10743016000000000000000,152704.8518941000000000000000,48210.64810590000000000000000,99880.000,374795.50,380,0.20765027322404372,0,1,2,1,0,"1,2",0.3333333333333333,0.3333333333333333,0.3333333333333333,130.5,0.0,62.5,0.25,0.25,0.5,148.0,0.0,0.3333333333333333,0,0,0,2,0,0,0,2,2,2,0,0,3,1,2,0,0,0,0,0,0.0,4,129.5,2,1.0,2,130.5,2,23.0,2,2,0.3333333333333333,3
915,916,6,2,4,0,2,0,2,2,2,2,2,2,1,3,0.0982532751091703,0.47120418848167545,0.016129032258064516,3720.0,372,186.0,74400,11160,173880.000,57388.74446394000000000000000,95316.10743016000000000000000,152704.8518941000000000000000,48210.64810590000000000000000,99480.000,374795.50,382,0.20851528384279475,0,1,2,1,0,"1,2",0.3333333333333333,0.3333333333333333,0.3333333333333333,130.5,0.0,62.5,0.25,0.25,0.5,148.0,0.0,0.3333333333333333,0,0,0,1,1,0,0,2,2,2,0,0,3,1,2,0,0,0,0,0,0.0,4,129.5,2,1.0,2,130.5,2,23.0,2,2,0.3333333333333333,3
916,917,6,2,4,0,2,0,2,2,2,2,2,2,1,3,0.09814612868047982,0.46875,0.0160857908847185,3730.0,373,186.5,74600,11190,173880.000,57388.74446394000000000000000,95316.10743016000000000000000,152704.8518941000000000000000,48210.64810590000000000000000,99280.000,374795.50,384,0.2093784078516903,0,1,2,1,0,"2,1",0.3333333333333333,0.3333333333333333,0.3333333333333333,130.5,0.0,62.5,0.25,0.25,0.5,148.0,0.0,0.3333333333333333,0,0,0,1,0,1,0,1,3,2,0,0,3,1,1,0,0,0,0,0,0.0,4,129.5,2,1.0,2,130.5,2,23.0,2,3,0.3333333333333333,3
917,918,6,2,4,0,2,0,2,2,2,2,2,2,1,3,0.09803921568627451,0.46632124352331605,0.016,3750.0,375,187.5,75000,11250,173880.000,57388.74446394000000000000000,95316.10743016000000000000000,152704.8518941000000000000000,48210.64810590000000000000000,98880.000,374795.50,386,0.210239651416122,0,1,2,1,0,"1,2",0.3333333333333333,0.3333333333333333,0.3333333333333333,130.5,0.0,62.5,0.25,0.25,0.5,148.0,0.0,0.3333333333333333,0,0,0,1,0,1,0,1,3,2,0,0,3,1,1,0,0,0,0,0,0.0,4,129.5,2,1.0,2,130.5,2,23.0,2,3,0.3333333333333333,3
918,919,6,2,4,0,2,0,2,2,2,2,2,2,1,3,0.09793253536452666,0.4639175257731959,0.015915119363395226,3770.0,377,188.5,75400,11310,173880.000,57388.74446394000000000000000,95316.10743016000000000000000,152704.8518941000000000000000,48210.64810590000000000000000,98480.000,374795.50,388,0.21109902067464636,0,1,2,1,0,"2,1",0.3333333333333333,0.3333333333333333,0.3333333333333333,130.5,0.0,62.5,0.25,0.25,0.5,148.0,0.0,0.3333333333333333,0,0,0,1,0,1,0,1,3,2,0,0,3,1,1,0,0,0,0,0,0.0,4,129.5,2,1.0,2,130.5,2,23.0,2,3,0.3333333333333333,3
919,920,6,2,4,0,2,0,2,2,2,2,2,2,1,3,0.09782608695652173,0.46153846153846156,0.0158311345646438,3790.0,379,189.5,75800,11370,173880.000,57388.74446394000000000000000,95316.10743016000000000000000,152704.8518941000000000000000,48210.64810590000000000000000,98080.000,374795.50,390,0.21195652173913043,0,1,2,1,0,"1,2",0.3333333333333333,0.3333333333333333,0.3333333333333333,130.5,0.0,62.5,0.25,0.25,0.5,148.0,0.0,0.3333333333333333,0,0,0,1,0,1,0,1,3,2,0,0,3,1,1,0,0,0,0,0,0.0,4,129.5,2,1.0,2,130.5,2,23.0,2,3,0.3333333333333333,3
920,921,6,2,4,0,2,0,2,2,2,2,2,2,1,3,0.09771986970684039,0.45918367346938777,0.015748031496062992,3810.0,381,190.5,76200,11430,173880.000,57388.74446394000000000000000,95316.10743016000000000000000,152704.8518941000000000000000,48210.64810590000000000000000,97680.000,374795.50,392,0.21281216069489686,0,1,2,1,0,"1,2",0.3333333333333333,0.3333333333333333,0.3333333333333333,130.5,0.0,62.5,0.25,0.25,0.5,148.0,0.0,0.3333333333333333,0,0,0,1,0,1,0,1,3,2,0,0,3,1,1,0,0,0,0,0,0.0,4,129.5,2,1.0,2,130.5,2,23.0,2,3,0.3333333333333333,3
921,922,6,2,4,0,2,0,2,2,2,2,2,2,1,3,0.09761388286334056,0.4568527918781726,0.015665796344647518,3830.0,383,191.5,76600,11490,173880.000,57388.74446394000000000000000,95316.10743016000000000000000,152704.8518941000000000000000,48210.64810590000000000000000,97280.000,374795.50,394,0.21366594360086769,0,1,2,1,0,"1,2",0.3333333333333333,0.3333333333333333,0.3333333333333333,130.5,0.0,62.5,0.25,0.25,0.5,148.0,0.0,0.3333333333333333,0,0,0,1,0,1,0,1,3,2,0,0,3,1,1,0,0,0,0,0,0.0,4,129.5,2,1.0,2,130.5,2,23.0,2,3,0.3333333333333333,3
922,923,6,2,4,0,2,0,2,2,2,2,2,2,1,3,0.09750812567713976,0.4545454545454546,0.015584415584415584,3850.0,385,192.5,77000,11550,173880.000,57388.74446394000000000000000,95316.10743016000000000000000,152704.8518941000000000000000,48210.64810590000000000000000,96880.000,374795.50,396,0.21451787648970747,0,1,2,1,0,"1,2",0.3333333333333333,0.3333333333333333,0.3333333333333333,130.5,0.0,62.5,0.25,0.25,0.5,148.0,0.0,0.3333333333333333,0,0,0,1,0,1,0,1,3,2,0,0,3,1,1,0,0,0,0,0,0.0,4,129.5,2,1.0,2,130.5,2,23.0,2,3,0.3333333333333333,3
923,924,6,2,4,0,2,0,2,2,2,2,2,2,1,3,0.09740259740259741,0.4522613065326633,0.015503875968992248,3870.0,387,193.5,77400,11610,173880.000,57388.74446394000000000000000,95316.10743016000000000000000,152704.8518941000000000000000,48210.64810590000000000000000,96480.000,374795.50,398,0.21536796536796537,0,1,2,1,0,"1,2",0.3333333333333333,0.3333333333333333,0.3333333333333333,130.5,0.0,62.5,0.25,0.25,0.5,148.0,0.0,0.3333333333333333,0,0,0,1,0,1,0,1,3,2,0,0,3,1,1,0,0,0,0,0,0.0,4,129.5,2,1.0,2,130.5,2,23.0,2,3,0.3333333333333333,3
924,925,6,2,4,0,2,0,2,2,2,2,2,2,1,3,0.0972972972972973,0.44999999999999996,0.015424164524421594,3890.0,389,194.5,77800,11670,173880.000,57388.74446394000000000000000,95316.10743016000000000000000,152704.8518941000000000000000,48210.64810590000000000000000,96080.000,374795.50,400,0.21621621621621623,0,1,2,1,0,"2,1",0.3333333333333333,0.3333333333333333,0.3333333333333333,130.5,0.0,62.5,0.25,0.25,0.5,148.0,0.0,0.3333333333333333,0,0,0,1,0,1,0,1,3,2,0,0,3,1,1,0,0,0,0,0,0.0,4,129.5,2,1.0,2,130.5,2,23.0,2,3,0.3333333333333333,3
925,926,6,2,4,0,2,0,2,2,2,2,2,2,1,3,0.09719222462203024,0.44776119402985076,0.015345268542199489,3910.0,391,195.5,78200,11730,173880.000,57388.74446394000000000000000,95316.10743016000000000000000,152704.8518941000000000000000,48210.64810590000000000000000,95680.000,374795.50,402,0.21706263498920086,0,1,2,1,0,"1,2",0.3333333333333333,0.3333333333333333,0.3333333333333333,130.5,0.0,62.5,0.25,0.25,0.5,148.0,0.0,0.3333333333333333,0,0,0,1,0,1,0,1,3,2,0,0,3,1,1,0,0,0,0,0,0.0,4,129.5,2,1.0,2,130.5,2,23.0,2,3,0.3333333333333333,3
926,927,6,2,4,0,2,0,2,2,2,2,2,2,1,3,0.0970873786407767,0.44554455445544555,0.015267175572519083,3930.0,393,196.5,78600,11790,173880.000,57388.74446394000000000000000,95316.10743016000000000000000,152704.8518941000000000000000,48210.64810590000000000000000,95280.000,374795.50,404,0.21790722761596548,0,1,2,1,0,"1,2",0.3333333333333333,0.3333333333333333,0.3333333333333333,130.5,0.0,62.5,0.25,0.25,0.5,148.0,0.0,0.3333333333333333,0,0,0,1,0,1,0,1,3,2,0,0,3,1,1,0,0,0,0,0,0.0,4,129.5,2,1.0,2,130.5,2,23.0,2,3,0.3333333333333333,3
927,928,6,2,4,0,2,0,2,2,2,2,2,2,1,3,0.09698275862068965,0.4433497536945813,0.015189873417721518,3950.0,395,197.5,79000,11850,173880.000,57388.74446394000000000000000,95316.10743016000000000000000,152704.8518941000000000000000,48210.64810590000000000000000,94880.000,374795.50,406,0.21875,0,1,2,1,0,"1,2",0.3333333333333333,0.3333333333333333,0.3333333333333333,130.5,0.0,62.5,0.25,0.25,0.5,148.0,0.0,0.3333333333333333,0,0,0,1,0,1,0,1,3,2,0,0,3,1,1,0,0,0,0,0,0.0,4,129.5,2,1.0,2,130.5,2,23.0,2,3,0.3333333333333333,3
928,929,6,2,4,0,2,0,2,2,2,2,2,2,1,3,0.09687836383207751,0.4411764705882353,0.015113350125944584,3970.0,397,198.5,79400,11910,173880.000,57388.74446394000000000000000,95316.10743016000000000000000,152704.8518941000000000000000,48210.64810590000000000000000,94480.000,374795.50,408,0.21959095801937567,0,1,2,1,0,"1,2",0.3333333333333333,0.3333333333333333,0.3333333333333333,130.5,0.0,62.5,0.25,0.25,0.5,148.0,0.0,0.3333333333333333,0,0,0,1,0,1,0,1,3,2,0,0,3,1,1,0,0,0,0,0,0.0,4,129.5,2,1.0,2,130.5,2,23.0,2,3,0.3333333333333333,3
929,930,6,2,4,0,2,0,2,2,2,2,2,2,1,3,0.0967741935483871,0.43902439024390244,0.015037593984962405,3990.0,399,199.5,79800,11970,173880.000,57388.74446394000000000000000,95316.10743016000000000000000,152704.8518941000000000000000,48210.64810590000000000000000,94080.000,374795.50,410,0.22043010752688172,0,1,2,1,0,"2,1",0.3333333333333333,0.3333333333333333,0.3333333333333333,130.5,0.0,62.5,0.25,0.25,0.5,148.0,0.0,0.3333333333333333,0,0,0,1,0,1,0,1,3,2,0,0,3,1,1,0,0,0,0,0,0.0,4,129.5,2,1.0,2,130.5,2,23.0,2,3,0.3333333333333333,3
930,931,6,2,4,0,2,0,2,2,2,2,2,2,1,3,0.09667024704618689,0.4368932038834952,0.014962593516209476,4010.0,401,200.5,80200,12030,173880.000,57388.74446394000000000000000,95316.10743016000000000000000,152704.8518941000000000000000,48210.64810590000000000000000,93680.000,374795.50,412,0.22126745435016112,0,1,2,1,0,"2,1",0.3333333333333333,0.3333333333333333,0.3333333333333333,130.5,0.0,62.5,0.25,0.25,0.5,148.0,0.0,0.3333333333333333,0,0,0,1,0,1,0,1,3,2,0,0,3,1,1,0,0,0,0,0,0.0,4,129.5,2,1.0,2,130.5,2,23.0,2,3,0.3333333333333333,3
931,932,6,2,4,0,2,0,2,2,2,2,2,2,1,3,0.09656652360515021,0.43478260869565216,0.01488833746898263,4030.0,403,201.5,80600,12090,173880.000,57388.74446394000000000000000,95316.10743016000000000000000,152704.8518941000000000000000,48210.64810590000000000000000,93280.000,374795.50,414,0.22210300429184548,0,1,2,1,0,"1,2",0.3333333333333333,0.3333333333333333,0.3333333333333333,130.5,0.0,62.5,0.25,0.25,0.5,148.0,0.0,0.3333333333333333,0,0,0,1,0,1,0,1,3,2,0,0,3,1,1,0,0,0,0,0,0.0,4,129.5,2,1.0,2,130.5,2,23.0,2,3,0.3333333333333333,3
932,933,6,2,4,0,2,0,2,2,2,2,2,2,1,3,0.09646302250803858,0.43269230769230765,0.014814814814814815,4050.0,405,202.5,81000,12150,173880.000,57388.74446394000000000000000,95316.10743016000000000000000,152704.8518941000000000000000,48210.64810590000000000000000,92880.000,374795.50,416,0.22293676312968919,0,1,2,1,0,"2,1",0.3333333333333333,0.3333333333333333,0.3333333333333333,130.5,0.0,62.5,0.25,0.25,0.5,148.0,0.0,0.3333333333333333,0,0,0,1,0,1,0,1,3,2,0,0,3,1,1,0,0,0,0,0,0.0,4,129.5,2,1.0,2,130.5,2,23.0,2,3,0.3333333333333333,3
933,934,6,2,4,0,1,1,2,2,3,2,2,2,1,3,0.09635974304068523,0.43062200956937796,0.014742014742014743,4070.0,407,203.5,81400,12210,173880.000,57388.74446394000000000000000,95316.10743016000000000000000,152704.8518941000000000000000,48210.64810590000000000000000,92480.000,374795.50,418,0.22376873661670235,0,1,2,1,0,"2,1",0.3333333333333333,0.3333333333333333,0.3333333333333333,130.5,0.0,62.5,0.25,0.25,0.5,148.0,0.0,0.3333333333333333,1,0,0,1,0,0,0,1,3,2,0,0,3,1,1,0,0,0,0,0,0.0,4,120.33333333333333,3,1.0,2,130.5,2,23.0,2,3,0.3333333333333333,3
934,935,6,2,4,0,1,0,3,2,3,1,1,3,2,5,0.16042780748663102,0.7159904534606205,0.024509803921568627,2448.0,408,204.0,81600,12240,251505.000,90151.96122952000000000000000,139958.1261793200000000000000,230110.0874088400000000000000,71734.11259116000000000000000,169905.000,553349.20,419,0.22406417112299465,0,1,2,1,0,"1,2",0.5,0.3333333333333333,0.16666666666666666,121.33333333333333,0.0,47.333333333333336,0.5,0.25,0.25,125.5,0.0,0.3333333333333333,1,0,0,1,0,0,0,1,3,2,0,0,3,1,1,0,0,0,0,0,0.0,4,120.33333333333333,3,1.0,3,121.33333333333333,3,23.0,2,3,0.3333333333333333,3
935,936,6,2,4,0,1,0,3,2,3,1,1,3,2,5,0.16025641025641027,0.7142857142857143,0.02444987775061125,2454.0,409,204.5,81800,12270,251505.000,90151.96122952000000000000000,139958.1261793200000000000000,230110.0874088400000000000000,71734.11259116000000000000000,169705.000,553349.20,420,0.22435897435897437,0,1,2,1,0,"1,2",0.5,0.3333333333333333,0.16666666666666666,121.33333333333333,0.0,47.333333333333336,0.5,0.25,0.25,125.5,0.0,0.3333333333333333,1,0,0,1,0,0,0,1,3,2,0,0,3,1,1,0,0,0,0,0,0.0,4,120.33333333333333,3,1.0,3,121.33333333333333,3,23.0,2,3,0.3333333333333333,3
936,937,6,2,4,0,1,0,3,2,3,1,1,3,2,5,0.16008537886872998,0.7125890736342043,0.024390243902439025,2460.0,410,205.0,82000,12300,251505.000,90151.96122952000000000000000,139958.1261793200000000000000,230110.0874088400000000000000,71734.11259116000000000000000,169505.000,553349.20,421,0.22465314834578443,0,1,2,1,0,"2,1",0.5,0.3333333333333333,0.16666666666666666,121.33333333333333,0.0,47.333333333333336,0.5,0.25,0.25,125.5,0.0,0.3333333333333333,1,0,0,1,0,0,0,1,3,2,0,0,3,1,1,0,0,0,0,0,0.0,4,120.33333333333333,3,1.0,3,121.33333333333333,3,23.0,2,3,0.3333333333333333,3
937,938,6,2,4,0,1,0,3,2,3,1,1,3,2,5,0.15991471215351813,0.7109004739336493,0.024330900243309004,2466.0,411,205.5,82200,12330,251505.000,90151.96122952000000000000000,139958.1261793200000000000000,230110.0874088400000000000000,71734.11259116000000000000000,169305.000,553349.20,422,0.22494669509594883,0,1,2,1,0,"2,1",0.5,0.3333333333333333,0.16666666666666666,121.33333333333333,0.0,47.333333333333336,0.5,0.25,0.25,125.5,0.0,0.3333333333333333,1,0,0,1,0,0,0,1,3,2,0,0,3,1,1,0,0,0,0,0,0.0,4,120.33333333333333,3,1.0,3,121.33333333333333,3,23.0,2,3,0.3333333333333333,3
938,939,6,2,4,0,1,0,3,2,3,1,1,3,2,5,0.1597444089456869,0.7092198581560284,0.024271844660194174,2472.0,412,206.0,82400,12360,251505.000,90151.96122952000000000000000,139958.1261793200000000000000,230110.0874088400000000000000,71734.11259116000000000000000,169105.000,553349.20,423,0.22523961661341854,0,1,2,1,0,"1,2",0.5,0.3333333333333333,0.16666666666666666,121.33333333333333,0.0,47.333333333333336,0.5,0.25,0.25,125.5,0.0,0.3333333333333333,1,0,0,1,0,0,0,1,3,2,0,0,3,1,1,0,0,0,0,0,0.0,4,120.33333333333333,3,1.0,3,121.33333333333333,3,23.0,2,3,0.3333333333333333,3
939,940,6,2,4,0,1,0,3,2,3,1,1,3,2,5,0.1595744680851064,0.7075471698113208,0.024213075060532687,2478.0,413,206.5,82600,12390,251505.000,90151.96122952000000000000000,139958.1261793200000000000000,230110.0874088400000000000000,71734.11259116000000000000000,168905.000,553349.20,424,0.225531914893617,0,1,2,1,0,"2,1",0.5,0.3333333333333333,0.16666666666666666,121.33333333333333,0.0,47.333333333333336,0.5,0.25,0.25,125.5,0.0,0.3333333333333333,1,0,0,0,1,0,0,1,3,2,0,0,3,1,1,0,0,0,0,0,0.0,4,120.33333333333333,3,1.0,3,121.33333333333333,3,23.0,2,3,0.3333333333333333,3
940,941,6,2,4,0,1,0,3,2,3,1,1,3,2,5,0.1594048884165781,0.7058823529411765,0.024213075060532687,2478.0,413,206.5,82600,12390,251505.000,90151.96122952000000000000000,139958.1261793200000000000000,230110.0874088400000000000000,71734.11259116000000000000000,168905.000,553349.20,425,0.22582359192348567,0,1,2,1,0,"1,2",0.5,0.3333333333333333,0.16666666666666666,121.33333333333333,0.0,47.333333333333336,0.5,0.25,0.25,125.5,0.0,0.3333333333333333,1,0,0,0,0,1,0,0,4,2,0,0,3,1,0,0,0,0,0,0,0.0,4,120.33333333333333,3,1.0,3,121.33333333333333,3,23.0,2,4,0.3333333333333333,3
941,942,6,2,4,0,1,0,3,2,3,1,1,3,2,5,0.15923566878980894,0.7042253521126761,0.024154589371980676,2484.0,414,207.0,82800,12420,251505.000,90151.96122952000000000000000,139958.1261793200000000000000,230110.0874088400000000000000,71734.11259116000000000000000,168705.000,553349.20,426,0.22611464968152867,0,1,2,1,0,"2,1",0.5,0.3333333333333333,0.16666666666666666,121.33333333333333,0.0,47.333333333333336,0.5,0.25,0.25,125.5,0.0,0.3333333333333333,1,0,0,0,0,1,0,0,4,2,0,0,3,1,0,0,0,0,0,0,0.0,4,120.33333333333333,3,1.0,3,121.33333333333333,3,23.0,2,4,0.3333333333333333,3
942,943,6,2,4,0,1,0,3,2,3,1,1,3,2,5,0.15906680805938495,0.702576112412178,0.024096385542168676,2490.0,415,207.5,83000,12450,251505.000,90151.96122952000000000000000,139958.1261793200000000000000,230110.0874088400000000000000,71734.11259116000000000000000,168505.000,553349.20,427,0.2264050901378579,0,1,2,1,0,"1,2",0.5,0.3333333333333333,0.16666666666666666,121.33333333333333,0.0,47.333333333333336,0.5,0.25,0.25,125.5,0.0,0.3333333333333333,1,0,0,0,0,1,0,0,4,2,0,0,3,1,0,0,0,0,0,0,0.0,4,120.33333333333333,3,1.0,3,121.33333333333333,3,23.0,2,4,0.3333333333333333,3
943,944,6,2,4,0,1,0,3,2,3,1,1,3,2,5,0.15889830508474578,0.7009345794392523,0.02403846153846154,2496.0,416,208.0,83200,12480,251505.000,90151.96122952000000000000000,139958.1261793200000000000000,230110.0874088400000000000000,71734.11259116000000000000000,168305.000,553349.20,428,0.2266949152542373,0,1,2,1,0,"2,1",0.5,0.3333333333333333,0.16666666666666666,121.33333333333333,0.0,47.333333333333336,0.5,0.25,0.25,125.5,0.0,0.3333333333333333,1,0,0,0,0,1,0,0,4,2,0,0,3,1,0,0,0,0,0,0,0.0,4,120.33333333333333,3,1.0,3,121.33333333333333,3,23.0,2,4,0.3333333333333333,3
944,945,6,2,4,0,1,0,3,2,3,1,1,3,2,5,0.15873015873015872,0.6993006993006993,0.023980815347721823,2502.0,417,208.5,83400,12510,251505.000,90151.96122952000000000000000,139958.1261793200000000000000,230110.0874088400000000000000,71734.11259116000000000000000,168105.000,553349.20,429,0.22698412698412698,0,1,2,1,0,"1,2",0.5,0.3333333333333333,0.16666666666666666,121.33333333333333,0.0,47.333333333333336,0.5,0.25,0.25,125.5,0.0,0.3333333333333333,1,0,0,0,0,1,0,0,4,2,0,0,3,1,0,0,0,0,0,0,0.0,4,120.33333333333333,3,1.0,3,121.33333333333333,3,23.0,2,4,0.3333333333333333,3
945,946,6,2,4,0,1,0,3,2,3,1,1,3,2,5,0.15856236786469344,0.6976744186046512,0.023923444976076555,2508.0,418,209.0,83600,12540,251505.000,90151.96122952000000000000000,139958.1261793200000000000000,230110.0874088400000000000000,71734.11259116000000000000000,167905.000,553349.20,430,0.22727272727272727,0,1,2,1,0,"1,2",0.5,0.3333333333333333,0.16666666666666666,121.33333333333333,0.0,47.333333333333336,0.5,0.25,0.25,125.5,0.0,0.3333333333333333,1,0,0,0,0,1,0,0,4,2,0,0,3,1,0,0,0,0,0,0,0.0,4,120.33333333333333,3,1.0,3,121.33333333333333,3,23.0,2,4,0.3333333333333333,3
946,947,6,2,4,0,0,1,3,2,4,1,1,3,2,5,0.1583949313621964,0.6960556844547564,0.02386634844868735,2514.0,419,209.5,83800,12570,251505.000,90151.96122952000000000000000,139958.1261793200000000000000,230110.0874088400000000000000,71734.11259116000000000000000,167705.000,553349.20,431,0.2275607180570222,0,1,2,1,0,"1,2",0.5,0.3333333333333333,0.16666666666666666,121.33333333333333,0.0,47.333333333333336,0.5,0.25,0.25,125.5,0.0,0.3333333333333333,2,0,0,0,0,0,0,0,4,2,0,0,3,1,0,0,0,0,0,0,0.0,4,106.75,4,1.0,3,121.33333333333333,3,23.0,2,4,0.3333333333333333,3
947,948,6,2,4,0,0,0,4,2,4,0,0,4,3,7,0.22151898734177214,0.974477958236659,0.03341288782816229,1795.7142857142858,419,209.5,83800,12570,303255.000,114757.5990090400000000000000,143626.9121180800000000000000,258384.5111271200000000000000,82361.08887288000000000000000,219455.000,644000.60,431,0.22732067510548523,0,1,2,1,0,"1,2",0.6666666666666666,0.3333333333333333,0.0,107.75,0.0,37.0,0.75,0.25,0.0,106.0,0.0,0.3333333333333333,2,0,0,0,0,0,0,0,4,2,0,0,3,1,0,0,0,0,0,0,0.0,4,106.75,4,1.0,4,107.75,4,23.0,2,4,0.3333333333333333,3
948,949,6,2,4,0,0,0,4,2,4,0,0,4,3,7,0.22128556375131717,0.974477958236659,0.03341288782816229,1795.7142857142858,419,209.5,83800,12570,303255.000,114757.5990090400000000000000,143626.9121180800000000000000,258384.5111271200000000000000,82361.08887288000000000000000,219455.000,644000.60,431,0.22708113804004215,0,1,2,1,0,"1,2",0.6666666666666666,0.3333333333333333,0.0,107.75,0.0,37.0,0.75,0.25,0.0,106.0,0.0,0.3333333333333333,2,0,0,0,0,0,0,0,4,2,0,0,3,1,0,0,0,0,0,0,0.0,4,106.75,4,1.0,4,107.75,4,23.0,2,4,0.3333333333333333,3
949,950,6,2,4,0,0,0,4,2,4,0,0,4,3,7,0.22105263157894736,0.974477958236659,0.03341288782816229,1795.7142857142858,419,209.5,83800,12570,303255.000,114757.5990090400000000000000,143626.9121180800000000000000,258384.5111271200000000000000,82361.08887288000000000000000,219455.000,644000.60,431,0.2268421052631579,0,1,2,1,0,"2,1",0.6666666666666666,0.3333333333333333,0.0,107.75,0.0,37.0,0.75,0.25,0.0,106.0,0.0,0.3333333333333333,2,0,0,0,0,0,0,0,4,2,0,0,3,1,0,0,0,0,0,0,0.0,4,106.75,4,1.0,4,107.75,4,23.0,2,4,0.3333333333333333,3
950,951,6,2,4,0,0,0,4,2,4,0,0,4,3,7,0.22082018927444796,0.974477958236659,0.03341288782816229,1795.7142857142858,419,209.5,83800,12570,303255.000,114757.5990090400000000000000,143626.9121180800000000000000,258384.5111271200000000000000,82361.08887288000000000000000,219455.000,644000.60,431,0.22660357518401683,0,1,2,1,0,"1,2",0.6666666666666666,0.3333333333333333,0.0,107.75,0.0,37.0,0.75,0.25,0.0,106.0,0.0,0.3333333333333333,2,0,0,0,0,0,0,0,4,2,0,0,3,1,0,0,0,0,0,0,0.0,4,106.75,4,1.0,4,107.75,4,23.0,2,4,0.3333333333333333,3
951,952,6,2,4,0,0,0,4,2,4,0,0,4,3,7,0.22058823529411764,0.974477958236659,0.03341288782816229,1795.7142857142858,419,209.5,83800,12570,303255.000,114757.5990090400000000000000,143626.9121180800000000000000,258384.5111271200000000000000,82361.08887288000000000000000,219455.000,644000.60,431,0.2263655462184874,0,1,2,1,0,"2,1",0.6666666666666666,0.3333333333333333,0.0,107.75,0.0,37.0,0.75,0.25,0.0,106.0,0.0,0.3333333333333333,2,0,0,0,0,0,0,0,4,2,0,0,3,1,0,0,0,0,0,0,0.0,4,106.75,4,1.0,4,107.75,4,23.0,2,4,0.3333333333333333,3
952,953,6,2,4,0,0,0,4,2,4,0,0,4,3,7,0.22035676810073454,0.974477958236659,0.03341288782816229,1795.7142857142858,419,209.5,83800,12570,303255.000,114757.5990090400000000000000,143626.9121180800000000000000,258384.5111271200000000000000,82361.08887288000000000000000,219455.000,644000.60,431,0.2261280167890871,0,1,2,1,0,"1,2",0.6666666666666666,0.3333333333333333,0.0,107.75,0.0,37.0,0.75,0.25,0.0,106.0,0.0,0.3333333333333333,2,0,0,0,0,0,0,0,4,2,0,0,3,1,0,0,0,0,0,0,0.0,4,106.75,4,1.0,4,107.75,4,23.0,2,4,0.3333333333333333,3
953,954,6,2,4,0,0,0,4,2,4,0,0,4,3,7,0.22012578616352202,0.974477958236659,0.03341288782816229,1795.7142857142858,419,209.5,83800,12570,303255.000,114757.5990090400000000000000,143626.9121180800000000000000,258384.5111271200000000000000,82361.08887288000000000000000,219455.000,644000.60,431,0.22589098532494759,0,1,2,1,0,"2,1",0.6666666666666666,0.3333333333333333,0.0,107.75,0.0,37.0,0.75,0.25,0.0,106.0,0.0,0.3333333333333333,2,0,0,0,0,0,0,0,4,2,0,0,3,1,0,0,0,0,0,0,0.0,4,106.75,4,1.0,4,107.75,4,23.0,2,4,0.3333333333333333,3
954,955,6,2,4,0,0,0,4,2,4,0,0,4,3,7,0.2198952879581152,0.974477958236659,0.03341288782816229,1795.7142857142858,419,209.5,83800,12570,303255.000,114757.5990090400000000000000,143626.9121180800000000000000,258384.5111271200000000000000,82361.08887288000000000000000,219455.000,644000.60,431,0.2256544502617801,0,1,2,1,0,"1,2",0.6666666666666666,0.3333333333333333,0.0,107.75,0.0,37.0,0.75,0.25,0.0,106.0,0.0,0.3333333333333333,2,0,0,0,0,0,0,0,4,2,0,0,3,1,0,0,0,0,0,0,0.0,4,106.75,4,1.0,4,107.75,4,23.0,2,4,0.3333333333333333,3
955,956,6,2,4,0,0,0,4,2,4,0,0,4,3,7,0.2196652719665272,0.974477958236659,0.03341288782816229,1795.7142857142858,419,209.5,83800,12570,303255.000,114757.5990090400000000000000,143626.9121180800000000000000,258384.5111271200000000000000,82361.08887288000000000000000,219455.000,644000.60,431,0.22541841004184102,0,1,2,1,0,"1,2",0.6666666666666666,0.3333333333333333,0.0,107.75,0.0,37.0,0.75,0.25,0.0,106.0,0.0,0.3333333333333333,2,0,0,0,0,0,0,0,4,2,0,0,3,1,0,0,0,0,0,0,0.0,4,106.75,4,1.0,4,107.75,4,23.0,2,4,0.3333333333333333,3
956,957,6,2,4,0,0,0,4,2,4,0,0,4,3,7,0.219435736677116,0.974477958236659,0.03341288782816229,1795.7142857142858,419,209.5,83800,12570,303255.000,114757.5990090400000000000000,143626.9121180800000000000000,258384.5111271200000000000000,82361.08887288000000000000000,219455.000,644000.60,431,0.2251828631138976,0,1,2,1,0,"2,1",0.6666666666666666,0.3333333333333333,0.0,107.75,0.0,37.0,0.75,0.25,0.0,106.0,0.0,0.3333333333333333,2,0,0,0,0,0,0,0,4,2,0,0,3,1,0,0,0,0,0,0,0.0,4,106.75,4,1.0,4,107.75,4,23.0,2,4,0.3333333333333333,3
957,958,6,2,4,0,0,0,4,2,4,0,0,4,3,7,0.21920668058455114,0.974477958236659,0.03341288782816229,1795.7142857142858,419,209.5,83800,12570,303255.000,114757.5990090400000000000000,143626.9121180800000000000000,258384.5111271200000000000000,82361.08887288000000000000000,219455.000,644000.60,431,0.22494780793319416,0,1,2,1,0,"1,2",0.6666666666666666,0.3333333333333333,0.0,107.75,0.0,37.0,0.75,0.25,0.0,106.0,0.0,0.3333333333333333,2,0,0,0,0,0,0,0,4,2,0,0,3,1,0,0,0,0,0,0,0.0,4,106.75,4,1.0,4,107.75,4,23.0,2,4,0.3333333333333333,3
958,959,6,2,4,0,0,0,4,2,4,0,0,4,3,7,0.21897810218978103,0.974477958236659,0.03341288782816229,1795.7142857142858,419,209.5,83800,12570,303255.000,114757.5990090400000000000000,143626.9121180800000000000000,258384.5111271200000000000000,82361.08887288000000000000000,219455.000,644000.60,431,0.22471324296141815,0,1,2,1,0,"1,2",0.6666666666666666,0.3333333333333333,0.0,107.75,0.0,37.0,0.75,0.25,0.0,106.0,0.0,0.3333333333333333,2,0,0,0,0,0,0,0,4,2,0,0,3,1,0,0,0,0,0,0,0.0,4,106.75,4,1.0,4,107.75,4,23.0,2,4,0.3333333333333333,3
959,960,6,2,4,0,0,0,4,2,4,0,0,4,3,7,0.21875,0.974477958236659,0.03341288782816229,1795.7142857142858,419,209.5,83800,12570,303255.000,114757.5990090400000000000000,143626.9121180800000000000000,258384.5111271200000000000000,82361.08887288000000000000000,219455.000,644000.60,431,0.22447916666666667,0,1,2,1,0,"1,2",0.6666666666666666,0.3333333333333333,0.0,107.75,0.0,37.0,0.75,0.25,0.0,106.0,0.0,0.3333333333333333,2,0,0,0,0,0,0,0,4,2,0,0,3,1,0,0,0,0,0,0,0.0,4,106.75,4,1.0,4,107.75,4,23.0,2,4,0.3333333333333333,3
960,961,6,2,4,0,0,0,4,2,4,0,0,4,3,7,0.21852237252861603,0.974477958236659,0.03341288782816229,1795.7142857142858,419,209.5,83800,12570,303255.000,114757.5990090400000000000000,143626.9121180800000000000000,258384.5111271200000000000000,82361.08887288000000000000000,219455.000,644000.60,431,0.22424557752341312,0,1,2,1,0,"2,1",0.6666666666666666,0.3333333333333333,0.0,107.75,0.0,37.0,0.75,0.25,0.0,106.0,0.0,0.3333333333333333,2,0,0,0,0,0,0,0,4,2,0,0,3,1,0,0,0,0,0,0,0.0,4,106.75,4,1.0,4,107.75,4,23.0,2,4,0.3333333333333333,3
961,962,6,2,4,0,0,0,4,2,4,0,0,4,3,7,0.21829521829521828,0.974477958236659,0.03341288782816229,1795.7142857142858,419,209.5,83800,12570,303255.000,114757.5990090400000000000000,143626.9121180800000000000000,258384.5111271200000000000000,82361.08887288000000000000000,219455.000,644000.60,431,0.224012474012474,0,1,2,1,0,"2,1",0.6666666666666666,0.3333333333333333,0.0,107.75,0.0,37.0,0.75,0.25,0.0,106.0,0.0,0.3333333333333333,2,0,0,0,0,0,0,0,4,2,0,0,3,1,0,0,0,0,0,0,0.0,4,106.75,4,1.0,4,107.75,4,23.0,2,4,0.3333333333333333,3
962,963,6,2,4,0,0,0,4,2,4,0,0,4,3,7,0.21806853582554517,0.974477958236659,0.03341288782816229,1795.7142857142858,419,209.5,83800,12570,303255.000,114757.5990090400000000000000,143626.9121180800000000000000,258384.5111271200000000000000,82361.08887288000000000000000,219455.000,644000.60,431,0.2237798546209761,0,1,2,1,0,"1,2",0.6666666666666666,0.3333333333333333,0.0,107.75,0.0,37.0,0.75,0.25,0.0,106.0,0.0,0.3333333333333333,2,0,0,0,0,0,0,0,4,2,0,0,3,1,0,0,0,0,0,0,0.0,4,106.75,4,1.0,4,107.75,4,23.0,2,4,0.3333333333333333,3
963,964,6,2,4,0,0,0,4,2,4,0,0,4,3,7,0.21784232365145229,0.974477958236659,0.03341288782816229,1795.7142857142858,419,209.5,83800,12570,303255.000,114757.5990090400000000000000,143626.9121180800000000000000,258384.5111271200000000000000,82361.08887288000000000000000,219455.000,644000.60,431,0.22354771784232366,0,1,2,1,0,"2,1",0.6666666666666666,0.3333333333333333,0.0,107.75,0.0,37.0,0.75,0.25,0.0,106.0,0.0,0.3333333333333333,2,0,0,0,0,0,0,0,4,2,0,0,3,1,0,0,0,0,0,0,0.0,4,106.75,4,1.0,4,107.75,4,23.0,2,4,0.3333333333333333,3
964,965,6,2,4,0,0,0,4,2,4,0,0,4,3,7,0.21761658031088085,0.974477958236659,0.03341288782816229,1795.7142857142858,419,209.5,83800,12570,303255.000,114757.5990090400000000000000,143626.9121180800000000000000,258384.5111271200000000000000,82361.08887288000000000000000,219455.000,644000.60,431,0.2233160621761658,0,1,2,1,0,"1,2",0.6666666666666666,0.3333333333333333,0.0,107.75,0.0,37.0,0.75,0.25,0.0,106.0,0.0,0.3333333333333333,2,0,0,0,0,0,0,0,4,2,0,0,3,1,0,0,0,0,0,0,0.0,4,106.75,4,1.0,4,107.75,4,23.0,2,4,0.3333333333333333,3
965,966,6,2,4,0,0,0,4,2,4,0,0,4,3,7,0.21739130434782608,0.974477958236659,0.03341288782816229,1795.7142857142858,419,209.5,83800,12570,303255.000,114757.5990090400000000000000,143626.9121180800000000000000,258384.5111271200000000000000,82361.08887288000000000000000,219455.000,644000.60,431,0.22308488612836438,0,1,2,1,0,"1,2",0.6666666666666666,0.3333333333333333,0.0,107.75,0.0,37.0,0.75,0.25,0.0,106.0,0.0,0.3333333333333333,2,0,0,0,0,0,0,0,4,2,0,0,3,1,0,0,0,0,0,0,0.0,4,106.75,4,1.0,4,107.75,4,23.0,2,4,0.3333333333333333,3
966,967,6,2,4,0,0,0,4,2,4,0,0,4,3,7,0.21716649431230609,0.974477958236659,0.03341288782816229,1795.7142857142858,419,209.5,83800,12570,303255.000,114757.5990090400000000000000,143626.9121180800000000000000,258384.5111271200000000000000,82361.08887288000000000000000,219455.000,644000.60,431,0.22285418821096173,0,1,2,1,0,"1,2",0.6666666666666666,0.3333333333333333,0.0,107.75,0.0,37.0,0.75,0.25,0.0,106.0,0.0,0.3333333333333333,2,0,0,0,0,0,0,0,4,2,0,0,3,1,0,0,0,0,0,0,0.0,4,106.75,4,1.0,4,107.75,4,23.0,2,4,0.3333333333333333,3
967,968,6,2,4,0,0,0,4,2,4,0,0,4,3,7,0.21694214876033058,0.974477958236659,0.03341288782816229,1795.7142857142858,419,209.5,83800,12570,303255.000,114757.5990090400000000000000,143626.9121180800000000000000,258384.5111271200000000000000,82361.08887288000000000000000,219455.000,644000.60,431,0.22262396694214875,0,1,2,1,0,"2,1",0.6666666666666666,0.3333333333333333,0.0,107.75,0.0,37.0,0.75,0.25,0.0,106.0,0.0,0.3333333333333333,2,0,0,0,0,0,0,0,4,2,0,0,3,1,0,0,0,0,0,0,0.0,4,106.75,4,1.0,4,107.75,4,23.0,2,4,0.3333333333333333,3
968,969,6,2,4,0,0,0,4,2,4,0,0,4,3,7,0.21671826625387,0.974477958236659,0.03341288782816229,1795.7142857142858,419,209.5,83800,12570,303255.000,114757.5990090400000000000000,143626.9121180800000000000000,258384.5111271200000000000000,82361.08887288000000000000000,219455.000,644000.60,431,0.22239422084623323,0,1,2,1,0,"1,2",0.6666666666666666,0.3333333333333333,0.0,107.75,0.0,37.0,0.75,0.25,0.0,106.0,0.0,0.3333333333333333,2,0,0,0,0,0,0,0,4,2,0,0,3,1,0,0,0,0,0,0,0.0,4,106.75,4,1.0,4,107.75,4,23.0,2,4,0.3333333333333333,3
969,970,6,2,4,0,0,0,4,2,4,0,0,4,3,7,0.21649484536082472,0.974477958236659,0.03341288782816229,1795.7142857142858,419,209.5,83800,12570,303255.000,114757.5990090400000000000000,143626.9121180800000000000000,258384.5111271200000000000000,82361.08887288000000000000000,219455.000,644000.60,431,0.22216494845360824,0,1,2,1,0,"2,1",0.6666666666666666,0.3333333333333333,0.0,107.75,0.0,37.0,0.75,0.25,0.0,106.0,0.0,0.3333333333333333,2,0,0,0,0,0,0,0,4,2,0,0,3,1,0,0,0,0,0,0,0.0,4,106.75,4,1.0,4,107.75,4,23.0,2,4,0.3333333333333333,3
970,971,6,2,4,0,0,0,4,2,4,0,0,4,3,7,0.21627188465499483,0.974477958236659,0.03341288782816229,1795.7142857142858,419,209.5,83800,12570,303255.000,114757.5990090400000000000000,143626.9121180800000000000000,258384.5111271200000000000000,82361.08887288000000000000000,219455.000,644000.60,431,0.22193614830072092,0,1,2,1,0,"1,2",0.6666666666666666,0.3333333333333333,0.0,107.75,0.0,37.0,0.75,0.25,0.0,106.0,0.0,0.3333333333333333,2,0,0,0,0,0,0,0,4,2,0,0,3,1,0,0,0,0,0,0,0.0,4,106.75,4,1.0,4,107.75,4,23.0,2,4,0.3333333333333333,3
971,972,6,2,4,0,0,0,4,2,4,0,0,4,3,7,0.2160493827160494,0.974477958236659,0.03341288782816229,1795.7142857142858,419,209.5,83800,12570,303255.000,114757.5990090400000000000000,143626.9121180800000000000000,258384.5111271200000000000000,82361.08887288000000000000000,219455.000,644000.60,431,0.22170781893004116,0,1,2,1,0,"2,1",0.6666666666666666,0.3333333333333333,0.0,107.75,0.0,37.0,0.75,0.25,0.0,106.0,0.0,0.3333333333333333,2,0,0,0,0,0,0,0,4,2,0,0,3,1,0,0,0,0,0,0,0.0,4,106.75,4,1.0,4,107.75,4,23.0,2,4,0.3333333333333333,3
972,973,6,2,4,0,0,0,4,2,4,0,0,4,3,7,0.21582733812949642,0.974477958236659,0.03341288782816229,1795.7142857142858,419,209.5,83800,12570,303255.000,114757.5990090400000000000000,143626.9121180800000000000000,258384.5111271200000000000000,82361.08887288000000000000000,219455.000,644000.60,431,0.22147995889003083,0,1,2,1,0,"1,2",0.6666666666666666,0.3333333333333333,0.0,107.75,0.0,37.0,0.75,0.25,0.0,106.0,0.0,0.3333333333333333,2,0,0,0,0,0,0,0,4,2,0,0,3,1,0,0,0,0,0,0,0.0,4,106.75,4,1.0,4,107.75,4,23.0,2,4,0.3333333333333333,3
973,974,6,2,4,0,0,0,4,2,4,0,0,4,3,7,0.21560574948665295,0.974477958236659,0.03341288782816229,1795.7142857142858,419,209.5,83800,12570,303255.000,114757.5990090400000000000000,143626.9121180800000000000000,258384.5111271200000000000000,82361.08887288000000000000000,219455.000,644000.60,431,0.22125256673511293,0,1,2,1,0,"2,1",0.6666666666666666,0.3333333333333333,0.0,107.75,0.0,37.0,0.75,0.25,0.0,106.0,0.0,0.3333333333333333,2,0,0,0,0,0,0,0,4,2,0,0,3,1,0,0,0,0,0,0,0.0,4,106.75,4,1.0,4,107.75,4,23.0,2,4,0.3333333333333333,3
974,975,6,2,4,0,0,0,4,2,4,0,0,4,3,7,0.2153846153846154,0.974477958236659,0.03341288782816229,1795.7142857142858,419,209.5,83800,12570,303255.000,114757.5990090400000000000000,143626.9121180800000000000000,258384.5111271200000000000000,82361.08887288000000000000000,219455.000,644000.60,431,0.221025641025641,0,1,2,1,0,"1,2",0.6666666666666666,0.3333333333333333,0.0,107.75,0.0,37.0,0.75,0.25,0.0,106.0,0.0,0.3333333333333333,2,0,0,0,0,0,0,0,4,2,0,0,3,1,0,0,0,0,0,0,0.0,4,106.75,4,1.0,4,107.75,4,23.0,2,4,0.3333333333333333,3
975,976,6,2,4,0,0,0,4,2,4,0,0,4,3,7,0.21516393442622953,0.974477958236659,0.03341288782816229,1795.7142857142858,419,209.5,83800,12570,303255.000,114757.5990090400000000000000,143626.9121180800000000000000,258384.5111271200000000000000,82361.08887288000000000000000,219455.000,644000.60,431,0.22079918032786885,0,1,2,1,0,"1,2",0.6666666666666666,0.3333333333333333,0.0,107.75,0.0,37.0,0.75,0.25,0.0,106.0,0.0,0.3333333333333333,2,0,0,0,0,0,0,0,4,2,0,0,3,1,0,0,0,0,0,0,0.0,4,106.75,4,1.0,4,107.75,4,23.0,2,4,0.3333333333333333,3
976,977,6,2,4,0,0,0,4,2,4,0,0,4,3,7,0.2149437052200614,0.974477958236659,0.03341288782816229,1795.7142857142858,419,209.5,83800,12570,303255.000,114757.5990090400000000000000,143626.9121180800000000000000,258384.5111271200000000000000,82361.08887288000000000000000,219455.000,644000.60,431,0.22057318321392017,0,1,2,1,0,"2,1",0.6666666666666666,0.3333333333333333,0.0,107.75,0.0,37.0,0.75,0.25,0.0,106.0,0.0,0.3333333333333333,2,0,0,0,0,0,0,0,4,2,0,0,3,1,0,0,0,0,0,0,0.0,4,106.75,4,1.0,4,107.75,4,23.0,2,4,0.3333333333333333,3
977,978,6,2,4,0,0,0,4,2,4,0,0,4,3,7,0.21472392638036808,0.974477958236659,0.03341288782816229,1795.7142857142858,419,209.5,83800,12570,303255.000,114757.5990090400000000000000,143626.9121180800000000000000,258384.5111271200000000000000,82361.08887288000000000000000,219455.000,644000.60,431,0.22034764826175868,0,1,2,1,0,"1,2",0.6666666666666666,0.3333333333333333,0.0,107.75,0.0,37.0,0.75,0.25,0.0,106.0,0.0,0.3333333333333333,2,0,0,0,0,0,0,0,4,2,0,0,3,1,0,0,0,0,0,0,0.0,4,106.75,4,1.0,4,107.75,4,23.0,2,4,0.3333333333333333,3
978,979,6,2,4,0,0,0,4,2,4,0,0,4,3,7,0.21450459652706844,0.974477958236659,0.03341288782816229,1795.7142857142858,419,209.5,83800,12570,303255.000,114757.5990090400000000000000,143626.9121180800000000000000,258384.5111271200000000000000,82361.08887288000000000000000,219455.000,644000.60,431,0.22012257405515834,0,1,2,1,0,"2,1",0.6666666666666666,0.3333333333333333,0.0,107.75,0.0,37.0,0.75,0.25,0.0,106.0,0.0,0.3333333333333333,2,0,0,0,0,0,0,0,4,2,0,0,3,1,0,0,0,0,0,0,0.0,4,106.75,4,1.0,4,107.75,4,23.0,2,4,0.3333333333333333,3
979,980,6,2,4,0,0,0,4,2,4,0,0,4,3,7,0.2142857142857143,0.974477958236659,0.03341288782816229,1795.7142857142858,419,209.5,83800,12570,303255.000,114757.5990090400000000000000,143626.9121180800000000000000,258384.5111271200000000000000,82361.08887288000000000000000,219455.000,644000.60,431,0.21989795918367347,0,1,2,1,0,"2,1",0.6666666666666666,0.3333333333333333,0.0,107.75,0.0,37.0,0.75,0.25,0.0,106.0,0.0,0.3333333333333333,2,0,0,0,0,0,0,0,4,2,0,0,3,1,0,0,0,0,0,0,0.0,4,106.75,4,1.0,4,107.75,4,23.0,2,4,0.3333333333333333,3
980,981,6,2,4,0,0,0,4,2,4,0,0,4,3,7,0.21406727828746175,0.974477958236659,0.03341288782816229,1795.7142857142858,419,209.5,83800,12570,303255.000,114757.5990090400000000000000,143626.9121180800000000000000,258384.5111271200000000000000,82361.08887288000000000000000,219455.000,644000.60,431,0.21967380224260957,0,1,2,1,0,"1,2",0.6666666666666666,0.3333333333333333,0.0,107.75,0.0,37.0,0.75,0.25,0.0,106.0,0.0,0.3333333333333333,2,0,0,0,0,0,0,0,4,2,0,0,3,1,0,0,0,0,0,0,0.0,4,106.75,4,1.0,4,107.75,4,23.0,2,4,0.3333333333333333,3
981,982,6,2,4,0,0,0,4,2,4,0,0,4,3,7,0.21384928716904275,0.974477958236659,0.03341288782816229,1795.7142857142858,419,209.5,83800,12570,303255.000,114757.5990090400000000000000,143626.9121180800000000000000,258384.5111271200000000000000,82361.08887288000000000000000,219455.000,644000.60,431,0.21945010183299388,0,1,2,1,0,"2,1",0.6666666666666666,0.3333333333333333,0.0,107.75,0.0,37.0,0.75,0.25,0.0,106.0,0.0,0.3333333333333333,2,0,0,0,0,0,0,0,4,2,0,0,3,1,0,0,0,0,0,0,0.0,4,106.75,4,1.0,4,107.75,4,23.0,2,4,0.3333333333333333,3
982,983,6,2,4,0,0,0,4,2,4,0,0,4,3,7,0.21363173957273654,0.974477958236659,0.03341288782816229,1795.7142857142858,419,209.5,83800,12570,303255.000,114757.5990090400000000000000,143626.9121180800000000000000,258384.5111271200000000000000,82361.08887288000000000000000,219455.000,644000.60,431,0.21922685656154628,0,1,2,1,0,"2,1",0.6666666666666666,0.3333333333333333,0.0,107.75,0.0,37.0,0.75,0.25,0.0,106.0,0.0,0.3333333333333333,2,0,0,0,0,0,0,0,4,2,0,0,3,1,0,0,0,0,0,0,0.0,4,106.75,4,1.0,4,107.75,4,23.0,2,4,0.3333333333333333,3
983,984,6,2,4,0,0,0,4,2,4,0,0,4,3,7,0.2134146341463415,0.974477958236659,0.03341288782816229,1795.7142857142858,419,209.5,83800,12570,303255.000,114757.5990090400000000000000,143626.9121180800000000000000,258384.5111271200000000000000,82361.08887288000000000000000,219455.000,644000.60,431,0.2190040650406504,0,1,2,1,0,"1,2",0.6666666666666666,0.3333333333333333,0.0,107.75,0.0,37.0,0.75,0.25,0.0,106.0,0.0,0.3333333333333333,2,0,0,0,0,0,0,0,4,2,0,0,3,1,0,0,0,0,0,0,0.0,4,106.75,4,1.0,4,107.75,4,23.0,2,4,0.3333333333333333,3
984,985,6,2,4,0,0,0,4,2,4,0,0,4,3,7,0.21319796954314718,0.974477958236659,0.03341288782816229,1795.7142857142858,419,209.5,83800,12570,303255.000,114757.5990090400000000000000,143626.9121180800000000000000,258384.5111271200000000000000,82361.08887288000000000000000,219455.000,644000.60,431,0.21878172588832487,0,1,2,1,0,"2,1",0.6666666666666666,0.3333333333333333,0.0,107.75,0.0,37.0,0.75,0.25,0.0,106.0,0.0,0.3333333333333333,2,0,0,0,0,0,0,0,4,2,0,0,3,1,0,0,0,0,0,0,0.0,4,106.75,4,1.0,4,107.75,4,23.0,2,4,0.3333333333333333,3
985,986,6,2,4,0,0,0,4,2,4,0,0,4,3,7,0.21298174442190668,0.974477958236659,0.03341288782816229,1795.7142857142858,419,209.5,83800,12570,303255.000,114757.5990090400000000000000,143626.9121180800000000000000,258384.5111271200000000000000,82361.08887288000000000000000,219455.000,644000.60,431,0.21855983772819473,0,1,2,1,0,"1,2",0.6666666666666666,0.3333333333333333,0.0,107.75,0.0,37.0,0.75,0.25,0.0,106.0,0.0,0.3333333333333333,2,0,0,0,0,0,0,0,4,2,0,0,3,1,0,0,0,0,0,0,0.0,4,106.75,4,1.0,4,107.75,4,23.0,2,4,0.3333333333333333,3
986,987,6,2,4,0,0,0,4,2,4,0,0,4,3,7,0.2127659574468085,0.974477958236659,0.03341288782816229,1795.7142857142858,419,209.5,83800,12570,303255.000,114757.5990090400000000000000,143626.9121180800000000000000,258384.5111271200000000000000,82361.08887288000000000000000,219455.000,644000.60,431,0.21833839918946302,0,1,2,1,0,"2,1",0.6666666666666666,0.3333333333333333,0.0,107.75,0.0,37.0,0.75,0.25,0.0,106.0,0.0,0.3333333333333333,2,0,0,0,0,0,0,0,4,2,0,0,3,1,0,0,0,0,0,0,0.0,4,106.75,4,1.0,4,107.75,4,23.0,2,4,0.3333333333333333,3
987,988,6,2,4,0,0,0,4,2,4,0,0,4,3,7,0.21255060728744943,0.974477958236659,0.03341288782816229,1795.7142857142858,419,209.5,83800,12570,303255.000,114757.5990090400000000000000,143626.9121180800000000000000,258384.5111271200000000000000,82361.08887288000000000000000,219455.000,644000.60,431,0.21811740890688258,0,1,2,1,0,"2,1",0.6666666666666666,0.3333333333333333,0.0,107.75,0.0,37.0,0.75,0.25,0.0,106.0,0.0,0.3333333333333333,2,0,0,0,0,0,0,0,4,2,0,0,3,1,0,0,0,0,0,0,0.0,4,106.75,4,1.0,4,107.75,4,23.0,2,4,0.3333333333333333,3
988,989,6,2,4,0,0,0,4,2,4,0,0,4,3,7,0.21233569261880686,0.974477958236659,0.03341288782816229,1795.7142857142858,419,209.5,83800,12570,303255.000,114757.5990090400000000000000,143626.9121180800000000000000,258384.5111271200000000000000,82361.08887288000000000000000,219455.000,644000.60,431,0.217896865520728,0,1,2,1,0,"2,1",0.6666666666666666,0.3333333333333333,0.0,107.75,0.0,37.0,0.75,0.25,0.0,106.0,0.0,0.3333333333333333,2,0,0,0,0,0,0,0,4,2,0,0,3,1,0,0,0,0,0,0,0.0,4,106.75,4,1.0,4,107.75,4,23.0,2,4,0.3333333333333333,3
989,990,6,2,4,0,0,0,4,2,4,0,0,4,3,7,0.21212121212121213,0.974477958236659,0.03341288782816229,1795.7142857142858,419,209.5,83800,12570,303255.000,114757.5990090400000000000000,143626.9121180800000000000000,258384.5111271200000000000000,82361.08887288000000000000000,219455.000,644000.60,431,0.21767676767676766,0,1,2,1,0,"1,2",0.6666666666666666,0.3333333333333333,0.0,107.75,0.0,37.0,0.75,0.25,0.0,106.0,0.0,0.3333333333333333,2,0,0,0,0,0,0,0,4,2,0,0,3,1,0,0,0,0,0,0,0.0,4,106.75,4,1.0,4,107.75,4,23.0,2,4,0.3333333333333333,3
990,991,6,2,4,0,0,0,4,2,4,0,0,4,3,7,0.21190716448032293,0.974477958236659,0.03341288782816229,1795.7142857142858,419,209.5,83800,12570,303255.000,114757.5990090400000000000000,143626.9121180800000000000000,258384.5111271200000000000000,82361.08887288000000000000000,219455.000,644000.60,431,0.21745711402623613,0,1,2,1,0,"2,1",0.6666666666666666,0.3333333333333333,0.0,107.75,0.0,37.0,0.75,0.25,0.0,106.0,0.0,0.3333333333333333,2,0,0,0,0,0,0,0,4,2,0,0,3,1,0,0,0,0,0,0,0.0,4,106.75,4,1.0,4,107.75,4,23.0,2,4,0.3333333333333333,3
991,992,6,2,4,0,0,0,4,2,4,0,0,4,3,7,0.21169354838709675,0.974477958236659,0.03341288782816229,1795.7142857142858,419,209.5,83800,12570,303255.000,114757.5990090400000000000000,143626.9121180800000000000000,258384.5111271200000000000000,82361.08887288000000000000000,219455.000,644000.60,431,0.21723790322580644,0,1,2,1,0,"2,1",0.6666666666666666,0.3333333333333333,0.0,107.75,0.0,37.0,0.75,0.25,0.0,106.0,0.0,0.3333333333333333,2,0,0,0,0,0,0,0,4,2,0,0,3,1,0,0,0,0,0,0,0.0,4,106.75,4,1.0,4,107.75,4,23.0,2,4,0.3333333333333333,3
992,993,6,2,4,0,0,0,4,2,4,0,0,4,3,7,0.21148036253776434,0.974477958236659,0.03341288782816229,1795.7142857142858,419,209.5,83800,12570,303255.000,114757.5990090400000000000000,143626.9121180800000000000000,258384.5111271200000000000000,82361.08887288000000000000000,219455.000,644000.60,431,0.21701913393756295,0,1,2,1,0,"2,1",0.6666666666666666,0.3333333333333333,0.0,107.75,0.0,37.0,0.75,0.25,0.0,106.0,0.0,0.3333333333333333,2,0,0,0,0,0,0,0,4,2,0,0,3,1,0,0,0,0,0,0,0.0,4,106.75,4,1.0,4,107.75,4,23.0,2,4,0.3333333333333333,3
993,994,6,2,4,0,0,0,4,2,4,0,0,4,3,7,0.2112676056338028,0.974477958236659,0.03341288782816229,1795.7142857142858,419,209.5,83800,12570,303255.000,114757.5990090400000000000000,143626.9121180800000000000000,258384.5111271200000000000000,82361.08887288000000000000000,219455.000,644000.60,431,0.21680080482897385,0,1,2,1,0,"1,2",0.6666666666666666,0.3333333333333333,0.0,107.75,0.0,37.0,0.75,0.25,0.0,106.0,0.0,0.3333333333333333,2,0,0,0,0,0,0,0,4,2,0,0,3,1,0,0,0,0,0,0,0.0,4,106.75,4,1.0,4,107.75,4,23.0,2,4,0.3333333333333333,3
994,995,6,2,4,0,0,0,4,2,4,0,0,4,3,7,0.21105527638190957,0.974477958236659,0.03341288782816229,1795.7142857142858,419,209.5,83800,12570,303255.000,114757.5990090400000000000000,143626.9121180800000000000000,258384.5111271200000000000000,82361.08887288000000000000000,219455.000,644000.60,431,0.21658291457286433,0,1,2,1,0,"1,2",0.6666666666666666,0.3333333333333333,0.0,107.75,0.0,37.0,0.75,0.25,0.0,106.0,0.0,0.3333333333333333,2,0,0,0,0,0,0,0,4,2,0,0,3,1,0,0,0,0,0,0,0.0,4,106.75,4,1.0,4,107.75,4,23.0,2,4,0.3333333333333333,3
995,996,6,2,4,0,0,0,4,2,4,0,0,4,3,7,0.2108433734939759,0.974477958236659,0.03341288782816229,1795.7142857142858,419,209.5,83800,12570,303255.000,114757.5990090400000000000000,143626.9121180800000000000000,258384.5111271200000000000000,82361.08887288000000000000000,219455.000,644000.60,431,0.21636546184738956,0,1,2,1,0,"2,1",0.6666666666666666,0.3333333333333333,0.0,107.75,0.0,37.0,0.75,0.25,0.0,106.0,0.0,0.3333333333333333,2,0,0,0,0,0,0,0,4,2,0,0,3,1,0,0,0,0,0,0,0.0,4,106.75,4,1.0,4,107.75,4,23.0,2,4,0.3333333333333333,3
996,997,6,2,4,0,0,0,4,2,4,0,0,4,3,7,0.21063189568706117,0.974477958236659,0.03341288782816229,1795.7142857142858,419,209.5,83800,12570,303255.000,114757.5990090400000000000000,143626.9121180800000000000000,258384.5111271200000000000000,82361.08887288000000000000000,219455.000,644000.60,431,0.21614844533600802,0,1,2,1,0,"2,1",0.6666666666666666,0.3333333333333333,0.0,107.75,0.0,37.0,0.75,0.25,0.0,106.0,0.0,0.3333333333333333,2,0,0,0,0,0,0,0,4,2,0,0,3,1,0,0,0,0,0,0,0.0,4,106.75,4,1.0,4,107.75,4,23.0,2,4,0.3333333333333333,3
997,998,6,2,4,0,0,0,4,2,4,0,0,4,3,7,0.21042084168336675,0.974477958236659,0.03341288782816229,1795.7142857142858,419,209.5,83800,12570,303255.000,114757.5990090400000000000000,143626.9121180800000000000000,258384.5111271200000000000000,82361.08887288000000000000000,219455.000,644000.60,431,0.2159318637274549,0,1,2,1,0,"2,1",0.6666666666666666,0.3333333333333333,0.0,107.75,0.0,37.0,0.75,0.25,0.0,106.0,0.0,0.3333333333333333,2,0,0,0,0,0,0,0,4,2,0,0,3,1,0,0,0,0,0,0,0.0,4,106.75,4,1.0,4,107.75,4,23.0,2,4,0.3333333333333333,3
998,999,6,2,4,0,0,0,4,2,4,0,0,4,3,7,0.21021021021021022,0.974477958236659,0.03341288782816229,1795.7142857142858,419,209.5,83800,12570,303255.000,114757.5990090400000000000000,143626.9121180800000000000000,258384.5111271200000000000000,82361.08887288000000000000000,219455.000,644000.60,431,0.2157157157157157,0,1,2,1,0,"1,2",0.6666666666666666,0.3333333333333333,0.0,107.75,0.0,37.0,0.75,0.25,0.0,106.0,0.0,0.3333333333333333,2,0,0,0,0,0,0,0,4,2,0,0,3,1,0,0,0,0,0,0,0.0,4,106.75,4,1.0,4,107.75,4,23.0,2,4,0.3333333333333333,3
999,1000,6,2,4,0,0,0,4,2,4,0,0,4,3,7,0.21,0.974477958236659,0.03341288782816229,1795.7142857142858,419,209.5,83800,12570,303255.000,114757.5990090400000000000000,143626.9121180800000000000000,258384.5111271200000000000000,82361.08887288000000000000000,219455.000,644000.60,431,0.2155,0,1,2,1,0,"1,2",0.6666666666666666,0.3333333333333333,0.0,107.75,0.0,37.0,0.75,0.25,0.0,106.0,0.0,0.3333333333333333,2,0,0,0,0,0,0,0,4,2,0,0,3,1,0,0,0,0,0,0,0.0,4,106.75,4,1.0,4,107.75,4,23.0,2,4,0.3333333333333333,3
1000,1001,6,2,4,0,0,0,4,2,4,0,0,4,3,7,0.2097902097902098,0.974477958236659,0.03341288782816229,1795.7142857142858,419,209.5,83800,12570,303255.000,114757.5990090400000000000000,143626.9121180800000000000000,258384.5111271200000000000000,82361.08887288000000000000000,219455.000,644000.60,431,0.2152847152847153,0,1,2,1,0,"2,1",0.6666666666666666,0.3333333333333333,0.0,107.75,0.0,37.0,0.75,0.25,0.0,106.0,0.0,0.3333333333333333,2,0,0,0,0,0,0,0,4,2,0,0,3,1,0,0,0,0,0,0,0.0,4,106.75,4,1.0,4,107.75,4,23.0,2,4,0.3333333333333333,3
1001,1002,6,2,4,0,0,0,4,2,4,0,0,4,3,7,0.2095808383233533,0.974477958236659,0.03341288782816229,1795.7142857142858,419,209.5,83800,12570,303255.000,114757.5990090400000000000000,143626.9121180800000000000000,258384.5111271200000000000000,82361.08887288000000000000000,219455.000,644000.60,431,0.2150698602794411,0,1,2,1,0,"2,1",0.6666666666666666,0.3333333333333333,0.0,107.75,0.0,37.0,0.75,0.25,0.0,106.0,0.0,0.3333333333333333,2,0,0,0,0,0,0,0,4,2,0,0,3,1,0,0,0,0,0,0,0.0,4,106.75,4,1.0,4,107.75,4,23.0,2,4,0.3333333333333333,3
1002,1003,6,2,4,0,0,0,4,2,4,0,0,4,3,7,0.20937188434695914,0.974477958236659,0.03341288782816229,1795.7142857142858,419,209.5,83800,12570,303255.000,114757.5990090400000000000000,143626.9121180800000000000000,258384.5111271200000000000000,82361.08887288000000000000000,219455.000,644000.60,431,0.21485543369890328,0,1,2,1,0,"2,1",0.6666666666666666,0.3333333333333333,0.0,107.75,0.0,37.0,0.75,0.25,0.0,106.0,0.0,0.3333333333333333,2,0,0,0,0,0,0,0,4,2,0,0,3,1,0,0,0,0,0,0,0.0,4,106.75,4,1.0,4,107.75,4,23.0,2,4,0.3333333333333333,3
1003,1004,6,2,4,0,0,0,4,2,4,0,0,4,3,7,0.2091633466135458,0.974477958236659,0.03341288782816229,1795.7142857142858,419,209.5,83800,12570,303255.000,114757.5990090400000000000000,143626.9121180800000000000000,258384.5111271200000000000000,82361.08887288000000000000000,219455.000,644000.60,431,0.2146414342629482,0,1,2,1,0,"1,2",0.6666666666666666,0.3333333333333333,0.0,107.75,0.0,37.0,0.75,0.25,0.0,106.0,0.0,0.3333333333333333,2,0,0,0,0,0,0,0,4,2,0,0,3,1,0,0,0,0,0,0,0.0,4,106.75,4,1.0,4,107.75,4,23.0,2,4,0.3333333333333333,3
1004,1005,6,2,4,0,0,0,4,2,4,0,0,4,3,7,0.208955223880597,0.974477958236659,0.03341288782816229,1795.7142857142858,419,209.5,83800,12570,303255.000,114757.5990090400000000000000,143626.9121180800000000000000,258384.5111271200000000000000,82361.08887288000000000000000,219455.000,644000.60,431,0.21442786069651742,0,1,2,1,0,"2,1",0.6666666666666666,0.3333333333333333,0.0,107.75,0.0,37.0,0.75,0.25,0.0,106.0,0.0,0.3333333333333333,2,0,0,0,0,0,0,0,4,2,0,0,3,1,0,0,0,0,0,0,0.0,4,106.75,4,1.0,4,107.75,4,23.0,2,4,0.3333333333333333,3
1005,1006,6,2,4,0,0,0,4,2,4,0,0,4,3,7,0.20874751491053678,0.974477958236659,0.03341288782816229,1795.7142857142858,419,209.5,83800,12570,303255.000,114757.5990090400000000000000,143626.9121180800000000000000,258384.5111271200000000000000,82361.08887288000000000000000,219455.000,644000.60,431,0.21421471172962225,0,1,2,1,0,"2,1",0.6666666666666666,0.3333333333333333,0.0,107.75,0.0,37.0,0.75,0.25,0.0,106.0,0.0,0.3333333333333333,2,0,0,0,0,0,0,0,4,2,0,0,3,1,0,0,0,0,0,0,0.0,4,106.75,4,1.0,4,107.75,4,23.0,2,4,0.3333333333333333,3
1006,1007,6,2,4,0,0,0,4,2,4,0,0,4,3,7,0.20854021847070506,0.974477958236659,0.03341288782816229,1795.7142857142858,419,209.5,83800,12570,303255.000,114757.5990090400000000000000,143626.9121180800000000000000,258384.5111271200000000000000,82361.08887288000000000000000,219455.000,644000.60,431,0.21400198609731877,0,1,2,1,0,"1,2",0.6666666666666666,0.3333333333333333,0.0,107.75,0.0,37.0,0.75,0.25,0.0,106.0,0.0,0.3333333333333333,2,0,0,0,0,0,0,0,4,2,0,0,3,1,0,0,0,0,0,0,0.0,4,106.75,4,1.0,4,107.75,4,23.0,2,4,0.3333333333333333,3
1007,1008,6,2,4,0,0,0,4,2,4,0,0,4,3,7,0.20833333333333331,0.974477958236659,0.03341288782816229,1795.7142857142858,419,209.5,83800,12570,303255.000,114757.5990090400000000000000,143626.9121180800000000000000,258384.5111271200000000000000,82361.08887288000000000000000,219455.000,644000.60,431,0.21378968253968253,0,1,2,1,0,"1,2",0.6666666666666666,0.3333333333333333,0.0,107.75,0.0,37.0,0.75,0.25,0.0,106.0,0.0,0.3333333333333333,2,0,0,0,0,0,0,0,4,2,0,0,3,1,0,0,0,0,0,0,0.0,4,106.75,4,1.0,4,107.75,4,23.0,2,4,0.3333333333333333,3
1008,1009,6,2,4,0,0,0,4,2,4,0,0,4,3,7,0.20812685827552033,0.974477958236659,0.03341288782816229,1795.7142857142858,419,209.5,83800,12570,303255.000,114757.5990090400000000000000,143626.9121180800000000000000,258384.5111271200000000000000,82361.08887288000000000000000,219455.000,644000.60,431,0.21357779980178396,0,1,2,1,0,"2,1",0.6666666666666666,0.3333333333333333,0.0,107.75,0.0,37.0,0.75,0.25,0.0,106.0,0.0,0.3333333333333333,2,0,0,0,0,0,0,0,4,2,0,0,3,1,0,0,0,0,0,0,0.0,4,106.75,4,1.0,4,107.75,4,23.0,2,4,0.3333333333333333,3
1009,1010,6,2,4,0,0,0,4,2,4,0,0,4,3,7,0.20792079207920794,0.974477958236659,0.03341288782816229,1795.7142857142858,419,209.5,83800,12570,303255.000,114757.5990090400000000000000,143626.9121180800000000000000,258384.5111271200000000000000,82361.08887288000000000000000,219455.000,644000.60,431,0.21336633663366336,0,1,2,1,0,"1,2",0.6666666666666666,0.3333333333333333,0.0,107.75,0.0,37.0,0.75,0.25,0.0,106.0,0.0,0.3333333333333333,2,0,0,0,0,0,0,0,4,2,0,0,3,1,0,0,0,0,0,0,0.0,4,106.75,4,1.0,4,107.75,4,23.0,2,4,0.3333333333333333,3
1010,1011,6,2,4,0,0,0,4,2,4,0,0,4,3,7,0.20771513353115725,0.974477958236659,0.03341288782816229,1795.7142857142858,419,209.5,83800,12570,303255.000,114757.5990090400000000000000,143626.9121180800000000000000,258384.5111271200000000000000,82361.08887288000000000000000,219455.000,644000.60,431,0.21315529179030662,0,1,2,1,0,"1,2",0.6666666666666666,0.3333333333333333,0.0,107.75,0.0,37.0,0.75,0.25,0.0,106.0,0.0,0.3333333333333333,2,0,0,0,0,0,0,0,4,2,0,0,3,1,0,0,0,0,0,0,0.0,4,106.75,4,1.0,4,107.75,4,23.0,2,4,0.3333333333333333,3
1011,1012,6,2,4,0,0,0,4,2,4,0,0,4,3,7,0.2075098814229249,0.974477958236659,0.03341288782816229,1795.7142857142858,419,209.5,83800,12570,303255.000,114757.5990090400000000000000,143626.9121180800000000000000,258384.5111271200000000000000,82361.08887288000000000000000,219455.000,644000.60,431,0.21294466403162055,0,1,2,1,0,"2,1",0.6666666666666666,0.3333333333333333,0.0,107.75,0.0,37.0,0.75,0.25,0.0,106.0,0.0,0.3333333333333333,2,0,0,0,0,0,0,0,4,2,0,0,3,1,0,0,0,0,0,0,0.0,4,106.75,4,1.0,4,107.75,4,23.0,2,4,0.3333333333333333,3
1012,1013,6,2,4,0,0,0,4,2,4,0,0,4,3,7,0.2073050345508391,0.974477958236659,0.03341288782816229,1795.7142857142858,419,209.5,83800,12570,303255.000,114757.5990090400000000000000,143626.9121180800000000000000,258384.5111271200000000000000,82361.08887288000000000000000,219455.000,644000.60,431,0.21273445212240868,0,1,2,1,0,"1,2",0.6666666666666666,0.3333333333333333,0.0,107.75,0.0,37.0,0.75,0.25,0.0,106.0,0.0,0.3333333333333333,2,0,0,0,0,0,0,0,4,2,0,0,3,1,0,0,0,0,0,0,0.0,4,106.75,4,1.0,4,107.75,4,23.0,2,4,0.3333333333333333,3
1013,1014,6,2,4,0,0,0,4,2,4,0,0,4,3,7,0.20710059171597636,0.974477958236659,0.03341288782816229,1795.7142857142858,419,209.5,83800,12570,303255.000,114757.5990090400000000000000,143626.9121180800000000000000,258384.5111271200000000000000,82361.08887288000000000000000,219455.000,644000.60,431,0.21252465483234714,0,1,2,1,0,"1,2",0.6666666666666666,0.3333333333333333,0.0,107.75,0.0,37.0,0.75,0.25,0.0,106.0,0.0,0.3333333333333333,2,0,0,0,0,0,0,0,4,2,0,0,3,1,0,0,0,0,0,0,0.0,4,106.75,4,1.0,4,107.75,4,23.0,2,4,0.3333333333333333,3
1014,1015,6,2,4,0,0,0,4,2,4,0,0,4,3,7,0.20689655172413793,0.974477958236659,0.03341288782816229,1795.7142857142858,419,209.5,83800,12570,303255.000,114757.5990090400000000000000,143626.9121180800000000000000,258384.5111271200000000000000,82361.08887288000000000000000,219455.000,644000.60,431,0.2123152709359606,0,1,2,1,0,"2,1",0.6666666666666666,0.3333333333333333,0.0,107.75,0.0,37.0,0.75,0.25,0.0,106.0,0.0,0.3333333333333333,2,0,0,0,0,0,0,0,4,2,0,0,3,1,0,0,0,0,0,0,0.0,4,106.75,4,1.0,4,107.75,4,23.0,2,4,0.3333333333333333,3
1015,1016,6,2,4,0,0,0,4,2,4,0,0,4,3,7,0.20669291338582677,0.974477958236659,0.03341288782816229,1795.7142857142858,419,209.5,83800,12570,303255.000,114757.5990090400000000000000,143626.9121180800000000000000,258384.5111271200000000000000,82361.08887288000000000000000,219455.000,644000.60,431,0.21210629921259844,0,1,2,1,0,"2,1",0.6666666666666666,0.3333333333333333,0.0,107.75,0.0,37.0,0.75,0.25,0.0,106.0,0.0,0.3333333333333333,2,0,0,0,0,0,0,0,4,2,0,0,3,1,0,0,0,0,0,0,0.0,4,106.75,4,1.0,4,107.75,4,23.0,2,4,0.3333333333333333,3
1016,1017,6,2,4,0,0,0,4,2,4,0,0,4,3,7,0.20648967551622419,0.974477958236659,0.03341288782816229,1795.7142857142858,419,209.5,83800,12570,303255.000,114757.5990090400000000000000,143626.9121180800000000000000,258384.5111271200000000000000,82361.08887288000000000000000,219455.000,644000.60,431,0.21189773844641102,0,1,2,1,0,"1,2",0.6666666666666666,0.3333333333333333,0.0,107.75,0.0,37.0,0.75,0.25,0.0,106.0,0.0,0.3333333333333333,2,0,0,0,0,0,0,0,4,2,0,0,3,1,0,0,0,0,0,0,0.0,4,106.75,4,1.0,4,107.75,4,23.0,2,4,0.3333333333333333,3
1017,1018,6,2,4,0,0,0,4,2,4,0,0,4,3,7,0.206286836935167,0.974477958236659,0.03341288782816229,1795.7142857142858,419,209.5,83800,12570,303255.000,114757.5990090400000000000000,143626.9121180800000000000000,258384.5111271200000000000000,82361.08887288000000000000000,219455.000,644000.60,431,0.21168958742632613,0,1,2,1,0,"1,2",0.6666666666666666,0.3333333333333333,0.0,107.75,0.0,37.0,0.75,0.25,0.0,106.0,0.0,0.3333333333333333,2,0,0,0,0,0,0,0,4,2,0,0,3,1,0,0,0,0,0,0,0.0,4,106.75,4,1.0,4,107.75,4,23.0,2,4,0.3333333333333333,3
1018,1019,6,2,4,0,0,0,4,2,4,0,0,4,3,7,0.20608439646712462,0.974477958236659,0.03341288782816229,1795.7142857142858,419,209.5,83800,12570,303255.000,114757.5990090400000000000000,143626.9121180800000000000000,258384.5111271200000000000000,82361.08887288000000000000000,219455.000,644000.60,431,0.2114818449460255,0,1,2,1,0,"1,2",0.6666666666666666,0.3333333333333333,0.0,107.75,0.0,37.0,0.75,0.25,0.0,106.0,0.0,0.3333333333333333,2,0,0,0,0,0,0,0,4,2,0,0,3,1,0,0,0,0,0,0,0.0,4,106.75,4,1.0,4,107.75,4,23.0,2,4,0.3333333333333333,3
1019,1020,6,2,4,0,0,0,4,2,4,0,0,4,3,7,0.20588235294117646,0.974477958236659,0.03341288782816229,1795.7142857142858,419,209.5,83800,12570,303255.000,114757.5990090400000000000000,143626.9121180800000000000000,258384.5111271200000000000000,82361.08887288000000000000000,219455.000,644000.60,431,0.21127450980392157,0,1,2,1,0,"2,1",0.6666666666666666,0.3333333333333333,0.0,107.75,0.0,37.0,0.75,0.25,0.0,106.0,0.0,0.3333333333333333,2,0,0,0,0,0,0,0,4,2,0,0,3,1,0,0,0,0,0,0,0.0,4,106.75,4,1.0,4,107.75,4,23.0,2,4,0.3333333333333333,3
1020,1021,6,2,4,0,0,0,4,2,4,0,0,4,3,7,0.20568070519098924,0.974477958236659,0.03341288782816229,1795.7142857142858,419,209.5,83800,12570,303255.000,114757.5990090400000000000000,143626.9121180800000000000000,258384.5111271200000000000000,82361.08887288000000000000000,219455.000,644000.60,431,0.21106758080313417,0,1,2,1,0,"2,1",0.6666666666666666,0.3333333333333333,0.0,107.75,0.0,37.0,0.75,0.25,0.0,106.0,0.0,0.3333333333333333,2,0,0,0,0,0,0,0,4,2,0,0,3,1,0,0,0,0,0,0,0.0,4,106.75,4,1.0,4,107.75,4,23.0,2,4,0.3333333333333333,3
1021,1022,6,2,4,0,0,0,4,2,4,0,0,4,3,7,0.2054794520547945,0.974477958236659,0.03341288782816229,1795.7142857142858,419,209.5,83800,12570,303255.000,114757.5990090400000000000000,143626.9121180800000000000000,258384.5111271200000000000000,82361.08887288000000000000000,219455.000,644000.60,431,0.2108610567514677,0,1,2,1,0,"1,2",0.6666666666666666,0.3333333333333333,0.0,107.75,0.0,37.0,0.75,0.25,0.0,106.0,0.0,0.3333333333333333,2,0,0,0,0,0,0,0,4,2,0,0,3,1,0,0,0,0,0,0,0.0,4,106.75,4,1.0,4,107.75,4,23.0,2,4,0.3333333333333333,3
1022,1023,6,2,4,0,0,0,4,2,4,0,0,4,3,7,0.20527859237536655,0.974477958236659,0.03341288782816229,1795.7142857142858,419,209.5,83800,12570,303255.000,114757.5990090400000000000000,143626.9121180800000000000000,258384.5111271200000000000000,82361.08887288000000000000000,219455.000,644000.60,431,0.21065493646138808,0,1,2,1,0,"2,1",0.6666666666666666,0.3333333333333333,0.0,107.75,0.0,37.0,0.75,0.25,0.0,106.0,0.0,0.3333333333333333,2,0,0,0,0,0,0,0,4,2,0,0,3,1,0,0,0,0,0,0,0.0,4,106.75,4,1.0,4,107.75,4,23.0,2,4,0.3333333333333333,3
1023,1024,6,2,4,0,0,0,4,2,4,0,0,4,3,7,0.205078125,0.974477958236659,0.03341288782816229,1795.7142857142858,419,209.5,83800,12570,303255.000,114757.5990090400000000000000,143626.9121180800000000000000,258384.5111271200000000000000,82361.08887288000000000000000,219455.000,644000.60,431,0.21044921875,0,1,2,1,0,"1,2",0.6666666666666666,0.3333333333333333,0.0,107.75,0.0,37.0,0.75,0.25,0.0,106.0,0.0,0.3333333333333333,2,0,0,0,0,0,0,0,4,2,0,0,3,1,0,0,0,0,0,0,0.0,4,106.75,4,1.0,4,107.75,4,23.0,2,4,0.3333333333333333,3
1024,1025,6,2,4,0,0,0,4,2,4,0,0,4,3,7,0.20487804878048782,0.974477958236659,0.03341288782816229,1795.7142857142858,419,209.5,83800,12570,303255.000,114757.5990090400000000000000,143626.9121180800000000000000,258384.5111271200000000000000,82361.08887288000000000000000,219455.000,644000.60,431,0.21024390243902438,0,1,2,1,0,"2,1",0.6666666666666666,0.3333333333333333,0.0,107.75,0.0,37.0,0.75,0.25,0.0,106.0,0.0,0.3333333333333333,2,0,0,0,0,0,0,0,4,2,0,0,3,1,0,0,0,0,0,0,0.0,4,106.75,4,1.0,4,107.75,4,23.0,2,4,0.3333333333333333,3
1025,1026,6,2,4,0,0,0,4,2,4,0,0,4,3,7,0.2046783625730994,0.974477958236659,0.03341288782816229,1795.7142857142858,419,209.5,83800,12570,303255.000,114757.5990090400000000000000,143626.9121180800000000000000,258384.5111271200000000000000,82361.08887288000000000000000,219455.000,644000.60,431,0.21003898635477583,0,1,2,1,0,"1,2",0.6666666666666666,0.3333333333333333,0.0,107.75,0.0,37.0,0.75,0.25,0.0,106.0,0.0,0.3333333333333333,2,0,0,0,0,0,0,0,4,2,0,0,3,1,0,0,0,0,0,0,0.0,4,106.75,4,1.0,4,107.75,4,23.0,2,4,0.3333333333333333,3
1026,1027,6,2,4,0,0,0,4,2,4,0,0,4,3,7,0.2044790652385589,0.974477958236659,0.03341288782816229,1795.7142857142858,419,209.5,83800,12570,303255.000,114757.5990090400000000000000,143626.9121180800000000000000,258384.5111271200000000000000,82361.08887288000000000000000,219455.000,644000.60,431,0.2098344693281402,0,1,2,1,0,"1,2",0.6666666666666666,0.3333333333333333,0.0,107.75,0.0,37.0,0.75,0.25,0.0,106.0,0.0,0.3333333333333333,2,0,0,0,0,0,0,0,4,2,0,0,3,1,0,0,0,0,0,0,0.0,4,106.75,4,1.0,4,107.75,4,23.0,2,4,0.3333333333333333,3
1027,1028,6,2,4,0,0,0,4,2,4,0,0,4,3,7,0.20428015564202334,0.974477958236659,0.03341288782816229,1795.7142857142858,419,209.5,83800,12570,303255.000,114757.5990090400000000000000,143626.9121180800000000000000,258384.5111271200000000000000,82361.08887288000000000000000,219455.000,644000.60,431,0.20963035019455253,0,1,2,1,0,"1,2",0.6666666666666666,0.3333333333333333,0.0,107.75,0.0,37.0,0.75,0.25,0.0,106.0,0.0,0.3333333333333333,2,0,0,0,0,0,0,0,4,2,0,0,3,1,0,0,0,0,0,0,0.0,4,106.75,4,1.0,4,107.75,4,23.0,2,4,0.3333333333333333,3
1028,1029,6,2,4,0,0,0,4,2,4,0,0,4,3,7,0.20408163265306123,0.974477958236659,0.03341288782816229,1795.7142857142858,419,209.5,83800,12570,303255.000,114757.5990090400000000000000,143626.9121180800000000000000,258384.5111271200000000000000,82361.08887288000000000000000,219455.000,644000.60,431,0.20942662779397472,0,1,2,1,0,"2,1",0.6666666666666666,0.3333333333333333,0.0,107.75,0.0,37.0,0.75,0.25,0.0,106.0,0.0,0.3333333333333333,2,0,0,0,0,0,0,0,4,2,0,0,3,1,0,0,0,0,0,0,0.0,4,106.75,4,1.0,4,107.75,4,23.0,2,4,0.3333333333333333,3
1029,1030,6,2,4,0,0,0,4,2,4,0,0,4,3,7,0.20388349514563106,0.974477958236659,0.03341288782816229,1795.7142857142858,419,209.5,83800,12570,303255.000,114757.5990090400000000000000,143626.9121180800000000000000,258384.5111271200000000000000,82361.08887288000000000000000,219455.000,644000.60,431,0.2092233009708738,0,1,2,1,0,"2,1",0.6666666666666666,0.3333333333333333,0.0,107.75,0.0,37.0,0.75,0.25,0.0,106.0,0.0,0.3333333333333333,2,0,0,0,0,0,0,0,4,2,0,0,3,1,0,0,0,0,0,0,0.0,4,106.75,4,1.0,4,107.75,4,23.0,2,4,0.3333333333333333,3
1030,1031,6,2,4,0,0,0,4,2,4,0,0,4,3,7,0.20368574199806014,0.974477958236659,0.03341288782816229,1795.7142857142858,419,209.5,83800,12570,303255.000,114757.5990090400000000000000,143626.9121180800000000000000,258384.5111271200000000000000,82361.08887288000000000000000,219455.000,644000.60,431,0.2090203685741998,0,1,2,1,0,"2,1",0.6666666666666666,0.3333333333333333,0.0,107.75,0.0,37.0,0.75,0.25,0.0,106.0,0.0,0.3333333333333333,2,0,0,0,0,0,0,0,4,2,0,0,3,1,0,0,0,0,0,0,0.0,4,106.75,4,1.0,4,107.75,4,23.0,2,4,0.3333333333333333,3
1031,1032,6,2,4,0,0,0,4,2,4,0,0,4,3,7,0.20348837209302326,0.974477958236659,0.03341288782816229,1795.7142857142858,419,209.5,83800,12570,303255.000,114757.5990090400000000000000,143626.9121180800000000000000,258384.5111271200000000000000,82361.08887288000000000000000,219455.000,644000.60,431,0.20881782945736435,0,1,2,1,0,"2,1",0.6666666666666666,0.3333333333333333,0.0,107.75,0.0,37.0,0.75,0.25,0.0,106.0,0.0,0.3333333333333333,2,0,0,0,0,0,0,0,4,2,0,0,3,1,0,0,0,0,0,0,0.0,4,106.75,4,1.0,4,107.75,4,23.0,2,4,0.3333333333333333,3
1032,1033,6,2,4,0,0,0,4,2,4,0,0,4,3,7,0.2032913843175218,0.974477958236659,0.03341288782816229,1795.7142857142858,419,209.5,83800,12570,303255.000,114757.5990090400000000000000,143626.9121180800000000000000,258384.5111271200000000000000,82361.08887288000000000000000,219455.000,644000.60,431,0.20861568247821877,0,1,2,1,0,"1,2",0.6666666666666666,0.3333333333333333,0.0,107.75,0.0,37.0,0.75,0.25,0.0,106.0,0.0,0.3333333333333333,2,0,0,0,0,0,0,0,4,2,0,0,3,1,0,0,0,0,0,0,0.0,4,106.75,4,1.0,4,107.75,4,23.0,2,4,0.3333333333333333,3
1033,1034,6,2,4,0,0,0,4,2,4,0,0,4,3,7,0.20309477756286265,0.974477958236659,0.03341288782816229,1795.7142857142858,419,209.5,83800,12570,303255.000,114757.5990090400000000000000,143626.9121180800000000000000,258384.5111271200000000000000,82361.08887288000000000000000,219455.000,644000.60,431,0.20841392649903287,0,1,2,1,0,"1,2",0.6666666666666666,0.3333333333333333,0.0,107.75,0.0,37.0,0.75,0.25,0.0,106.0,0.0,0.3333333333333333,2,0,0,0,0,0,0,0,4,2,0,0,3,1,0,0,0,0,0,0,0.0,4,106.75,4,1.0,4,107.75,4,23.0,2,4,0.3333333333333333,3
1034,1035,6,2,4,0,0,0,4,2,4,0,0,4,3,7,0.2028985507246377,0.974477958236659,0.03341288782816229,1795.7142857142858,419,209.5,83800,12570,303255.000,114757.5990090400000000000000,143626.9121180800000000000000,258384.5111271200000000000000,82361.08887288000000000000000,219455.000,644000.60,431,0.20821256038647343,0,1,2,1,0,"1,2",0.6666666666666666,0.3333333333333333,0.0,107.75,0.0,37.0,0.75,0.25,0.0,106.0,0.0,0.3333333333333333,2,0,0,0,0,0,0,0,4,2,0,0,3,1,0,0,0,0,0,0,0.0,4,106.75,4,1.0,4,107.75,4,23.0,2,4,0.3333333333333333,3
1035,1036,6,2,4,0,0,0,4,2,4,0,0,4,3,7,0.20270270270270271,0.974477958236659,0.03341288782816229,1795.7142857142858,419,209.5,83800,12570,303255.000,114757.5990090400000000000000,143626.9121180800000000000000,258384.5111271200000000000000,82361.08887288000000000000000,219455.000,644000.60,431,0.208011583011583,0,1,2,1,0,"1,2",0.6666666666666666,0.3333333333333333,0.0,107.75,0.0,37.0,0.75,0.25,0.0,106.0,0.0,0.3333333333333333,2,0,0,0,0,0,0,0,4,2,0,0,3,1,0,0,0,0,0,0,0.0,4,106.75,4,1.0,4,107.75,4,23.0,2,4,0.3333333333333333,3
1036,1037,6,2,4,0,0,0,4,2,4,0,0,4,3,7,0.20250723240115717,0.974477958236659,0.03341288782816229,1795.7142857142858,419,209.5,83800,12570,303255.000,114757.5990090400000000000000,143626.9121180800000000000000,258384.5111271200000000000000,82361.08887288000000000000000,219455.000,644000.60,431,0.2078109932497589,0,1,2,1,0,"2,1",0.6666666666666666,0.3333333333333333,0.0,107.75,0.0,37.0,0.75,0.25,0.0,106.0,0.0,0.3333333333333333,2,0,0,0,0,0,0,0,4,2,0,0,3,1,0,0,0,0,0,0,0.0,4,106.75,4,1.0,4,107.75,4,23.0,2,4,0.3333333333333333,3
1037,1038,6,2,4,0,0,0,4,2,4,0,0,4,3,7,0.20231213872832368,0.974477958236659,0.03341288782816229,1795.7142857142858,419,209.5,83800,12570,303255.000,114757.5990090400000000000000,143626.9121180800000000000000,258384.5111271200000000000000,82361.08887288000000000000000,219455.000,644000.60,431,0.20761078998073218,0,1,2,1,0,"1,2",0.6666666666666666,0.3333333333333333,0.0,107.75,0.0,37.0,0.75,0.25,0.0,106.0,0.0,0.3333333333333333,2,0,0,0,0,0,0,0,4,2,0,0,3,1,0,0,0,0,0,0,0.0,4,106.75,4,1.0,4,107.75,4,23.0,2,4,0.3333333333333333,3
1038,1039,6,2,4,0,0,0,4,2,4,0,0,4,3,7,0.20211742059672763,0.974477958236659,0.03341288782816229,1795.7142857142858,419,209.5,83800,12570,303255.000,114757.5990090400000000000000,143626.9121180800000000000000,258384.5111271200000000000000,82361.08887288000000000000000,219455.000,644000.60,431,0.20741097208854667,0,1,2,1,0,"2,1",0.6666666666666666,0.3333333333333333,0.0,107.75,0.0,37.0,0.75,0.25,0.0,106.0,0.0,0.3333333333333333,2,0,0,0,0,0,0,0,4,2,0,0,3,1,0,0,0,0,0,0,0.0,4,106.75,4,1.0,4,107.75,4,23.0,2,4,0.3333333333333333,3
1039,1040,6,2,4,0,0,0,4,2,4,0,0,4,3,7,0.20192307692307693,0.974477958236659,0.03341288782816229,1795.7142857142858,419,209.5,83800,12570,303255.000,114757.5990090400000000000000,143626.9121180800000000000000,258384.5111271200000000000000,82361.08887288000000000000000,219455.000,644000.60,431,0.20721153846153847,0,1,2,1,0,"1,2",0.6666666666666666,0.3333333333333333,0.0,107.75,0.0,37.0,0.75,0.25,0.0,106.0,0.0,0.3333333333333333,2,0,0,0,0,0,0,0,4,2,0,0,3,1,0,0,0,0,0,0,0.0,4,106.75,4,1.0,4,107.75,4,23.0,2,4,0.3333333333333333,3
1040,1041,6,2,4,0,0,0,4,2,4,0,0,4,3,7,0.20172910662824206,0.974477958236659,0.03341288782816229,1795.7142857142858,419,209.5,83800,12570,303255.000,114757.5990090400000000000000,143626.9121180800000000000000,258384.5111271200000000000000,82361.08887288000000000000000,219455.000,644000.60,431,0.2070124879923151,0,1,2,1,0,"2,1",0.6666666666666666,0.3333333333333333,0.0,107.75,0.0,37.0,0.75,0.25,0.0,106.0,0.0,0.3333333333333333,2,0,0,0,0,0,0,0,4,2,0,0,3,1,0,0,0,0,0,0,0.0,4,106.75,4,1.0,4,107.75,4,23.0,2,4,0.3333333333333333,3
1041,1042,6,2,4,0,0,0,4,2,4,0,0,4,3,7,0.20153550863723607,0.974477958236659,0.03341288782816229,1795.7142857142858,419,209.5,83800,12570,303255.000,114757.5990090400000000000000,143626.9121180800000000000000,258384.5111271200000000000000,82361.08887288000000000000000,219455.000,644000.60,431,0.20681381957773512,0,1,2,1,0,"1,2",0.6666666666666666,0.3333333333333333,0.0,107.75,0.0,37.0,0.75,0.25,0.0,106.0,0.0,0.3333333333333333,2,0,0,0,0,0,0,0,4,2,0,0,3,1,0,0,0,0,0,0,0.0,4,106.75,4,1.0,4,107.75,4,23.0,2,4,0.3333333333333333,3
1042,1043,6,2,4,0,0,0,4,2,4,0,0,4,3,7,0.20134228187919465,0.974477958236659,0.03341288782816229,1795.7142857142858,419,209.5,83800,12570,303255.000,114757.5990090400000000000000,143626.9121180800000000000000,258384.5111271200000000000000,82361.08887288000000000000000,219455.000,644000.60,431,0.20661553211888783,0,1,2,1,0,"2,1",0.6666666666666666,0.3333333333333333,0.0,107.75,0.0,37.0,0.75,0.25,0.0,106.0,0.0,0.3333333333333333,2,0,0,0,0,0,0,0,4,2,0,0,3,1,0,0,0,0,0,0,0.0,4,106.75,4,1.0,4,107.75,4,23.0,2,4,0.3333333333333333,3
1043,1044,6,2,4,0,0,0,4,2,4,0,0,4,3,7,0.20114942528735633,0.974477958236659,0.03341288782816229,1795.7142857142858,419,209.5,83800,12570,303255.000,114757.5990090400000000000000,143626.9121180800000000000000,258384.5111271200000000000000,82361.08887288000000000000000,219455.000,644000.60,431,0.2064176245210728,0,1,2,1,0,"1,2",0.6666666666666666,0.3333333333333333,0.0,107.75,0.0,37.0,0.75,0.25,0.0,106.0,0.0,0.3333333333333333,2,0,0,0,0,0,0,0,4,2,0,0,3,1,0,0,0,0,0,0,0.0,4,106.75,4,1.0,4,107.75,4,23.0,2,4,0.3333333333333333,3
1044,1045,6,2,4,0,0,0,4,2,4,0,0,4,3,7,0.20095693779904306,0.974477958236659,0.03341288782816229,1795.7142857142858,419,209.5,83800,12570,303255.000,114757.5990090400000000000000,143626.9121180800000000000000,258384.5111271200000000000000,82361.08887288000000000000000,219455.000,644000.60,431,0.20622009569377991,0,1,2,1,0,"2,1",0.6666666666666666,0.3333333333333333,0.0,107.75,0.0,37.0,0.75,0.25,0.0,106.0,0.0,0.3333333333333333,2,0,0,0,0,0,0,0,4,2,0,0,3,1,0,0,0,0,0,0,0.0,4,106.75,4,1.0,4,107.75,4,23.0,2,4,0.3333333333333333,3
1045,1046,6,2,4,0,0,0,4,2,4,0,0,4,3,7,0.20076481835564053,0.974477958236659,0.03341288782816229,1795.7142857142858,419,209.5,83800,12570,303255.000,114757.5990090400000000000000,143626.9121180800000000000000,258384.5111271200000000000000,82361.08887288000000000000000,219455.000,644000.60,431,0.20602294455066922,0,1,2,1,0,"2,1",0.6666666666666666,0.3333333333333333,0.0,107.75,0.0,37.0,0.75,0.25,0.0,106.0,0.0,0.3333333333333333,2,0,0,0,0,0,0,0,4,2,0,0,3,1,0,0,0,0,0,0,0.0,4,106.75,4,1.0,4,107.75,4,23.0,2,4,0.3333333333333333,3
1046,1047,6,2,4,0,0,0,4,2,4,0,0,4,3,7,0.2005730659025788,0.974477958236659,0.03341288782816229,1795.7142857142858,419,209.5,83800,12570,303255.000,114757.5990090400000000000000,143626.9121180800000000000000,258384.5111271200000000000000,82361.08887288000000000000000,219455.000,644000.60,431,0.20582617000955108,0,1,2,1,0,"1,2",0.6666666666666666,0.3333333333333333,0.0,107.75,0.0,37.0,0.75,0.25,0.0,106.0,0.0,0.3333333333333333,2,0,0,0,0,0,0,0,4,2,0,0,3,1,0,0,0,0,0,0,0.0,4,106.75,4,1.0,4,107.75,4,23.0,2,4,0.3333333333333333,3
1047,1048,6,2,4,0,0,0,4,2,4,0,0,4,3,7,0.200381679389313,0.974477958236659,0.03341288782816229,1795.7142857142858,419,209.5,83800,12570,303255.000,114757.5990090400000000000000,143626.9121180800000000000000,258384.5111271200000000000000,82361.08887288000000000000000,219455.000,644000.60,431,0.2056297709923664,0,1,2,1,0,"2,1",0.6666666666666666,0.3333333333333333,0.0,107.75,0.0,37.0,0.75,0.25,0.0,106.0,0.0,0.3333333333333333,2,0,0,0,0,0,0,0,4,2,0,0,3,1,0,0,0,0,0,0,0.0,4,106.75,4,1.0,4,107.75,4,23.0,2,4,0.3333333333333333,3
1048,1049,6,2,4,0,0,0,4,2,4,0,0,4,3,7,0.2001906577693041,0.974477958236659,0.03341288782816229,1795.7142857142858,419,209.5,83800,12570,303255.000,114757.5990090400000000000000,143626.9121180800000000000000,258384.5111271200000000000000,82361.08887288000000000000000,219455.000,644000.60,431,0.20543374642516682,0,1,2,1,0,"1,2",0.6666666666666666,0.3333333333333333,0.0,107.75,0.0,37.0,0.75,0.25,0.0,106.0,0.0,0.3333333333333333,2,0,0,0,0,0,0,0,4,2,0,0,3,1,0,0,0,0,0,0,0.0,4,106.75,4,1.0,4,107.75,4,23.0,2,4,0.3333333333333333,3
1049,1050,6,2,4,0,0,0,4,2,4,0,0,4,3,7,0.2,0.974477958236659,0.03341288782816229,1795.7142857142858,419,209.5,83800,12570,303255.000,114757.5990090400000000000000,143626.9121180800000000000000,258384.5111271200000000000000,82361.08887288000000000000000,219455.000,644000.60,431,0.20523809523809525,0,1,2,1,0,"2,1",0.6666666666666666,0.3333333333333333,0.0,107.75,0.0,37.0,0.75,0.25,0.0,106.0,0.0,0.3333333333333333,2,0,0,0,0,0,0,0,4,2,0,0,3,1,0,0,0,0,0,0,0.0,4,106.75,4,1.0,4,107.75,4,23.0,2,4,0.3333333333333333,3
1050,1051,6,2,4,0,0,0,4,2,4,0,0,4,3,7,0.19980970504281637,0.974477958236659,0.03341288782816229,1795.7142857142858,419,209.5,83800,12570,303255.000,114757.5990090400000000000000,143626.9121180800000000000000,258384.5111271200000000000000,82361.08887288000000000000000,219455.000,644000.60,431,0.2050428163653663,0,1,2,1,0,"1,2",0.6666666666666666,0.3333333333333333,0.0,107.75,0.0,37.0,0.75,0.25,0.0,106.0,0.0,0.3333333333333333,2,0,0,0,0,0,0,0,4,2,0,0,3,1,0,0,0,0,0,0,0.0,4,106.75,4,1.0,4,107.75,4,23.0,2,4,0.3333333333333333,3
1051,1052,6,2,4,0,0,0,4,2,4,0,0,4,3,7,0.19961977186311786,0.974477958236659,0.03341288782816229,1795.7142857142858,419,209.5,83800,12570,303255.000,114757.5990090400000000000000,143626.9121180800000000000000,258384.5111271200000000000000,82361.08887288000000000000000,219455.000,644000.60,431,0.20484790874524714,0,1,2,1,0,"1,2",0.6666666666666666,0.3333333333333333,0.0,107.75,0.0,37.0,0.75,0.25,0.0,106.0,0.0,0.3333333333333333,2,0,0,0,0,0,0,0,4,2,0,0,3,1,0,0,0,0,0,0,0.0,4,106.75,4,1.0,4,107.75,4,23.0,2,4,0.3333333333333333,3
1052,1053,6,2,4,0,0,0,4,2,4,0,0,4,3,7,0.19943019943019943,0.974477958236659,0.03341288782816229,1795.7142857142858,419,209.5,83800,12570,303255.000,114757.5990090400000000000000,143626.9121180800000000000000,258384.5111271200000000000000,82361.08887288000000000000000,219455.000,644000.60,431,0.204653371320038,0,1,2,1,0,"1,2",0.6666666666666666,0.3333333333333333,0.0,107.75,0.0,37.0,0.75,0.25,0.0,106.0,0.0,0.3333333333333333,2,0,0,0,0,0,0,0,4,2,0,0,3,1,0,0,0,0,0,0,0.0,4,106.75,4,1.0,4,107.75,4,23.0,2,4,0.3333333333333333,3
1053,1054,6,2,4,0,0,0,4,2,4,0,0,4,3,7,0.19924098671726756,0.974477958236659,0.03341288782816229,1795.7142857142858,419,209.5,83800,12570,303255.000,114757.5990090400000000000000,143626.9121180800000000000000,258384.5111271200000000000000,82361.08887288000000000000000,219455.000,644000.60,431,0.20445920303605314,0,1,2,1,0,"1,2",0.6666666666666666,0.3333333333333333,0.0,107.75,0.0,37.0,0.75,0.25,0.0,106.0,0.0,0.3333333333333333,2,0,0,0,0,0,0,0,4,2,0,0,3,1,0,0,0,0,0,0,0.0,4,106.75,4,1.0,4,107.75,4,23.0,2,4,0.3333333333333333,3
1054,1055,6,2,4,0,0,0,4,2,4,0,0,4,3,7,0.1990521327014218,0.974477958236659,0.03341288782816229,1795.7142857142858,419,209.5,83800,12570,303255.000,114757.5990090400000000000000,143626.9121180800000000000000,258384.5111271200000000000000,82361.08887288000000000000000,219455.000,644000.60,431,0.2042654028436019,0,1,2,1,0,"2,1",0.6666666666666666,0.3333333333333333,0.0,107.75,0.0,37.0,0.75,0.25,0.0,106.0,0.0,0.3333333333333333,2,0,0,0,0,0,0,0,4,2,0,0,3,1,0,0,0,0,0,0,0.0,4,106.75,4,1.0,4,107.75,4,23.0,2,4,0.3333333333333333,3
1055,1056,6,2,4,0,0,0,4,2,4,0,0,4,3,7,0.19886363636363635,0.974477958236659,0.03341288782816229,1795.7142857142858,419,209.5,83800,12570,303255.000,114757.5990090400000000000000,143626.9121180800000000000000,258384.5111271200000000000000,82361.08887288000000000000000,219455.000,644000.60,431,0.2040719696969697,0,1,2,1,0,"1,2",0.6666666666666666,0.3333333333333333,0.0,107.75,0.0,37.0,0.75,0.25,0.0,106.0,0.0,0.3333333333333333,2,0,0,0,0,0,0,0,4,2,0,0,3,1,0,0,0,0,0,0,0.0,4,106.75,4,1.0,4,107.75,4,23.0,2,4,0.3333333333333333,3
1056,1057,6,2,4,0,0,0,4,2,4,0,0,4,3,7,0.1986754966887417,0.974477958236659,0.03341288782816229,1795.7142857142858,419,209.5,83800,12570,303255.000,114757.5990090400000000000000,143626.9121180800000000000000,258384.5111271200000000000000,82361.08887288000000000000000,219455.000,644000.60,431,0.20387890255439925,0,1,2,1,0,"1,2",0.6666666666666666,0.3333333333333333,0.0,107.75,0.0,37.0,0.75,0.25,0.0,106.0,0.0,0.3333333333333333,2,0,0,0,0,0,0,0,4,2,0,0,3,1,0,0,0,0,0,0,0.0,4,106.75,4,1.0,4,107.75,4,23.0,2,4,0.3333333333333333,3
1057,1058,6,2,4,0,0,0,4,2,4,0,0,4,3,7,0.19848771266540643,0.974477958236659,0.03341288782816229,1795.7142857142858,419,209.5,83800,12570,303255.000,114757.5990090400000000000000,143626.9121180800000000000000,258384.5111271200000000000000,82361.08887288000000000000000,219455.000,644000.60,431,0.20368620037807184,0,1,2,1,0,"1,2",0.6666666666666666,0.3333333333333333,0.0,107.75,0.0,37.0,0.75,0.25,0.0,106.0,0.0,0.3333333333333333,2,0,0,0,0,0,0,0,4,2,0,0,3,1,0,0,0,0,0,0,0.0,4,106.75,4,1.0,4,107.75,4,23.0,2,4,0.3333333333333333,3
1058,1059,6,2,4,0,0,0,4,2,4,0,0,4,3,7,0.19830028328611898,0.974477958236659,0.03341288782816229,1795.7142857142858,419,209.5,83800,12570,303255.000,114757.5990090400000000000000,143626.9121180800000000000000,258384.5111271200000000000000,82361.08887288000000000000000,219455.000,644000.60,431,0.20349386213408877,0,1,2,1,0,"2,1",0.6666666666666666,0.3333333333333333,0.0,107.75,0.0,37.0,0.75,0.25,0.0,106.0,0.0,0.3333333333333333,2,0,0,0,0,0,0,0,4,2,0,0,3,1,0,0,0,0,0,0,0.0,4,106.75,4,1.0,4,107.75,4,23.0,2,4,0.3333333333333333,3
1059,1060,6,2,4,0,0,0,4,2,4,0,0,4,3,7,0.1981132075471698,0.974477958236659,0.03341288782816229,1795.7142857142858,419,209.5,83800,12570,303255.000,114757.5990090400000000000000,143626.9121180800000000000000,258384.5111271200000000000000,82361.08887288000000000000000,219455.000,644000.60,431,0.20330188679245284,0,1,2,1,0,"2,1",0.6666666666666666,0.3333333333333333,0.0,107.75,0.0,37.0,0.75,0.25,0.0,106.0,0.0,0.3333333333333333,2,0,0,0,0,0,0,0,4,2,0,0,3,1,0,0,0,0,0,0,0.0,4,106.75,4,1.0,4,107.75,4,23.0,2,4,0.3333333333333333,3
1060,1061,6,2,4,0,0,0,4,2,4,0,0,4,3,7,0.19792648444863337,0.974477958236659,0.03341288782816229,1795.7142857142858,419,209.5,83800,12570,303255.000,114757.5990090400000000000000,143626.9121180800000000000000,258384.5111271200000000000000,82361.08887288000000000000000,219455.000,644000.60,431,0.20311027332704995,0,1,2,1,0,"1,2",0.6666666666666666,0.3333333333333333,0.0,107.75,0.0,37.0,0.75,0.25,0.0,106.0,0.0,0.3333333333333333,2,0,0,0,0,0,0,0,4,2,0,0,3,1,0,0,0,0,0,0,0.0,4,106.75,4,1.0,4,107.75,4,23.0,2,4,0.3333333333333333,3
1061,1062,6,2,4,0,0,0,4,2,4,0,0,4,3,7,0.1977401129943503,0.974477958236659,0.03341288782816229,1795.7142857142858,419,209.5,83800,12570,303255.000,114757.5990090400000000000000,143626.9121180800000000000000,258384.5111271200000000000000,82361.08887288000000000000000,219455.000,644000.60,431,0.2029190207156309,0,1,2,1,0,"2,1",0.6666666666666666,0.3333333333333333,0.0,107.75,0.0,37.0,0.75,0.25,0.0,106.0,0.0,0.3333333333333333,2,0,0,0,0,0,0,0,4,2,0,0,3,1,0,0,0,0,0,0,0.0,4,106.75,4,1.0,4,107.75,4,23.0,2,4,0.3333333333333333,3
1062,1063,6,2,4,0,0,0,4,2,4,0,0,4,3,7,0.1975540921919097,0.974477958236659,0.03341288782816229,1795.7142857142858,419,209.5,83800,12570,303255.000,114757.5990090400000000000000,143626.9121180800000000000000,258384.5111271200000000000000,82361.08887288000000000000000,219455.000,644000.60,431,0.20272812793979303,0,1,2,1,0,"2,1",0.6666666666666666,0.3333333333333333,0.0,107.75,0.0,37.0,0.75,0.25,0.0,106.0,0.0,0.3333333333333333,2,0,0,0,0,0,0,0,4,2,0,0,3,1,0,0,0,0,0,0,0.0,4,106.75,4,1.0,4,107.75,4,23.0,2,4,0.3333333333333333,3
1063,1064,6,2,4,0,0,0,4,2,4,0,0,4,3,7,0.19736842105263158,0.974477958236659,0.03341288782816229,1795.7142857142858,419,209.5,83800,12570,303255.000,114757.5990090400000000000000,143626.9121180800000000000000,258384.5111271200000000000000,82361.08887288000000000000000,219455.000,644000.60,431,0.2025375939849624,0,1,2,1,0,"1,2",0.6666666666666666,0.3333333333333333,0.0,107.75,0.0,37.0,0.75,0.25,0.0,106.0,0.0,0.3333333333333333,2,0,0,0,0,0,0,0,4,2,0,0,3,1,0,0,0,0,0,0,0.0,4,106.75,4,1.0,4,107.75,4,23.0,2,4,0.3333333333333333,3
1064,1065,6,2,4,0,0,0,4,2,4,0,0,4,3,7,0.19718309859154928,0.974477958236659,0.03341288782816229,1795.7142857142858,419,209.5,83800,12570,303255.000,114757.5990090400000000000000,143626.9121180800000000000000,258384.5111271200000000000000,82361.08887288000000000000000,219455.000,644000.60,431,0.20234741784037558,0,1,2,1,0,"1,2",0.6666666666666666,0.3333333333333333,0.0,107.75,0.0,37.0,0.75,0.25,0.0,106.0,0.0,0.3333333333333333,2,0,0,0,0,0,0,0,4,2,0,0,3,1,0,0,0,0,0,0,0.0,4,106.75,4,1.0,4,107.75,4,23.0,2,4,0.3333333333333333,3
1065,1066,6,2,4,0,0,0,4,2,4,0,0,4,3,7,0.19699812382739212,0.974477958236659,0.03341288782816229,1795.7142857142858,419,209.5,83800,12570,303255.000,114757.5990090400000000000000,143626.9121180800000000000000,258384.5111271200000000000000,82361.08887288000000000000000,219455.000,644000.60,431,0.20215759849906192,0,1,2,1,0,"2,1",0.6666666666666666,0.3333333333333333,0.0,107.75,0.0,37.0,0.75,0.25,0.0,106.0,0.0,0.3333333333333333,2,0,0,0,0,0,0,0,4,2,0,0,3,1,0,0,0,0,0,0,0.0,4,106.75,4,1.0,4,107.75,4,23.0,2,4,0.3333333333333333,3
1066,1067,6,2,4,0,0,0,4,2,4,0,0,4,3,7,0.19681349578256793,0.974477958236659,0.03341288782816229,1795.7142857142858,419,209.5,83800,12570,303255.000,114757.5990090400000000000000,143626.9121180800000000000000,258384.5111271200000000000000,82361.08887288000000000000000,219455.000,644000.60,431,0.20196813495782567,0,1,2,1,0,"2,1",0.6666666666666666,0.3333333333333333,0.0,107.75,0.0,37.0,0.75,0.25,0.0,106.0,0.0,0.3333333333333333,2,0,0,0,0,0,0,0,4,2,0,0,3,1,0,0,0,0,0,0,0.0,4,106.75,4,1.0,4,107.75,4,23.0,2,4,0.3333333333333333,3
1067,1068,6,2,4,0,0,0,4,2,4,0,0,4,3,7,0.19662921348314605,0.974477958236659,0.03341288782816229,1795.7142857142858,419,209.5,83800,12570,303255.000,114757.5990090400000000000000,143626.9121180800000000000000,258384.5111271200000000000000,82361.08887288000000000000000,219455.000,644000.60,431,0.20177902621722846,0,1,2,1,0,"1,2",0.6666666666666666,0.3333333333333333,0.0,107.75,0.0,37.0,0.75,0.25,0.0,106.0,0.0,0.3333333333333333,2,0,0,0,0,0,0,0,4,2,0,0,3,1,0,0,0,0,0,0,0.0,4,106.75,4,1.0,4,107.75,4,23.0,2,4,0.3333333333333333,3
1068,1069,6,2,4,0,0,0,4,2,4,0,0,4,3,7,0.19644527595884004,0.974477958236659,0.03341288782816229,1795.7142857142858,419,209.5,83800,12570,303255.000,114757.5990090400000000000000,143626.9121180800000000000000,258384.5111271200000000000000,82361.08887288000000000000000,219455.000,644000.60,431,0.20159027128157156,0,1,2,1,0,"2,1",0.6666666666666666,0.3333333333333333,0.0,107.75,0.0,37.0,0.75,0.25,0.0,106.0,0.0,0.3333333333333333,2,0,0,0,0,0,0,0,4,2,0,0,3,1,0,0,0,0,0,0,0.0,4,106.75,4,1.0,4,107.75,4,23.0,2,4,0.3333333333333333,3
1069,1070,6,2,4,0,0,0,4,2,4,0,0,4,3,7,0.19626168224299068,0.974477958236659,0.03341288782816229,1795.7142857142858,419,209.5,83800,12570,303255.000,114757.5990090400000000000000,143626.9121180800000000000000,258384.5111271200000000000000,82361.08887288000000000000000,219455.000,644000.60,431,0.2014018691588785,0,1,2,1,0,"1,2",0.6666666666666666,0.3333333333333333,0.0,107.75,0.0,37.0,0.75,0.25,0.0,106.0,0.0,0.3333333333333333,2,0,0,0,0,0,0,0,4,2,0,0,3,1,0,0,0,0,0,0,0.0,4,106.75,4,1.0,4,107.75,4,23.0,2,4,0.3333333333333333,3
1070,1071,6,2,4,0,0,0,4,2,4,0,0,4,3,7,0.19607843137254902,0.974477958236659,0.03341288782816229,1795.7142857142858,419,209.5,83800,12570,303255.000,114757.5990090400000000000000,143626.9121180800000000000000,258384.5111271200000000000000,82361.08887288000000000000000,219455.000,644000.60,431,0.2012138188608777,0,1,2,1,0,"2,1",0.6666666666666666,0.3333333333333333,0.0,107.75,0.0,37.0,0.75,0.25,0.0,106.0,0.0,0.3333333333333333,2,0,0,0,0,0,0,0,4,2,0,0,3,1,0,0,0,0,0,0,0.0,4,106.75,4,1.0,4,107.75,4,23.0,2,4,0.3333333333333333,3
1071,1072,7,2,5,0,1,0,4,2,4,1,1,4,3,7,0.19589552238805968,0.9722222222222222,0.03341288782816229,1795.7142857142858,419,209.5,83800,12570,303255.000,114757.5990090400000000000000,143626.9121180800000000000000,258384.5111271200000000000000,82361.08887288000000000000000,219455.000,644000.60,432,0.20149253731343283,0,1,2,1,0,"2,1",0.5714285714285714,0.2857142857142857,0.14285714285714285,107.75,0.0,37.0,0.6,0.2,0.2,106.0,0.0,0.3333333333333333,1,1,0,0,0,0,1,0,4,2,1,0,3,1,1,0,0,1,0,0,0.0,5,106.75,4,1.0,4,107.75,4,23.0,2,4,0.3333333333333333,3
1072,1073,7,2,5,0,1,0,4,2,4,1,1,4,3,7,0.195712954333644,0.9699769053117783,0.03333333333333333,1800.0,420,210.0,84000,12600,303255.000,114757.5990090400000000000000,143626.9121180800000000000000,258384.5111271200000000000000,82361.08887288000000000000000,219255.000,644000.60,433,0.20177073625349487,0,1,2,1,0,"2,1",0.5714285714285714,0.2857142857142857,0.14285714285714285,107.75,0.0,37.0,0.6,0.2,0.2,106.0,0.0,0.3333333333333333,1,1,0,0,0,0,1,0,4,2,1,0,3,1,1,0,0,1,0,0,0.0,5,106.75,4,1.0,4,107.75,4,23.0,2,4,0.3333333333333333,3
1073,1074,7,2,5,0,1,0,4,2,4,1,1,4,3,7,0.19553072625698326,0.967741935483871,0.0332541567695962,1804.2857142857142,421,210.5,84200,12630,303255.000,114757.5990090400000000000000,143626.9121180800000000000000,258384.5111271200000000000000,82361.08887288000000000000000,219055.000,644000.60,434,0.20204841713221602,0,1,2,1,0,"1,2",0.5714285714285714,0.2857142857142857,0.14285714285714285,107.75,0.0,37.0,0.6,0.2,0.2,106.0,0.0,0.3333333333333333,1,1,0,0,0,0,1,0,4,2,1,0,3,1,1,0,0,1,0,0,0.0,5,106.75,4,1.0,4,107.75,4,23.0,2,4,0.3333333333333333,3
1074,1075,7,2,5,0,1,0,4,2,4,1,1,4,3,7,0.19534883720930232,0.9655172413793104,0.03317535545023697,1808.5714285714287,422,211.0,84400,12660,303255.000,114757.5990090400000000000000,143626.9121180800000000000000,258384.5111271200000000000000,82361.08887288000000000000000,218855.000,644000.60,435,0.20232558139534884,0,1,2,1,0,"2,1",0.5714285714285714,0.2857142857142857,0.14285714285714285,107.75,0.0,37.0,0.6,0.2,0.2,106.0,0.0,0.3333333333333333,1,1,0,0,0,0,1,0,4,2,1,0,3,1,1,0,0,1,0,0,0.0,5,106.75,4,1.0,4,107.75,4,23.0,2,4,0.3333333333333333,3
1075,1076,7,2,5,0,1,0,4,2,4,1,1,4,3,7,0.19516728624535315,0.963302752293578,0.03309692671394799,1812.857142857143,423,211.5,84600,12690,303255.000,114757.5990090400000000000000,143626.9121180800000000000000,258384.5111271200000000000000,82361.08887288000000000000000,218655.000,644000.60,436,0.20260223048327136,0,1,2,1,0,"2,1",0.5714285714285714,0.2857142857142857,0.14285714285714285,107.75,0.0,37.0,0.6,0.2,0.2,106.0,0.0,0.3333333333333333,1,1,0,0,0,0,1,0,4,2,1,0,3,1,1,0,0,1,0,0,0.0,5,106.75,4,1.0,4,107.75,4,23.0,2,4,0.3333333333333333,3
1076,1077,7,2,5,0,1,0,4,2,4,1,1,4,3,7,0.19498607242339833,0.9610983981693364,0.0330188679245283,1817.142857142857,424,212.0,84800,12720,303255.000,114757.5990090400000000000000,143626.9121180800000000000000,258384.5111271200000000000000,82361.08887288000000000000000,218455.000,644000.60,437,0.20287836583101207,0,1,2,1,0,"2,1",0.5714285714285714,0.2857142857142857,0.14285714285714285,107.75,0.0,37.0,0.6,0.2,0.2,106.0,0.0,0.3333333333333333,1,1,0,0,0,0,1,0,4,2,1,0,3,1,1,0,0,1,0,0,0.0,5,106.75,4,1.0,4,107.75,4,23.0,2,4,0.3333333333333333,3
1077,1078,7,2,5,0,1,0,4,2,4,1,1,4,3,7,0.19480519480519481,0.9589041095890412,0.03294117647058824,1821.4285714285713,425,212.5,85000,12750,303255.000,114757.5990090400000000000000,143626.9121180800000000000000,258384.5111271200000000000000,82361.08887288000000000000000,218255.000,644000.60,438,0.20315398886827457,0,1,2,1,0,"2,1",0.5714285714285714,0.2857142857142857,0.14285714285714285,107.75,0.0,37.0,0.6,0.2,0.2,106.0,0.0,0.3333333333333333,1,1,0,0,0,0,1,0,4,2,1,0,3,1,1,0,0,1,0,0,0.0,5,106.75,4,1.0,4,107.75,4,23.0,2,4,0.3333333333333333,3
1078,1079,7,2,5,0,1,0,4,2,4,1,1,4,3,7,0.19462465245597774,0.9567198177676538,0.03286384976525822,1825.7142857142858,426,213.0,85200,12780,303255.000,114757.5990090400000000000000,143626.9121180800000000000000,258384.5111271200000000000000,82361.08887288000000000000000,218055.000,644000.60,439,0.20342910101946246,0,1,2,1,0,"1,2",0.5714285714285714,0.2857142857142857,0.14285714285714285,107.75,0.0,37.0,0.6,0.2,0.2,106.0,0.0,0.3333333333333333,1,1,0,0,0,0,1,0,4,2,1,0,3,1,1,0,0,1,0,0,0.0,5,106.75,4,1.0,4,107.75,4,23.0,2,4,0.3333333333333333,3
1079,1080,7,2,5,0,1,0,4,2,4,1,1,4,3,7,0.19444444444444445,0.9545454545454546,0.03278688524590164,1830.0,427,213.5,85400,12810,303255.000,114757.5990090400000000000000,143626.9121180800000000000000,258384.5111271200000000000000,82361.08887288000000000000000,217855.000,644000.60,440,0.2037037037037037,0,1,2,1,0,"2,1",0.5714285714285714,0.2857142857142857,0.14285714285714285,107.75,0.0,37.0,0.6,0.2,0.2,106.0,0.0,0.3333333333333333,1,1,0,0,0,0,1,0,4,2,1,0,3,1,1,0,0,1,0,0,0.0,5,106.75,4,1.0,4,107.75,4,23.0,2,4,0.3333333333333333,3
1080,1081,7,2,5,0,1,0,4,2,4,1,1,4,3,7,0.1942645698427382,0.9523809523809524,0.03271028037383177,1834.2857142857142,428,214.0,85600,12840,303255.000,114757.5990090400000000000000,143626.9121180800000000000000,258384.5111271200000000000000,82361.08887288000000000000000,217655.000,644000.60,441,0.20397779833487512,0,1,2,1,0,"2,1",0.5714285714285714,0.2857142857142857,0.14285714285714285,107.75,0.0,37.0,0.6,0.2,0.2,106.0,0.0,0.3333333333333333,1,1,0,0,0,0,1,0,4,2,1,0,3,1,1,0,0,1,0,0,0.0,5,106.75,4,1.0,4,107.75,4,23.0,2,4,0.3333333333333333,3
1081,1082,7,2,5,0,1,0,4,2,4,1,1,4,3,7,0.19408502772643252,0.9502262443438915,0.03263403263403263,1838.5714285714287,429,214.5,85800,12870,303255.000,114757.5990090400000000000000,143626.9121180800000000000000,258384.5111271200000000000000,82361.08887288000000000000000,217455.000,644000.60,442,0.20425138632162662,0,1,2,1,0,"2,1",0.5714285714285714,0.2857142857142857,0.14285714285714285,107.75,0.0,37.0,0.6,0.2,0.2,106.0,0.0,0.3333333333333333,1,1,0,0,0,0,1,0,4,2,1,0,3,1,1,0,0,1,0,0,0.0,5,106.75,4,1.0,4,107.75,4,23.0,2,4,0.3333333333333333,3
1082,1083,7,2,5,0,1,0,4,2,4,1,1,4,3,7,0.19390581717451522,0.9480812641083521,0.03255813953488372,1842.857142857143,430,215.0,86000,12900,303255.000,114757.5990090400000000000000,143626.9121180800000000000000,258384.5111271200000000000000,82361.08887288000000000000000,217255.000,644000.60,443,0.20452446906740535,0,1,2,1,0,"1,2",0.5714285714285714,0.2857142857142857,0.14285714285714285,107.75,0.0,37.0,0.6,0.2,0.2,106.0,0.0,0.3333333333333333,1,1,0,0,0,0,1,0,4,2,1,0,3,1,1,0,0,1,0,0,0.0,5,106.75,4,1.0,4,107.75,4,23.0,2,4,0.3333333333333333,3
1083,1084,7,2,5,0,1,0,4,2,4,1,1,4,3,7,0.1937269372693727,0.9459459459459459,0.03248259860788863,1847.142857142857,431,215.5,86200,12930,303255.000,114757.5990090400000000000000,143626.9121180800000000000000,258384.5111271200000000000000,82361.08887288000000000000000,217055.000,644000.60,444,0.2047970479704797,0,1,2,1,0,"1,2",0.5714285714285714,0.2857142857142857,0.14285714285714285,107.75,0.0,37.0,0.6,0.2,0.2,106.0,0.0,0.3333333333333333,1,1,0,0,0,0,0,1,4,2,1,0,3,1,1,0,0,1,0,0,0.0,5,106.75,4,1.0,4,107.75,4,23.0,2,4,0.3333333333333333,3
1084,1085,7,2,5,0,1,0,4,2,4,1,1,4,3,7,0.19354838709677422,0.9438202247191011,0.032407407407407406,1851.4285714285713,432,216.0,86400,12960,303255.000,114757.5990090400000000000000,143626.9121180800000000000000,258384.5111271200000000000000,82361.08887288000000000000000,216855.000,644000.60,445,0.20506912442396313,0,1,2,1,0,"2,1",0.5714285714285714,0.2857142857142857,0.14285714285714285,107.75,0.0,37.0,0.6,0.2,0.2,106.0,0.0,0.3333333333333333,1,1,0,0,0,0,0,1,4,2,1,0,3,1,1,0,0,1,0,0,0.0,5,106.75,4,1.0,4,107.75,4,23.0,2,4,0.3333333333333333,3
1085,1086,7,2,5,0,1,0,4,2,4,1,1,4,3,7,0.19337016574585633,0.9417040358744394,0.03233256351039261,1855.7142857142858,433,216.5,86600,12990,303255.000,114757.5990090400000000000000,143626.9121180800000000000000,258384.5111271200000000000000,82361.08887288000000000000000,216655.000,644000.60,446,0.20534069981583794,0,1,2,1,0,"2,1",0.5714285714285714,0.2857142857142857,0.14285714285714285,107.75,0.0,37.0,0.6,0.2,0.2,106.0,0.0,0.3333333333333333,1,1,0,0,0,0,0,1,4,2,1,0,3,1,1,0,0,1,0,0,0.0,5,106.75,4,1.0,4,107.75,4,23.0,2,4,0.3333333333333333,3
1086,1087,7,2,5,0,1,0,4,2,4,1,1,4,3,7,0.19319227230910763,0.9395973154362416,0.03225806451612903,1860.0,434,217.0,86800,13020,303255.000,114757.5990090400000000000000,143626.9121180800000000000000,258384.5111271200000000000000,82361.08887288000000000000000,216455.000,644000.60,447,0.20561177552897883,0,1,2,1,0,"1,2",0.5714285714285714,0.2857142857142857,0.14285714285714285,107.75,0.0,37.0,0.6,0.2,0.2,106.0,0.0,0.3333333333333333,1,1,0,0,0,0,0,1,4,2,1,0,3,1,1,0,0,1,0,0,0.0,5,106.75,4,1.0,4,107.75,4,23.0,2,4,0.3333333333333333,3
1087,1088,7,2,5,0,1,0,4,2,4,1,1,4,3,7,0.19301470588235295,0.9375,0.03218390804597701,1864.2857142857142,435,217.5,87000,13050,303255.000,114757.5990090400000000000000,143626.9121180800000000000000,258384.5111271200000000000000,82361.08887288000000000000000,216255.000,644000.60,448,0.20588235294117646,0,1,2,1,0,"1,2",0.5714285714285714,0.2857142857142857,0.14285714285714285,107.75,0.0,37.0,0.6,0.2,0.2,106.0,0.0,0.3333333333333333,1,1,0,0,0,0,0,1,4,2,1,0,3,1,1,0,0,1,0,0,0.0,5,106.75,4,1.0,4,107.75,4,23.0,2,4,0.3333333333333333,3
1088,1089,7,2,5,0,1,0,4,2,4,1,1,4,3,7,0.1928374655647383,0.9354120267260579,0.03211009174311927,1868.5714285714287,436,218.0,87200,13080,303255.000,114757.5990090400000000000000,143626.9121180800000000000000,258384.5111271200000000000000,82361.08887288000000000000000,216055.000,644000.60,449,0.2061524334251607,0,1,2,1,0,"1,2",0.5714285714285714,0.2857142857142857,0.14285714285714285,107.75,0.0,37.0,0.6,0.2,0.2,106.0,0.0,0.3333333333333333,1,1,0,0,0,0,0,1,4,2,1,0,3,1,1,0,0,1,0,0,0.0,5,106.75,4,1.0,4,107.75,4,23.0,2,4,0.3333333333333333,3
1089,1090,7,2,5,0,1,0,4,2,4,1,1,4,3,7,0.19266055045871558,0.9333333333333333,0.032036613272311214,1872.857142857143,437,218.5,87400,13110,303255.000,114757.5990090400000000000000,143626.9121180800000000000000,258384.5111271200000000000000,82361.08887288000000000000000,215855.000,644000.60,450,0.20642201834862386,0,1,2,1,0,"2,1",0.5714285714285714,0.2857142857142857,0.14285714285714285,107.75,0.0,37.0,0.6,0.2,0.2,106.0,0.0,0.3333333333333333,1,1,0,0,0,0,0,1,4,2,1,0,3,1,1,0,0,1,0,0,0.0,5,106.75,4,1.0,4,107.75,4,23.0,2,4,0.3333333333333333,3
1090,1091,7,2,5,0,1,0,4,2,4,1,1,4,3,7,0.1924839596700275,0.9312638580931264,0.0319634703196347,1877.142857142857,438,219.0,87600,13140,303255.000,114757.5990090400000000000000,143626.9121180800000000000000,258384.5111271200000000000000,82361.08887288000000000000000,215655.000,644000.60,451,0.20669110907424382,0,1,2,1,0,"1,2",0.5714285714285714,0.2857142857142857,0.14285714285714285,107.75,0.0,37.0,0.6,0.2,0.2,106.0,0.0,0.3333333333333333,1,1,0,0,0,0,0,1,4,2,1,0,3,1,1,0,0,1,0,0,0.0,5,106.75,4,1.0,4,107.75,4,23.0,2,4,0.3333333333333333,3
1091,1092,7,2,5,0,1,0,4,2,4,1,1,4,3,7,0.19230769230769232,0.9292035398230089,0.03189066059225513,1881.4285714285713,439,219.5,87800,13170,303255.000,114757.5990090400000000000000,143626.9121180800000000000000,258384.5111271200000000000000,82361.08887288000000000000000,215455.000,644000.60,452,0.20695970695970695,0,1,2,1,0,"2,1",0.5714285714285714,0.2857142857142857,0.14285714285714285,107.75,0.0,37.0,0.6,0.2,0.2,106.0,0.0,0.3333333333333333,1,1,0,0,0,0,0,1,4,2,1,0,3,1,1,0,0,1,0,0,0.0,5,106.75,4,1.0,4,107.75,4,23.0,2,4,0.3333333333333333,3
1092,1093,7,2,5,0,1,0,4,2,4,1,1,4,3,7,0.19213174748398903,0.9271523178807948,0.031818181818181815,1885.7142857142858,440,220.0,88000,13200,303255.000,114757.5990090400000000000000,143626.9121180800000000000000,258384.5111271200000000000000,82361.08887288000000000000000,215255.000,644000.60,453,0.20722781335773102,0,1,2,1,0,"1,2",0.5714285714285714,0.2857142857142857,0.14285714285714285,107.75,0.0,37.0,0.6,0.2,0.2,106.0,0.0,0.3333333333333333,1,0,1,0,0,0,0,1,4,2,1,0,3,1,1,0,0,1,0,0,0.0,5,106.75,4,1.0,4,107.75,4,23.0,2,4,0.3333333333333333,3
1093,1094,7,2,5,0,1,0,4,2,4,1,1,4,3,7,0.1919561243144424,0.9251101321585904,0.031818181818181815,1885.7142857142858,440,220.0,88000,13200,303255.000,114757.5990090400000000000000,143626.9121180800000000000000,258384.5111271200000000000000,82361.08887288000000000000000,215255.000,644000.60,454,0.20749542961608775,0,2,2,1,0,"2,1",0.5714285714285714,0.2857142857142857,0.14285714285714285,107.75,0.0,37.0,0.6,0.2,0.2,106.0,0.0,0.3333333333333333,1,0,1,0,0,0,0,1,4,2,1,0,3,1,1,0,0,1,0,0,0.0,5,106.75,4,1.0,4,107.75,4,23.0,2,4,0.3333333333333333,3
1094,1095,7,2,5,0,1,0,4,2,4,1,1,4,3,7,0.1917808219178082,0.9230769230769231,0.031818181818181815,1885.7142857142858,440,220.0,88000,13200,303255.000,114757.5990090400000000000000,143626.9121180800000000000000,258384.5111271200000000000000,82361.08887288000000000000000,215255.000,644000.60,455,0.20776255707762556,0,3,2,1,0,"1,2",0.5714285714285714,0.2857142857142857,0.14285714285714285,107.75,0.0,37.0,0.6,0.2,0.2,106.0,0.0,0.3333333333333333,1,0,1,0,0,0,0,1,4,2,1,0,3,1,1,0,0,1,0,0,0.0,5,106.75,4,1.0,4,107.75,4,23.0,2,4,0.3333333333333333,3
1095,1096,7,2,5,0,1,0,4,2,4,1,1,4,3,7,0.1916058394160584,0.9210526315789475,0.031818181818181815,1885.7142857142858,440,220.0,88000,13200,303255.000,114757.5990090400000000000000,143626.9121180800000000000000,258384.5111271200000000000000,82361.08887288000000000000000,215255.000,644000.60,456,0.20802919708029197,0,4,2,1,0,"1,2",0.5714285714285714,0.2857142857142857,0.14285714285714285,107.75,0.0,37.0,0.6,0.2,0.2,106.0,0.0,0.3333333333333333,1,0,1,0,0,0,0,1,4,2,1,0,3,1,1,0,0,1,0,0,0.0,5,106.75,4,1.0,4,107.75,4,23.0,2,4,0.3333333333333333,3
1096,1097,7,2,5,0,1,0,4,2,4,1,1,4,3,7,0.19143117593436643,0.9190371991247265,0.031818181818181815,1885.7142857142858,440,220.0,88000,13200,303255.000,114757.5990090400000000000000,143626.9121180800000000000000,258384.5111271200000000000000,82361.08887288000000000000000,215255.000,644000.60,457,0.20829535095715587,0,5,2,1,0,"1,2",0.5714285714285714,0.2857142857142857,0.14285714285714285,107.75,0.0,37.0,0.6,0.2,0.2,106.0,0.0,0.3333333333333333,1,0,1,0,0,0,0,1,4,2,1,0,3,1,1,0,0,1,0,0,0.0,5,106.75,4,1.0,4,107.75,4,23.0,2,4,0.3333333333333333,3
1097,1098,7,2,5,0,1,0,4,2,4,1,1,4,3,7,0.1912568306010929,0.9170305676855894,0.031818181818181815,1885.7142857142858,440,220.0,88000,13200,303255.000,114757.5990090400000000000000,143626.9121180800000000000000,258384.5111271200000000000000,82361.08887288000000000000000,215255.000,644000.60,458,0.20856102003642987,0,6,2,1,0,"2,1",0.5714285714285714,0.2857142857142857,0.14285714285714285,107.75,0.0,37.0,0.6,0.2,0.2,106.0,0.0,0.3333333333333333,1,0,1,0,0,0,0,1,4,2,1,0,3,1,1,0,0,1,0,0,0.0,5,106.75,4,1.0,4,107.75,4,23.0,2,4,0.3333333333333333,3
1098,1099,7,2,5,0,1,0,4,2,4,1,1,4,3,7,0.1910828025477707,0.9150326797385621,0.031818181818181815,1885.7142857142858,440,220.0,88000,13200,303255.000,114757.5990090400000000000000,143626.9121180800000000000000,258384.5111271200000000000000,82361.08887288000000000000000,215255.000,644000.60,459,0.20882620564149226,0,7,2,1,0,"2,1",0.5714285714285714,0.2857142857142857,0.14285714285714285,107.75,0.0,37.0,0.6,0.2,0.2,106.0,0.0,0.3333333333333333,1,0,1,0,0,0,0,1,4,2,1,0,3,1,1,0,0,1,0,0,0.0,5,106.75,4,1.0,4,107.75,4,23.0,2,4,0.3333333333333333,3
1099,1100,7,2,5,0,1,0,4,2,4,1,1,4,3,7,0.19090909090909092,0.9130434782608695,0.031818181818181815,1885.7142857142858,440,220.0,88000,13200,303255.000,114757.5990090400000000000000,143626.9121180800000000000000,258384.5111271200000000000000,82361.08887288000000000000000,215255.000,644000.60,460,0.20909090909090908,0,8,2,1,0,"1,2",0.5714285714285714,0.2857142857142857,0.14285714285714285,107.75,0.0,37.0,0.6,0.2,0.2,106.0,0.0,0.3333333333333333,1,0,1,0,0,0,0,1,4,2,1,0,3,1,1,0,0,1,0,0,0.0,5,106.75,4,1.0,4,107.75,4,23.0,2,4,0.3333333333333333,3
1100,1101,7,2,5,0,1,0,4,2,4,1,1,4,3,7,0.19073569482288827,0.911062906724512,0.031818181818181815,1885.7142857142858,440,220.0,88000,13200,303255.000,114757.5990090400000000000000,143626.9121180800000000000000,258384.5111271200000000000000,82361.08887288000000000000000,215255.000,644000.60,461,0.20935513169845596,0,9,2,1,0,"2,1",0.5714285714285714,0.2857142857142857,0.14285714285714285,107.75,0.0,37.0,0.6,0.2,0.2,106.0,0.0,0.3333333333333333,1,0,1,0,0,0,0,1,4,2,1,0,3,1,1,0,0,1,0,0,0.0,5,106.75,4,1.0,4,107.75,4,23.0,2,4,0.3333333333333333,3
1101,1102,7,2,5,0,1,0,4,2,4,1,1,4,3,7,0.19056261343012704,0.9090909090909091,0.031818181818181815,1885.7142857142858,440,220.0,88000,13200,303255.000,114757.5990090400000000000000,143626.9121180800000000000000,258384.5111271200000000000000,82361.08887288000000000000000,215255.000,644000.60,462,0.20961887477313976,0,10,2,1,0,"1,2",0.5714285714285714,0.2857142857142857,0.14285714285714285,107.75,0.0,37.0,0.6,0.2,0.2,106.0,0.0,0.3333333333333333,1,0,1,0,0,0,0,1,4,2,1,0,3,1,1,0,0,1,0,0,0.0,5,106.75,4,1.0,4,107.75,4,23.0,2,4,0.3333333333333333,3
1102,1103,7,2,5,0,1,0,4,2,4,1,1,4,3,7,0.19038984587488667,0.9071274298056156,0.031818181818181815,1885.7142857142858,440,220.0,88000,13200,303255.000,114757.5990090400000000000000,143626.9121180800000000000000,258384.5111271200000000000000,82361.08887288000000000000000,215255.000,644000.60,463,0.2098821396192203,0,11,2,1,0,"2,1",0.5714285714285714,0.2857142857142857,0.14285714285714285,107.75,0.0,37.0,0.6,0.2,0.2,106.0,0.0,0.3333333333333333,1,0,1,0,0,0,0,1,4,2,1,0,3,1,1,0,0,1,0,0,0.0,5,106.75,4,1.0,4,107.75,4,23.0,2,4,0.3333333333333333,3
1103,1104,7,2,5,0,1,0,4,2,4,1,1,4,3,7,0.19021739130434784,0.9051724137931034,0.031818181818181815,1885.7142857142858,440,220.0,88000,13200,303255.000,114757.5990090400000000000000,143626.9121180800000000000000,258384.5111271200000000000000,82361.08887288000000000000000,215255.000,644000.60,464,0.21014492753623187,0,12,2,1,0,"2,1",0.5714285714285714,0.2857142857142857,0.14285714285714285,107.75,0.0,37.0,0.6,0.2,0.2,106.0,0.0,0.3333333333333333,1,0,1,0,0,0,0,1,4,2,1,0,3,1,1,0,0,1,0,0,0.0,5,106.75,4,1.0,4,107.75,4,23.0,2,4,0.3333333333333333,3
1104,1105,7,2,5,0,1,0,4,2,4,1,1,4,3,7,0.19004524886877827,0.9032258064516129,0.031818181818181815,1885.7142857142858,440,220.0,88000,13200,303255.000,114757.5990090400000000000000,143626.9121180800000000000000,258384.5111271200000000000000,82361.08887288000000000000000,215255.000,644000.60,465,0.21040723981900453,0,13,2,1,0,"1,2",0.5714285714285714,0.2857142857142857,0.14285714285714285,107.75,0.0,37.0,0.6,0.2,0.2,106.0,0.0,0.3333333333333333,1,0,1,0,0,0,0,1,4,2,1,0,3,1,1,0,0,1,0,0,0.0,5,106.75,4,1.0,4,107.75,4,23.0,2,4,0.3333333333333333,3
1105,1106,7,2,5,0,1,0,4,2,4,1,1,4,3,7,0.18987341772151897,0.9012875536480687,0.031818181818181815,1885.7142857142858,440,220.0,88000,13200,303255.000,114757.5990090400000000000000,143626.9121180800000000000000,258384.5111271200000000000000,82361.08887288000000000000000,215255.000,644000.60,466,0.21066907775768534,0,14,2,1,0,"1,2",0.5714285714285714,0.2857142857142857,0.14285714285714285,107.75,0.0,37.0,0.6,0.2,0.2,106.0,0.0,0.3333333333333333,1,0,1,0,0,0,0,1,4,2,1,0,3,1,1,0,0,1,0,0,0.0,5,106.75,4,1.0,4,107.75,4,23.0,2,4,0.3333333333333333,3
1106,1107,7,2,5,0,1,0,4,2,4,1,1,4,3,7,0.1897018970189702,0.8993576017130621,0.031818181818181815,1885.7142857142858,440,220.0,88000,13200,303255.000,114757.5990090400000000000000,143626.9121180800000000000000,258384.5111271200000000000000,82361.08887288000000000000000,215255.000,644000.60,467,0.2109304426377597,0,15,2,1,0,"2,1",0.5714285714285714,0.2857142857142857,0.14285714285714285,107.75,0.0,37.0,0.6,0.2,0.2,106.0,0.0,0.3333333333333333,1,0,1,0,0,0,0,1,4,2,1,0,3,1,1,0,0,1,0,0,0.0,5,106.75,4,1.0,4,107.75,4,23.0,2,4,0.3333333333333333,3
1107,1108,7,2,5,0,1,0,4,2,4,1,1,4,3,7,0.18953068592057765,0.8974358974358975,0.031818181818181815,1885.7142857142858,440,220.0,88000,13200,303255.000,114757.5990090400000000000000,143626.9121180800000000000000,258384.5111271200000000000000,82361.08887288000000000000000,215255.000,644000.60,468,0.2111913357400722,0,16,2,1,0,"1,2",0.5714285714285714,0.2857142857142857,0.14285714285714285,107.75,0.0,37.0,0.6,0.2,0.2,106.0,0.0,0.3333333333333333,1,0,1,0,0,0,0,1,4,2,1,0,3,1,1,0,0,1,0,0,0.0,5,106.75,4,1.0,4,107.75,4,23.0,2,4,0.3333333333333333,3
1108,1109,7,2,5,0,1,0,4,2,4,1,1,4,3,7,0.18935978358881875,0.8955223880597015,0.031818181818181815,1885.7142857142858,440,220.0,88000,13200,303255.000,114757.5990090400000000000000,143626.9121180800000000000000,258384.5111271200000000000000,82361.08887288000000000000000,215255.000,644000.60,469,0.21145175834084762,0,17,2,1,0,"2,1",0.5714285714285714,0.2857142857142857,0.14285714285714285,107.75,0.0,37.0,0.6,0.2,0.2,106.0,0.0,0.3333333333333333,1,0,1,0,0,0,0,1,4,2,1,0,3,1,1,0,0,1,0,0,0.0,5,106.75,4,1.0,4,107.75,4,23.0,2,4,0.3333333333333333,3
1109,1110,7,2,5,0,1,0,4,2,4,1,1,4,3,7,0.1891891891891892,0.8936170212765958,0.031818181818181815,1885.7142857142858,440,220.0,88000,13200,303255.000,114757.5990090400000000000000,143626.9121180800000000000000,258384.5111271200000000000000,82361.08887288000000000000000,215255.000,644000.60,470,0.21171171171171171,0,18,2,1,0,"1,2",0.5714285714285714,0.2857142857142857,0.14285714285714285,107.75,0.0,37.0,0.6,0.2,0.2,106.0,0.0,0.3333333333333333,1,0,1,0,0,0,0,1,4,2,1,0,3,1,1,0,0,1,0,0,0.0,5,106.75,4,1.0,4,107.75,4,23.0,2,4,0.3333333333333333,3
1110,1111,7,2,5,0,1,0,4,2,4,1,1,4,3,7,0.18901890189018902,0.89171974522293,0.031818181818181815,1885.7142857142858,440,220.0,88000,13200,303255.000,114757.5990090400000000000000,143626.9121180800000000000000,258384.5111271200000000000000,82361.08887288000000000000000,215255.000,644000.60,471,0.21197119711971196,0,19,2,1,0,"2,1",0.5714285714285714,0.2857142857142857,0.14285714285714285,107.75,0.0,37.0,0.6,0.2,0.2,106.0,0.0,0.3333333333333333,1,0,1,0,0,0,0,1,4,2,1,0,3,1,1,0,0,1,0,0,0.0,5,106.75,4,1.0,4,107.75,4,23.0,2,4,0.3333333333333333,3
1111,1112,7,2,5,0,1,0,4,2,4,1,1,4,3,7,0.18884892086330934,0.8898305084745763,0.031818181818181815,1885.7142857142858,440,220.0,88000,13200,303255.000,114757.5990090400000000000000,143626.9121180800000000000000,258384.5111271200000000000000,82361.08887288000000000000000,215255.000,644000.60,472,0.21223021582733814,0,20,2,1,0,"2,1",0.5714285714285714,0.2857142857142857,0.14285714285714285,107.75,0.0,37.0,0.6,0.2,0.2,106.0,0.0,0.3333333333333333,1,0,1,0,0,0,0,1,4,2,1,0,3,1,1,0,0,1,0,0,0.0,5,106.75,4,1.0,4,107.75,4,23.0,2,4,0.3333333333333333,3
1112,1113,7,2,5,0,1,0,4,2,4,1,1,4,3,7,0.18867924528301885,0.8879492600422833,0.031818181818181815,1885.7142857142858,440,220.0,88000,13200,303255.000,114757.5990090400000000000000,143626.9121180800000000000000,258384.5111271200000000000000,82361.08887288000000000000000,215255.000,644000.60,473,0.2124887690925427,0,21,2,1,0,"1,2",0.5714285714285714,0.2857142857142857,0.14285714285714285,107.75,0.0,37.0,0.6,0.2,0.2,106.0,0.0,0.3333333333333333,1,0,1,0,0,0,0,1,4,2,1,0,3,1,1,0,0,1,0,0,0.0,5,106.75,4,1.0,4,107.75,4,23.0,2,4,0.3333333333333333,3
1113,1114,7,2,5,0,1,0,4,2,4,1,1,4,3,7,0.18850987432675045,0.8860759493670886,0.031818181818181815,1885.7142857142858,440,220.0,88000,13200,303255.000,114757.5990090400000000000000,143626.9121180800000000000000,258384.5111271200000000000000,82361.08887288000000000000000,215255.000,644000.60,474,0.2127468581687612,0,22,2,1,0,"1,2",0.5714285714285714,0.2857142857142857,0.14285714285714285,107.75,0.0,37.0,0.6,0.2,0.2,106.0,0.0,0.3333333333333333,1,0,1,0,0,0,0,1,4,2,1,0,3,1,1,0,0,1,0,0,0.0,5,106.75,4,1.0,4,107.75,4,23.0,2,4,0.3333333333333333,3
1114,1115,7,2,5,0,1,0,4,2,4,1,1,4,3,7,0.1883408071748879,0.8842105263157894,0.031818181818181815,1885.7142857142858,440,220.0,88000,13200,303255.000,114757.5990090400000000000000,143626.9121180800000000000000,258384.5111271200000000000000,82361.08887288000000000000000,215255.000,644000.60,475,0.21300448430493274,0,23,2,1,0,"1,2",0.5714285714285714,0.2857142857142857,0.14285714285714285,107.75,0.0,37.0,0.6,0.2,0.2,106.0,0.0,0.3333333333333333,1,0,1,0,0,0,0,1,4,2,1,0,3,1,1,0,0,1,0,0,0.0,5,106.75,4,1.0,4,107.75,4,23.0,2,4,0.3333333333333333,3
1115,1116,7,2,5,0,1,0,4,2,4,1,1,4,3,7,0.1881720430107527,0.8823529411764706,0.031818181818181815,1885.7142857142858,440,220.0,88000,13200,303255.000,114757.5990090400000000000000,143626.9121180800000000000000,258384.5111271200000000000000,82361.08887288000000000000000,215255.000,644000.60,476,0.2132616487455197,0,24,2,1,0,"2,1",0.5714285714285714,0.2857142857142857,0.14285714285714285,107.75,0.0,37.0,0.6,0.2,0.2,106.0,0.0,0.3333333333333333,1,0,1,0,0,0,0,1,4,2,1,0,3,1,1,0,0,1,0,0,0.0,5,106.75,4,1.0,4,107.75,4,23.0,2,4,0.3333333333333333,3
1116,1117,7,2,5,0,1,0,4,2,4,1,1,4,3,7,0.18800358102059087,0.8805031446540881,0.031818181818181815,1885.7142857142858,440,220.0,88000,13200,303255.000,114757.5990090400000000000000,143626.9121180800000000000000,258384.5111271200000000000000,82361.08887288000000000000000,215255.000,644000.60,477,0.2135183527305282,0,25,2,1,0,"1,2",0.5714285714285714,0.2857142857142857,0.14285714285714285,107.75,0.0,37.0,0.6,0.2,0.2,106.0,0.0,0.3333333333333333,1,0,1,0,0,0,0,1,4,2,1,0,3,1,1,0,0,1,0,0,0.0,5,106.75,4,1.0,4,107.75,4,23.0,2,4,0.3333333333333333,3
1117,1118,7,2,5,0,1,0,4,2,4,1,1,4,3,7,0.18783542039355994,0.8786610878661087,0.031818181818181815,1885.7142857142858,440,220.0,88000,13200,303255.000,114757.5990090400000000000000,143626.9121180800000000000000,258384.5111271200000000000000,82361.08887288000000000000000,215255.000,644000.60,478,0.21377459749552774,0,26,2,1,0,"2,1",0.5714285714285714,0.2857142857142857,0.14285714285714285,107.75,0.0,37.0,0.6,0.2,0.2,106.0,0.0,0.3333333333333333,1,0,1,0,0,0,0,1,4,2,1,0,3,1,1,0,0,1,0,0,0.0,5,106.75,4,1.0,4,107.75,4,23.0,2,4,0.3333333333333333,3
1118,1119,7,2,5,0,1,0,4,2,4,1,1,4,3,7,0.18766756032171583,0.8768267223382046,0.031818181818181815,1885.7142857142858,440,220.0,88000,13200,303255.000,114757.5990090400000000000000,143626.9121180800000000000000,258384.5111271200000000000000,82361.08887288000000000000000,215255.000,644000.60,479,0.21403038427167115,0,27,2,1,0,"1,2",0.5714285714285714,0.2857142857142857,0.14285714285714285,107.75,0.0,37.0,0.6,0.2,0.2,106.0,0.0,0.3333333333333333,1,0,1,0,0,0,0,1,4,2,1,0,3,1,1,0,0,1,0,0,0.0,5,106.75,4,1.0,4,107.75,4,23.0,2,4,0.3333333333333333,3
1119,1120,7,2,5,0,1,0,4,2,4,1,1,4,3,7,0.1875,0.875,0.031818181818181815,1885.7142857142858,440,220.0,88000,13200,303255.000,114757.5990090400000000000000,143626.9121180800000000000000,258384.5111271200000000000000,82361.08887288000000000000000,215255.000,644000.60,480,0.21428571428571427,0,28,2,1,0,"1,2",0.5714285714285714,0.2857142857142857,0.14285714285714285,107.75,0.0,37.0,0.6,0.2,0.2,106.0,0.0,0.3333333333333333,1,0,1,0,0,0,0,1,4,2,1,0,3,1,1,0,0,1,0,0,0.0,5,106.75,4,1.0,4,107.75,4,23.0,2,4,0.3333333333333333,3
1120,1121,7,2,5,0,1,0,4,2,4,1,1,4,3,7,0.18733273862622657,0.8731808731808731,0.031818181818181815,1885.7142857142858,440,220.0,88000,13200,303255.000,114757.5990090400000000000000,143626.9121180800000000000000,258384.5111271200000000000000,82361.08887288000000000000000,215255.000,644000.60,481,0.21454058876003568,0,29,2,1,0,"1,2",0.5714285714285714,0.2857142857142857,0.14285714285714285,107.75,0.0,37.0,0.6,0.2,0.2,106.0,0.0,0.3333333333333333,1,0,1,0,0,0,0,1,4,2,1,0,3,1,1,0,0,1,0,0,0.0,5,106.75,4,1.0,4,107.75,4,23.0,2,4,0.3333333333333333,3
1121,1122,7,2,5,0,1,0,4,2,4,1,1,4,3,7,0.18716577540106952,0.8713692946058091,0.031818181818181815,1885.7142857142858,440,220.0,88000,13200,303255.000,114757.5990090400000000000000,143626.9121180800000000000000,258384.5111271200000000000000,82361.08887288000000000000000,215255.000,644000.60,482,0.21479500891265596,0,30,2,1,0,"1,2",0.5714285714285714,0.2857142857142857,0.14285714285714285,107.75,0.0,37.0,0.6,0.2,0.2,106.0,0.0,0.3333333333333333,1,0,1,0,0,0,0,1,4,2,1,0,3,1,1,0,0,1,0,0,0.0,5,106.75,4,1.0,4,107.75,4,23.0,2,4,0.3333333333333333,3
1122,1123,7,2,5,0,1,0,4,2,4,1,1,4,3,7,0.18699910952804988,0.8695652173913043,0.031818181818181815,1885.7142857142858,440,220.0,88000,13200,303255.000,114757.5990090400000000000000,143626.9121180800000000000000,258384.5111271200000000000000,82361.08887288000000000000000,215255.000,644000.60,483,0.21504897595725736,0,31,2,1,0,"2,1",0.5714285714285714,0.2857142857142857,0.14285714285714285,107.75,0.0,37.0,0.6,0.2,0.2,106.0,0.0,0.3333333333333333,1,0,1,0,0,0,0,1,4,2,1,0,3,1,1,0,0,1,0,0,0.0,5,106.75,4,1.0,4,107.75,4,23.0,2,4,0.3333333333333333,3
1123,1124,7,2,5,0,1,0,4,2,4,1,1,4,3,7,0.1868327402135231,0.8677685950413223,0.031818181818181815,1885.7142857142858,440,220.0,88000,13200,303255.000,114757.5990090400000000000000,143626.9121180800000000000000,258384.5111271200000000000000,82361.08887288000000000000000,215255.000,644000.60,484,0.21530249110320285,0,32,2,1,0,"2,1",0.5714285714285714,0.2857142857142857,0.14285714285714285,107.75,0.0,37.0,0.6,0.2,0.2,106.0,0.0,0.3333333333333333,1,0,1,0,0,0,0,1,4,2,1,0,3,1,1,0,0,1,0,0,0.0,5,106.75,4,1.0,4,107.75,4,23.0,2,4,0.3333333333333333,3
1124,1125,7,2,5,0,1,0,4,2,4,1,1,4,3,7,0.18666666666666668,0.8659793814432989,0.031818181818181815,1885.7142857142858,440,220.0,88000,13200,303255.000,114757.5990090400000000000000,143626.9121180800000000000000,258384.5111271200000000000000,82361.08887288000000000000000,215255.000,644000.60,485,0.21555555555555556,0,33,2,1,0,"1,2",0.5714285714285714,0.2857142857142857,0.14285714285714285,107.75,0.0,37.0,0.6,0.2,0.2,106.0,0.0,0.3333333333333333,1,0,1,0,0,0,0,1,4,2,1,0,3,1,1,0,0,1,0,0,0.0,5,106.75,4,1.0,4,107.75,4,23.0,2,4,0.3333333333333333,3
1125,1126,7,2,5,0,1,0,4,2,4,1,1,4,3,7,0.18650088809946716,0.8641975308641976,0.031818181818181815,1885.7142857142858,440,220.0,88000,13200,303255.000,114757.5990090400000000000000,143626.9121180800000000000000,258384.5111271200000000000000,82361.08887288000000000000000,215255.000,644000.60,486,0.21580817051509768,0,34,2,1,0,"2,1",0.5714285714285714,0.2857142857142857,0.14285714285714285,107.75,0.0,37.0,0.6,0.2,0.2,106.0,0.0,0.3333333333333333,1,0,1,0,0,0,0,1,4,2,1,0,3,1,1,0,0,1,0,0,0.0,5,106.75,4,1.0,4,107.75,4,23.0,2,4,0.3333333333333333,3
1126,1127,7,2,5,0,1,0,4,2,4,1,1,4,3,7,0.18633540372670807,0.8624229979466118,0.031818181818181815,1885.7142857142858,440,220.0,88000,13200,303255.000,114757.5990090400000000000000,143626.9121180800000000000000,258384.5111271200000000000000,82361.08887288000000000000000,215255.000,644000.60,487,0.2160603371783496,0,35,2,1,0,"2,1",0.5714285714285714,0.2857142857142857,0.14285714285714285,107.75,0.0,37.0,0.6,0.2,0.2,106.0,0.0,0.3333333333333333,1,0,1,0,0,0,0,1,4,2,1,0,3,1,1,0,0,1,0,0,0.0,5,106.75,4,1.0,4,107.75,4,23.0,2,4,0.3333333333333333,3
1127,1128,7,2,5,0,1,0,4,2,4,1,1,4,3,7,0.18617021276595744,0.8606557377049181,0.031818181818181815,1885.7142857142858,440,220.0,88000,13200,303255.000,114757.5990090400000000000000,143626.9121180800000000000000,258384.5111271200000000000000,82361.08887288000000000000000,215255.000,644000.60,488,0.21631205673758866,0,36,2,1,0,"2,1",0.5714285714285714,0.2857142857142857,0.14285714285714285,107.75,0.0,37.0,0.6,0.2,0.2,106.0,0.0,0.3333333333333333,1,0,1,0,0,0,0,1,4,2,1,0,3,1,1,0,0,1,0,0,0.0,5,106.75,4,1.0,4,107.75,4,23.0,2,4,0.3333333333333333,3
1128,1129,7,2,5,0,1,0,4,2,4,1,1,4,3,7,0.18600531443755536,0.8588957055214723,0.031818181818181815,1885.7142857142858,440,220.0,88000,13200,303255.000,114757.5990090400000000000000,143626.9121180800000000000000,258384.5111271200000000000000,82361.08887288000000000000000,215255.000,644000.60,489,0.21656333038086803,0,37,2,1,0,"2,1",0.5714285714285714,0.2857142857142857,0.14285714285714285,107.75,0.0,37.0,0.6,0.2,0.2,106.0,0.0,0.3333333333333333,1,0,1,0,0,0,0,1,4,2,1,0,3,1,1,0,0,1,0,0,0.0,5,106.75,4,1.0,4,107.75,4,23.0,2,4,0.3333333333333333,3
1129,1130,7,2,5,0,1,0,4,2,4,1,1,4,3,7,0.18584070796460178,0.8571428571428572,0.031818181818181815,1885.7142857142858,440,220.0,88000,13200,303255.000,114757.5990090400000000000000,143626.9121180800000000000000,258384.5111271200000000000000,82361.08887288000000000000000,215255.000,644000.60,490,0.2168141592920354,0,38,2,1,0,"2,1",0.5714285714285714,0.2857142857142857,0.14285714285714285,107.75,0.0,37.0,0.6,0.2,0.2,106.0,0.0,0.3333333333333333,1,0,1,0,0,0,0,1,4,2,1,0,3,1,1,0,0,1,0,0,0.0,5,106.75,4,1.0,4,107.75,4,23.0,2,4,0.3333333333333333,3
1130,1131,8,2,6,0,2,0,4,2,4,2,2,4,3,7,0.18567639257294427,0.853658536585366,0.031818181818181815,1885.7142857142858,440,220.0,88000,13200,303255.000,114757.5990090400000000000000,143626.9121180800000000000000,258384.5111271200000000000000,82361.08887288000000000000000,215255.000,644000.60,492,0.21750663129973474,0,39,2,1,0,"2,1",0.5,0.25,0.25,107.75,0.0,37.0,0.5,0.16666666666666666,0.3333333333333333,106.0,0.0,0.3333333333333333,0,1,1,0,0,0,1,1,4,2,2,0,3,1,2,0,0,2,0,0,0.0,6,106.75,4,1.0,4,107.75,4,23.0,2,4,0.3333333333333333,3
1131,1132,8,2,6,0,2,0,4,2,4,2,2,4,3,7,0.18551236749116606,0.8502024291497977,0.031746031746031744,1890.0,441,220.5,88200,13230,303255.000,114757.5990090400000000000000,143626.9121180800000000000000,258384.5111271200000000000000,82361.08887288000000000000000,215055.000,644000.60,494,0.21819787985865724,0,40,2,1,0,"2,1",0.5,0.25,0.25,107.75,0.0,37.0,0.5,0.16666666666666666,0.3333333333333333,106.0,0.0,0.3333333333333333,0,1,1,0,0,0,1,1,4,2,2,0,3,1,2,0,0,2,0,0,0.0,6,106.75,4,1.0,4,107.75,4,23.0,2,4,0.3333333333333333,3
1132,1133,8,2,6,0,2,0,4,2,4,2,2,4,3,7,0.1853486319505737,0.846774193548387,0.03167420814479638,1894.2857142857142,442,221.0,88400,13260,303255.000,114757.5990090400000000000000,143626.9121180800000000000000,258384.5111271200000000000000,82361.08887288000000000000000,214855.000,644000.60,496,0.21888790820829657,0,41,2,1,0,"2,1",0.5,0.25,0.25,107.75,0.0,37.0,0.5,0.16666666666666666,0.3333333333333333,106.0,0.0,0.3333333333333333,0,1,1,0,0,0,1,1,4,2,2,0,3,1,2,0,0,2,0,0,0.0,6,106.75,4,1.0,4,107.75,4,23.0,2,4,0.3333333333333333,3
1133,1134,8,2,6,0,2,0,4,2,4,2,2,4,3,7,0.1851851851851852,0.8433734939759036,0.03160270880361174,1898.5714285714287,443,221.5,88600,13290,303255.000,114757.5990090400000000000000,143626.9121180800000000000000,258384.5111271200000000000000,82361.08887288000000000000000,214655.000,644000.60,498,0.21957671957671956,0,42,2,1,0,"2,1",0.5,0.25,0.25,107.75,0.0,37.0,0.5,0.16666666666666666,0.3333333333333333,106.0,0.0,0.3333333333333333,0,1,1,0,0,0,1,1,4,2,2,0,3,1,2,0,0,2,0,0,0.0,6,106.75,4,1.0,4,107.75,4,23.0,2,4,0.3333333333333333,3
1134,1135,8,2,6,0,2,0,4,2,4,2,2,4,3,7,0.18502202643171806,0.84,0.03153153153153153,1902.857142857143,444,222.0,88800,13320,303255.000,114757.5990090400000000000000,143626.9121180800000000000000,258384.5111271200000000000000,82361.08887288000000000000000,214455.000,644000.60,500,0.22026431718061673,0,43,2,1,0,"1,2",0.5,0.25,0.25,107.75,0.0,37.0,0.5,0.16666666666666666,0.3333333333333333,106.0,0.0,0.3333333333333333,0,1,1,0,0,0,1,1,4,2,2,0,3,1,2,0,0,2,0,0,0.0,6,106.75,4,1.0,4,107.75,4,23.0,2,4,0.3333333333333333,3
1135,1136,8,2,6,0,2,0,4,2,4,2,2,4,3,7,0.18485915492957747,0.8366533864541832,0.03146067415730337,1907.142857142857,445,222.5,89000,13350,303255.000,114757.5990090400000000000000,143626.9121180800000000000000,258384.5111271200000000000000,82361.08887288000000000000000,214255.000,644000.60,502,0.22095070422535212,0,44,2,1,0,"1,2",0.5,0.25,0.25,107.75,0.0,37.0,0.5,0.16666666666666666,0.3333333333333333,106.0,0.0,0.3333333333333333,0,1,1,0,0,0,1,1,4,2,2,0,3,1,2,0,0,2,0,0,0.0,6,106.75,4,1.0,4,107.75,4,23.0,2,4,0.3333333333333333,3
1136,1137,8,2,6,0,2,0,4,2,4,2,2,4,3,7,0.18469656992084432,0.8333333333333333,0.03139013452914798,1911.4285714285713,446,223.0,89200,13380,303255.000,114757.5990090400000000000000,143626.9121180800000000000000,258384.5111271200000000000000,82361.08887288000000000000000,214055.000,644000.60,504,0.22163588390501318,0,45,2,1,0,"1,2",0.5,0.25,0.25,107.75,0.0,37.0,0.5,0.16666666666666666,0.3333333333333333,106.0,0.0,0.3333333333333333,0,1,1,0,0,0,1,1,4,2,2,0,3,1,2,0,0,2,0,0,0.0,6,106.75,4,1.0,4,107.75,4,23.0,2,4,0.3333333333333333,3
1137,1138,8,2,6,0,2,0,4,2,4,2,2,4,3,7,0.18453427065026365,0.8300395256916996,0.03131991051454139,1915.7142857142858,447,223.5,89400,13410,303255.000,114757.5990090400000000000000,143626.9121180800000000000000,258384.5111271200000000000000,82361.08887288000000000000000,213855.000,644000.60,506,0.22231985940246046,0,46,2,1,0,"1,2",0.5,0.25,0.25,107.75,0.0,37.0,0.5,0.16666666666666666,0.3333333333333333,106.0,0.0,0.3333333333333333,0,1,1,0,0,0,1,1,4,2,2,0,3,1,2,0,0,2,0,0,0.0,6,106.75,4,1.0,4,107.75,4,23.0,2,4,0.3333333333333333,3
1138,1139,8,2,6,0,2,0,4,2,4,2,2,4,3,7,0.18437225636523266,0.8267716535433071,0.03125,1920.0,448,224.0,89600,13440,303255.000,114757.5990090400000000000000,143626.9121180800000000000000,258384.5111271200000000000000,82361.08887288000000000000000,213655.000,644000.60,508,0.22300263388937663,0,46,2,1,0,"2,1",0.5,0.25,0.25,107.75,0.0,37.0,0.5,0.16666666666666666,0.3333333333333333,106.0,0.0,11.5,0,1,0,1,0,0,1,1,4,2,1,0,4,1,2,0,0,1,0,0,0.0,6,106.75,4,1.0,4,107.75,4,23.0,2,4,11.5,4
1139,1140,8,2,6,0,2,0,4,2,4,2,2,4,3,7,0.18421052631578946,0.8235294117647058,0.03111111111111111,1928.5714285714287,450,225.0,90000,13500,303255.000,114757.5990090400000000000000,143626.9121180800000000000000,258384.5111271200000000000000,82361.08887288000000000000000,213255.000,644000.60,510,0.2236842105263158,0,46,2,1,0,"2,1",0.5,0.25,0.25,107.75,0.0,37.0,0.5,0.16666666666666666,0.3333333333333333,106.0,0.0,11.5,0,1,0,1,0,0,1,1,4,2,1,0,4,1,2,0,0,1,0,0,0.0,6,106.75,4,1.0,4,107.75,4,23.0,2,4,11.5,4
1140,1141,8,2,6,0,2,0,4,2,4,2,2,4,3,7,0.18404907975460125,0.8203125,0.030973451327433628,1937.142857142857,452,226.0,90400,13560,303255.000,114757.5990090400000000000000,143626.9121180800000000000000,258384.5111271200000000000000,82361.08887288000000000000000,212855.000,644000.60,512,0.22436459246275198,0,46,2,1,0,"1,2",0.5,0.25,0.25,107.75,0.0,37.0,0.5,0.16666666666666666,0.3333333333333333,106.0,0.0,11.5,0,1,0,1,0,0,0,2,4,2,1,0,4,1,2,0,0,1,0,0,0.0,6,106.75,4,1.0,4,107.75,4,23.0,2,4,11.5,4
1141,1142,8,2,6,0,2,0,4,2,4,2,2,4,3,7,0.1838879159369527,0.8171206225680934,0.030837004405286344,1945.7142857142858,454,227.0,90800,13620,303255.000,114757.5990090400000000000000,143626.9121180800000000000000,258384.5111271200000000000000,82361.08887288000000000000000,212455.000,644000.60,514,0.22504378283712784,0,46,2,1,0,"2,1",0.5,0.25,0.25,107.75,0.0,37.0,0.5,0.16666666666666666,0.3333333333333333,106.0,0.0,11.5,0,1,0,1,0,0,0,2,4,2,1,0,4,1,2,0,0,1,0,0,0.0,6,106.75,4,1.0,4,107.75,4,23.0,2,4,11.5,4
1142,1143,8,2,6,0,2,0,4,2,4,2,2,4,3,7,0.1837270341207349,0.813953488372093,0.03070175438596491,1954.2857142857142,456,228.0,91200,13680,303255.000,114757.5990090400000000000000,143626.9121180800000000000000,258384.5111271200000000000000,82361.08887288000000000000000,212055.000,644000.60,516,0.22572178477690288,0,46,2,1,0,"1,2",0.5,0.25,0.25,107.75,0.0,37.0,0.5,0.16666666666666666,0.3333333333333333,106.0,0.0,11.5,0,1,0,1,0,0,0,2,4,2,1,0,4,1,2,0,0,1,0,0,0.0,6,106.75,4,1.0,4,107.75,4,23.0,2,4,11.5,4
1143,1144,8,2,6,0,2,0,4,2,4,2,2,4,3,7,0.18356643356643357,0.8108108108108109,0.03056768558951965,1962.857142857143,458,229.0,91600,13740,303255.000,114757.5990090400000000000000,143626.9121180800000000000000,258384.5111271200000000000000,82361.08887288000000000000000,211655.000,644000.60,518,0.2263986013986014,0,46,2,1,0,"1,2",0.5,0.25,0.25,107.75,0.0,37.0,0.5,0.16666666666666666,0.3333333333333333,106.0,0.0,11.5,0,1,0,1,0,0,0,2,4,2,1,0,4,1,2,0,0,1,0,0,0.0,6,106.75,4,1.0,4,107.75,4,23.0,2,4,11.5,4
1144,1145,8,2,6,0,2,0,4,2,4,2,2,4,3,7,0.18340611353711792,0.8076923076923077,0.030434782608695653,1971.4285714285713,460,230.0,92000,13800,303255.000,114757.5990090400000000000000,143626.9121180800000000000000,258384.5111271200000000000000,82361.08887288000000000000000,211255.000,644000.60,520,0.22707423580786026,0,46,2,1,0,"1,2",0.5,0.25,0.25,107.75,0.0,37.0,0.5,0.16666666666666666,0.3333333333333333,106.0,0.0,11.5,0,1,0,1,0,0,0,2,4,2,1,0,4,1,2,0,0,1,0,0,0.0,6,106.75,4,1.0,4,107.75,4,23.0,2,4,11.5,4
1145,1146,8,2,6,0,2,0,4,2,4,2,2,4,3,7,0.18324607329842932,0.8045977011494253,0.030303030303030304,1980.0,462,231.0,92400,13860,303255.000,114757.5990090400000000000000,143626.9121180800000000000000,258384.5111271200000000000000,82361.08887288000000000000000,210855.000,644000.60,522,0.22774869109947643,0,46,2,1,0,"2,1",0.5,0.25,0.25,107.75,0.0,37.0,0.5,0.16666666666666666,0.3333333333333333,106.0,0.0,11.5,0,1,0,1,0,0,0,2,4,2,1,0,4,1,2,0,0,1,0,0,0.0,6,106.75,4,1.0,4,107.75,4,23.0,2,4,11.5,4
1146,1147,8,2,6,0,2,0,4,2,4,2,2,4,3,7,0.18308631211857018,0.801526717557252,0.03017241379310345,1988.5714285714287,464,232.0,92800,13920,303255.000,114757.5990090400000000000000,143626.9121180800000000000000,258384.5111271200000000000000,82361.08887288000000000000000,210455.000,644000.60,524,0.22842197035745423,0,46,2,1,0,"2,1",0.5,0.25,0.25,107.75,0.0,37.0,0.5,0.16666666666666666,0.3333333333333333,106.0,0.0,11.5,0,1,0,1,0,0,0,2,4,2,1,0,4,1,2,0,0,1,0,0,0.0,6,106.75,4,1.0,4,107.75,4,23.0,2,4,11.5,4
1147,1148,8,2,6,0,2,0,4,2,4,2,2,4,3,7,0.18292682926829268,0.7984790874524714,0.030042918454935622,1997.142857142857,466,233.0,93200,13980,303255.000,114757.5990090400000000000000,143626.9121180800000000000000,258384.5111271200000000000000,82361.08887288000000000000000,210055.000,644000.60,526,0.22909407665505227,0,46,2,1,0,"1,2",0.5,0.25,0.25,107.75,0.0,37.0,0.5,0.16666666666666666,0.3333333333333333,106.0,0.0,11.5,0,1,0,1,0,0,0,2,4,2,1,0,4,1,2,0,0,1,0,0,0.0,6,106.75,4,1.0,4,107.75,4,23.0,2,4,11.5,4
1148,1149,8,2,6,0,2,0,4,2,4,2,2,4,3,7,0.18276762402088775,0.7954545454545454,0.029914529914529916,2005.7142857142858,468,234.0,93600,14040,303255.000,114757.5990090400000000000000,143626.9121180800000000000000,258384.5111271200000000000000,82361.08887288000000000000000,209655.000,644000.60,528,0.2297650130548303,0,46,2,1,0,"1,2",0.5,0.25,0.25,107.75,0.0,37.0,0.5,0.16666666666666666,0.3333333333333333,106.0,0.0,11.5,0,1,0,1,0,0,0,2,4,2,1,0,4,1,2,0,0,1,0,0,0.0,6,106.75,4,1.0,4,107.75,4,23.0,2,4,11.5,4
1149,1150,8,2,6,0,2,0,4,2,4,2,2,4,3,7,0.1826086956521739,0.7924528301886792,0.029787234042553193,2014.2857142857142,470,235.0,94000,14100,303255.000,114757.5990090400000000000000,143626.9121180800000000000000,258384.5111271200000000000000,82361.08887288000000000000000,209255.000,644000.60,530,0.23043478260869565,0,46,2,1,0,"1,2",0.5,0.25,0.25,107.75,0.0,37.0,0.5,0.16666666666666666,0.3333333333333333,106.0,0.0,11.5,0,1,0,1,0,0,0,2,4,2,1,0,4,1,2,0,0,1,0,0,0.0,6,106.75,4,1.0,4,107.75,4,23.0,2,4,11.5,4
1150,1151,8,2,6,0,2,0,4,2,4,2,2,4,3,7,0.18245004344048654,0.7894736842105263,0.029661016949152543,2022.857142857143,472,236.0,94400,14160,303255.000,114757.5990090400000000000000,143626.9121180800000000000000,258384.5111271200000000000000,82361.08887288000000000000000,208855.000,644000.60,532,0.2311033883579496,0,46,2,1,0,"1,2",0.5,0.25,0.25,107.75,0.0,37.0,0.5,0.16666666666666666,0.3333333333333333,106.0,0.0,11.5,0,1,0,1,0,0,0,2,4,2,1,0,4,1,2,0,0,1,0,0,0.0,6,106.75,4,1.0,4,107.75,4,23.0,2,4,11.5,4
1151,1152,8,2,6,0,2,0,4,2,4,2,2,4,3,7,0.18229166666666669,0.7865168539325842,0.029535864978902954,2031.4285714285713,474,237.0,94800,14220,303255.000,114757.5990090400000000000000,143626.9121180800000000000000,258384.5111271200000000000000,82361.08887288000000000000000,208455.000,644000.60,534,0.23177083333333334,0,46,2,1,0,"1,2",0.5,0.25,0.25,107.75,0.0,37.0,0.5,0.16666666666666666,0.3333333333333333,106.0,0.0,11.5,0,1,0,1,0,0,0,2,4,2,1,0,4,1,2,0,0,1,0,0,0.0,6,106.75,4,1.0,4,107.75,4,23.0,2,4,11.5,4
1152,1153,8,2,6,0,2,0,4,2,4,2,2,4,3,7,0.1821335646140503,0.7835820895522387,0.029411764705882353,2040.0,476,238.0,95200,14280,303255.000,114757.5990090400000000000000,143626.9121180800000000000000,258384.5111271200000000000000,82361.08887288000000000000000,208055.000,644000.60,536,0.23243712055507373,0,46,2,1,0,"1,2",0.5,0.25,0.25,107.75,0.0,37.0,0.5,0.16666666666666666,0.3333333333333333,106.0,0.0,11.5,0,1,0,1,0,0,0,2,4,2,1,0,4,1,2,0,0,1,0,0,0.0,6,106.75,4,1.0,4,107.75,4,23.0,2,4,11.5,4
1153,1154,8,2,6,0,2,0,4,2,4,2,2,4,3,7,0.18197573656845753,0.7806691449814126,0.029288702928870293,2048.5714285714284,478,239.0,95600,14340,303255.000,114757.5990090400000000000000,143626.9121180800000000000000,258384.5111271200000000000000,82361.08887288000000000000000,207655.000,644000.60,538,0.23310225303292895,0,46,2,1,0,"2,1",0.5,0.25,0.25,107.75,0.0,37.0,0.5,0.16666666666666666,0.3333333333333333,106.0,0.0,11.5,0,1,0,1,0,0,0,2,4,2,1,0,4,1,2,0,0,1,0,0,0.0,6,106.75,4,1.0,4,107.75,4,23.0,2,4,11.5,4
1154,1155,8,2,6,0,2,0,4,2,4,2,2,4,3,7,0.18181818181818182,0.7777777777777778,0.029166666666666667,2057.1428571428573,480,240.0,96000,14400,303255.000,114757.5990090400000000000000,143626.9121180800000000000000,258384.5111271200000000000000,82361.08887288000000000000000,207255.000,644000.60,540,0.23376623376623376,0,46,2,1,0,"2,1",0.5,0.25,0.25,107.75,0.0,37.0,0.5,0.16666666666666666,0.3333333333333333,106.0,0.0,11.5,0,1,0,1,0,0,0,2,4,2,1,0,4,1,2,0,0,1,0,0,0.0,6,106.75,4,1.0,4,107.75,4,23.0,2,4,11.5,4
1155,1156,8,2,6,0,2,0,4,2,4,2,2,4,3,7,0.18166089965397925,0.7749077490774908,0.029045643153526972,2065.714285714286,482,241.0,96400,14460,303255.000,114757.5990090400000000000000,143626.9121180800000000000000,258384.5111271200000000000000,82361.08887288000000000000000,206855.000,644000.60,542,0.23442906574394465,0,46,2,1,0,"2,1",0.5,0.25,0.25,107.75,0.0,37.0,0.5,0.16666666666666666,0.3333333333333333,106.0,0.0,11.5,0,1,0,1,0,0,0,2,4,2,1,0,4,1,2,0,0,1,0,0,0.0,6,106.75,4,1.0,4,107.75,4,23.0,2,4,11.5,4
1156,1157,8,2,6,0,2,0,4,2,4,2,2,4,3,7,0.1815038893690579,0.7720588235294118,0.028925619834710745,2074.285714285714,484,242.0,96800,14520,303255.000,114757.5990090400000000000000,143626.9121180800000000000000,258384.5111271200000000000000,82361.08887288000000000000000,206455.000,644000.60,544,0.23509075194468454,0,46,2,1,0,"1,2",0.5,0.25,0.25,107.75,0.0,37.0,0.5,0.16666666666666666,0.3333333333333333,106.0,0.0,11.5,0,1,0,1,0,0,0,2,4,2,1,0,4,1,2,0,0,1,0,0,0.0,6,106.75,4,1.0,4,107.75,4,23.0,2,4,11.5,4
1157,1158,8,2,6,0,2,0,4,2,4,2,2,4,3,7,0.18134715025906736,0.7692307692307693,0.02880658436213992,2082.8571428571427,486,243.0,97200,14580,303255.000,114757.5990090400000000000000,143626.9121180800000000000000,258384.5111271200000000000000,82361.08887288000000000000000,206055.000,644000.60,546,0.23575129533678757,0,46,2,1,0,"2,1",0.5,0.25,0.25,107.75,0.0,37.0,0.5,0.16666666666666666,0.3333333333333333,106.0,0.0,11.5,0,1,0,1,0,0,0,2,4,2,1,0,4,1,2,0,0,1,0,0,0.0,6,106.75,4,1.0,4,107.75,4,23.0,2,4,11.5,4
1158,1159,8,2,6,0,2,0,4,2,4,2,2,4,3,7,0.181190681622088,0.7664233576642336,0.028688524590163935,2091.4285714285716,488,244.0,97600,14640,303255.000,114757.5990090400000000000000,143626.9121180800000000000000,258384.5111271200000000000000,82361.08887288000000000000000,205655.000,644000.60,548,0.2364106988783434,0,46,2,1,0,"1,2",0.5,0.25,0.25,107.75,0.0,37.0,0.5,0.16666666666666666,0.3333333333333333,106.0,0.0,11.5,0,1,0,1,0,0,0,2,4,2,1,0,4,1,2,0,0,1,0,0,0.0,6,106.75,4,1.0,4,107.75,4,23.0,2,4,11.5,4
1159,1160,8,2,6,0,2,0,4,2,4,2,2,4,3,7,0.1810344827586207,0.7636363636363637,0.02857142857142857,2100.0,490,245.0,98000,14700,303255.000,114757.5990090400000000000000,143626.9121180800000000000000,258384.5111271200000000000000,82361.08887288000000000000000,205255.000,644000.60,550,0.23706896551724138,0,46,2,1,0,"2,1",0.5,0.25,0.25,107.75,0.0,37.0,0.5,0.16666666666666666,0.3333333333333333,106.0,0.0,11.5,0,1,0,1,0,0,0,2,4,2,1,0,4,1,2,0,0,1,0,0,0.0,6,106.75,4,1.0,4,107.75,4,23.0,2,4,11.5,4
1160,1161,8,2,6,0,2,0,4,2,4,2,2,4,3,7,0.1808785529715762,0.7608695652173914,0.028455284552845527,2108.5714285714284,492,246.0,98400,14760,303255.000,114757.5990090400000000000000,143626.9121180800000000000000,258384.5111271200000000000000,82361.08887288000000000000000,204855.000,644000.60,552,0.23772609819121446,0,46,2,1,0,"1,2",0.5,0.25,0.25,107.75,0.0,37.0,0.5,0.16666666666666666,0.3333333333333333,106.0,0.0,11.5,0,1,0,1,0,0,0,2,4,2,1,0,4,1,2,0,0,1,0,0,0.0,6,106.75,4,1.0,4,107.75,4,23.0,2,4,11.5,4
1161,1162,8,2,6,0,2,0,4,2,4,2,2,4,3,7,0.18072289156626506,0.7581227436823106,0.02834008097165992,2117.1428571428573,494,247.0,98800,14820,303255.000,114757.5990090400000000000000,143626.9121180800000000000000,258384.5111271200000000000000,82361.08887288000000000000000,204455.000,644000.60,554,0.23838209982788297,0,46,2,1,0,"2,1",0.5,0.25,0.25,107.75,0.0,37.0,0.5,0.16666666666666666,0.3333333333333333,106.0,0.0,11.5,0,1,0,1,0,0,0,2,4,2,1,0,4,1,2,0,0,1,0,0,0.0,6,106.75,4,1.0,4,107.75,4,23.0,2,4,11.5,4
1162,1163,8,2,6,0,2,0,4,2,4,2,2,4,3,7,0.18056749785038692,0.7553956834532374,0.028225806451612902,2125.714285714286,496,248.0,99200,14880,303255.000,114757.5990090400000000000000,143626.9121180800000000000000,258384.5111271200000000000000,82361.08887288000000000000000,204055.000,644000.60,556,0.23903697334479793,0,46,2,1,0,"2,1",0.5,0.25,0.25,107.75,0.0,37.0,0.5,0.16666666666666666,0.3333333333333333,106.0,0.0,11.5,0,1,0,1,0,0,0,2,4,2,1,0,4,1,2,0,0,1,0,0,0.0,6,106.75,4,1.0,4,107.75,4,23.0,2,4,11.5,4
1163,1164,8,2,6,0,2,0,4,2,4,2,2,4,3,7,0.18041237113402064,0.7526881720430108,0.028112449799196786,2134.285714285714,498,249.0,99600,14940,303255.000,114757.5990090400000000000000,143626.9121180800000000000000,258384.5111271200000000000000,82361.08887288000000000000000,203655.000,644000.60,558,0.23969072164948454,0,46,2,1,0,"1,2",0.5,0.25,0.25,107.75,0.0,37.0,0.5,0.16666666666666666,0.3333333333333333,106.0,0.0,11.5,0,1,0,1,0,0,0,2,4,2,0,1,4,1,2,0,0,1,0,0,0.0,6,106.75,4,1.0,4,107.75,4,23.0,2,4,11.5,4
1164,1165,8,2,6,0,2,0,4,2,4,2,2,4,3,7,0.1802575107296137,0.75,0.028,2142.8571428571427,500,250.0,100000,15000,303255.000,114757.5990090400000000000000,143626.9121180800000000000000,258384.5111271200000000000000,82361.08887288000000000000000,203255.000,644000.60,560,0.24034334763948498,0,46,2,1,0,"2,1",0.5,0.25,0.25,107.75,0.0,37.0,0.5,0.16666666666666666,0.3333333333333333,106.0,0.0,11.5,0,1,0,1,0,0,0,2,4,2,0,1,4,1,2,0,0,1,0,0,0.0,6,106.75,4,1.0,4,107.75,4,23.0,2,4,11.5,4
1165,1166,8,2,6,0,2,0,4,2,4,2,2,4,3,7,0.18010291595197256,0.7473309608540925,0.027888446215139442,2151.4285714285716,502,251.0,100400,15060,303255.000,114757.5990090400000000000000,143626.9121180800000000000000,258384.5111271200000000000000,82361.08887288000000000000000,202855.000,644000.60,562,0.24099485420240138,0,46,2,1,0,"1,2",0.5,0.25,0.25,107.75,0.0,37.0,0.5,0.16666666666666666,0.3333333333333333,106.0,0.0,11.5,0,1,0,1,0,0,0,2,4,2,0,1,4,1,2,0,0,1,0,0,0.0,6,106.75,4,1.0,4,107.75,4,23.0,2,4,11.5,4
1166,1167,8,2,6,0,2,0,4,2,4,2,2,4,3,7,0.17994858611825193,0.7446808510638298,0.027777777777777776,2160.0,504,252.0,100800,15120,303255.000,114757.5990090400000000000000,143626.9121180800000000000000,258384.5111271200000000000000,82361.08887288000000000000000,202455.000,644000.60,564,0.2416452442159383,0,46,2,1,0,"2,1",0.5,0.25,0.25,107.75,0.0,37.0,0.5,0.16666666666666666,0.3333333333333333,106.0,0.0,11.5,0,1,0,0,1,0,0,2,4,2,0,1,4,1,2,0,0,1,0,0,0.0,6,106.75,4,1.0,4,107.75,4,23.0,2,4,11.5,4
1167,1168,8,2,6,0,2,0,4,2,4,2,2,4,3,7,0.17979452054794523,0.7420494699646643,0.027722772277227723,2164.285714285714,505,252.5,101000,15150,303255.000,114757.5990090400000000000000,143626.9121180800000000000000,258384.5111271200000000000000,82361.08887288000000000000000,202255.000,644000.60,566,0.2422945205479452,0,46,2,1,0,"2,1",0.5,0.25,0.25,107.75,0.0,37.0,0.5,0.16666666666666666,0.3333333333333333,106.0,0.0,11.5,0,1,0,0,0,1,0,1,5,2,0,1,4,1,1,0,0,1,0,0,0.0,6,106.75,4,1.0,4,107.75,4,23.0,2,5,11.5,4
1168,1169,8,2,6,0,2,0,4,2,4,2,2,4,3,7,0.17964071856287425,0.7394366197183099,0.027613412228796843,2172.8571428571427,507,253.5,101400,15210,303255.000,114757.5990090400000000000000,143626.9121180800000000000000,258384.5111271200000000000000,82361.08887288000000000000000,201855.000,644000.60,568,0.24294268605645852,0,46,2,1,0,"2,1",0.5,0.25,0.25,107.75,0.0,37.0,0.5,0.16666666666666666,0.3333333333333333,106.0,0.0,11.5,0,1,0,0,0,1,0,1,5,2,0,1,4,1,1,0,0,1,0,0,0.0,6,106.75,4,1.0,4,107.75,4,23.0,2,5,11.5,4
1169,1170,8,2,6,0,2,0,4,2,4,2,2,4,3,7,0.1794871794871795,0.7368421052631579,0.0275049115913556,2181.4285714285716,509,254.5,101800,15270,303255.000,114757.5990090400000000000000,143626.9121180800000000000000,258384.5111271200000000000000,82361.08887288000000000000000,201455.000,644000.60,570,0.24358974358974358,0,46,2,1,0,"1,2",0.5,0.25,0.25,107.75,0.0,37.0,0.5,0.16666666666666666,0.3333333333333333,106.0,0.0,11.5,0,1,0,0,0,1,0,1,5,2,0,1,4,1,1,0,0,1,0,0,0.0,6,106.75,4,1.0,4,107.75,4,23.0,2,5,11.5,4
1170,1171,8,2,6,0,2,0,4,2,4,2,2,4,3,7,0.17933390264731,0.7342657342657343,0.0273972602739726,2190.0,511,255.5,102200,15330,303255.000,114757.5990090400000000000000,143626.9121180800000000000000,258384.5111271200000000000000,82361.08887288000000000000000,201055.000,644000.60,572,0.24423569598633646,0,46,2,1,0,"2,1",0.5,0.25,0.25,107.75,0.0,37.0,0.5,0.16666666666666666,0.3333333333333333,106.0,0.0,11.5,0,1,0,0,0,1,0,1,5,2,0,1,4,1,1,0,0,1,0,0,0.0,6,106.75,4,1.0,4,107.75,4,23.0,2,5,11.5,4
1171,1172,8,2,6,0,2,0,4,2,4,2,2,4,3,7,0.17918088737201363,0.7317073170731707,0.02729044834307992,2198.5714285714284,513,256.5,102600,15390,303255.000,114757.5990090400000000000000,143626.9121180800000000000000,258384.5111271200000000000000,82361.08887288000000000000000,200655.000,644000.60,574,0.24488054607508533,0,46,2,1,0,"1,2",0.5,0.25,0.25,107.75,0.0,37.0,0.5,0.16666666666666666,0.3333333333333333,106.0,0.0,11.5,0,1,0,0,0,1,0,1,5,2,0,1,4,1,1,0,0,1,0,0,0.0,6,106.75,4,1.0,4,107.75,4,23.0,2,5,11.5,4
1172,1173,8,2,6,0,2,0,4,2,4,2,2,4,3,7,0.17902813299232737,0.7291666666666667,0.027184466019417475,2207.1428571428573,515,257.5,103000,15450,303255.000,114757.5990090400000000000000,143626.9121180800000000000000,258384.5111271200000000000000,82361.08887288000000000000000,200255.000,644000.60,576,0.24552429667519182,0,46,2,1,0,"2,1",0.5,0.25,0.25,107.75,0.0,37.0,0.5,0.16666666666666666,0.3333333333333333,106.0,0.0,11.5,0,1,0,0,0,1,0,1,5,2,0,1,4,1,1,0,0,1,0,0,0.0,6,106.75,4,1.0,4,107.75,4,23.0,2,5,11.5,4
1173,1174,8,2,6,0,2,0,4,2,4,2,2,4,3,7,0.1788756388415673,0.726643598615917,0.027079303675048357,2215.714285714286,517,258.5,103400,15510,303255.000,114757.5990090400000000000000,143626.9121180800000000000000,258384.5111271200000000000000,82361.08887288000000000000000,199855.000,644000.60,578,0.24616695059625213,0,46,2,1,0,"2,1",0.5,0.25,0.25,107.75,0.0,37.0,0.5,0.16666666666666666,0.3333333333333333,106.0,0.0,11.5,0,1,0,0,0,1,0,1,5,2,0,1,4,1,1,0,0,1,0,0,0.0,6,106.75,4,1.0,4,107.75,4,23.0,2,5,11.5,4
1174,1175,8,2,6,0,2,0,4,2,4,2,2,4,3,7,0.17872340425531916,0.7241379310344828,0.02697495183044316,2224.285714285714,519,259.5,103800,15570,303255.000,114757.5990090400000000000000,143626.9121180800000000000000,258384.5111271200000000000000,82361.08887288000000000000000,199455.000,644000.60,580,0.24680851063829787,0,46,2,1,0,"1,2",0.5,0.25,0.25,107.75,0.0,37.0,0.5,0.16666666666666666,0.3333333333333333,106.0,0.0,11.5,0,1,0,0,0,1,0,1,5,2,0,1,4,1,1,0,0,1,0,0,0.0,6,106.75,4,1.0,4,107.75,4,23.0,2,5,11.5,4
1175,1176,8,2,6,0,2,0,4,2,4,2,2,4,3,7,0.17857142857142855,0.7216494845360826,0.026871401151631478,2232.8571428571427,521,260.5,104200,15630,303255.000,114757.5990090400000000000000,143626.9121180800000000000000,258384.5111271200000000000000,82361.08887288000000000000000,199055.000,644000.60,582,0.24744897959183673,0,46,2,1,0,"2,1",0.5,0.25,0.25,107.75,0.0,37.0,0.5,0.16666666666666666,0.3333333333333333,106.0,0.0,11.5,0,1,0,0,0,1,0,1,5,2,0,1,4,1,1,0,0,1,0,0,0.0,6,106.75,4,1.0,4,107.75,4,23.0,2,5,11.5,4
1176,1177,8,2,6,0,2,0,4,2,4,2,2,4,3,7,0.1784197111299915,0.7191780821917809,0.02676864244741874,2241.4285714285716,523,261.5,104600,15690,303255.000,114757.5990090400000000000000,143626.9121180800000000000000,258384.5111271200000000000000,82361.08887288000000000000000,198655.000,644000.60,584,0.24808836023789294,0,46,2,1,0,"2,1",0.5,0.25,0.25,107.75,0.0,37.0,0.5,0.16666666666666666,0.3333333333333333,106.0,0.0,11.5,0,1,0,0,0,1,0,1,5,2,0,1,4,1,1,0,0,1,0,0,0.0,6,106.75,4,1.0,4,107.75,4,23.0,2,5,11.5,4
1177,1178,8,2,6,0,2,0,4,2,4,2,2,4,3,7,0.17826825127334467,0.7167235494880545,0.02666666666666667,2250.0,525,262.5,105000,15750,303255.000,114757.5990090400000000000000,143626.9121180800000000000000,258384.5111271200000000000000,82361.08887288000000000000000,198255.000,644000.60,586,0.24872665534804753,0,46,2,1,0,"2,1",0.5,0.25,0.25,107.75,0.0,37.0,0.5,0.16666666666666666,0.3333333333333333,106.0,0.0,11.5,0,1,0,0,0,1,0,1,5,2,0,1,4,1,1,0,0,1,0,0,0.0,6,106.75,4,1.0,4,107.75,4,23.0,2,5,11.5,4
1178,1179,8,2,6,0,2,0,4,2,4,2,2,4,3,7,0.178117048346056,0.7142857142857142,0.026565464895635674,2258.5714285714284,527,263.5,105400,15810,303255.000,114757.5990090400000000000000,143626.9121180800000000000000,258384.5111271200000000000000,82361.08887288000000000000000,197855.000,644000.60,588,0.24936386768447838,0,46,2,1,0,"2,1",0.5,0.25,0.25,107.75,0.0,37.0,0.5,0.16666666666666666,0.3333333333333333,106.0,0.0,11.5,0,1,0,0,0,1,0,1,5,2,0,1,4,1,1,0,0,1,0,0,0.0,6,106.75,4,1.0,4,107.75,4,23.0,2,5,11.5,4
1179,1180,8,2,6,0,2,0,4,2,4,2,2,4,3,7,0.17796610169491525,0.711864406779661,0.026465028355387523,2267.1428571428573,529,264.5,105800,15870,303255.000,114757.5990090400000000000000,143626.9121180800000000000000,258384.5111271200000000000000,82361.08887288000000000000000,197455.000,644000.60,590,0.25,0,46,2,1,0,"1,2",0.5,0.25,0.25,107.75,0.0,37.0,0.5,0.16666666666666666,0.3333333333333333,106.0,0.0,11.5,0,1,0,0,0,1,0,1,5,2,0,1,4,1,1,0,0,1,0,0,0.0,6,106.75,4,1.0,4,107.75,4,23.0,2,5,11.5,4
1180,1181,8,2,6,0,2,0,4,2,4,2,2,4,3,7,0.17781541066892464,0.7094594594594594,0.026365348399246705,2275.714285714286,531,265.5,106200,15930,303255.000,114757.5990090400000000000000,143626.9121180800000000000000,258384.5111271200000000000000,82361.08887288000000000000000,197055.000,644000.60,592,0.2506350550381033,0,46,2,1,0,"1,2",0.5,0.25,0.25,107.75,0.0,37.0,0.5,0.16666666666666666,0.3333333333333333,106.0,0.0,11.5,0,1,0,0,0,1,0,1,5,2,0,1,4,1,1,0,0,1,0,0,0.0,6,106.75,4,1.0,4,107.75,4,23.0,2,5,11.5,4
1181,1182,8,2,6,0,2,0,4,2,4,2,2,4,3,7,0.17766497461928935,0.7070707070707071,0.02626641651031895,2284.285714285714,533,266.5,106600,15990,303255.000,114757.5990090400000000000000,143626.9121180800000000000000,258384.5111271200000000000000,82361.08887288000000000000000,196655.000,644000.60,594,0.2512690355329949,0,46,2,1,0,"1,2",0.5,0.25,0.25,107.75,0.0,37.0,0.5,0.16666666666666666,0.3333333333333333,106.0,0.0,11.5,0,1,0,0,0,1,0,1,5,2,0,1,4,1,1,0,0,1,0,0,0.0,6,106.75,4,1.0,4,107.75,4,23.0,2,5,11.5,4
1182,1183,8,2,6,0,2,0,4,2,4,2,2,4,3,7,0.1775147928994083,0.7046979865771812,0.026168224299065422,2292.8571428571427,535,267.5,107000,16050,303255.000,114757.5990090400000000000000,143626.9121180800000000000000,258384.5111271200000000000000,82361.08887288000000000000000,196255.000,644000.60,596,0.2519019442096365,0,46,2,1,0,"2,1",0.5,0.25,0.25,107.75,0.0,37.0,0.5,0.16666666666666666,0.3333333333333333,106.0,0.0,11.5,0,1,0,0,0,1,0,1,5,2,0,1,4,1,1,0,0,1,0,0,0.0,6,106.75,4,1.0,4,107.75,4,23.0,2,5,11.5,4
1183,1184,8,2,6,0,2,0,4,2,4,2,2,4,3,7,0.17736486486486486,0.7023411371237458,0.0260707635009311,2301.4285714285716,537,268.5,107400,16110,303255.000,114757.5990090400000000000000,143626.9121180800000000000000,258384.5111271200000000000000,82361.08887288000000000000000,195855.000,644000.60,598,0.25253378378378377,0,46,2,1,0,"2,1",0.5,0.25,0.25,107.75,0.0,37.0,0.5,0.16666666666666666,0.3333333333333333,106.0,0.0,11.5,0,1,0,0,0,1,0,1,5,2,0,1,4,1,1,0,0,1,0,0,0.0,6,106.75,4,1.0,4,107.75,4,23.0,2,5,11.5,4
1184,1185,8,2,6,0,2,0,4,2,4,2,2,4,3,7,0.17721518987341772,0.7,0.025974025974025976,2310.0,539,269.5,107800,16170,303255.000,114757.5990090400000000000000,143626.9121180800000000000000,258384.5111271200000000000000,82361.08887288000000000000000,195455.000,644000.60,600,0.25316455696202533,0,46,2,1,0,"1,2",0.5,0.25,0.25,107.75,0.0,37.0,0.5,0.16666666666666666,0.3333333333333333,106.0,0.0,11.5,0,1,0,0,0,1,0,1,5,2,0,1,4,1,1,0,0,1,0,0,0.0,6,106.75,4,1.0,4,107.75,4,23.0,2,5,11.5,4
1185,1186,8,2,6,0,2,0,4,2,4,2,2,4,3,7,0.17706576728499157,0.6976744186046512,0.025878003696857672,2318.5714285714284,541,270.5,108200,16230,303255.000,114757.5990090400000000000000,143626.9121180800000000000000,258384.5111271200000000000000,82361.08887288000000000000000,195055.000,644000.60,602,0.25379426644182124,0,46,2,1,0,"2,1",0.5,0.25,0.25,107.75,0.0,37.0,0.5,0.16666666666666666,0.3333333333333333,106.0,0.0,11.5,0,1,0,0,0,1,0,1,5,2,0,1,4,1,1,0,0,1,0,0,0.0,6,106.75,4,1.0,4,107.75,4,23.0,2,5,11.5,4
1186,1187,8,2,6,0,2,0,4,2,4,2,2,4,3,7,0.17691659646166805,0.695364238410596,0.02578268876611418,2327.1428571428573,543,271.5,108600,16290,303255.000,114757.5990090400000000000000,143626.9121180800000000000000,258384.5111271200000000000000,82361.08887288000000000000000,194655.000,644000.60,604,0.2544229149115417,0,46,2,1,0,"2,1",0.5,0.25,0.25,107.75,0.0,37.0,0.5,0.16666666666666666,0.3333333333333333,106.0,0.0,11.5,0,1,0,0,0,1,0,1,5,2,0,1,4,1,1,0,0,1,0,0,0.0,6,106.75,4,1.0,4,107.75,4,23.0,2,5,11.5,4
1187,1188,8,2,6,0,2,0,4,2,4,2,2,4,3,7,0.17676767676767677,0.6930693069306931,0.025688073394495414,2335.714285714286,545,272.5,109000,16350,303255.000,114757.5990090400000000000000,143626.9121180800000000000000,258384.5111271200000000000000,82361.08887288000000000000000,194255.000,644000.60,606,0.255050505050505,0,46,2,1,0,"1,2",0.5,0.25,0.25,107.75,0.0,37.0,0.5,0.16666666666666666,0.3333333333333333,106.0,0.0,11.5,0,1,0,0,0,1,0,1,5,2,0,1,4,1,1,0,0,1,0,0,0.0,6,106.75,4,1.0,4,107.75,4,23.0,2,5,11.5,4
1188,1189,8,2,6,0,2,0,4,2,4,2,2,4,3,7,0.17661900756938603,0.6907894736842105,0.025594149908592323,2344.285714285714,547,273.5,109400,16410,303255.000,114757.5990090400000000000000,143626.9121180800000000000000,258384.5111271200000000000000,82361.08887288000000000000000,193855.000,644000.60,608,0.255677039529016,0,46,2,1,0,"2,1",0.5,0.25,0.25,107.75,0.0,37.0,0.5,0.16666666666666666,0.3333333333333333,106.0,0.0,11.5,0,1,0,0,0,1,0,1,5,2,0,1,4,1,1,0,0,1,0,0,0.0,6,106.75,4,1.0,4,107.75,4,23.0,2,5,11.5,4
1189,1190,8,2,6,0,2,0,4,2,4,2,2,4,3,7,0.17647058823529413,0.6885245901639344,0.025500910746812388,2352.8571428571427,549,274.5,109800,16470,303255.000,114757.5990090400000000000000,143626.9121180800000000000000,258384.5111271200000000000000,82361.08887288000000000000000,193455.000,644000.60,610,0.25630252100840334,0,46,2,1,0,"1,2",0.5,0.25,0.25,107.75,0.0,37.0,0.5,0.16666666666666666,0.3333333333333333,106.0,0.0,11.5,0,1,0,0,0,1,0,1,5,2,0,1,4,1,1,0,0,1,0,0,0.0,6,106.75,4,1.0,4,107.75,4,23.0,2,5,11.5,4
1190,1191,8,2,6,0,2,0,4,2,4,2,2,4,3,7,0.17632241813602015,0.6862745098039216,0.025408348457350273,2361.4285714285716,551,275.5,110200,16530,303255.000,114757.5990090400000000000000,143626.9121180800000000000000,258384.5111271200000000000000,82361.08887288000000000000000,193055.000,644000.60,612,0.25692695214105793,0,46,2,1,0,"2,1",0.5,0.25,0.25,107.75,0.0,37.0,0.5,0.16666666666666666,0.3333333333333333,106.0,0.0,11.5,0,1,0,0,0,1,0,1,5,2,0,1,4,1,1,0,0,1,0,0,0.0,6,106.75,4,1.0,4,107.75,4,23.0,2,5,11.5,4
1191,1192,8,2,6,0,2,0,4,2,4,2,2,4,3,7,0.1761744966442953,0.6840390879478828,0.02531645569620253,2370.0,553,276.5,110600,16590,303255.000,114757.5990090400000000000000,143626.9121180800000000000000,258384.5111271200000000000000,82361.08887288000000000000000,192655.000,644000.60,614,0.2575503355704698,0,46,2,1,0,"1,2",0.5,0.25,0.25,107.75,0.0,37.0,0.5,0.16666666666666666,0.3333333333333333,106.0,0.0,11.5,0,1,0,0,0,1,0,1,5,2,0,1,4,1,1,0,0,1,0,0,0.0,6,106.75,4,1.0,4,107.75,4,23.0,2,5,11.5,4
1192,1193,9,3,6,1,2,0,4,2,4,3,3,4,3,7,0.1760268231349539,0.6818181818181818,0.025225225225225224,2378.5714285714284,555,277.5,111000,16650,303255.000,114757.5990090400000000000000,143626.9121180800000000000000,258384.5111271200000000000000,82361.08887288000000000000000,192255.000,644000.60,616,0.2581726739312657,0,46,2,1,0,"2,1",0.4444444444444444,0.2222222222222222,0.3333333333333333,107.75,0.0,37.0,0.5,0.16666666666666666,0.3333333333333333,106.0,0.0,11.5,0,1,0,0,0,1,1,1,5,2,0,1,4,1,2,0,0,1,0,0,0.0,6,106.75,4,1.0,4,107.75,4,23.0,2,5,11.5,4
1193,1194,9,3,6,1,2,0,4,2,4,3,3,4,3,7,0.17587939698492464,0.6796116504854368,0.025134649910233394,2387.1428571428573,557,278.5,111400,16710,303255.000,114757.5990090400000000000000,143626.9121180800000000000000,258384.5111271200000000000000,82361.08887288000000000000000,191855.000,644000.60,618,0.25879396984924624,0,46,2,1,0,"1,2",0.4444444444444444,0.2222222222222222,0.3333333333333333,107.75,0.0,37.0,0.5,0.16666666666666666,0.3333333333333333,106.0,0.0,11.5,0,1,0,0,0,1,1,1,5,2,0,1,4,1,2,0,0,1,0,0,0.0,6,106.75,4,1.0,4,107.75,4,23.0,2,5,11.5,4
1194,1195,9,3,6,1,2,0,4,2,4,3,3,4,3,7,0.17573221757322174,0.6774193548387096,0.025044722719141325,2395.714285714286,559,279.5,111800,16770,303255.000,114757.5990090400000000000000,143626.9121180800000000000000,258384.5111271200000000000000,82361.08887288000000000000000,191455.000,644000.60,620,0.2594142259414226,0,46,2,1,0,"1,2",0.4444444444444444,0.2222222222222222,0.3333333333333333,107.75,0.0,37.0,0.5,0.16666666666666666,0.3333333333333333,106.0,0.0,11.5,0,1,0,0,0,1,1,1,5,2,0,1,4,1,2,0,0,1,0,0,0.0,6,106.75,4,1.0,4,107.75,4,23.0,2,5,11.5,4
1195,1196,9,3,6,1,2,0,4,2,4,3,3,4,3,7,0.17558528428093645,0.67524115755627,0.024955436720142603,2404.285714285714,561,280.5,112200,16830,303255.000,114757.5990090400000000000000,143626.9121180800000000000000,258384.5111271200000000000000,82361.08887288000000000000000,191055.000,644000.60,622,0.2600334448160535,0,46,2,1,0,"1,2",0.4444444444444444,0.2222222222222222,0.3333333333333333,107.75,0.0,37.0,0.5,0.16666666666666666,0.3333333333333333,106.0,0.0,11.5,0,1,0,0,0,1,1,1,5,2,0,1,4,1,2,0,0,1,0,0,0.0,6,106.75,4,1.0,4,107.75,4,23.0,2,5,11.5,4
1196,1197,9,3,6,1,2,0,4,2,4,3,3,4,3,7,0.1754385964912281,0.673076923076923,0.02486678507992895,2412.8571428571427,563,281.5,112600,16890,303255.000,114757.5990090400000000000000,143626.9121180800000000000000,258384.5111271200000000000000,82361.08887288000000000000000,190655.000,644000.60,624,0.2606516290726817,0,46,2,1,0,"2,1",0.4444444444444444,0.2222222222222222,0.3333333333333333,107.75,0.0,37.0,0.5,0.16666666666666666,0.3333333333333333,106.0,0.0,11.5,0,1,0,0,0,1,1,1,5,2,0,1,4,1,2,0,0,1,0,0,0.0,6,106.75,4,1.0,4,107.75,4,23.0,2,5,11.5,4
1197,1198,9,3,6,1,2,0,4,2,4,3,3,4,3,7,0.17529215358931555,0.6709265175718849,0.024778761061946902,2421.4285714285716,565,282.5,113000,16950,303255.000,114757.5990090400000000000000,143626.9121180800000000000000,258384.5111271200000000000000,82361.08887288000000000000000,190255.000,644000.60,626,0.2612687813021703,0,46,2,1,0,"2,1",0.4444444444444444,0.2222222222222222,0.3333333333333333,107.75,0.0,37.0,0.5,0.16666666666666666,0.3333333333333333,106.0,0.0,11.5,0,1,0,0,0,1,1,1,5,2,0,1,4,1,2,0,0,1,0,0,0.0,6,106.75,4,1.0,4,107.75,4,23.0,2,5,11.5,4
1198,1199,9,3,6,1,2,0,4,2,4,3,3,4,3,7,0.1751459549624687,0.6687898089171974,0.024691358024691357,2430.0,567,283.5,113400,17010,303255.000,114757.5990090400000000000000,143626.9121180800000000000000,258384.5111271200000000000000,82361.08887288000000000000000,189855.000,644000.60,628,0.2618849040867389,0,46,2,1,0,"1,2",0.4444444444444444,0.2222222222222222,0.3333333333333333,107.75,0.0,37.0,0.5,0.16666666666666666,0.3333333333333333,106.0,0.0,11.5,0,1,0,0,0,1,1,1,5,2,0,1,4,1,2,0,0,1,0,0,0.0,6,106.75,4,1.0,4,107.75,4,23.0,2,5,11.5,4
1199,1200,9,3,6,1,2,0,4,2,4,3,3,4,3,7,0.175,0.6666666666666666,0.02460456942003515,2438.5714285714284,569,284.5,113800,17070,303255.000,114757.5990090400000000000000,143626.9121180800000000000000,258384.5111271200000000000000,82361.08887288000000000000000,189455.000,644000.60,630,0.2625,0,46,2,1,0,"1,2",0.4444444444444444,0.2222222222222222,0.3333333333333333,107.75,0.0,37.0,0.5,0.16666666666666666,0.3333333333333333,106.0,0.0,11.5,0,1,0,0,0,1,1,1,5,2,0,1,4,1,2,0,0,1,0,0,0.0,6,106.75,4,1.0,4,107.75,4,23.0,2,5,11.5,4
1200,1201,9,3,6,1,2,0,4,2,4,3,3,4,3,7,0.17485428809325562,0.6645569620253164,0.024518388791593695,2447.1428571428573,571,285.5,114200,17130,303255.000,114757.5990090400000000000000,143626.9121180800000000000000,258384.5111271200000000000000,82361.08887288000000000000000,189055.000,644000.60,632,0.2631140716069942,0,46,2,1,0,"1,2",0.4444444444444444,0.2222222222222222,0.3333333333333333,107.75,0.0,37.0,0.5,0.16666666666666666,0.3333333333333333,106.0,0.0,11.5,0,1,0,0,0,1,1,1,5,2,0,1,4,1,2,0,0,1,0,0,0.0,6,106.75,4,1.0,4,107.75,4,23.0,2,5,11.5,4
1201,1202,9,3,6,1,2,0,4,2,4,3,3,4,3,7,0.1747088186356073,0.6624605678233438,0.02443280977312391,2455.714285714286,573,286.5,114600,17190,303255.000,114757.5990090400000000000000,143626.9121180800000000000000,258384.5111271200000000000000,82361.08887288000000000000000,188655.000,644000.60,634,0.2637271214642263,0,46,2,1,0,"1,2",0.4444444444444444,0.2222222222222222,0.3333333333333333,107.75,0.0,37.0,0.5,0.16666666666666666,0.3333333333333333,106.0,0.0,11.5,0,0,1,0,0,1,1,1,5,2,0,1,4,1,2,0,0,1,0,0,0.0,6,106.75,4,1.0,4,107.75,4,23.0,2,5,11.5,4
1202,1203,9,3,6,1,2,0,4,2,4,3,3,4,3,7,0.17456359102244387,0.6603773584905661,0.024390243902439025,2460.0,574,287.0,114800,17220,303255.000,114757.5990090400000000000000,143626.9121180800000000000000,258384.5111271200000000000000,82361.08887288000000000000000,188455.000,644000.60,636,0.26433915211970077,0,46,2,1,0,"1,2",0.4444444444444444,0.2222222222222222,0.3333333333333333,107.75,0.0,37.0,0.5,0.16666666666666666,0.3333333333333333,106.0,0.0,9.2,0,0,0,1,0,1,1,1,5,2,0,0,5,1,2,0,0,0,0,0,0.0,6,106.75,4,1.0,4,107.75,4,23.0,2,5,9.2,5
1203,1204,9,3,6,1,2,0,4,2,4,3,3,4,3,7,0.1744186046511628,0.658307210031348,0.024305555555555556,2468.5714285714284,576,288.0,115200,17280,303255.000,114757.5990090400000000000000,143626.9121180800000000000000,258384.5111271200000000000000,82361.08887288000000000000000,188055.000,644000.60,638,0.2649501661129568,0,46,2,1,0,"2,1",0.4444444444444444,0.2222222222222222,0.3333333333333333,107.75,0.0,37.0,0.5,0.16666666666666666,0.3333333333333333,106.0,0.0,9.2,0,0,0,1,0,1,0,2,5,2,0,0,5,1,2,0,0,0,0,0,0.0,6,106.75,4,1.0,4,107.75,4,23.0,2,5,9.2,5
1204,1205,9,3,6,1,2,0,4,2,4,3,3,4,3,7,0.17427385892116184,0.65625,0.02422145328719723,2477.1428571428573,578,289.0,115600,17340,303255.000,114757.5990090400000000000000,143626.9121180800000000000000,258384.5111271200000000000000,82361.08887288000000000000000,187655.000,644000.60,640,0.26556016597510373,0,46,2,1,0,"1,2",0.4444444444444444,0.2222222222222222,0.3333333333333333,107.75,0.0,37.0,0.5,0.16666666666666666,0.3333333333333333,106.0,0.0,9.2,0,0,0,1,0,1,0,2,5,2,0,0,5,1,2,0,0,0,0,0,0.0,6,106.75,4,1.0,4,107.75,4,23.0,2,5,9.2,5
1205,1206,9,3,6,1,2,0,4,2,4,3,3,4,3,7,0.17412935323383083,0.6542056074766356,0.02413793103448276,2485.714285714286,580,290.0,116000,17400,303255.000,114757.5990090400000000000000,143626.9121180800000000000000,258384.5111271200000000000000,82361.08887288000000000000000,187255.000,644000.60,642,0.26616915422885573,0,46,2,1,0,"2,1",0.4444444444444444,0.2222222222222222,0.3333333333333333,107.75,0.0,37.0,0.5,0.16666666666666666,0.3333333333333333,106.0,0.0,9.2,0,0,0,1,0,1,0,2,5,2,0,0,5,1,2,0,0,0,0,0,0.0,6,106.75,4,1.0,4,107.75,4,23.0,2,5,9.2,5
1206,1207,9,3,6,1,2,0,4,2,4,3,3,4,3,7,0.1739850869925435,0.6521739130434783,0.024054982817869417,2494.285714285714,582,291.0,116400,17460,303255.000,114757.5990090400000000000000,143626.9121180800000000000000,258384.5111271200000000000000,82361.08887288000000000000000,186855.000,644000.60,644,0.2667771333885667,0,46,2,1,0,"1,2",0.4444444444444444,0.2222222222222222,0.3333333333333333,107.75,0.0,37.0,0.5,0.16666666666666666,0.3333333333333333,106.0,0.0,9.2,0,0,0,1,0,1,0,2,5,2,0,0,5,1,2,0,0,0,0,0,0.0,6,106.75,4,1.0,4,107.75,4,23.0,2,5,9.2,5
1207,1208,9,3,6,1,2,0,4,2,4,3,3,4,3,7,0.173841059602649,0.6501547987616099,0.023972602739726026,2502.8571428571427,584,292.0,116800,17520,303255.000,114757.5990090400000000000000,143626.9121180800000000000000,258384.5111271200000000000000,82361.08887288000000000000000,186455.000,644000.60,646,0.2673841059602649,0,46,2,1,0,"1,2",0.4444444444444444,0.2222222222222222,0.3333333333333333,107.75,0.0,37.0,0.5,0.16666666666666666,0.3333333333333333,106.0,0.0,9.2,0,0,0,1,0,1,0,2,5,2,0,0,5,1,2,0,0,0,0,0,0.0,6,106.75,4,1.0,4,107.75,4,23.0,2,5,9.2,5
1208,1209,9,3,6,1,2,0,4,2,4,3,3,4,3,7,0.17369727047146402,0.6481481481481481,0.023890784982935155,2511.4285714285716,586,293.0,117200,17580,303255.000,114757.5990090400000000000000,143626.9121180800000000000000,258384.5111271200000000000000,82361.08887288000000000000000,186055.000,644000.60,648,0.2679900744416873,0,46,2,1,0,"2,1",0.4444444444444444,0.2222222222222222,0.3333333333333333,107.75,0.0,37.0,0.5,0.16666666666666666,0.3333333333333333,106.0,0.0,9.2,0,0,0,1,0,1,0,2,5,2,0,0,5,1,2,0,0,0,0,0,0.0,6,106.75,4,1.0,4,107.75,4,23.0,2,5,9.2,5
1209,1210,9,3,6,1,2,0,4,2,4,3,3,4,3,7,0.17355371900826444,0.6461538461538461,0.023809523809523808,2520.0,588,294.0,117600,17640,303255.000,114757.5990090400000000000000,143626.9121180800000000000000,258384.5111271200000000000000,82361.08887288000000000000000,185655.000,644000.60,650,0.26859504132231404,0,46,2,1,0,"2,1",0.4444444444444444,0.2222222222222222,0.3333333333333333,107.75,0.0,37.0,0.5,0.16666666666666666,0.3333333333333333,106.0,0.0,9.2,0,0,0,1,0,1,0,2,5,2,0,0,5,1,2,0,0,0,0,0,0.0,6,106.75,4,1.0,4,107.75,4,23.0,2,5,9.2,5
1210,1211,9,3,6,1,2,0,4,2,4,3,3,4,3,7,0.17341040462427745,0.6441717791411042,0.023728813559322035,2528.5714285714284,590,295.0,118000,17700,303255.000,114757.5990090400000000000000,143626.9121180800000000000000,258384.5111271200000000000000,82361.08887288000000000000000,185255.000,644000.60,652,0.26919900908340216,0,46,2,1,0,"1,2",0.4444444444444444,0.2222222222222222,0.3333333333333333,107.75,0.0,37.0,0.5,0.16666666666666666,0.3333333333333333,106.0,0.0,9.2,0,0,0,0,1,1,0,2,5,2,0,0,5,1,2,0,0,0,0,0,0.0,6,106.75,4,1.0,4,107.75,4,23.0,2,5,9.2,5
1211,1212,9,3,6,1,2,0,4,2,4,3,3,4,3,7,0.17326732673267328,0.6422018348623852,0.023688663282571912,2532.8571428571427,591,295.5,118200,17730,303255.000,114757.5990090400000000000000,143626.9121180800000000000000,258384.5111271200000000000000,82361.08887288000000000000000,185055.000,644000.60,654,0.2698019801980198,0,46,2,1,0,"2,1",0.4444444444444444,0.2222222222222222,0.3333333333333333,107.75,0.0,37.0,0.5,0.16666666666666666,0.3333333333333333,106.0,0.0,9.2,0,0,0,0,0,2,0,1,6,2,0,0,5,1,1,0,0,0,0,0,0.0,6,106.75,4,1.0,4,107.75,4,23.0,2,6,9.2,5
1212,1213,9,3,6,1,1,1,4,2,5,3,3,4,3,7,0.17312448474855732,0.6402439024390244,0.023608768971332208,2541.4285714285716,593,296.5,118600,17790,303255.000,114757.5990090400000000000000,143626.9121180800000000000000,258384.5111271200000000000000,82361.08887288000000000000000,184655.000,644000.60,656,0.27040395713107995,0,46,2,1,0,"2,1",0.4444444444444444,0.2222222222222222,0.3333333333333333,107.75,0.0,37.0,0.5,0.16666666666666666,0.3333333333333333,106.0,0.0,9.2,1,0,0,0,0,1,0,1,6,2,0,0,5,1,1,0,0,0,0,0,0.0,6,113.6,5,1.0,4,107.75,4,23.0,2,6,9.2,5
1213,1214,9,3,6,0,2,0,5,2,5,2,2,5,4,9,0.22240527182866557,0.8206686930091185,0.030303030303030304,1980.0,594,297.0,118800,17820,378810.000,156181.0672550000000000000000,176295.1997255600000000000000,332476.2669805600000000000000,104986.5330194400000000000000,260010.000,816272.80,658,0.27100494233937394,0,46,2,1,0,"1,2",0.5555555555555556,0.2222222222222222,0.2222222222222222,114.6,0.0,38.6,0.6666666666666666,0.16666666666666666,0.16666666666666666,115.0,0.0,9.2,0,0,0,1,0,1,0,1,6,2,0,0,5,1,1,0,0,0,0,0,3.0,7,113.6,5,1.0,5,114.6,5,23.0,2,6,9.2,5
1214,1215,9,3,6,0,2,0,5,2,5,2,2,5,4,9,0.2222222222222222,0.8181818181818182,0.030201342281879196,1986.6666666666667,596,298.0,119200,17880,378810.000,156181.0672550000000000000000,176295.1997255600000000000000,332476.2669805600000000000000,104986.5330194400000000000000,259610.000,816272.80,660,0.2716049382716049,0,46,2,1,0,"1,2",0.5555555555555556,0.2222222222222222,0.2222222222222222,114.6,0.0,38.6,0.6666666666666666,0.16666666666666666,0.16666666666666666,115.0,0.0,9.2,0,0,0,1,0,1,0,1,6,2,0,0,5,1,1,0,0,0,0,0,3.0,7,113.6,5,1.0,5,114.6,5,23.0,2,6,9.2,5
1215,1216,9,3,6,0,2,0,5,2,5,2,2,5,4,9,0.22203947368421054,0.8157099697885196,0.030100334448160536,1993.3333333333333,598,299.0,119600,17940,378810.000,156181.0672550000000000000000,176295.1997255600000000000000,332476.2669805600000000000000,104986.5330194400000000000000,259210.000,816272.80,662,0.2722039473684211,0,46,2,1,0,"1,2",0.5555555555555556,0.2222222222222222,0.2222222222222222,114.6,0.0,38.6,0.6666666666666666,0.16666666666666666,0.16666666666666666,115.0,0.0,9.2,0,0,0,1,0,1,0,1,6,2,0,0,5,1,1,0,0,0,0,0,3.0,7,113.6,5,1.0,5,114.6,5,23.0,2,6,9.2,5
1216,1217,9,3,6,0,2,0,5,2,5,2,2,5,4,9,0.22185702547247327,0.8132530120481928,0.03,2000.0,600,300.0,120000,18000,378810.000,156181.0672550000000000000000,176295.1997255600000000000000,332476.2669805600000000000000,104986.5330194400000000000000,258810.000,816272.80,664,0.27280197206244866,0,46,2,1,0,"2,1",0.5555555555555556,0.2222222222222222,0.2222222222222222,114.6,0.0,38.6,0.6666666666666666,0.16666666666666666,0.16666666666666666,115.0,0.0,9.2,0,0,0,1,0,1,0,1,6,2,0,0,5,1,1,0,0,0,0,0,3.0,7,113.6,5,1.0,5,114.6,5,23.0,2,6,9.2,5
1217,1218,9,3,6,0,2,0,5,2,5,2,2,5,4,9,0.22167487684729062,0.8108108108108109,0.029900332225913623,2006.6666666666667,602,301.0,120400,18060,378810.000,156181.0672550000000000000000,176295.1997255600000000000000,332476.2669805600000000000000,104986.5330194400000000000000,258410.000,816272.80,666,0.2733990147783251,0,46,2,1,0,"1,2",0.5555555555555556,0.2222222222222222,0.2222222222222222,114.6,0.0,38.6,0.6666666666666666,0.16666666666666666,0.16666666666666666,115.0,0.0,9.2,0,0,0,1,0,1,0,1,6,2,0,0,5,1,1,0,0,0,0,0,3.0,7,113.6,5,1.0,5,114.6,5,23.0,2,6,9.2,5
1218,1219,10,4,6,1,2,0,5,2,5,3,3,5,4,9,0.22149302707136997,0.8083832335329342,0.029801324503311258,2013.3333333333333,604,302.0,120800,18120,378810.000,156181.0672550000000000000000,176295.1997255600000000000000,332476.2669805600000000000000,104986.5330194400000000000000,258010.000,816272.80,668,0.27399507793273176,0,46,2,1,0,"2,1",0.5,0.2,0.3,114.6,0.0,38.6,0.6666666666666666,0.16666666666666666,0.16666666666666666,115.0,0.0,9.2,0,0,0,1,0,1,1,1,6,2,0,0,5,1,2,0,0,0,0,0,3.0,7,113.6,5,1.0,5,114.6,5,23.0,2,6,9.2,5
1219,1220,10,4,6,1,2,0,5,2,5,3,3,5,4,9,0.2213114754098361,0.8059701492537313,0.0297029702970297,2020.0,606,303.0,121200,18180,378810.000,156181.0672550000000000000000,176295.1997255600000000000000,332476.2669805600000000000000,104986.5330194400000000000000,257610.000,816272.80,670,0.27459016393442626,0,46,2,1,0,"2,1",0.5,0.2,0.3,114.6,0.0,38.6,0.6666666666666666,0.16666666666666666,0.16666666666666666,115.0,0.0,9.2,0,0,0,1,0,1,1,1,6,2,0,0,5,1,2,0,0,0,0,0,3.0,7,113.6,5,1.0,5,114.6,5,23.0,2,6,9.2,5
1220,1221,10,4,6,1,2,0,5,2,5,3,3,5,4,9,0.22113022113022113,0.8035714285714286,0.029605263157894735,2026.6666666666667,608,304.0,121600,18240,378810.000,156181.0672550000000000000000,176295.1997255600000000000000,332476.2669805600000000000000,104986.5330194400000000000000,257210.000,816272.80,672,0.2751842751842752,0,46,2,1,0,"2,1",0.5,0.2,0.3,114.6,0.0,38.6,0.6666666666666666,0.16666666666666666,0.16666666666666666,115.0,0.0,9.2,0,0,0,1,0,1,1,1,6,2,0,0,5,1,2,0,0,0,0,0,3.0,7,113.6,5,1.0,5,114.6,5,23.0,2,6,9.2,5
1221,1222,10,4,6,1,2,0,5,2,5,3,3,5,4,9,0.22094926350245497,0.8011869436201781,0.029508196721311476,2033.3333333333333,610,305.0,122000,18300,378810.000,156181.0672550000000000000000,176295.1997255600000000000000,332476.2669805600000000000000,104986.5330194400000000000000,256810.000,816272.80,674,0.27577741407528644,0,46,2,1,0,"2,1",0.5,0.2,0.3,114.6,0.0,38.6,0.6666666666666666,0.16666666666666666,0.16666666666666666,115.0,0.0,9.2,0,0,0,1,0,1,1,1,6,2,0,0,5,1,2,0,0,0,0,0,3.0,7,113.6,5,1.0,5,114.6,5,23.0,2,6,9.2,5
1222,1223,10,4,6,1,2,0,5,2,5,3,3,5,4,9,0.22076860179885527,0.7988165680473372,0.029411764705882353,2040.0,612,306.0,122400,18360,378810.000,156181.0672550000000000000000,176295.1997255600000000000000,332476.2669805600000000000000,104986.5330194400000000000000,256410.000,816272.80,676,0.276369582992641,0,46,2,1,0,"1,2",0.5,0.2,0.3,114.6,0.0,38.6,0.6666666666666666,0.16666666666666666,0.16666666666666666,115.0,0.0,9.2,0,0,0,1,0,1,1,1,6,2,0,0,5,1,2,0,0,0,0,0,3.0,7,113.6,5,1.0,5,114.6,5,23.0,2,6,9.2,5
1223,1224,10,4,6,1,2,0,5,2,5,3,3,5,4,9,0.22058823529411767,0.7964601769911503,0.029315960912052116,2046.6666666666667,614,307.0,122800,18420,378810.000,156181.0672550000000000000000,176295.1997255600000000000000,332476.2669805600000000000000,104986.5330194400000000000000,256010.000,816272.80,678,0.2769607843137255,0,46,2,1,0,"2,1",0.5,0.2,0.3,114.6,0.0,38.6,0.6666666666666666,0.16666666666666666,0.16666666666666666,115.0,0.0,9.2,0,0,0,1,0,1,1,1,6,2,0,0,5,1,2,0,0,0,0,0,3.0,7,113.6,5,1.0,5,114.6,5,23.0,2,6,9.2,5
1224,1225,10,4,6,1,2,0,5,2,5,3,3,5,4,9,0.2204081632653061,0.7941176470588235,0.02922077922077922,2053.3333333333335,616,308.0,123200,18480,378810.000,156181.0672550000000000000000,176295.1997255600000000000000,332476.2669805600000000000000,104986.5330194400000000000000,255610.000,816272.80,680,0.27755102040816326,0,46,2,1,0,"2,1",0.5,0.2,0.3,114.6,0.0,38.6,0.6666666666666666,0.16666666666666666,0.16666666666666666,115.0,0.0,9.2,0,0,0,1,0,1,1,1,6,2,0,0,5,1,2,0,0,0,0,0,3.0,7,113.6,5,1.0,5,114.6,5,23.0,2,6,9.2,5
1225,1226,10,4,6,1,2,0,5,2,5,3,3,5,4,9,0.22022838499184338,0.7917888563049853,0.02912621359223301,2060.0,618,309.0,123600,18540,378810.000,156181.0672550000000000000000,176295.1997255600000000000000,332476.2669805600000000000000,104986.5330194400000000000000,255210.000,816272.80,682,0.27814029363784665,0,46,2,1,0,"2,1",0.5,0.2,0.3,114.6,0.0,38.6,0.6666666666666666,0.16666666666666666,0.16666666666666666,115.0,0.0,9.2,0,0,0,1,0,1,1,1,6,2,0,0,5,1,2,0,0,0,0,0,3.0,7,113.6,5,1.0,5,114.6,5,23.0,2,6,9.2,5
1226,1227,10,4,6,1,2,0,5,2,5,3,3,5,4,9,0.22004889975550124,0.7894736842105263,0.02903225806451613,2066.6666666666665,620,310.0,124000,18600,378810.000,156181.0672550000000000000000,176295.1997255600000000000000,332476.2669805600000000000000,104986.5330194400000000000000,254810.000,816272.80,684,0.2787286063569682,0,46,2,1,0,"1,2",0.5,0.2,0.3,114.6,0.0,38.6,0.6666666666666666,0.16666666666666666,0.16666666666666666,115.0,0.0,9.2,0,0,0,1,0,1,1,1,6,2,0,0,5,1,2,0,0,0,0,0,3.0,7,113.6,5,1.0,5,114.6,5,23.0,2,6,9.2,5
1227,1228,10,4,6,1,2,0,5,2,5,3,3,5,4,9,0.2198697068403909,0.7871720116618076,0.028938906752411574,2073.3333333333335,622,311.0,124400,18660,378810.000,156181.0672550000000000000000,176295.1997255600000000000000,332476.2669805600000000000000,104986.5330194400000000000000,254410.000,816272.80,686,0.27931596091205213,0,46,2,1,0,"2,1",0.5,0.2,0.3,114.6,0.0,38.6,0.6666666666666666,0.16666666666666666,0.16666666666666666,115.0,0.0,9.2,0,0,0,1,0,1,1,1,6,2,0,0,5,1,2,0,0,0,0,0,3.0,7,113.6,5,1.0,5,114.6,5,23.0,2,6,9.2,5
1228,1229,10,4,6,1,2,0,5,2,5,3,3,5,4,9,0.21969080553295361,0.7848837209302325,0.028846153846153848,2080.0,624,312.0,124800,18720,378810.000,156181.0672550000000000000000,176295.1997255600000000000000,332476.2669805600000000000000,104986.5330194400000000000000,254010.000,816272.80,688,0.27990235964198534,0,46,2,1,0,"1,2",0.5,0.2,0.3,114.6,0.0,38.6,0.6666666666666666,0.16666666666666666,0.16666666666666666,115.0,0.0,9.2,0,0,0,0,1,1,1,1,6,2,0,0,5,1,2,0,0,0,0,0,3.0,7,113.6,5,1.0,5,114.6,5,23.0,2,6,9.2,5
1229,1230,10,4,6,1,2,0,5,2,5,3,3,5,4,9,0.21951219512195122,0.782608695652174,0.0288,2083.3333333333335,625,312.5,125000,18750,378810.000,156181.0672550000000000000000,176295.1997255600000000000000,332476.2669805600000000000000,104986.5330194400000000000000,253810.000,816272.80,690,0.2804878048780488,0,46,2,1,0,"1,2",0.5,0.2,0.3,114.6,0.0,38.6,0.6666666666666666,0.16666666666666666,0.16666666666666666,115.0,0.0,9.2,0,0,0,0,0,2,1,0,7,2,0,0,5,1,1,0,0,0,0,0,3.0,7,113.6,5,1.0,5,114.6,5,23.0,2,7,9.2,5
1230,1231,10,4,6,1,2,0,5,2,5,3,3,5,4,9,0.21933387489845654,0.7803468208092486,0.028708133971291867,2090.0,627,313.5,125400,18810,378810.000,156181.0672550000000000000000,176295.1997255600000000000000,332476.2669805600000000000000,104986.5330194400000000000000,253410.000,816272.80,692,0.28107229894394803,0,46,2,1,0,"1,2",0.5,0.2,0.3,114.6,0.0,38.6,0.6666666666666666,0.16666666666666666,0.16666666666666666,115.0,0.0,9.2,0,0,0,0,0,2,1,0,7,2,0,0,5,1,1,0,0,0,0,0,3.0,7,113.6,5,1.0,5,114.6,5,23.0,2,7,9.2,5
1231,1232,10,4,6,1,2,0,5,2,5,3,3,5,4,9,0.21915584415584413,0.7780979827089337,0.028616852146263912,2096.6666666666665,629,314.5,125800,18870,378810.000,156181.0672550000000000000000,176295.1997255600000000000000,332476.2669805600000000000000,104986.5330194400000000000000,253010.000,816272.80,694,0.28165584415584416,0,46,2,1,0,"2,1",0.5,0.2,0.3,114.6,0.0,38.6,0.6666666666666666,0.16666666666666666,0.16666666666666666,115.0,0.0,9.2,0,0,0,0,0,2,0,1,7,2,0,0,5,1,1,0,0,0,0,0,3.0,7,113.6,5,1.0,5,114.6,5,23.0,2,7,9.2,5
1232,1233,10,4,6,1,2,0,5,2,5,3,3,5,4,9,0.218978102189781,0.7758620689655172,0.028526148969889066,2103.3333333333335,631,315.5,126200,18930,378810.000,156181.0672550000000000000000,176295.1997255600000000000000,332476.2669805600000000000000,104986.5330194400000000000000,252610.000,816272.80,696,0.2822384428223844,0,46,2,1,0,"1,2",0.5,0.2,0.3,114.6,0.0,38.6,0.6666666666666666,0.16666666666666666,0.16666666666666666,115.0,0.0,9.2,0,0,0,0,0,2,0,1,7,2,0,0,5,1,1,0,0,0,0,0,3.0,7,113.6,5,1.0,5,114.6,5,23.0,2,7,9.2,5
1233,1234,10,4,6,1,2,0,5,2,5,3,3,5,4,9,0.2188006482982172,0.7736389684813754,0.02843601895734597,2110.0,633,316.5,126600,18990,378810.000,156181.0672550000000000000000,176295.1997255600000000000000,332476.2669805600000000000000,104986.5330194400000000000000,252210.000,816272.80,698,0.28282009724473256,0,46,2,1,0,"1,2",0.5,0.2,0.3,114.6,0.0,38.6,0.6666666666666666,0.16666666666666666,0.16666666666666666,115.0,0.0,9.2,0,0,0,0,0,2,0,1,7,2,0,0,5,1,1,0,0,0,0,0,3.0,7,113.6,5,1.0,5,114.6,5,23.0,2,7,9.2,5
1234,1235,10,4,6,1,2,0,5,2,5,3,3,5,4,9,0.21862348178137653,0.7714285714285715,0.028346456692913385,2116.6666666666665,635,317.5,127000,19050,378810.000,156181.0672550000000000000000,176295.1997255600000000000000,332476.2669805600000000000000,104986.5330194400000000000000,251810.000,816272.80,700,0.2834008097165992,0,46,2,1,0,"2,1",0.5,0.2,0.3,114.6,0.0,38.6,0.6666666666666666,0.16666666666666666,0.16666666666666666,115.0,0.0,9.2,0,0,0,0,0,2,0,1,7,2,0,0,5,1,1,0,0,0,0,0,3.0,7,113.6,5,1.0,5,114.6,5,23.0,2,7,9.2,5
1235,1236,10,4,6,1,2,0,5,2,5,3,3,5,4,9,0.21844660194174756,0.7692307692307693,0.0282574568288854,2123.3333333333335,637,318.5,127400,19110,378810.000,156181.0672550000000000000000,176295.1997255600000000000000,332476.2669805600000000000000,104986.5330194400000000000000,251410.000,816272.80,702,0.28398058252427183,0,46,2,1,0,"2,1",0.5,0.2,0.3,114.6,0.0,38.6,0.6666666666666666,0.16666666666666666,0.16666666666666666,115.0,0.0,9.2,0,0,0,0,0,2,0,1,7,2,0,0,5,1,1,0,0,0,0,0,3.0,7,113.6,5,1.0,5,114.6,5,23.0,2,7,9.2,5
1236,1237,10,4,6,1,2,0,5,2,5,3,3,5,4,9,0.21827000808407437,0.7670454545454546,0.028169014084507043,2130.0,639,319.5,127800,19170,378810.000,156181.0672550000000000000000,176295.1997255600000000000000,332476.2669805600000000000000,104986.5330194400000000000000,251010.000,816272.80,704,0.28455941794664513,0,46,2,1,0,"2,1",0.5,0.2,0.3,114.6,0.0,38.6,0.6666666666666666,0.16666666666666666,0.16666666666666666,115.0,0.0,9.2,0,0,0,0,0,2,0,1,7,2,0,0,5,1,1,0,0,0,0,0,3.0,7,113.6,5,1.0,5,114.6,5,23.0,2,7,9.2,5
1237,1238,10,4,6,1,2,0,5,2,5,3,3,5,4,9,0.21809369951534735,0.7648725212464589,0.028081123244929798,2136.6666666666665,641,320.5,128200,19230,378810.000,156181.0672550000000000000000,176295.1997255600000000000000,332476.2669805600000000000000,104986.5330194400000000000000,250610.000,816272.80,706,0.2851373182552504,0,46,2,1,0,"1,2",0.5,0.2,0.3,114.6,0.0,38.6,0.6666666666666666,0.16666666666666666,0.16666666666666666,115.0,0.0,9.2,0,0,0,0,0,2,0,1,7,2,0,0,5,1,1,0,0,0,0,0,3.0,7,113.6,5,1.0,5,114.6,5,23.0,2,7,9.2,5
1238,1239,10,4,6,1,2,0,5,2,5,3,3,5,4,9,0.21791767554479421,0.7627118644067796,0.027993779160186624,2143.3333333333335,643,321.5,128600,19290,378810.000,156181.0672550000000000000000,176295.1997255600000000000000,332476.2669805600000000000000,104986.5330194400000000000000,250210.000,816272.80,708,0.2857142857142857,0,46,2,1,0,"1,2",0.5,0.2,0.3,114.6,0.0,38.6,0.6666666666666666,0.16666666666666666,0.16666666666666666,115.0,0.0,9.2,0,0,0,0,0,2,0,1,7,2,0,0,5,1,1,0,0,0,0,0,3.0,7,113.6,5,1.0,5,114.6,5,23.0,2,7,9.2,5
1239,1240,10,4,6,1,2,0,5,2,5,3,3,5,4,9,0.21774193548387097,0.7605633802816901,0.027906976744186046,2150.0,645,322.5,129000,19350,378810.000,156181.0672550000000000000000,176295.1997255600000000000000,332476.2669805600000000000000,104986.5330194400000000000000,249810.000,816272.80,710,0.2862903225806452,0,46,2,1,0,"2,1",0.5,0.2,0.3,114.6,0.0,38.6,0.6666666666666666,0.16666666666666666,0.16666666666666666,115.0,0.0,9.2,0,0,0,0,0,2,0,1,7,2,0,0,5,1,1,0,0,0,0,0,3.0,7,113.6,5,1.0,5,114.6,5,23.0,2,7,9.2,5
1240,1241,10,4,6,1,2,0,5,2,5,3,3,5,4,9,0.21756647864625303,0.7584269662921348,0.027820710973724884,2156.6666666666665,647,323.5,129400,19410,378810.000,156181.0672550000000000000000,176295.1997255600000000000000,332476.2669805600000000000000,104986.5330194400000000000000,249410.000,816272.80,712,0.2868654311039484,0,46,2,1,0,"2,1",0.5,0.2,0.3,114.6,0.0,38.6,0.6666666666666666,0.16666666666666666,0.16666666666666666,115.0,0.0,9.2,0,0,0,0,0,2,0,1,7,2,0,0,5,1,1,0,0,0,0,0,3.0,7,113.6,5,1.0,5,114.6,5,23.0,2,7,9.2,5
1241,1242,10,4,6,0,2,0,5,3,5,2,2,5,4,9,0.21739130434782608,0.7563025210084033,0.02773497688751926,2163.3333333333335,649,324.5,129800,19470,378810.000,156181.0672550000000000000000,176295.1997255600000000000000,332476.2669805600000000000000,104986.5330194400000000000000,249010.000,816272.80,714,0.28743961352657005,0,46,3,1,0,"1,2",0.5,0.3,0.2,114.6,0.0,38.6,0.6666666666666666,0.16666666666666666,0.16666666666666666,115.0,0.0,9.2,0,0,0,0,0,2,0,0,7,3,0,0,5,1,0,0,0,0,0,0,3.0,7,113.6,5,1.0,5,114.6,5,23.0,3,7,9.2,5
1242,1243,10,4,6,0,2,0,5,3,5,2,2,5,4,9,0.2172164119066774,0.7541899441340782,0.027649769585253458,2170.0,651,325.5,130200,19530,378810.000,156181.0672550000000000000000,176295.1997255600000000000000,332476.2669805600000000000000,104986.5330194400000000000000,248610.000,816272.80,716,0.28801287208366855,0,46,3,1,0,"2,1",0.5,0.3,0.2,114.6,0.0,38.6,0.6666666666666666,0.16666666666666666,0.16666666666666666,115.0,0.0,9.2,0,0,0,0,0,2,0,0,7,3,0,0,5,1,0,0,0,0,0,0,3.0,7,113.6,5,1.0,5,114.6,5,23.0,3,7,9.2,5
1243,1244,10,4,6,0,2,0,5,3,5,2,2,5,4,9,0.2170418006430868,0.7520891364902507,0.027565084226646247,2176.6666666666665,653,326.5,130600,19590,378810.000,156181.0672550000000000000000,176295.1997255600000000000000,332476.2669805600000000000000,104986.5330194400000000000000,248210.000,816272.80,718,0.28858520900321544,0,46,3,1,0,"2,1",0.5,0.3,0.2,114.6,0.0,38.6,0.6666666666666666,0.16666666666666666,0.16666666666666666,115.0,0.0,9.2,0,0,0,0,0,2,0,0,7,3,0,0,5,1,0,0,0,0,0,0,3.0,7,113.6,5,1.0,5,114.6,5,23.0,3,7,9.2,5
1244,1245,10,4,6,0,2,0,5,3,5,2,2,5,4,9,0.21686746987951808,0.75,0.02748091603053435,2183.3333333333335,655,327.5,131000,19650,378810.000,156181.0672550000000000000000,176295.1997255600000000000000,332476.2669805600000000000000,104986.5330194400000000000000,247810.000,816272.80,720,0.2891566265060241,0,46,3,1,0,"2,1",0.5,0.3,0.2,114.6,0.0,38.6,0.6666666666666666,0.16666666666666666,0.16666666666666666,115.0,0.0,9.2,0,0,0,0,0,2,0,0,7,3,0,0,5,1,0,0,0,0,0,0,3.0,7,113.6,5,1.0,5,114.6,5,23.0,3,7,9.2,5
1245,1246,10,4,6,0,2,0,5,3,5,2,2,5,4,9,0.21669341894060995,0.7479224376731302,0.0273972602739726,2190.0,657,328.5,131400,19710,378810.000,156181.0672550000000000000000,176295.1997255600000000000000,332476.2669805600000000000000,104986.5330194400000000000000,247410.000,816272.80,722,0.2897271268057785,0,46,3,1,0,"2,1",0.5,0.3,0.2,114.6,0.0,38.6,0.6666666666666666,0.16666666666666666,0.16666666666666666,115.0,0.0,9.2,0,0,0,0,0,2,0,0,7,3,0,0,5,1,0,0,0,0,0,0,3.0,7,113.6,5,1.0,5,114.6,5,23.0,3,7,9.2,5
1246,1247,10,4,6,0,2,0,5,3,5,2,2,5,4,9,0.21651964715316757,0.7458563535911602,0.027314112291350532,2196.6666666666665,659,329.5,131800,19770,378810.000,156181.0672550000000000000000,176295.1997255600000000000000,332476.2669805600000000000000,104986.5330194400000000000000,247010.000,816272.80,724,0.29029671210906177,0,46,3,1,0,"2,1",0.5,0.3,0.2,114.6,0.0,38.6,0.6666666666666666,0.16666666666666666,0.16666666666666666,115.0,0.0,9.2,0,0,0,0,0,2,0,0,7,3,0,0,5,1,0,0,0,0,0,0,3.0,7,113.6,5,1.0,5,114.6,5,23.0,3,7,9.2,5
1247,1248,10,4,6,0,2,0,5,3,5,2,2,5,4,9,0.21634615384615383,0.7438016528925621,0.02723146747352496,2203.3333333333335,661,330.5,132200,19830,378810.000,156181.0672550000000000000000,176295.1997255600000000000000,332476.2669805600000000000000,104986.5330194400000000000000,246610.000,816272.80,726,0.29086538461538464,0,46,3,1,0,"1,2",0.5,0.3,0.2,114.6,0.0,38.6,0.6666666666666666,0.16666666666666666,0.16666666666666666,115.0,0.0,9.2,0,0,0,0,0,2,0,0,7,3,0,0,5,1,0,0,0,0,0,0,3.0,7,113.6,5,1.0,5,114.6,5,23.0,3,7,9.2,5
1248,1249,10,4,6,0,2,0,5,3,5,2,2,5,4,9,0.21617293835068055,0.7417582417582418,0.027149321266968326,2210.0,663,331.5,132600,19890,378810.000,156181.0672550000000000000000,176295.1997255600000000000000,332476.2669805600000000000000,104986.5330194400000000000000,246210.000,816272.80,728,0.29143314651721375,0,46,3,1,0,"2,1",0.5,0.3,0.2,114.6,0.0,38.6,0.6666666666666666,0.16666666666666666,0.16666666666666666,115.0,0.0,9.2,0,0,0,0,0,2,0,0,7,3,0,0,5,1,0,0,0,0,0,0,3.0,7,113.6,5,1.0,5,114.6,5,23.0,3,7,9.2,5
1249,1250,10,4,6,0,2,0,5,3,5,2,2,5,4,9,0.21600000000000003,0.7397260273972603,0.02706766917293233,2216.6666666666665,665,332.5,133000,19950,378810.000,156181.0672550000000000000000,176295.1997255600000000000000,332476.2669805600000000000000,104986.5330194400000000000000,245810.000,816272.80,730,0.292,0,46,3,1,0,"2,1",0.5,0.3,0.2,114.6,0.0,38.6,0.6666666666666666,0.16666666666666666,0.16666666666666666,115.0,0.0,9.2,0,0,0,0,0,2,0,0,7,3,0,0,5,1,0,0,0,0,0,0,3.0,7,113.6,5,1.0,5,114.6,5,23.0,3,7,9.2,5
1250,1251,10,4,6,0,2,0,5,3,5,2,2,5,4,9,0.2158273381294964,0.7377049180327869,0.026986506746626688,2223.3333333333335,667,333.5,133400,20010,378810.000,156181.0672550000000000000000,176295.1997255600000000000000,332476.2669805600000000000000,104986.5330194400000000000000,245410.000,816272.80,732,0.29256594724220625,0,46,3,1,0,"2,1",0.5,0.3,0.2,114.6,0.0,38.6,0.6666666666666666,0.16666666666666666,0.16666666666666666,115.0,0.0,9.2,0,0,0,0,0,2,0,0,7,3,0,0,5,1,0,0,0,0,0,0,3.0,7,113.6,5,1.0,5,114.6,5,23.0,3,7,9.2,5
1251,1252,10,4,6,0,2,0,5,3,5,2,2,5,4,9,0.21565495207667731,0.7356948228882835,0.026905829596412557,2230.0,669,334.5,133800,20070,378810.000,156181.0672550000000000000000,176295.1997255600000000000000,332476.2669805600000000000000,104986.5330194400000000000000,245010.000,816272.80,734,0.29313099041533547,0,46,3,1,0,"2,1",0.5,0.3,0.2,114.6,0.0,38.6,0.6666666666666666,0.16666666666666666,0.16666666666666666,115.0,0.0,9.2,0,0,0,0,0,2,0,0,7,3,0,0,5,1,0,0,0,0,0,0,3.0,7,113.6,5,1.0,5,114.6,5,23.0,3,7,9.2,5
1252,1253,10,4,6,0,2,0,5,3,5,2,2,5,4,9,0.2154828411811652,0.733695652173913,0.026825633383010434,2236.6666666666665,671,335.5,134200,20130,378810.000,156181.0672550000000000000000,176295.1997255600000000000000,332476.2669805600000000000000,104986.5330194400000000000000,244610.000,816272.80,736,0.2936951316839585,0,46,3,1,0,"1,2",0.5,0.3,0.2,114.6,0.0,38.6,0.6666666666666666,0.16666666666666666,0.16666666666666666,115.0,0.0,9.2,0,0,0,0,0,2,0,0,7,3,0,0,5,1,0,0,0,0,0,0,3.0,7,113.6,5,1.0,5,114.6,5,23.0,3,7,9.2,5
1253,1254,10,4,6,0,1,1,5,3,6,2,2,5,4,9,0.215311004784689,0.7317073170731707,0.02674591381872214,2243.3333333333335,673,336.5,134600,20190,378810.000,156181.0672550000000000000000,176295.1997255600000000000000,332476.2669805600000000000000,104986.5330194400000000000000,244210.000,816272.80,738,0.2942583732057416,0,46,3,1,0,"1,2",0.5,0.3,0.2,114.6,0.0,38.6,0.6666666666666666,0.16666666666666666,0.16666666666666666,115.0,0.0,9.2,1,0,0,0,0,1,0,0,7,3,0,0,5,1,0,0,0,0,0,0,3.0,7,115.16666666666667,6,1.0,5,114.6,5,23.0,3,7,9.2,5
1254,1255,10,4,6,0,1,0,6,3,6,1,1,6,5,11,0.26294820717131473,0.8930987821380244,0.032640949554896145,1838.1818181818182,674,337.0,134800,20220,430560.000,178372.7921571200000000000000,263402.1951981200000000000000,441774.9873552400000000000000,133171.2126447600000000000000,295760.000,1005506.20,739,0.2944223107569721,0,46,3,1,0,"2,1",0.6,0.3,0.1,116.16666666666667,0.0,39.166666666666664,0.8333333333333334,0.16666666666666666,0.0,116.8,0.0,9.2,1,0,0,0,0,1,0,0,7,3,0,0,5,1,0,0,0,0,0,0,3.0,7,115.16666666666667,6,1.0,6,116.16666666666667,6,23.0,3,7,9.2,5
1255,1256,10,4,6,0,1,0,6,3,6,1,1,6,5,11,0.2627388535031847,0.8918918918918919,0.03259259259259259,1840.909090909091,675,337.5,135000,20250,430560.000,178372.7921571200000000000000,263402.1951981200000000000000,441774.9873552400000000000000,133171.2126447600000000000000,295560.000,1005506.20,740,0.2945859872611465,0,46,3,1,0,"1,2",0.6,0.3,0.1,116.16666666666667,0.0,39.166666666666664,0.8333333333333334,0.16666666666666666,0.0,116.8,0.0,9.2,1,0,0,0,0,1,0,0,7,3,0,0,5,1,0,0,0,0,0,0,3.0,7,115.16666666666667,6,1.0,6,116.16666666666667,6,23.0,3,7,9.2,5
1256,1257,10,4,6,0,1,0,6,3,6,1,1,6,5,11,0.26252983293556087,0.8906882591093118,0.03254437869822485,1843.6363636363637,676,338.0,135200,20280,430560.000,178372.7921571200000000000000,263402.1951981200000000000000,441774.9873552400000000000000,133171.2126447600000000000000,295360.000,1005506.20,741,0.2947494033412888,0,46,3,1,0,"2,1",0.6,0.3,0.1,116.16666666666667,0.0,39.166666666666664,0.8333333333333334,0.16666666666666666,0.0,116.8,0.0,9.2,1,0,0,0,0,1,0,0,7,3,0,0,5,1,0,0,0,0,0,0,3.0,7,115.16666666666667,6,1.0,6,116.16666666666667,6,23.0,3,7,9.2,5
1257,1258,10,4,6,0,1,0,6,3,6,1,1,6,5,11,0.26232114467408585,0.889487870619946,0.03249630723781388,1846.3636363636363,677,338.5,135400,20310,430560.000,178372.7921571200000000000000,263402.1951981200000000000000,441774.9873552400000000000000,133171.2126447600000000000000,295160.000,1005506.20,742,0.294912559618442,0,46,3,1,0,"2,1",0.6,0.3,0.1,116.16666666666667,0.0,39.166666666666664,0.8333333333333334,0.16666666666666666,0.0,116.8,0.0,9.2,1,0,0,0,0,1,0,0,7,3,0,0,5,1,0,0,0,0,0,0,3.0,7,115.16666666666667,6,1.0,6,116.16666666666667,6,23.0,3,7,9.2,5
1258,1259,10,4,6,0,1,0,6,3,6,1,1,6,5,11,0.2621127879269261,0.8882907133243607,0.032448377581120944,1849.090909090909,678,339.0,135600,20340,430560.000,178372.7921571200000000000000,263402.1951981200000000000000,441774.9873552400000000000000,133171.2126447600000000000000,294960.000,1005506.20,743,0.29507545671167595,0,46,3,1,0,"2,1",0.6,0.3,0.1,116.16666666666667,0.0,39.166666666666664,0.8333333333333334,0.16666666666666666,0.0,116.8,0.0,9.2,1,0,0,0,0,1,0,0,7,3,0,0,5,1,0,0,0,0,0,0,3.0,7,115.16666666666667,6,1.0,6,116.16666666666667,6,23.0,3,7,9.2,5
1259,1260,10,4,6,0,1,0,6,3,6,1,1,6,5,11,0.2619047619047619,0.8870967741935484,0.03240058910162003,1851.8181818181818,679,339.5,135800,20370,430560.000,178372.7921571200000000000000,263402.1951981200000000000000,441774.9873552400000000000000,133171.2126447600000000000000,294760.000,1005506.20,744,0.29523809523809524,0,46,3,1,0,"2,1",0.6,0.3,0.1,116.16666666666667,0.0,39.166666666666664,0.8333333333333334,0.16666666666666666,0.0,116.8,0.0,9.2,1,0,0,0,0,1,0,0,7,3,0,0,5,1,0,0,0,0,0,0,3.0,7,115.16666666666667,6,1.0,6,116.16666666666667,6,23.0,3,7,9.2,5
1260,1261,10,4,6,0,1,0,6,3,6,1,1,6,5,11,0.2616970658207772,0.8859060402684564,0.03235294117647059,1854.5454545454545,680,340.0,136000,20400,430560.000,178372.7921571200000000000000,263402.1951981200000000000000,441774.9873552400000000000000,133171.2126447600000000000000,294560.000,1005506.20,745,0.29540047581284695,0,46,3,1,0,"1,2",0.6,0.3,0.1,116.16666666666667,0.0,39.166666666666664,0.8333333333333334,0.16666666666666666,0.0,116.8,0.0,9.2,1,0,0,0,0,1,0,0,7,3,0,0,5,1,0,0,0,0,0,0,3.0,7,115.16666666666667,6,1.0,6,116.16666666666667,6,23.0,3,7,9.2,5
1261,1262,10,4,6,0,1,0,6,3,6,1,1,6,5,11,0.26148969889064977,0.8847184986595175,0.032305433186490456,1857.2727272727273,681,340.5,136200,20430,430560.000,178372.7921571200000000000000,263402.1951981200000000000000,441774.9873552400000000000000,133171.2126447600000000000000,294360.000,1005506.20,746,0.29556259904912835,0,46,3,1,0,"1,2",0.6,0.3,0.1,116.16666666666667,0.0,39.166666666666664,0.8333333333333334,0.16666666666666666,0.0,116.8,0.0,9.2,1,0,0,0,0,1,0,0,7,3,0,0,5,1,0,0,0,0,0,0,3.0,7,115.16666666666667,6,1.0,6,116.16666666666667,6,23.0,3,7,9.2,5
1262,1263,10,4,6,0,1,0,6,3,6,1,1,6,5,11,0.26128266033254155,0.8835341365461847,0.03225806451612903,1860.0,682,341.0,136400,20460,430560.000,178372.7921571200000000000000,263402.1951981200000000000000,441774.9873552400000000000000,133171.2126447600000000000000,294160.000,1005506.20,747,0.29572446555819476,0,46,3,1,0,"2,1",0.6,0.3,0.1,116.16666666666667,0.0,39.166666666666664,0.8333333333333334,0.16666666666666666,0.0,116.8,0.0,9.2,1,0,0,0,0,1,0,0,7,3,0,0,5,1,0,0,0,0,0,0,3.0,7,115.16666666666667,6,1.0,6,116.16666666666667,6,23.0,3,7,9.2,5
1263,1264,10,4,6,0,1,0,6,3,6,1,1,6,5,11,0.2610759493670886,0.8823529411764706,0.032210834553440704,1862.7272727272727,683,341.5,136600,20490,430560.000,178372.7921571200000000000000,263402.1951981200000000000000,441774.9873552400000000000000,133171.2126447600000000000000,293960.000,1005506.20,748,0.2958860759493671,0,46,3,1,0,"1,2",0.6,0.3,0.1,116.16666666666667,0.0,39.166666666666664,0.8333333333333334,0.16666666666666666,0.0,116.8,0.0,9.2,1,0,0,0,0,1,0,0,7,3,0,0,5,1,0,0,0,0,0,0,3.0,7,115.16666666666667,6,1.0,6,116.16666666666667,6,23.0,3,7,9.2,5
1264,1265,10,4,6,0,1,0,6,3,6,1,1,6,5,11,0.2608695652173913,0.8811748998664887,0.03216374269005848,1865.4545454545455,684,342.0,136800,20520,430560.000,178372.7921571200000000000000,263402.1951981200000000000000,441774.9873552400000000000000,133171.2126447600000000000000,293760.000,1005506.20,749,0.29604743083003954,0,46,3,1,0,"2,1",0.6,0.3,0.1,116.16666666666667,0.0,39.166666666666664,0.8333333333333334,0.16666666666666666,0.0,116.8,0.0,9.2,1,0,0,0,0,1,0,0,7,3,0,0,5,1,0,0,0,0,0,0,3.0,7,115.16666666666667,6,1.0,6,116.16666666666667,6,23.0,3,7,9.2,5
1265,1266,10,4,6,0,1,0,6,3,6,1,1,6,5,11,0.2606635071090047,0.88,0.032116788321167884,1868.1818181818182,685,342.5,137000,20550,430560.000,178372.7921571200000000000000,263402.1951981200000000000000,441774.9873552400000000000000,133171.2126447600000000000000,293560.000,1005506.20,750,0.2962085308056872,0,46,3,1,0,"2,1",0.6,0.3,0.1,116.16666666666667,0.0,39.166666666666664,0.8333333333333334,0.16666666666666666,0.0,116.8,0.0,9.2,1,0,0,0,0,1,0,0,7,3,0,0,5,1,0,0,0,0,0,0,3.0,7,115.16666666666667,6,1.0,6,116.16666666666667,6,23.0,3,7,9.2,5
1266,1267,10,4,6,0,1,0,6,3,6,1,1,6,5,11,0.26045777426992894,0.8788282290279626,0.03206997084548105,1870.909090909091,686,343.0,137200,20580,430560.000,178372.7921571200000000000000,263402.1951981200000000000000,441774.9873552400000000000000,133171.2126447600000000000000,293360.000,1005506.20,751,0.2963693764798737,0,46,3,1,0,"1,2",0.6,0.3,0.1,116.16666666666667,0.0,39.166666666666664,0.8333333333333334,0.16666666666666666,0.0,116.8,0.0,9.2,1,0,0,0,0,1,0,0,7,3,0,0,5,1,0,0,0,0,0,0,3.0,7,115.16666666666667,6,1.0,6,116.16666666666667,6,23.0,3,7,9.2,5
1267,1268,10,4,6,0,1,0,6,3,6,1,1,6,5,11,0.26025236593059936,0.8776595744680851,0.03202328966521106,1873.6363636363637,687,343.5,137400,20610,430560.000,178372.7921571200000000000000,263402.1951981200000000000000,441774.9873552400000000000000,133171.2126447600000000000000,293160.000,1005506.20,752,0.29652996845425866,0,46,3,1,0,"2,1",0.6,0.3,0.1,116.16666666666667,0.0,39.166666666666664,0.8333333333333334,0.16666666666666666,0.0,116.8,0.0,9.2,1,0,0,0,0,1,0,0,7,3,0,0,5,1,0,0,0,0,0,0,3.0,7,115.16666666666667,6,1.0,6,116.16666666666667,6,23.0,3,7,9.2,5
1268,1269,10,4,6,0,0,1,6,3,7,1,1,6,5,11,0.2600472813238771,0.8764940239043825,0.03197674418604651,1876.3636363636363,688,344.0,137600,20640,430560.000,178372.7921571200000000000000,263402.1951981200000000000000,441774.9873552400000000000000,133171.2126447600000000000000,292960.000,1005506.20,753,0.2966903073286052,0,46,3,1,0,"2,1",0.6,0.3,0.1,116.16666666666667,0.0,39.166666666666664,0.8333333333333334,0.16666666666666666,0.0,116.8,0.0,9.2,2,0,0,0,0,0,0,0,7,3,0,0,5,1,0,0,0,0,0,0,3.0,7,109.57142857142857,7,1.0,6,116.16666666666667,6,23.0,3,7,9.2,5
1269,1270,10,4,6,0,0,0,7,3,7,0,0,7,5,12,0.28346456692913385,0.9561752988047808,0.03488372093023256,1720.0,688,344.0,137600,20640,470925.000,206381.4142327200000000000000,263402.1951981200000000000000,469783.6094308400000000000000,142750.5905691600000000000000,333325.000,1083459.20,753,0.29645669291338583,0,46,3,1,0,"1,2",0.7,0.3,0.0,110.57142857142857,0.0,39.142857142857146,0.8333333333333334,0.16666666666666666,0.0,116.8,0.0,9.2,2,0,0,0,0,0,0,0,7,3,0,0,5,1,0,0,0,0,0,0,3.0,7,109.57142857142857,7,1.0,7,110.57142857142857,7,23.0,3,7,9.2,5
1270,1271,10,4,6,0,0,0,7,3,7,0,0,7,5,12,0.2832415420928403,0.9561752988047808,0.03488372093023256,1720.0,688,344.0,137600,20640,470925.000,206381.4142327200000000000000,263402.1951981200000000000000,469783.6094308400000000000000,142750.5905691600000000000000,333325.000,1083459.20,753,0.2962234461054288,0,46,3,1,0,"1,2",0.7,0.3,0.0,110.57142857142857,0.0,39.142857142857146,0.8333333333333334,0.16666666666666666,0.0,116.8,0.0,9.2,2,0,0,0,0,0,0,0,7,3,0,0,5,1,0,0,0,0,0,0,3.0,7,109.57142857142857,7,1.0,7,110.57142857142857,7,23.0,3,7,9.2,5
1271,1272,10,4,6,0,0,0,7,3,7,0,0,7,5,12,0.2830188679245283,0.9561752988047808,0.03488372093023256,1720.0,688,344.0,137600,20640,470925.000,206381.4142327200000000000000,263402.1951981200000000000000,469783.6094308400000000000000,142750.5905691600000000000000,333325.000,1083459.20,753,0.2959905660377358,0,46,3,1,0,"1,2",0.7,0.3,0.0,110.57142857142857,0.0,39.142857142857146,0.8333333333333334,0.16666666666666666,0.0,116.8,0.0,9.2,2,0,0,0,0,0,0,0,7,3,0,0,5,1,0,0,0,0,0,0,3.0,7,109.57142857142857,7,1.0,7,110.57142857142857,7,23.0,3,7,9.2,5
1272,1273,10,4,6,0,0,0,7,3,7,0,0,7,5,12,0.2827965435978005,0.9561752988047808,0.03488372093023256,1720.0,688,344.0,137600,20640,470925.000,206381.4142327200000000000000,263402.1951981200000000000000,469783.6094308400000000000000,142750.5905691600000000000000,333325.000,1083459.20,753,0.295758051846033,0,46,3,1,0,"1,2",0.7,0.3,0.0,110.57142857142857,0.0,39.142857142857146,0.8333333333333334,0.16666666666666666,0.0,116.8,0.0,9.2,2,0,0,0,0,0,0,0,7,3,0,0,5,1,0,0,0,0,0,0,3.0,7,109.57142857142857,7,1.0,7,110.57142857142857,7,23.0,3,7,9.2,5
1273,1274,10,4,6,0,0,0,7,3,7,0,0,7,5,12,0.28257456828885397,0.9561752988047808,0.03488372093023256,1720.0,688,344.0,137600,20640,470925.000,206381.4142327200000000000000,263402.1951981200000000000000,469783.6094308400000000000000,142750.5905691600000000000000,333325.000,1083459.20,753,0.29552590266875983,0,46,3,1,0,"2,1",0.7,0.3,0.0,110.57142857142857,0.0,39.142857142857146,0.8333333333333334,0.16666666666666666,0.0,116.8,0.0,9.2,2,0,0,0,0,0,0,0,7,3,0,0,5,1,0,0,0,0,0,0,3.0,7,109.57142857142857,7,1.0,7,110.57142857142857,7,23.0,3,7,9.2,5
1274,1275,10,4,6,0,0,0,7,3,7,0,0,7,5,12,0.2823529411764706,0.9561752988047808,0.03488372093023256,1720.0,688,344.0,137600,20640,470925.000,206381.4142327200000000000000,263402.1951981200000000000000,469783.6094308400000000000000,142750.5905691600000000000000,333325.000,1083459.20,753,0.2952941176470588,0,46,3,1,0,"2,1",0.7,0.3,0.0,110.57142857142857,0.0,39.142857142857146,0.8333333333333334,0.16666666666666666,0.0,116.8,0.0,9.2,2,0,0,0,0,0,0,0,7,3,0,0,5,1,0,0,0,0,0,0,3.0,7,109.57142857142857,7,1.0,7,110.57142857142857,7,23.0,3,7,9.2,5
1275,1276,10,4,6,0,0,0,7,3,7,0,0,7,5,12,0.2821316614420063,0.9561752988047808,0.03488372093023256,1720.0,688,344.0,137600,20640,470925.000,206381.4142327200000000000000,263402.1951981200000000000000,469783.6094308400000000000000,142750.5905691600000000000000,333325.000,1083459.20,753,0.2950626959247649,0,46,3,1,0,"2,1",0.7,0.3,0.0,110.57142857142857,0.0,39.142857142857146,0.8333333333333334,0.16666666666666666,0.0,116.8,0.0,9.2,2,0,0,0,0,0,0,0,7,3,0,0,5,1,0,0,0,0,0,0,3.0,7,109.57142857142857,7,1.0,7,110.57142857142857,7,23.0,3,7,9.2,5
1276,1277,10,4,6,0,0,0,7,3,7,0,0,7,5,12,0.28191072826938135,0.9561752988047808,0.03488372093023256,1720.0,688,344.0,137600,20640,470925.000,206381.4142327200000000000000,263402.1951981200000000000000,469783.6094308400000000000000,142750.5905691600000000000000,333325.000,1083459.20,753,0.2948316366483947,0,46,3,1,0,"2,1",0.7,0.3,0.0,110.57142857142857,0.0,39.142857142857146,0.8333333333333334,0.16666666666666666,0.0,116.8,0.0,9.2,2,0,0,0,0,0,0,0,7,3,0,0,5,1,0,0,0,0,0,0,3.0,7,109.57142857142857,7,1.0,7,110.57142857142857,7,23.0,3,7,9.2,5
1277,1278,10,4,6,0,0,0,7,3,7,0,0,7,5,12,0.28169014084507044,0.9561752988047808,0.03488372093023256,1720.0,688,344.0,137600,20640,470925.000,206381.4142327200000000000000,263402.1951981200000000000000,469783.6094308400000000000000,142750.5905691600000000000000,333325.000,1083459.20,753,0.29460093896713613,0,46,3,1,0,"2,1",0.7,0.3,0.0,110.57142857142857,0.0,39.142857142857146,0.8333333333333334,0.16666666666666666,0.0,116.8,0.0,9.2,2,0,0,0,0,0,0,0,7,3,0,0,5,1,0,0,0,0,0,0,3.0,7,109.57142857142857,7,1.0,7,110.57142857142857,7,23.0,3,7,9.2,5
1278,1279,10,4,6,0,0,0,7,3,7,0,0,7,5,12,0.2814698983580923,0.9561752988047808,0.03488372093023256,1720.0,688,344.0,137600,20640,470925.000,206381.4142327200000000000000,263402.1951981200000000000000,469783.6094308400000000000000,142750.5905691600000000000000,333325.000,1083459.20,753,0.29437060203283816,0,46,3,1,0,"1,2",0.7,0.3,0.0,110.57142857142857,0.0,39.142857142857146,0.8333333333333334,0.16666666666666666,0.0,116.8,0.0,9.2,2,0,0,0,0,0,0,0,7,3,0,0,5,1,0,0,0,0,0,0,3.0,7,109.57142857142857,7,1.0,7,110.57142857142857,7,23.0,3,7,9.2,5
1279,1280,10,4,6,0,0,0,7,3,7,0,0,7,5,12,0.28125,0.9561752988047808,0.03488372093023256,1720.0,688,344.0,137600,20640,470925.000,206381.4142327200000000000000,263402.1951981200000000000000,469783.6094308400000000000000,142750.5905691600000000000000,333325.000,1083459.20,753,0.294140625,0,46,3,1,0,"1,2",0.7,0.3,0.0,110.57142857142857,0.0,39.142857142857146,0.8333333333333334,0.16666666666666666,0.0,116.8,0.0,9.2,2,0,0,0,0,0,0,0,7,3,0,0,5,1,0,0,0,0,0,0,3.0,7,109.57142857142857,7,1.0,7,110.57142857142857,7,23.0,3,7,9.2,5
1280,1281,10,4,6,0,0,0,7,3,7,0,0,7,5,12,0.2810304449648712,0.9561752988047808,0.03488372093023256,1720.0,688,344.0,137600,20640,470925.000,206381.4142327200000000000000,263402.1951981200000000000000,469783.6094308400000000000000,142750.5905691600000000000000,333325.000,1083459.20,753,0.2939110070257611,0,46,3,1,0,"2,1",0.7,0.3,0.0,110.57142857142857,0.0,39.142857142857146,0.8333333333333334,0.16666666666666666,0.0,116.8,0.0,9.2,2,0,0,0,0,0,0,0,7,3,0,0,5,1,0,0,0,0,0,0,3.0,7,109.57142857142857,7,1.0,7,110.57142857142857,7,23.0,3,7,9.2,5
1281,1282,10,4,6,0,0,0,7,3,7,0,0,7,5,12,0.28081123244929795,0.9561752988047808,0.03488372093023256,1720.0,688,344.0,137600,20640,470925.000,206381.4142327200000000000000,263402.1951981200000000000000,469783.6094308400000000000000,142750.5905691600000000000000,333325.000,1083459.20,753,0.29368174726989077,0,46,3,1,0,"2,1",0.7,0.3,0.0,110.57142857142857,0.0,39.142857142857146,0.8333333333333334,0.16666666666666666,0.0,116.8,0.0,9.2,2,0,0,0,0,0,0,0,7,3,0,0,5,1,0,0,0,0,0,0,3.0,7,109.57142857142857,7,1.0,7,110.57142857142857,7,23.0,3,7,9.2,5
1282,1283,10,4,6,0,0,0,7,3,7,0,0,7,5,12,0.2805923616523772,0.9561752988047808,0.03488372093023256,1720.0,688,344.0,137600,20640,470925.000,206381.4142327200000000000000,263402.1951981200000000000000,469783.6094308400000000000000,142750.5905691600000000000000,333325.000,1083459.20,753,0.29345284489477785,0,46,3,1,0,"2,1",0.7,0.3,0.0,110.57142857142857,0.0,39.142857142857146,0.8333333333333334,0.16666666666666666,0.0,116.8,0.0,9.2,2,0,0,0,0,0,0,0,7,3,0,0,5,1,0,0,0,0,0,0,3.0,7,109.57142857142857,7,1.0,7,110.57142857142857,7,23.0,3,7,9.2,5
1283,1284,10,4,6,0,0,0,7,3,7,0,0,7,5,12,0.28037383177570097,0.9561752988047808,0.03488372093023256,1720.0,688,344.0,137600,20640,470925.000,206381.4142327200000000000000,263402.1951981200000000000000,469783.6094308400000000000000,142750.5905691600000000000000,333325.000,1083459.20,753,0.2932242990654206,0,46,3,1,0,"1,2",0.7,0.3,0.0,110.57142857142857,0.0,39.142857142857146,0.8333333333333334,0.16666666666666666,0.0,116.8,0.0,9.2,2,0,0,0,0,0,0,0,7,3,0,0,5,1,0,0,0,0,0,0,3.0,7,109.57142857142857,7,1.0,7,110.57142857142857,7,23.0,3,7,9.2,5
1284,1285,10,4,6,0,0,0,7,3,7,0,0,7,5,12,0.2801556420233463,0.9561752988047808,0.03488372093023256,1720.0,688,344.0,137600,20640,470925.000,206381.4142327200000000000000,263402.1951981200000000000000,469783.6094308400000000000000,142750.5905691600000000000000,333325.000,1083459.20,753,0.29299610894941636,0,46,3,1,0,"2,1",0.7,0.3,0.0,110.57142857142857,0.0,39.142857142857146,0.8333333333333334,0.16666666666666666,0.0,116.8,0.0,9.2,2,0,0,0,0,0,0,0,7,3,0,0,5,1,0,0,0,0,0,0,3.0,7,109.57142857142857,7,1.0,7,110.57142857142857,7,23.0,3,7,9.2,5
1285,1286,10,4,6,0,0,0,7,3,7,0,0,7,5,12,0.27993779160186627,0.9561752988047808,0.03488372093023256,1720.0,688,344.0,137600,20640,470925.000,206381.4142327200000000000000,263402.1951981200000000000000,469783.6094308400000000000000,142750.5905691600000000000000,333325.000,1083459.20,753,0.2927682737169518,0,46,3,1,0,"1,2",0.7,0.3,0.0,110.57142857142857,0.0,39.142857142857146,0.8333333333333334,0.16666666666666666,0.0,116.8,0.0,9.2,2,0,0,0,0,0,0,0,7,3,0,0,5,1,0,0,0,0,0,0,3.0,7,109.57142857142857,7,1.0,7,110.57142857142857,7,23.0,3,7,9.2,5
1286,1287,10,4,6,0,0,0,7,3,7,0,0,7,5,12,0.27972027972027974,0.9561752988047808,0.03488372093023256,1720.0,688,344.0,137600,20640,470925.000,206381.4142327200000000000000,263402.1951981200000000000000,469783.6094308400000000000000,142750.5905691600000000000000,333325.000,1083459.20,753,0.2925407925407925,0,46,3,1,0,"1,2",0.7,0.3,0.0,110.57142857142857,0.0,39.142857142857146,0.8333333333333334,0.16666666666666666,0.0,116.8,0.0,9.2,2,0,0,0,0,0,0,0,7,3,0,0,5,1,0,0,0,0,0,0,3.0,7,109.57142857142857,7,1.0,7,110.57142857142857,7,23.0,3,7,9.2,5
1287,1288,10,4,6,0,0,0,7,3,7,0,0,7,5,12,0.27950310559006214,0.9561752988047808,0.03488372093023256,1720.0,688,344.0,137600,20640,470925.000,206381.4142327200000000000000,263402.1951981200000000000000,469783.6094308400000000000000,142750.5905691600000000000000,333325.000,1083459.20,753,0.2923136645962733,0,46,3,1,0,"2,1",0.7,0.3,0.0,110.57142857142857,0.0,39.142857142857146,0.8333333333333334,0.16666666666666666,0.0,116.8,0.0,9.2,2,0,0,0,0,0,0,0,7,3,0,0,5,1,0,0,0,0,0,0,3.0,7,109.57142857142857,7,1.0,7,110.57142857142857,7,23.0,3,7,9.2,5
1288,1289,10,4,6,0,0,0,7,3,7,0,0,7,5,12,0.27928626842513576,0.9561752988047808,0.03488372093023256,1720.0,688,344.0,137600,20640,470925.000,206381.4142327200000000000000,263402.1951981200000000000000,469783.6094308400000000000000,142750.5905691600000000000000,333325.000,1083459.20,753,0.2920868890612878,0,46,3,1,0,"2,1",0.7,0.3,0.0,110.57142857142857,0.0,39.142857142857146,0.8333333333333334,0.16666666666666666,0.0,116.8,0.0,9.2,2,0,0,0,0,0,0,0,7,3,0,0,5,1,0,0,0,0,0,0,3.0,7,109.57142857142857,7,1.0,7,110.57142857142857,7,23.0,3,7,9.2,5
1289,1290,10,4,6,0,0,0,7,3,7,0,0,7,5,12,0.27906976744186046,0.9561752988047808,0.03488372093023256,1720.0,688,344.0,137600,20640,470925.000,206381.4142327200000000000000,263402.1951981200000000000000,469783.6094308400000000000000,142750.5905691600000000000000,333325.000,1083459.20,753,0.29186046511627906,0,46,3,1,0,"2,1",0.7,0.3,0.0,110.57142857142857,0.0,39.142857142857146,0.8333333333333334,0.16666666666666666,0.0,116.8,0.0,9.2,2,0,0,0,0,0,0,0,7,3,0,0,5,1,0,0,0,0,0,0,3.0,7,109.57142857142857,7,1.0,7,110.57142857142857,7,23.0,3,7,9.2,5
1290,1291,10,4,6,0,0,0,7,3,7,0,0,7,5,12,0.278853601859024,0.9561752988047808,0.03488372093023256,1720.0,688,344.0,137600,20640,470925.000,206381.4142327200000000000000,263402.1951981200000000000000,469783.6094308400000000000000,142750.5905691600000000000000,333325.000,1083459.20,753,0.2916343919442293,0,46,3,1,0,"1,2",0.7,0.3,0.0,110.57142857142857,0.0,39.142857142857146,0.8333333333333334,0.16666666666666666,0.0,116.8,0.0,9.2,2,0,0,0,0,0,0,0,7,3,0,0,5,1,0,0,0,0,0,0,3.0,7,109.57142857142857,7,1.0,7,110.57142857142857,7,23.0,3,7,9.2,5
1291,1292,10,4,6,0,0,0,7,3,7,0,0,7,5,12,0.2786377708978328,0.9561752988047808,0.03488372093023256,1720.0,688,344.0,137600,20640,470925.000,206381.4142327200000000000000,263402.1951981200000000000000,469783.6094308400000000000000,142750.5905691600000000000000,333325.000,1083459.20,753,0.29140866873065013,0,46,3,1,0,"2,1",0.7,0.3,0.0,110.57142857142857,0.0,39.142857142857146,0.8333333333333334,0.16666666666666666,0.0,116.8,0.0,9.2,2,0,0,0,0,0,0,0,7,3,0,0,5,1,0,0,0,0,0,0,3.0,7,109.57142857142857,7,1.0,7,110.57142857142857,7,23.0,3,7,9.2,5
1292,1293,10,4,6,0,0,0,7,3,7,0,0,7,5,12,0.27842227378190254,0.9561752988047808,0.03488372093023256,1720.0,688,344.0,137600,20640,470925.000,206381.4142327200000000000000,263402.1951981200000000000000,469783.6094308400000000000000,142750.5905691600000000000000,333325.000,1083459.20,753,0.29118329466357307,0,46,3,1,0,"1,2",0.7,0.3,0.0,110.57142857142857,0.0,39.142857142857146,0.8333333333333334,0.16666666666666666,0.0,116.8,0.0,9.2,2,0,0,0,0,0,0,0,7,3,0,0,5,1,0,0,0,0,0,0,3.0,7,109.57142857142857,7,1.0,7,110.57142857142857,7,23.0,3,7,9.2,5
1293,1294,10,4,6,0,0,0,7,3,7,0,0,7,5,12,0.2782071097372488,0.9561752988047808,0.03488372093023256,1720.0,688,344.0,137600,20640,470925.000,206381.4142327200000000000000,263402.1951981200000000000000,469783.6094308400000000000000,142750.5905691600000000000000,333325.000,1083459.20,753,0.29095826893353943,0,46,3,1,0,"2,1",0.7,0.3,0.0,110.57142857142857,0.0,39.142857142857146,0.8333333333333334,0.16666666666666666,0.0,116.8,0.0,9.2,2,0,0,0,0,0,0,0,7,3,0,0,5,1,0,0,0,0,0,0,3.0,7,109.57142857142857,7,1.0,7,110.57142857142857,7,23.0,3,7,9.2,5
1294,1295,10,4,6,0,0,0,7,3,7,0,0,7,5,12,0.277992277992278,0.9561752988047808,0.03488372093023256,1720.0,688,344.0,137600,20640,470925.000,206381.4142327200000000000000,263402.1951981200000000000000,469783.6094308400000000000000,142750.5905691600000000000000,333325.000,1083459.20,753,0.29073359073359073,0,46,3,1,0,"1,2",0.7,0.3,0.0,110.57142857142857,0.0,39.142857142857146,0.8333333333333334,0.16666666666666666,0.0,116.8,0.0,9.2,2,0,0,0,0,0,0,0,7,3,0,0,5,1,0,0,0,0,0,0,3.0,7,109.57142857142857,7,1.0,7,110.57142857142857,7,23.0,3,7,9.2,5
1295,1296,10,4,6,0,0,0,7,3,7,0,0,7,5,12,0.27777777777777773,0.9561752988047808,0.03488372093023256,1720.0,688,344.0,137600,20640,470925.000,206381.4142327200000000000000,263402.1951981200000000000000,469783.6094308400000000000000,142750.5905691600000000000000,333325.000,1083459.20,753,0.29050925925925924,0,46,3,1,0,"1,2",0.7,0.3,0.0,110.57142857142857,0.0,39.142857142857146,0.8333333333333334,0.16666666666666666,0.0,116.8,0.0,9.2,2,0,0,0,0,0,0,0,7,3,0,0,5,1,0,0,0,0,0,0,3.0,7,109.57142857142857,7,1.0,7,110.57142857142857,7,23.0,3,7,9.2,5
1296,1297,10,4,6,0,0,0,7,3,7,0,0,7,5,12,0.27756360832690824,0.9561752988047808,0.03488372093023256,1720.0,688,344.0,137600,20640,470925.000,206381.4142327200000000000000,263402.1951981200000000000000,469783.6094308400000000000000,142750.5905691600000000000000,333325.000,1083459.20,753,0.2902852737085582,0,46,3,1,0,"1,2",0.7,0.3,0.0,110.57142857142857,0.0,39.142857142857146,0.8333333333333334,0.16666666666666666,0.0,116.8,0.0,9.2,2,0,0,0,0,0,0,0,7,3,0,0,5,1,0,0,0,0,0,0,3.0,7,109.57142857142857,7,1.0,7,110.57142857142857,7,23.0,3,7,9.2,5
1297,1298,10,4,6,0,0,0,7,3,7,0,0,7,5,12,0.27734976887519264,0.9561752988047808,0.03488372093023256,1720.0,688,344.0,137600,20640,470925.000,206381.4142327200000000000000,263402.1951981200000000000000,469783.6094308400000000000000,142750.5905691600000000000000,333325.000,1083459.20,753,0.29006163328197226,0,46,3,1,0,"2,1",0.7,0.3,0.0,110.57142857142857,0.0,39.142857142857146,0.8333333333333334,0.16666666666666666,0.0,116.8,0.0,9.2,2,0,0,0,0,0,0,0,7,3,0,0,5,1,0,0,0,0,0,0,3.0,7,109.57142857142857,7,1.0,7,110.57142857142857,7,23.0,3,7,9.2,5
1298,1299,10,4,6,0,0,0,7,3,7,0,0,7,5,12,0.2771362586605081,0.9561752988047808,0.03488372093023256,1720.0,688,344.0,137600,20640,470925.000,206381.4142327200000000000000,263402.1951981200000000000000,469783.6094308400000000000000,142750.5905691600000000000000,333325.000,1083459.20,753,0.28983833718244806,0,46,3,1,0,"1,2",0.7,0.3,0.0,110.57142857142857,0.0,39.142857142857146,0.8333333333333334,0.16666666666666666,0.0,116.8,0.0,9.2,2,0,0,0,0,0,0,0,7,3,0,0,5,1,0,0,0,0,0,0,3.0,7,109.57142857142857,7,1.0,7,110.57142857142857,7,23.0,3,7,9.2,5
1299,1300,10,4,6,0,0,0,7,3,7,0,0,7,5,12,0.2769230769230769,0.9561752988047808,0.03488372093023256,1720.0,688,344.0,137600,20640,470925.000,206381.4142327200000000000000,263402.1951981200000000000000,469783.6094308400000000000000,142750.5905691600000000000000,333325.000,1083459.20,753,0.2896153846153846,0,46,3,1,0,"1,2",0.7,0.3,0.0,110.57142857142857,0.0,39.142857142857146,0.8333333333333334,0.16666666666666666,0.0,116.8,0.0,9.2,2,0,0,0,0,0,0,0,7,3,0,0,5,1,0,0,0,0,0,0,3.0,7,109.57142857142857,7,1.0,7,110.57142857142857,7,23.0,3,7,9.2,5
1300,1301,10,4,6,0,0,0,7,3,7,0,0,7,5,12,0.2767102229054573,0.9561752988047808,0.03488372093023256,1720.0,688,344.0,137600,20640,470925.000,206381.4142327200000000000000,263402.1951981200000000000000,469783.6094308400000000000000,142750.5905691600000000000000,333325.000,1083459.20,753,0.28939277478862413,0,46,3,1,0,"2,1",0.7,0.3,0.0,110.57142857142857,0.0,39.142857142857146,0.8333333333333334,0.16666666666666666,0.0,116.8,0.0,9.2,2,0,0,0,0,0,0,0,7,3,0,0,5,1,0,0,0,0,0,0,3.0,7,109.57142857142857,7,1.0,7,110.57142857142857,7,23.0,3,7,9.2,5
1301,1302,10,4,6,0,0,0,7,3,7,0,0,7,5,12,0.2764976958525346,0.9561752988047808,0.03488372093023256,1720.0,688,344.0,137600,20640,470925.000,206381.4142327200000000000000,263402.1951981200000000000000,469783.6094308400000000000000,142750.5905691600000000000000,333325.000,1083459.20,753,0.2891705069124424,0,46,3,1,0,"1,2",0.7,0.3,0.0,110.57142857142857,0.0,39.142857142857146,0.8333333333333334,0.16666666666666666,0.0,116.8,0.0,9.2,2,0,0,0,0,0,0,0,7,3,0,0,5,1,0,0,0,0,0,0,3.0,7,109.57142857142857,7,1.0,7,110.57142857142857,7,23.0,3,7,9.2,5
1302,1303,10,4,6,0,0,0,7,3,7,0,0,7,5,12,0.2762854950115119,0.9561752988047808,0.03488372093023256,1720.0,688,344.0,137600,20640,470925.000,206381.4142327200000000000000,263402.1951981200000000000000,469783.6094308400000000000000,142750.5905691600000000000000,333325.000,1083459.20,753,0.2889485801995395,0,46,3,1,0,"1,2",0.7,0.3,0.0,110.57142857142857,0.0,39.142857142857146,0.8333333333333334,0.16666666666666666,0.0,116.8,0.0,9.2,2,0,0,0,0,0,0,0,7,3,0,0,5,1,0,0,0,0,0,0,3.0,7,109.57142857142857,7,1.0,7,110.57142857142857,7,23.0,3,7,9.2,5
1303,1304,10,4,6,0,0,0,7,3,7,0,0,7,5,12,0.2760736196319018,0.9561752988047808,0.03488372093023256,1720.0,688,344.0,137600,20640,470925.000,206381.4142327200000000000000,263402.1951981200000000000000,469783.6094308400000000000000,142750.5905691600000000000000,333325.000,1083459.20,753,0.2887269938650307,0,46,3,1,0,"1,2",0.7,0.3,0.0,110.57142857142857,0.0,39.142857142857146,0.8333333333333334,0.16666666666666666,0.0,116.8,0.0,9.2,2,0,0,0,0,0,0,0,7,3,0,0,5,1,0,0,0,0,0,0,3.0,7,109.57142857142857,7,1.0,7,110.57142857142857,7,23.0,3,7,9.2,5
1304,1305,10,4,6,0,0,0,7,3,7,0,0,7,5,12,0.27586206896551724,0.9561752988047808,0.03488372093023256,1720.0,688,344.0,137600,20640,470925.000,206381.4142327200000000000000,263402.1951981200000000000000,469783.6094308400000000000000,142750.5905691600000000000000,333325.000,1083459.20,753,0.2885057471264368,0,46,3,1,0,"2,1",0.7,0.3,0.0,110.57142857142857,0.0,39.142857142857146,0.8333333333333334,0.16666666666666666,0.0,116.8,0.0,9.2,2,0,0,0,0,0,0,0,7,3,0,0,5,1,0,0,0,0,0,0,3.0,7,109.57142857142857,7,1.0,7,110.57142857142857,7,23.0,3,7,9.2,5
1305,1306,10,4,6,0,0,0,7,3,7,0,0,7,5,12,0.27565084226646247,0.9561752988047808,0.03488372093023256,1720.0,688,344.0,137600,20640,470925.000,206381.4142327200000000000000,263402.1951981200000000000000,469783.6094308400000000000000,142750.5905691600000000000000,333325.000,1083459.20,753,0.28828483920367537,0,46,3,1,0,"2,1",0.7,0.3,0.0,110.57142857142857,0.0,39.142857142857146,0.8333333333333334,0.16666666666666666,0.0,116.8,0.0,9.2,2,0,0,0,0,0,0,0,7,3,0,0,5,1,0,0,0,0,0,0,3.0,7,109.57142857142857,7,1.0,7,110.57142857142857,7,23.0,3,7,9.2,5
1306,1307,10,4,6,0,0,0,7,3,7,0,0,7,5,12,0.2754399387911247,0.9561752988047808,0.03488372093023256,1720.0,688,344.0,137600,20640,470925.000,206381.4142327200000000000000,263402.1951981200000000000000,469783.6094308400000000000000,142750.5905691600000000000000,333325.000,1083459.20,753,0.28806426931905127,0,46,3,1,0,"1,2",0.7,0.3,0.0,110.57142857142857,0.0,39.142857142857146,0.8333333333333334,0.16666666666666666,0.0,116.8,0.0,9.2,2,0,0,0,0,0,0,0,7,3,0,0,5,1,0,0,0,0,0,0,3.0,7,109.57142857142857,7,1.0,7,110.57142857142857,7,23.0,3,7,9.2,5
1307,1308,10,4,6,0,0,0,7,3,7,0,0,7,5,12,0.27522935779816515,0.9561752988047808,0.03488372093023256,1720.0,688,344.0,137600,20640,470925.000,206381.4142327200000000000000,263402.1951981200000000000000,469783.6094308400000000000000,142750.5905691600000000000000,333325.000,1083459.20,753,0.28784403669724773,0,46,3,1,0,"1,2",0.7,0.3,0.0,110.57142857142857,0.0,39.142857142857146,0.8333333333333334,0.16666666666666666,0.0,116.8,0.0,9.2,2,0,0,0,0,0,0,0,7,3,0,0,5,1,0,0,0,0,0,0,3.0,7,109.57142857142857,7,1.0,7,110.57142857142857,7,23.0,3,7,9.2,5
1308,1309,10,4,6,0,0,0,7,3,7,0,0,7,5,12,0.2750190985485103,0.9561752988047808,0.03488372093023256,1720.0,688,344.0,137600,20640,470925.000,206381.4142327200000000000000,263402.1951981200000000000000,469783.6094308400000000000000,142750.5905691600000000000000,333325.000,1083459.20,753,0.28762414056531704,0,46,3,1,0,"2,1",0.7,0.3,0.0,110.57142857142857,0.0,39.142857142857146,0.8333333333333334,0.16666666666666666,0.0,116.8,0.0,9.2,2,0,0,0,0,0,0,0,7,3,0,0,5,1,0,0,0,0,0,0,3.0,7,109.57142857142857,7,1.0,7,110.57142857142857,7,23.0,3,7,9.2,5
1309,1310,10,4,6,0,0,0,7,3,7,0,0,7,5,12,0.2748091603053435,0.9561752988047808,0.03488372093023256,1720.0,688,344.0,137600,20640,470925.000,206381.4142327200000000000000,263402.1951981200000000000000,469783.6094308400000000000000,142750.5905691600000000000000,333325.000,1083459.20,753,0.28740458015267173,0,46,3,1,0,"2,1",0.7,0.3,0.0,110.57142857142857,0.0,39.142857142857146,0.8333333333333334,0.16666666666666666,0.0,116.8,0.0,9.2,2,0,0,0,0,0,0,0,7,3,0,0,5,1,0,0,0,0,0,0,3.0,7,109.57142857142857,7,1.0,7,110.57142857142857,7,23.0,3,7,9.2,5
1310,1311,10,4,6,0,0,0,7,3,7,0,0,7,5,12,0.2745995423340961,0.9561752988047808,0.03488372093023256,1720.0,688,344.0,137600,20640,470925.000,206381.4142327200000000000000,263402.1951981200000000000000,469783.6094308400000000000000,142750.5905691600000000000000,333325.000,1083459.20,753,0.28718535469107553,0,46,3,1,0,"1,2",0.7,0.3,0.0,110.57142857142857,0.0,39.142857142857146,0.8333333333333334,0.16666666666666666,0.0,116.8,0.0,9.2,2,0,0,0,0,0,0,0,7,3,0,0,5,1,0,0,0,0,0,0,3.0,7,109.57142857142857,7,1.0,7,110.57142857142857,7,23.0,3,7,9.2,5
1311,1312,10,4,6,0,0,0,7,3,7,0,0,7,5,12,0.27439024390243905,0.9561752988047808,0.03488372093023256,1720.0,688,344.0,137600,20640,470925.000,206381.4142327200000000000000,263402.1951981200000000000000,469783.6094308400000000000000,142750.5905691600000000000000,333325.000,1083459.20,753,0.28696646341463417,0,46,3,1,0,"2,1",0.7,0.3,0.0,110.57142857142857,0.0,39.142857142857146,0.8333333333333334,0.16666666666666666,0.0,116.8,0.0,9.2,2,0,0,0,0,0,0,0,7,3,0,0,5,1,0,0,0,0,0,0,3.0,7,109.57142857142857,7,1.0,7,110.57142857142857,7,23.0,3,7,9.2,5
1312,1313,10,4,6,0,0,0,7,3,7,0,0,7,5,12,0.2741812642802742,0.9561752988047808,0.03488372093023256,1720.0,688,344.0,137600,20640,470925.000,206381.4142327200000000000000,263402.1951981200000000000000,469783.6094308400000000000000,142750.5905691600000000000000,333325.000,1083459.20,753,0.28674790555978674,0,46,3,1,0,"2,1",0.7,0.3,0.0,110.57142857142857,0.0,39.142857142857146,0.8333333333333334,0.16666666666666666,0.0,116.8,0.0,9.2,2,0,0,0,0,0,0,0,7,3,0,0,5,1,0,0,0,0,0,0,3.0,7,109.57142857142857,7,1.0,7,110.57142857142857,7,23.0,3,7,9.2,5
1313,1314,10,4,6,0,0,0,7,3,7,0,0,7,5,12,0.27397260273972607,0.9561752988047808,0.03488372093023256,1720.0,688,344.0,137600,20640,470925.000,206381.4142327200000000000000,263402.1951981200000000000000,469783.6094308400000000000000,142750.5905691600000000000000,333325.000,1083459.20,753,0.2865296803652968,0,46,3,1,0,"1,2",0.7,0.3,0.0,110.57142857142857,0.0,39.142857142857146,0.8333333333333334,0.16666666666666666,0.0,116.8,0.0,9.2,2,0,0,0,0,0,0,0,7,3,0,0,5,1,0,0,0,0,0,0,3.0,7,109.57142857142857,7,1.0,7,110.57142857142857,7,23.0,3,7,9.2,5
1314,1315,10,4,6,0,0,0,7,3,7,0,0,7,5,12,0.2737642585551331,0.9561752988047808,0.03488372093023256,1720.0,688,344.0,137600,20640,470925.000,206381.4142327200000000000000,263402.1951981200000000000000,469783.6094308400000000000000,142750.5905691600000000000000,333325.000,1083459.20,753,0.28631178707224336,0,46,3,1,0,"1,2",0.7,0.3,0.0,110.57142857142857,0.0,39.142857142857146,0.8333333333333334,0.16666666666666666,0.0,116.8,0.0,9.2,2,0,0,0,0,0,0,0,7,3,0,0,5,1,0,0,0,0,0,0,3.0,7,109.57142857142857,7,1.0,7,110.57142857142857,7,23.0,3,7,9.2,5
1315,1316,10,4,6,0,0,0,7,3,7,0,0,7,5,12,0.2735562310030395,0.9561752988047808,0.03488372093023256,1720.0,688,344.0,137600,20640,470925.000,206381.4142327200000000000000,263402.1951981200000000000000,469783.6094308400000000000000,142750.5905691600000000000000,333325.000,1083459.20,753,0.28609422492401215,0,46,3,1,0,"2,1",0.7,0.3,0.0,110.57142857142857,0.0,39.142857142857146,0.8333333333333334,0.16666666666666666,0.0,116.8,0.0,9.2,2,0,0,0,0,0,0,0,7,3,0,0,5,1,0,0,0,0,0,0,3.0,7,109.57142857142857,7,1.0,7,110.57142857142857,7,23.0,3,7,9.2,5
1316,1317,10,4,6,0,0,0,7,3,7,0,0,7,5,12,0.2733485193621868,0.9561752988047808,0.03488372093023256,1720.0,688,344.0,137600,20640,470925.000,206381.4142327200000000000000,263402.1951981200000000000000,469783.6094308400000000000000,142750.5905691600000000000000,333325.000,1083459.20,753,0.285876993166287,0,46,3,1,0,"2,1",0.7,0.3,0.0,110.57142857142857,0.0,39.142857142857146,0.8333333333333334,0.16666666666666666,0.0,116.8,0.0,9.2,2,0,0,0,0,0,0,0,7,3,0,0,5,1,0,0,0,0,0,0,3.0,7,109.57142857142857,7,1.0,7,110.57142857142857,7,23.0,3,7,9.2,5
1317,1318,10,4,6,0,0,0,7,3,7,0,0,7,5,12,0.27314112291350534,0.9561752988047808,0.03488372093023256,1720.0,688,344.0,137600,20640,470925.000,206381.4142327200000000000000,263402.1951981200000000000000,469783.6094308400000000000000,142750.5905691600000000000000,333325.000,1083459.20,753,0.285660091047041,0,46,3,1,0,"2,1",0.7,0.3,0.0,110.57142857142857,0.0,39.142857142857146,0.8333333333333334,0.16666666666666666,0.0,116.8,0.0,9.2,2,0,0,0,0,0,0,0,7,3,0,0,5,1,0,0,0,0,0,0,3.0,7,109.57142857142857,7,1.0,7,110.57142857142857,7,23.0,3,7,9.2,5
1318,1319,10,4,6,0,0,0,7,3,7,0,0,7,5,12,0.27293404094010615,0.9561752988047808,0.03488372093023256,1720.0,688,344.0,137600,20640,470925.000,206381.4142327200000000000000,263402.1951981200000000000000,469783.6094308400000000000000,142750.5905691600000000000000,333325.000,1083459.20,753,0.28544351781652766,0,46,3,1,0,"2,1",0.7,0.3,0.0,110.57142857142857,0.0,39.142857142857146,0.8333333333333334,0.16666666666666666,0.0,116.8,0.0,9.2,2,0,0,0,0,0,0,0,7,3,0,0,5,1,0,0,0,0,0,0,3.0,7,109.57142857142857,7,1.0,7,110.57142857142857,7,23.0,3,7,9.2,5
1319,1320,10,4,6,0,0,0,7,3,7,0,0,7,5,12,0.2727272727272727,0.9561752988047808,0.03488372093023256,1720.0,688,344.0,137600,20640,470925.000,206381.4142327200000000000000,263402.1951981200000000000000,469783.6094308400000000000000,142750.5905691600000000000000,333325.000,1083459.20,753,0.2852272727272727,0,46,3,1,0,"2,1",0.7,0.3,0.0,110.57142857142857,0.0,39.142857142857146,0.8333333333333334,0.16666666666666666,0.0,116.8,0.0,9.2,2,0,0,0,0,0,0,0,7,3,0,0,5,1,0,0,0,0,0,0,3.0,7,109.57142857142857,7,1.0,7,110.57142857142857,7,23.0,3,7,9.2,5
1320,1321,10,4,6,0,0,0,7,3,7,0,0,7,5,12,0.2725208175624527,0.9561752988047808,0.03488372093023256,1720.0,688,344.0,137600,20640,470925.000,206381.4142327200000000000000,263402.1951981200000000000000,469783.6094308400000000000000,142750.5905691600000000000000,333325.000,1083459.20,753,0.2850113550340651,0,46,3,1,0,"2,1",0.7,0.3,0.0,110.57142857142857,0.0,39.142857142857146,0.8333333333333334,0.16666666666666666,0.0,116.8,0.0,9.2,2,0,0,0,0,0,0,0,7,3,0,0,5,1,0,0,0,0,0,0,3.0,7,109.57142857142857,7,1.0,7,110.57142857142857,7,23.0,3,7,9.2,5
1321,1322,10,4,6,0,0,0,7,3,7,0,0,7,5,12,0.2723146747352496,0.9561752988047808,0.03488372093023256,1720.0,688,344.0,137600,20640,470925.000,206381.4142327200000000000000,263402.1951981200000000000000,469783.6094308400000000000000,142750.5905691600000000000000,333325.000,1083459.20,753,0.28479576399394857,0,46,3,1,0,"2,1",0.7,0.3,0.0,110.57142857142857,0.0,39.142857142857146,0.8333333333333334,0.16666666666666666,0.0,116.8,0.0,9.2,2,0,0,0,0,0,0,0,7,3,0,0,5,1,0,0,0,0,0,0,3.0,7,109.57142857142857,7,1.0,7,110.57142857142857,7,23.0,3,7,9.2,5
1322,1323,10,4,6,0,0,0,7,3,7,0,0,7,5,12,0.27210884353741494,0.9561752988047808,0.03488372093023256,1720.0,688,344.0,137600,20640,470925.000,206381.4142327200000000000000,263402.1951981200000000000000,469783.6094308400000000000000,142750.5905691600000000000000,333325.000,1083459.20,753,0.28458049886621317,0,46,3,1,0,"2,1",0.7,0.3,0.0,110.57142857142857,0.0,39.142857142857146,0.8333333333333334,0.16666666666666666,0.0,116.8,0.0,9.2,2,0,0,0,0,0,0,0,7,3,0,0,5,1,0,0,0,0,0,0,3.0,7,109.57142857142857,7,1.0,7,110.57142857142857,7,23.0,3,7,9.2,5
1323,1324,10,4,6,0,0,0,7,3,7,0,0,7,5,12,0.2719033232628399,0.9561752988047808,0.03488372093023256,1720.0,688,344.0,137600,20640,470925.000,206381.4142327200000000000000,263402.1951981200000000000000,469783.6094308400000000000000,142750.5905691600000000000000,333325.000,1083459.20,753,0.2843655589123867,0,46,3,1,0,"1,2",0.7,0.3,0.0,110.57142857142857,0.0,39.142857142857146,0.8333333333333334,0.16666666666666666,0.0,116.8,0.0,9.2,2,0,0,0,0,0,0,0,7,3,0,0,5,1,0,0,0,0,0,0,3.0,7,109.57142857142857,7,1.0,7,110.57142857142857,7,23.0,3,7,9.2,5
1324,1325,10,4,6,0,0,0,7,3,7,0,0,7,5,12,0.27169811320754716,0.9561752988047808,0.03488372093023256,1720.0,688,344.0,137600,20640,470925.000,206381.4142327200000000000000,263402.1951981200000000000000,469783.6094308400000000000000,142750.5905691600000000000000,333325.000,1083459.20,753,0.28415094339622643,0,46,3,1,0,"2,1",0.7,0.3,0.0,110.57142857142857,0.0,39.142857142857146,0.8333333333333334,0.16666666666666666,0.0,116.8,0.0,9.2,2,0,0,0,0,0,0,0,7,3,0,0,5,1,0,0,0,0,0,0,3.0,7,109.57142857142857,7,1.0,7,110.57142857142857,7,23.0,3,7,9.2,5
1325,1326,10,4,6,0,0,0,7,3,7,0,0,7,5,12,0.27149321266968324,0.9561752988047808,0.03488372093023256,1720.0,688,344.0,137600,20640,470925.000,206381.4142327200000000000000,263402.1951981200000000000000,469783.6094308400000000000000,142750.5905691600000000000000,333325.000,1083459.20,753,0.2839366515837104,0,46,3,1,0,"1,2",0.7,0.3,0.0,110.57142857142857,0.0,39.142857142857146,0.8333333333333334,0.16666666666666666,0.0,116.8,0.0,9.2,2,0,0,0,0,0,0,0,7,3,0,0,5,1,0,0,0,0,0,0,3.0,7,109.57142857142857,7,1.0,7,110.57142857142857,7,23.0,3,7,9.2,5
1326,1327,10,4,6,0,0,0,7,3,7,0,0,7,5,12,0.2712886209495102,0.9561752988047808,0.03488372093023256,1720.0,688,344.0,137600,20640,470925.000,206381.4142327200000000000000,263402.1951981200000000000000,469783.6094308400000000000000,142750.5905691600000000000000,333325.000,1083459.20,753,0.28372268274302936,0,46,3,1,0,"2,1",0.7,0.3,0.0,110.57142857142857,0.0,39.142857142857146,0.8333333333333334,0.16666666666666666,0.0,116.8,0.0,9.2,2,0,0,0,0,0,0,0,7,3,0,0,5,1,0,0,0,0,0,0,3.0,7,109.57142857142857,7,1.0,7,110.57142857142857,7,23.0,3,7,9.2,5
1327,1328,10,4,6,0,0,0,7,3,7,0,0,7,5,12,0.2710843373493976,0.9561752988047808,0.03488372093023256,1720.0,688,344.0,137600,20640,470925.000,206381.4142327200000000000000,263402.1951981200000000000000,469783.6094308400000000000000,142750.5905691600000000000000,333325.000,1083459.20,753,0.2835090361445783,0,46,3,1,0,"2,1",0.7,0.3,0.0,110.57142857142857,0.0,39.142857142857146,0.8333333333333334,0.16666666666666666,0.0,116.8,0.0,9.2,2,0,0,0,0,0,0,0,7,3,0,0,5,1,0,0,0,0,0,0,3.0,7,109.57142857142857,7,1.0,7,110.57142857142857,7,23.0,3,7,9.2,5
1328,1329,10,4,6,0,0,0,7,3,7,0,0,7,5,12,0.2708803611738149,0.9561752988047808,0.03488372093023256,1720.0,688,344.0,137600,20640,470925.000,206381.4142327200000000000000,263402.1951981200000000000000,469783.6094308400000000000000,142750.5905691600000000000000,333325.000,1083459.20,753,0.2832957110609481,0,46,3,1,0,"1,2",0.7,0.3,0.0,110.57142857142857,0.0,39.142857142857146,0.8333333333333334,0.16666666666666666,0.0,116.8,0.0,9.2,2,0,0,0,0,0,0,0,7,3,0,0,5,1,0,0,0,0,0,0,3.0,7,109.57142857142857,7,1.0,7,110.57142857142857,7,23.0,3,7,9.2,5
1329,1330,10,4,6,0,0,0,7,3,7,0,0,7,5,12,0.2706766917293233,0.9561752988047808,0.03488372093023256,1720.0,688,344.0,137600,20640,470925.000,206381.4142327200000000000000,263402.1951981200000000000000,469783.6094308400000000000000,142750.5905691600000000000000,333325.000,1083459.20,753,0.28308270676691727,0,46,3,1,0,"1,2",0.7,0.3,0.0,110.57142857142857,0.0,39.142857142857146,0.8333333333333334,0.16666666666666666,0.0,116.8,0.0,9.2,2,0,0,0,0,0,0,0,7,3,0,0,5,1,0,0,0,0,0,0,3.0,7,109.57142857142857,7,1.0,7,110.57142857142857,7,23.0,3,7,9.2,5
1330,1331,10,4,6,0,0,0,7,3,7,0,0,7,5,12,0.270473328324568,0.9561752988047808,0.03488372093023256,1720.0,688,344.0,137600,20640,470925.000,206381.4142327200000000000000,263402.1951981200000000000000,469783.6094308400000000000000,142750.5905691600000000000000,333325.000,1083459.20,753,0.28287002253944404,0,46,3,1,0,"2,1",0.7,0.3,0.0,110.57142857142857,0.0,39.142857142857146,0.8333333333333334,0.16666666666666666,0.0,116.8,0.0,9.2,2,0,0,0,0,0,0,0,7,3,0,0,5,1,0,0,0,0,0,0,3.0,7,109.57142857142857,7,1.0,7,110.57142857142857,7,23.0,3,7,9.2,5
1331,1332,10,4,6,0,0,0,7,3,7,0,0,7,5,12,0.2702702702702703,0.9561752988047808,0.03488372093023256,1720.0,688,344.0,137600,20640,470925.000,206381.4142327200000000000000,263402.1951981200000000000000,469783.6094308400000000000000,142750.5905691600000000000000,333325.000,1083459.20,753,0.28265765765765766,0,46,3,1,0,"2,1",0.7,0.3,0.0,110.57142857142857,0.0,39.142857142857146,0.8333333333333334,0.16666666666666666,0.0,116.8,0.0,9.2,2,0,0,0,0,0,0,0,7,3,0,0,5,1,0,0,0,0,0,0,3.0,7,109.57142857142857,7,1.0,7,110.57142857142857,7,23.0,3,7,9.2,5
1332,1333,10,4,6,0,0,0,7,3,7,0,0,7,5,12,0.2700675168792198,0.9561752988047808,0.03488372093023256,1720.0,688,344.0,137600,20640,470925.000,206381.4142327200000000000000,263402.1951981200000000000000,469783.6094308400000000000000,142750.5905691600000000000000,333325.000,1083459.20,753,0.28244561140285074,0,46,3,1,0,"1,2",0.7,0.3,0.0,110.57142857142857,0.0,39.142857142857146,0.8333333333333334,0.16666666666666666,0.0,116.8,0.0,9.2,2,0,0,0,0,0,0,0,7,3,0,0,5,1,0,0,0,0,0,0,3.0,7,109.57142857142857,7,1.0,7,110.57142857142857,7,23.0,3,7,9.2,5
1333,1334,10,4,6,0,0,0,7,3,7,0,0,7,5,12,0.2698650674662669,0.9561752988047808,0.03488372093023256,1720.0,688,344.0,137600,20640,470925.000,206381.4142327200000000000000,263402.1951981200000000000000,469783.6094308400000000000000,142750.5905691600000000000000,333325.000,1083459.20,753,0.28223388305847075,0,46,3,1,0,"1,2",0.7,0.3,0.0,110.57142857142857,0.0,39.142857142857146,0.8333333333333334,0.16666666666666666,0.0,116.8,0.0,9.2,2,0,0,0,0,0,0,0,7,3,0,0,5,1,0,0,0,0,0,0,3.0,7,109.57142857142857,7,1.0,7,110.57142857142857,7,23.0,3,7,9.2,5
1334,1335,10,4,6,0,0,0,7,3,7,0,0,7,5,12,0.2696629213483146,0.9561752988047808,0.03488372093023256,1720.0,688,344.0,137600,20640,470925.000,206381.4142327200000000000000,263402.1951981200000000000000,469783.6094308400000000000000,142750.5905691600000000000000,333325.000,1083459.20,753,0.28202247191011237,0,46,3,1,0,"2,1",0.7,0.3,0.0,110.57142857142857,0.0,39.142857142857146,0.8333333333333334,0.16666666666666666,0.0,116.8,0.0,9.2,2,0,0,0,0,0,0,0,7,3,0,0,5,1,0,0,0,0,0,0,3.0,7,109.57142857142857,7,1.0,7,110.57142857142857,7,23.0,3,7,9.2,5
1335,1336,10,4,6,0,0,0,7,3,7,0,0,7,5,12,0.2694610778443114,0.9561752988047808,0.03488372093023256,1720.0,688,344.0,137600,20640,470925.000,206381.4142327200000000000000,263402.1951981200000000000000,469783.6094308400000000000000,142750.5905691600000000000000,333325.000,1083459.20,753,0.281811377245509,0,46,3,1,0,"1,2",0.7,0.3,0.0,110.57142857142857,0.0,39.142857142857146,0.8333333333333334,0.16666666666666666,0.0,116.8,0.0,9.2,2,0,0,0,0,0,0,0,7,3,0,0,5,1,0,0,0,0,0,0,3.0,7,109.57142857142857,7,1.0,7,110.57142857142857,7,23.0,3,7,9.2,5
1336,1337,10,4,6,0,0,0,7,3,7,0,0,7,5,12,0.26925953627524307,0.9561752988047808,0.03488372093023256,1720.0,688,344.0,137600,20640,470925.000,206381.4142327200000000000000,263402.1951981200000000000000,469783.6094308400000000000000,142750.5905691600000000000000,333325.000,1083459.20,753,0.28160059835452506,0,46,3,1,0,"2,1",0.7,0.3,0.0,110.57142857142857,0.0,39.142857142857146,0.8333333333333334,0.16666666666666666,0.0,116.8,0.0,9.2,2,0,0,0,0,0,0,0,7,3,0,0,5,1,0,0,0,0,0,0,3.0,7,109.57142857142857,7,1.0,7,110.57142857142857,7,23.0,3,7,9.2,5
1337,1338,10,4,6,0,0,0,7,3,7,0,0,7,5,12,0.26905829596412556,0.9561752988047808,0.03488372093023256,1720.0,688,344.0,137600,20640,470925.000,206381.4142327200000000000000,263402.1951981200000000000000,469783.6094308400000000000000,142750.5905691600000000000000,333325.000,1083459.20,753,0.28139013452914796,0,46,3,1,0,"2,1",0.7,0.3,0.0,110.57142857142857,0.0,39.142857142857146,0.8333333333333334,0.16666666666666666,0.0,116.8,0.0,9.2,2,0,0,0,0,0,0,0,7,3,0,0,5,1,0,0,0,0,0,0,3.0,7,109.57142857142857,7,1.0,7,110.57142857142857,7,23.0,3,7,9.2,5
1338,1339,10,4,6,0,0,0,7,3,7,0,0,7,5,12,0.268857356235997,0.9561752988047808,0.03488372093023256,1720.0,688,344.0,137600,20640,470925.000,206381.4142327200000000000000,263402.1951981200000000000000,469783.6094308400000000000000,142750.5905691600000000000000,333325.000,1083459.20,753,0.2811799850634802,0,46,3,1,0,"2,1",0.7,0.3,0.0,110.57142857142857,0.0,39.142857142857146,0.8333333333333334,0.16666666666666666,0.0,116.8,0.0,9.2,2,0,0,0,0,0,0,0,7,3,0,0,5,1,0,0,0,0,0,0,3.0,7,109.57142857142857,7,1.0,7,110.57142857142857,7,23.0,3,7,9.2,5
1339,1340,10,4,6,0,0,0,7,3,7,0,0,7,5,12,0.26865671641791045,0.9561752988047808,0.03488372093023256,1720.0,688,344.0,137600,20640,470925.000,206381.4142327200000000000000,263402.1951981200000000000000,469783.6094308400000000000000,142750.5905691600000000000000,333325.000,1083459.20,753,0.2809701492537313,0,46,3,1,0,"1,2",0.7,0.3,0.0,110.57142857142857,0.0,39.142857142857146,0.8333333333333334,0.16666666666666666,0.0,116.8,0.0,9.2,2,0,0,0,0,0,0,0,7,3,0,0,5,1,0,0,0,0,0,0,3.0,7,109.57142857142857,7,1.0,7,110.57142857142857,7,23.0,3,7,9.2,5
1340,1341,10,4,6,0,0,0,7,3,7,0,0,7,5,12,0.2684563758389262,0.9561752988047808,0.03488372093023256,1720.0,688,344.0,137600,20640,470925.000,206381.4142327200000000000000,263402.1951981200000000000000,469783.6094308400000000000000,142750.5905691600000000000000,333325.000,1083459.20,753,0.2807606263982103,0,46,3,1,0,"2,1",0.7,0.3,0.0,110.57142857142857,0.0,39.142857142857146,0.8333333333333334,0.16666666666666666,0.0,116.8,0.0,9.2,2,0,0,0,0,0,0,0,7,3,0,0,5,1,0,0,0,0,0,0,3.0,7,109.57142857142857,7,1.0,7,110.57142857142857,7,23.0,3,7,9.2,5
1341,1342,10,4,6,0,0,0,7,3,7,0,0,7,5,12,0.26825633383010433,0.9561752988047808,0.03488372093023256,1720.0,688,344.0,137600,20640,470925.000,206381.4142327200000000000000,263402.1951981200000000000000,469783.6094308400000000000000,142750.5905691600000000000000,333325.000,1083459.20,753,0.28055141579731746,0,46,3,1,0,"1,2",0.7,0.3,0.0,110.57142857142857,0.0,39.142857142857146,0.8333333333333334,0.16666666666666666,0.0,116.8,0.0,9.2,2,0,0,0,0,0,0,0,7,3,0,0,5,1,0,0,0,0,0,0,3.0,7,109.57142857142857,7,1.0,7,110.57142857142857,7,23.0,3,7,9.2,5
1342,1343,10,4,6,0,0,0,7,3,7,0,0,7,5,12,0.2680565897244974,0.9561752988047808,0.03488372093023256,1720.0,688,344.0,137600,20640,470925.000,206381.4142327200000000000000,263402.1951981200000000000000,469783.6094308400000000000000,142750.5905691600000000000000,333325.000,1083459.20,753,0.28034251675353683,0,46,3,1,0,"1,2",0.7,0.3,0.0,110.57142857142857,0.0,39.142857142857146,0.8333333333333334,0.16666666666666666,0.0,116.8,0.0,9.2,2,0,0,0,0,0,0,0,7,3,0,0,5,1,0,0,0,0,0,0,3.0,7,109.57142857142857,7,1.0,7,110.57142857142857,7,23.0,3,7,9.2,5
1343,1344,10,4,6,0,0,0,7,3,7,0,0,7,5,12,0.26785714285714285,0.9561752988047808,0.03488372093023256,1720.0,688,344.0,137600,20640,470925.000,206381.4142327200000000000000,263402.1951981200000000000000,469783.6094308400000000000000,142750.5905691600000000000000,333325.000,1083459.20,753,0.28013392857142855,0,46,3,1,0,"1,2",0.7,0.3,0.0,110.57142857142857,0.0,39.142857142857146,0.8333333333333334,0.16666666666666666,0.0,116.8,0.0,9.2,2,0,0,0,0,0,0,0,7,3,0,0,5,1,0,0,0,0,0,0,3.0,7,109.57142857142857,7,1.0,7,110.57142857142857,7,23.0,3,7,9.2,5
1344,1345,10,4,6,0,0,0,7,3,7,0,0,7,5,12,0.26765799256505574,0.9561752988047808,0.03488372093023256,1720.0,688,344.0,137600,20640,470925.000,206381.4142327200000000000000,263402.1951981200000000000000,469783.6094308400000000000000,142750.5905691600000000000000,333325.000,1083459.20,753,0.2799256505576208,0,46,3,1,0,"1,2",0.7,0.3,0.0,110.57142857142857,0.0,39.142857142857146,0.8333333333333334,0.16666666666666666,0.0,116.8,0.0,9.2,2,0,0,0,0,0,0,0,7,3,0,0,5,1,0,0,0,0,0,0,3.0,7,109.57142857142857,7,1.0,7,110.57142857142857,7,23.0,3,7,9.2,5
1345,1346,10,4,6,0,0,0,7,3,7,0,0,7,5,12,0.2674591381872214,0.9561752988047808,0.03488372093023256,1720.0,688,344.0,137600,20640,470925.000,206381.4142327200000000000000,263402.1951981200000000000000,469783.6094308400000000000000,142750.5905691600000000000000,333325.000,1083459.20,753,0.2797176820208024,0,46,3,1,0,"2,1",0.7,0.3,0.0,110.57142857142857,0.0,39.142857142857146,0.8333333333333334,0.16666666666666666,0.0,116.8,0.0,9.2,2,0,0,0,0,0,0,0,7,3,0,0,5,1,0,0,0,0,0,0,3.0,7,109.57142857142857,7,1.0,7,110.57142857142857,7,23.0,3,7,9.2,5
1346,1347,10,4,6,0,0,0,7,3,7,0,0,7,5,12,0.267260579064588,0.9561752988047808,0.03488372093023256,1720.0,688,344.0,137600,20640,470925.000,206381.4142327200000000000000,263402.1951981200000000000000,469783.6094308400000000000000,142750.5905691600000000000000,333325.000,1083459.20,753,0.2795100222717149,0,46,3,1,0,"2,1",0.7,0.3,0.0,110.57142857142857,0.0,39.142857142857146,0.8333333333333334,0.16666666666666666,0.0,116.8,0.0,9.2,2,0,0,0,0,0,0,0,7,3,0,0,5,1,0,0,0,0,0,0,3.0,7,109.57142857142857,7,1.0,7,110.57142857142857,7,23.0,3,7,9.2,5
1347,1348,10,4,6,0,0,0,7,3,7,0,0,7,5,12,0.26706231454005935,0.9561752988047808,0.03488372093023256,1720.0,688,344.0,137600,20640,470925.000,206381.4142327200000000000000,263402.1951981200000000000000,469783.6094308400000000000000,142750.5905691600000000000000,333325.000,1083459.20,753,0.2793026706231454,0,46,3,1,0,"2,1",0.7,0.3,0.0,110.57142857142857,0.0,39.142857142857146,0.8333333333333334,0.16666666666666666,0.0,116.8,0.0,9.2,2,0,0,0,0,0,0,0,7,3,0,0,5,1,0,0,0,0,0,0,3.0,7,109.57142857142857,7,1.0,7,110.57142857142857,7,23.0,3,7,9.2,5
1348,1349,10,4,6,0,0,0,7,3,7,0,0,7,5,12,0.26686434395848774,0.9561752988047808,0.03488372093023256,1720.0,688,344.0,137600,20640,470925.000,206381.4142327200000000000000,263402.1951981200000000000000,469783.6094308400000000000000,142750.5905691600000000000000,333325.000,1083459.20,753,0.27909562638991847,0,46,3,1,0,"2,1",0.7,0.3,0.0,110.57142857142857,0.0,39.142857142857146,0.8333333333333334,0.16666666666666666,0.0,116.8,0.0,9.2,2,0,0,0,0,0,0,0,7,3,0,0,5,1,0,0,0,0,0,0,3.0,7,109.57142857142857,7,1.0,7,110.57142857142857,7,23.0,3,7,9.2,5
1349,1350,10,4,6,0,0,0,7,3,7,0,0,7,5,12,0.26666666666666666,0.9561752988047808,0.03488372093023256,1720.0,688,344.0,137600,20640,470925.000,206381.4142327200000000000000,263402.1951981200000000000000,469783.6094308400000000000000,142750.5905691600000000000000,333325.000,1083459.20,753,0.2788888888888889,0,46,3,1,0,"2,1",0.7,0.3,0.0,110.57142857142857,0.0,39.142857142857146,0.8333333333333334,0.16666666666666666,0.0,116.8,0.0,9.2,2,0,0,0,0,0,0,0,7,3,0,0,5,1,0,0,0,0,0,0,3.0,7,109.57142857142857,7,1.0,7,110.57142857142857,7,23.0,3,7,9.2,5
1350,1351,10,4,6,0,0,0,7,3,7,0,0,7,5,12,0.2664692820133235,0.9561752988047808,0.03488372093023256,1720.0,688,344.0,137600,20640,470925.000,206381.4142327200000000000000,263402.1951981200000000000000,469783.6094308400000000000000,142750.5905691600000000000000,333325.000,1083459.20,753,0.2786824574389341,0,46,3,1,0,"1,2",0.7,0.3,0.0,110.57142857142857,0.0,39.142857142857146,0.8333333333333334,0.16666666666666666,0.0,116.8,0.0,9.2,2,0,0,0,0,0,0,0,7,3,0,0,5,1,0,0,0,0,0,0,3.0,7,109.57142857142857,7,1.0,7,110.57142857142857,7,23.0,3,7,9.2,5
1351,1352,10,4,6,0,0,0,7,3,7,0,0,7,5,12,0.2662721893491124,0.9561752988047808,0.03488372093023256,1720.0,688,344.0,137600,20640,470925.000,206381.4142327200000000000000,263402.1951981200000000000000,469783.6094308400000000000000,142750.5905691600000000000000,333325.000,1083459.20,753,0.27847633136094674,0,46,3,1,0,"1,2",0.7,0.3,0.0,110.57142857142857,0.0,39.142857142857146,0.8333333333333334,0.16666666666666666,0.0,116.8,0.0,9.2,2,0,0,0,0,0,0,0,7,3,0,0,5,1,0,0,0,0,0,0,3.0,7,109.57142857142857,7,1.0,7,110.57142857142857,7,23.0,3,7,9.2,5
1352,1353,10,4,6,0,0,0,7,3,7,0,0,7,5,12,0.2660753880266075,0.9561752988047808,0.03488372093023256,1720.0,688,344.0,137600,20640,470925.000,206381.4142327200000000000000,263402.1951981200000000000000,469783.6094308400000000000000,142750.5905691600000000000000,333325.000,1083459.20,753,0.27827050997782704,0,46,3,1,0,"2,1",0.7,0.3,0.0,110.57142857142857,0.0,39.142857142857146,0.8333333333333334,0.16666666666666666,0.0,116.8,0.0,9.2,2,0,0,0,0,0,0,0,7,3,0,0,5,1,0,0,0,0,0,0,3.0,7,109.57142857142857,7,1.0,7,110.57142857142857,7,23.0,3,7,9.2,5
1353,1354,10,4,6,0,0,0,7,3,7,0,0,7,5,12,0.2658788774002954,0.9561752988047808,0.03488372093023256,1720.0,688,344.0,137600,20640,470925.000,206381.4142327200000000000000,263402.1951981200000000000000,469783.6094308400000000000000,142750.5905691600000000000000,333325.000,1083459.20,753,0.27806499261447565,0,46,3,1,0,"1,2",0.7,0.3,0.0,110.57142857142857,0.0,39.142857142857146,0.8333333333333334,0.16666666666666666,0.0,116.8,0.0,9.2,2,0,0,0,0,0,0,0,7,3,0,0,5,1,0,0,0,0,0,0,3.0,7,109.57142857142857,7,1.0,7,110.57142857142857,7,23.0,3,7,9.2,5
1354,1355,10,4,6,0,0,0,7,3,7,0,0,7,5,12,0.2656826568265683,0.9561752988047808,0.03488372093023256,1720.0,688,344.0,137600,20640,470925.000,206381.4142327200000000000000,263402.1951981200000000000000,469783.6094308400000000000000,142750.5905691600000000000000,333325.000,1083459.20,753,0.277859778597786,0,46,3,1,0,"2,1",0.7,0.3,0.0,110.57142857142857,0.0,39.142857142857146,0.8333333333333334,0.16666666666666666,0.0,116.8,0.0,9.2,2,0,0,0,0,0,0,0,7,3,0,0,5,1,0,0,0,0,0,0,3.0,7,109.57142857142857,7,1.0,7,110.57142857142857,7,23.0,3,7,9.2,5
1355,1356,10,4,6,0,0,0,7,3,7,0,0,7,5,12,0.2654867256637168,0.9561752988047808,0.03488372093023256,1720.0,688,344.0,137600,20640,470925.000,206381.4142327200000000000000,263402.1951981200000000000000,469783.6094308400000000000000,142750.5905691600000000000000,333325.000,1083459.20,753,0.2776548672566372,0,46,3,1,0,"1,2",0.7,0.3,0.0,110.57142857142857,0.0,39.142857142857146,0.8333333333333334,0.16666666666666666,0.0,116.8,0.0,9.2,2,0,0,0,0,0,0,0,7,3,0,0,5,1,0,0,0,0,0,0,3.0,7,109.57142857142857,7,1.0,7,110.57142857142857,7,23.0,3,7,9.2,5
1356,1357,10,4,6,0,0,0,7,3,7,0,0,7,5,12,0.26529108327192336,0.9561752988047808,0.03488372093023256,1720.0,688,344.0,137600,20640,470925.000,206381.4142327200000000000000,263402.1951981200000000000000,469783.6094308400000000000000,142750.5905691600000000000000,333325.000,1083459.20,753,0.2774502579218865,0,46,3,1,0,"2,1",0.7,0.3,0.0,110.57142857142857,0.0,39.142857142857146,0.8333333333333334,0.16666666666666666,0.0,116.8,0.0,9.2,2,0,0,0,0,0,0,0,7,3,0,0,5,1,0,0,0,0,0,0,3.0,7,109.57142857142857,7,1.0,7,110.57142857142857,7,23.0,3,7,9.2,5
1357,1358,10,4,6,0,0,0,7,3,7,0,0,7,5,12,0.2650957290132548,0.9561752988047808,0.03488372093023256,1720.0,688,344.0,137600,20640,470925.000,206381.4142327200000000000000,263402.1951981200000000000000,469783.6094308400000000000000,142750.5905691600000000000000,333325.000,1083459.20,753,0.2772459499263623,0,46,3,1,0,"2,1",0.7,0.3,0.0,110.57142857142857,0.0,39.142857142857146,0.8333333333333334,0.16666666666666666,0.0,116.8,0.0,9.2,2,0,0,0,0,0,0,0,7,3,0,0,5,1,0,0,0,0,0,0,3.0,7,109.57142857142857,7,1.0,7,110.57142857142857,7,23.0,3,7,9.2,5
1358,1359,10,4,6,0,0,0,7,3,7,0,0,7,5,12,0.26490066225165565,0.9561752988047808,0.03488372093023256,1720.0,688,344.0,137600,20640,470925.000,206381.4142327200000000000000,263402.1951981200000000000000,469783.6094308400000000000000,142750.5905691600000000000000,333325.000,1083459.20,753,0.27704194260485654,0,46,3,1,0,"1,2",0.7,0.3,0.0,110.57142857142857,0.0,39.142857142857146,0.8333333333333334,0.16666666666666666,0.0,116.8,0.0,9.2,2,0,0,0,0,0,0,0,7,3,0,0,5,1,0,0,0,0,0,0,3.0,7,109.57142857142857,7,1.0,7,110.57142857142857,7,23.0,3,7,9.2,5
1359,1360,10,4,6,0,0,0,7,3,7,0,0,7,5,12,0.2647058823529412,0.9561752988047808,0.03488372093023256,1720.0,688,344.0,137600,20640,470925.000,206381.4142327200000000000000,263402.1951981200000000000000,469783.6094308400000000000000,142750.5905691600000000000000,333325.000,1083459.20,753,0.27683823529411766,0,46,3,1,0,"2,1",0.7,0.3,0.0,110.57142857142857,0.0,39.142857142857146,0.8333333333333334,0.16666666666666666,0.0,116.8,0.0,9.2,2,0,0,0,0,0,0,0,7,3,0,0,5,1,0,0,0,0,0,0,3.0,7,109.57142857142857,7,1.0,7,110.57142857142857,7,23.0,3,7,9.2,5
1360,1361,10,4,6,0,0,0,7,3,7,0,0,7,5,12,0.26451138868479057,0.9561752988047808,0.03488372093023256,1720.0,688,344.0,137600,20640,470925.000,206381.4142327200000000000000,263402.1951981200000000000000,469783.6094308400000000000000,142750.5905691600000000000000,333325.000,1083459.20,753,0.2766348273328435,0,46,3,1,0,"2,1",0.7,0.3,0.0,110.57142857142857,0.0,39.142857142857146,0.8333333333333334,0.16666666666666666,0.0,116.8,0.0,9.2,2,0,0,0,0,0,0,0,7,3,0,0,5,1,0,0,0,0,0,0,3.0,7,109.57142857142857,7,1.0,7,110.57142857142857,7,23.0,3,7,9.2,5
1361,1362,10,4,6,0,0,0,7,3,7,0,0,7,5,12,0.2643171806167401,0.9561752988047808,0.03488372093023256,1720.0,688,344.0,137600,20640,470925.000,206381.4142327200000000000000,263402.1951981200000000000000,469783.6094308400000000000000,142750.5905691600000000000000,333325.000,1083459.20,753,0.276431718061674,0,46,3,1,0,"1,2",0.7,0.3,0.0,110.57142857142857,0.0,39.142857142857146,0.8333333333333334,0.16666666666666666,0.0,116.8,0.0,9.2,2,0,0,0,0,0,0,0,7,3,0,0,5,1,0,0,0,0,0,0,3.0,7,109.57142857142857,7,1.0,7,110.57142857142857,7,23.0,3,7,9.2,5
1362,1363,10,4,6,0,0,0,7,3,7,0,0,7,5,12,0.2641232575201761,0.9561752988047808,0.03488372093023256,1720.0,688,344.0,137600,20640,470925.000,206381.4142327200000000000000,263402.1951981200000000000000,469783.6094308400000000000000,142750.5905691600000000000000,333325.000,1083459.20,753,0.27622890682318413,0,46,3,1,0,"2,1",0.7,0.3,0.0,110.57142857142857,0.0,39.142857142857146,0.8333333333333334,0.16666666666666666,0.0,116.8,0.0,9.2,2,0,0,0,0,0,0,0,7,3,0,0,5,1,0,0,0,0,0,0,3.0,7,109.57142857142857,7,1.0,7,110.57142857142857,7,23.0,3,7,9.2,5
1363,1364,10,4,6,0,0,0,7,3,7,0,0,7,5,12,0.26392961876832843,0.9561752988047808,0.03488372093023256,1720.0,688,344.0,137600,20640,470925.000,206381.4142327200000000000000,263402.1951981200000000000000,469783.6094308400000000000000,142750.5905691600000000000000,333325.000,1083459.20,753,0.2760263929618768,0,46,3,1,0,"1,2",0.7,0.3,0.0,110.57142857142857,0.0,39.142857142857146,0.8333333333333334,0.16666666666666666,0.0,116.8,0.0,9.2,2,0,0,0,0,0,0,0,7,3,0,0,5,1,0,0,0,0,0,0,3.0,7,109.57142857142857,7,1.0,7,110.57142857142857,7,23.0,3,7,9.2,5
1364,1365,10,4,6,0,0,0,7,3,7,0,0,7,5,12,0.26373626373626374,0.9561752988047808,0.03488372093023256,1720.0,688,344.0,137600,20640,470925.000,206381.4142327200000000000000,263402.1951981200000000000000,469783.6094308400000000000000,142750.5905691600000000000000,333325.000,1083459.20,753,0.27582417582417584,0,46,3,1,0,"2,1",0.7,0.3,0.0,110.57142857142857,0.0,39.142857142857146,0.8333333333333334,0.16666666666666666,0.0,116.8,0.0,9.2,2,0,0,0,0,0,0,0,7,3,0,0,5,1,0,0,0,0,0,0,3.0,7,109.57142857142857,7,1.0,7,110.57142857142857,7,23.0,3,7,9.2,5
1365,1366,10,4,6,0,0,0,7,3,7,0,0,7,5,12,0.2635431918008785,0.9561752988047808,0.03488372093023256,1720.0,688,344.0,137600,20640,470925.000,206381.4142327200000000000000,263402.1951981200000000000000,469783.6094308400000000000000,142750.5905691600000000000000,333325.000,1083459.20,753,0.2756222547584187,0,46,3,1,0,"1,2",0.7,0.3,0.0,110.57142857142857,0.0,39.142857142857146,0.8333333333333334,0.16666666666666666,0.0,116.8,0.0,9.2,2,0,0,0,0,0,0,0,7,3,0,0,5,1,0,0,0,0,0,0,3.0,7,109.57142857142857,7,1.0,7,110.57142857142857,7,23.0,3,7,9.2,5
1366,1367,10,4,6,0,0,0,7,3,7,0,0,7,5,12,0.26335040234089246,0.9561752988047808,0.03488372093023256,1720.0,688,344.0,137600,20640,470925.000,206381.4142327200000000000000,263402.1951981200000000000000,469783.6094308400000000000000,142750.5905691600000000000000,333325.000,1083459.20,753,0.27542062911485005,0,46,3,1,0,"2,1",0.7,0.3,0.0,110.57142857142857,0.0,39.142857142857146,0.8333333333333334,0.16666666666666666,0.0,116.8,0.0,9.2,2,0,0,0,0,0,0,0,7,3,0,0,5,1,0,0,0,0,0,0,3.0,7,109.57142857142857,7,1.0,7,110.57142857142857,7,23.0,3,7,9.2,5
1367,1368,10,4,6,0,0,0,7,3,7,0,0,7,5,12,0.2631578947368421,0.9561752988047808,0.03488372093023256,1720.0,688,344.0,137600,20640,470925.000,206381.4142327200000000000000,263402.1951981200000000000000,469783.6094308400000000000000,142750.5905691600000000000000,333325.000,1083459.20,753,0.27521929824561403,0,46,3,1,0,"1,2",0.7,0.3,0.0,110.57142857142857,0.0,39.142857142857146,0.8333333333333334,0.16666666666666666,0.0,116.8,0.0,9.2,2,0,0,0,0,0,0,0,7,3,0,0,5,1,0,0,0,0,0,0,3.0,7,109.57142857142857,7,1.0,7,110.57142857142857,7,23.0,3,7,9.2,5
1368,1369,10,4,6,0,0,0,7,3,7,0,0,7,5,12,0.26296566837107377,0.9561752988047808,0.03488372093023256,1720.0,688,344.0,137600,20640,470925.000,206381.4142327200000000000000,263402.1951981200000000000000,469783.6094308400000000000000,142750.5905691600000000000000,333325.000,1083459.20,753,0.275018261504748,0,46,3,1,0,"2,1",0.7,0.3,0.0,110.57142857142857,0.0,39.142857142857146,0.8333333333333334,0.16666666666666666,0.0,116.8,0.0,9.2,2,0,0,0,0,0,0,0,7,3,0,0,5,1,0,0,0,0,0,0,3.0,7,109.57142857142857,7,1.0,7,110.57142857142857,7,23.0,3,7,9.2,5
1369,1370,10,4,6,0,0,0,7,3,7,0,0,7,5,12,0.26277372262773724,0.9561752988047808,0.03488372093023256,1720.0,688,344.0,137600,20640,470925.000,206381.4142327200000000000000,263402.1951981200000000000000,469783.6094308400000000000000,142750.5905691600000000000000,333325.000,1083459.20,753,0.2748175182481752,0,46,3,1,0,"2,1",0.7,0.3,0.0,110.57142857142857,0.0,39.142857142857146,0.8333333333333334,0.16666666666666666,0.0,116.8,0.0,9.2,2,0,0,0,0,0,0,0,7,3,0,0,5,1,0,0,0,0,0,0,3.0,7,109.57142857142857,7,1.0,7,110.57142857142857,7,23.0,3,7,9.2,5
1370,1371,10,4,6,0,0,0,7,3,7,0,0,7,5,12,0.26258205689277897,0.9561752988047808,0.03488372093023256,1720.0,688,344.0,137600,20640,470925.000,206381.4142327200000000000000,263402.1951981200000000000000,469783.6094308400000000000000,142750.5905691600000000000000,333325.000,1083459.20,753,0.27461706783369805,0,46,3,1,0,"2,1",0.7,0.3,0.0,110.57142857142857,0.0,39.142857142857146,0.8333333333333334,0.16666666666666666,0.0,116.8,0.0,9.2,2,0,0,0,0,0,0,0,7,3,0,0,5,1,0,0,0,0,0,0,3.0,7,109.57142857142857,7,1.0,7,110.57142857142857,7,23.0,3,7,9.2,5
1371,1372,10,4,6,0,0,0,7,3,7,0,0,7,5,12,0.26239067055393583,0.9561752988047808,0.03488372093023256,1720.0,688,344.0,137600,20640,470925.000,206381.4142327200000000000000,263402.1951981200000000000000,469783.6094308400000000000000,142750.5905691600000000000000,333325.000,1083459.20,753,0.27441690962099125,0,46,3,1,0,"1,2",0.7,0.3,0.0,110.57142857142857,0.0,39.142857142857146,0.8333333333333334,0.16666666666666666,0.0,116.8,0.0,9.2,2,0,0,0,0,0,0,0,7,3,0,0,5,1,0,0,0,0,0,0,3.0,7,109.57142857142857,7,1.0,7,110.57142857142857,7,23.0,3,7,9.2,5
1372,1373,10,4,6,0,0,0,7,3,7,0,0,7,5,12,0.26219956300072833,0.9561752988047808,0.03488372093023256,1720.0,688,344.0,137600,20640,470925.000,206381.4142327200000000000000,263402.1951981200000000000000,469783.6094308400000000000000,142750.5905691600000000000000,333325.000,1083459.20,753,0.27421704297159505,0,46,3,1,0,"2,1",0.7,0.3,0.0,110.57142857142857,0.0,39.142857142857146,0.8333333333333334,0.16666666666666666,0.0,116.8,0.0,9.2,2,0,0,0,0,0,0,0,7,3,0,0,5,1,0,0,0,0,0,0,3.0,7,109.57142857142857,7,1.0,7,110.57142857142857,7,23.0,3,7,9.2,5
1373,1374,10,4,6,0,0,0,7,3,7,0,0,7,5,12,0.26200873362445415,0.9561752988047808,0.03488372093023256,1720.0,688,344.0,137600,20640,470925.000,206381.4142327200000000000000,263402.1951981200000000000000,469783.6094308400000000000000,142750.5905691600000000000000,333325.000,1083459.20,753,0.2740174672489083,0,46,3,1,0,"2,1",0.7,0.3,0.0,110.57142857142857,0.0,39.142857142857146,0.8333333333333334,0.16666666666666666,0.0,116.8,0.0,9.2,2,0,0,0,0,0,0,0,7,3,0,0,5,1,0,0,0,0,0,0,3.0,7,109.57142857142857,7,1.0,7,110.57142857142857,7,23.0,3,7,9.2,5
1374,1375,10,4,6,0,0,0,7,3,7,0,0,7,5,12,0.2618181818181818,0.9561752988047808,0.03488372093023256,1720.0,688,344.0,137600,20640,470925.000,206381.4142327200000000000000,263402.1951981200000000000000,469783.6094308400000000000000,142750.5905691600000000000000,333325.000,1083459.20,753,0.2738181818181818,0,46,3,1,0,"2,1",0.7,0.3,0.0,110.57142857142857,0.0,39.142857142857146,0.8333333333333334,0.16666666666666666,0.0,116.8,0.0,9.2,2,0,0,0,0,0,0,0,7,3,0,0,5,1,0,0,0,0,0,0,3.0,7,109.57142857142857,7,1.0,7,110.57142857142857,7,23.0,3,7,9.2,5
1375,1376,10,4,6,0,0,0,7,3,7,0,0,7,5,12,0.2616279069767442,0.9561752988047808,0.03488372093023256,1720.0,688,344.0,137600,20640,470925.000,206381.4142327200000000000000,263402.1951981200000000000000,469783.6094308400000000000000,142750.5905691600000000000000,333325.000,1083459.20,753,0.27361918604651164,0,46,3,1,0,"1,2",0.7,0.3,0.0,110.57142857142857,0.0,39.142857142857146,0.8333333333333334,0.16666666666666666,0.0,116.8,0.0,9.2,2,0,0,0,0,0,0,0,7,3,0,0,5,1,0,0,0,0,0,0,3.0,7,109.57142857142857,7,1.0,7,110.57142857142857,7,23.0,3,7,9.2,5
1376,1377,10,4,6,0,0,0,7,3,7,0,0,7,5,12,0.26143790849673204,0.9561752988047808,0.03488372093023256,1720.0,688,344.0,137600,20640,470925.000,206381.4142327200000000000000,263402.1951981200000000000000,469783.6094308400000000000000,142750.5905691600000000000000,333325.000,1083459.20,753,0.27342047930283225,0,46,3,1,0,"2,1",0.7,0.3,0.0,110.57142857142857,0.0,39.142857142857146,0.8333333333333334,0.16666666666666666,0.0,116.8,0.0,9.2,2,0,0,0,0,0,0,0,7,3,0,0,5,1,0,0,0,0,0,0,3.0,7,109.57142857142857,7,1.0,7,110.57142857142857,7,23.0,3,7,9.2,5
1377,1378,10,4,6,0,0,0,7,3,7,0,0,7,5,12,0.2612481857764877,0.9561752988047808,0.03488372093023256,1720.0,688,344.0,137600,20640,470925.000,206381.4142327200000000000000,263402.1951981200000000000000,469783.6094308400000000000000,142750.5905691600000000000000,333325.000,1083459.20,753,0.27322206095791,0,46,3,1,0,"1,2",0.7,0.3,0.0,110.57142857142857,0.0,39.142857142857146,0.8333333333333334,0.16666666666666666,0.0,116.8,0.0,9.2,2,0,0,0,0,0,0,0,7,3,0,0,5,1,0,0,0,0,0,0,3.0,7,109.57142857142857,7,1.0,7,110.57142857142857,7,23.0,3,7,9.2,5
1378,1379,10,4,6,0,0,0,7,3,7,0,0,7,5,12,0.2610587382160986,0.9561752988047808,0.03488372093023256,1720.0,688,344.0,137600,20640,470925.000,206381.4142327200000000000000,263402.1951981200000000000000,469783.6094308400000000000000,142750.5905691600000000000000,333325.000,1083459.20,753,0.2730239303843365,0,46,3,1,0,"1,2",0.7,0.3,0.0,110.57142857142857,0.0,39.142857142857146,0.8333333333333334,0.16666666666666666,0.0,116.8,0.0,9.2,2,0,0,0,0,0,0,0,7,3,0,0,5,1,0,0,0,0,0,0,3.0,7,109.57142857142857,7,1.0,7,110.57142857142857,7,23.0,3,7,9.2,5
1379,1380,10,4,6,0,0,0,7,3,7,0,0,7,5,12,0.2608695652173913,0.9561752988047808,0.03488372093023256,1720.0,688,344.0,137600,20640,470925.000,206381.4142327200000000000000,263402.1951981200000000000000,469783.6094308400000000000000,142750.5905691600000000000000,333325.000,1083459.20,753,0.2728260869565217,0,46,3,1,0,"2,1",0.7,0.3,0.0,110.57142857142857,0.0,39.142857142857146,0.8333333333333334,0.16666666666666666,0.0,116.8,0.0,9.2,2,0,0,0,0,0,0,0,7,3,0,0,5,1,0,0,0,0,0,0,3.0,7,109.57142857142857,7,1.0,7,110.57142857142857,7,23.0,3,7,9.2,5
1380,1381,10,4,6,0,0,0,7,3,7,0,0,7,5,12,0.2606806661839247,0.9561752988047808,0.03488372093023256,1720.0,688,344.0,137600,20640,470925.000,206381.4142327200000000000000,263402.1951981200000000000000,469783.6094308400000000000000,142750.5905691600000000000000,333325.000,1083459.20,753,0.27262853005068793,0,46,3,1,0,"1,2",0.7,0.3,0.0,110.57142857142857,0.0,39.142857142857146,0.8333333333333334,0.16666666666666666,0.0,116.8,0.0,9.2,2,0,0,0,0,0,0,0,7,3,0,0,5,1,0,0,0,0,0,0,3.0,7,109.57142857142857,7,1.0,7,110.57142857142857,7,23.0,3,7,9.2,5
1381,1382,10,4,6,0,0,0,7,3,7,0,0,7,5,12,0.26049204052098407,0.9561752988047808,0.03488372093023256,1720.0,688,344.0,137600,20640,470925.000,206381.4142327200000000000000,263402.1951981200000000000000,469783.6094308400000000000000,142750.5905691600000000000000,333325.000,1083459.20,753,0.27243125904486254,0,46,3,1,0,"1,2",0.7,0.3,0.0,110.57142857142857,0.0,39.142857142857146,0.8333333333333334,0.16666666666666666,0.0,116.8,0.0,9.2,2,0,0,0,0,0,0,0,7,3,0,0,5,1,0,0,0,0,0,0,3.0,7,109.57142857142857,7,1.0,7,110.57142857142857,7,23.0,3,7,9.2,5
1382,1383,10,4,6,0,0,0,7,3,7,0,0,7,5,12,0.2603036876355748,0.9561752988047808,0.03488372093023256,1720.0,688,344.0,137600,20640,470925.000,206381.4142327200000000000000,263402.1951981200000000000000,469783.6094308400000000000000,142750.5905691600000000000000,333325.000,1083459.20,753,0.272234273318872,0,46,3,1,0,"1,2",0.7,0.3,0.0,110.57142857142857,0.0,39.142857142857146,0.8333333333333334,0.16666666666666666,0.0,116.8,0.0,9.2,2,0,0,0,0,0,0,0,7,3,0,0,5,1,0,0,0,0,0,0,3.0,7,109.57142857142857,7,1.0,7,110.57142857142857,7,23.0,3,7,9.2,5
1383,1384,10,4,6,0,0,0,7,3,7,0,0,7,5,12,0.26011560693641617,0.9561752988047808,0.03488372093023256,1720.0,688,344.0,137600,20640,470925.000,206381.4142327200000000000000,263402.1951981200000000000000,469783.6094308400000000000000,142750.5905691600000000000000,333325.000,1083459.20,753,0.2720375722543353,0,46,3,1,0,"2,1",0.7,0.3,0.0,110.57142857142857,0.0,39.142857142857146,0.8333333333333334,0.16666666666666666,0.0,116.8,0.0,9.2,2,0,0,0,0,0,0,0,7,3,0,0,5,1,0,0,0,0,0,0,3.0,7,109.57142857142857,7,1.0,7,110.57142857142857,7,23.0,3,7,9.2,5
1384,1385,10,4,6,0,0,0,7,3,7,0,0,7,5,12,0.25992779783393505,0.9561752988047808,0.03488372093023256,1720.0,688,344.0,137600,20640,470925.000,206381.4142327200000000000000,263402.1951981200000000000000,469783.6094308400000000000000,142750.5905691600000000000000,333325.000,1083459.20,753,0.271841155234657,0,46,3,1,0,"1,2",0.7,0.3,0.0,110.57142857142857,0.0,39.142857142857146,0.8333333333333334,0.16666666666666666,0.0,116.8,0.0,9.2,2,0,0,0,0,0,0,0,7,3,0,0,5,1,0,0,0,0,0,0,3.0,7,109.57142857142857,7,1.0,7,110.57142857142857,7,23.0,3,7,9.2,5
1385,1386,10,4,6,0,0,0,7,3,7,0,0,7,5,12,0.2597402597402597,0.9561752988047808,0.03488372093023256,1720.0,688,344.0,137600,20640,470925.000,206381.4142327200000000000000,263402.1951981200000000000000,469783.6094308400000000000000,142750.5905691600000000000000,333325.000,1083459.20,753,0.27164502164502163,0,46,3,1,0,"1,2",0.7,0.3,0.0,110.57142857142857,0.0,39.142857142857146,0.8333333333333334,0.16666666666666666,0.0,116.8,0.0,9.2,2,0,0,0,0,0,0,0,7,3,0,0,5,1,0,0,0,0,0,0,3.0,7,109.57142857142857,7,1.0,7,110.57142857142857,7,23.0,3,7,9.2,5
1386,1387,10,4,6,0,0,0,7,3,7,0,0,7,5,12,0.2595529920692141,0.9561752988047808,0.03488372093023256,1720.0,688,344.0,137600,20640,470925.000,206381.4142327200000000000000,263402.1951981200000000000000,469783.6094308400000000000000,142750.5905691600000000000000,333325.000,1083459.20,753,0.27144917087238646,0,46,3,1,0,"2,1",0.7,0.3,0.0,110.57142857142857,0.0,39.142857142857146,0.8333333333333334,0.16666666666666666,0.0,116.8,0.0,9.2,2,0,0,0,0,0,0,0,7,3,0,0,5,1,0,0,0,0,0,0,3.0,7,109.57142857142857,7,1.0,7,110.57142857142857,7,23.0,3,7,9.2,5
1387,1388,10,4,6,0,0,0,7,3,7,0,0,7,5,12,0.25936599423631124,0.9561752988047808,0.03488372093023256,1720.0,688,344.0,137600,20640,470925.000,206381.4142327200000000000000,263402.1951981200000000000000,469783.6094308400000000000000,142750.5905691600000000000000,333325.000,1083459.20,753,0.2712536023054755,0,46,3,1,0,"2,1",0.7,0.3,0.0,110.57142857142857,0.0,39.142857142857146,0.8333333333333334,0.16666666666666666,0.0,116.8,0.0,9.2,2,0,0,0,0,0,0,0,7,3,0,0,5,1,0,0,0,0,0,0,3.0,7,109.57142857142857,7,1.0,7,110.57142857142857,7,23.0,3,7,9.2,5
1388,1389,10,4,6,0,0,0,7,3,7,0,0,7,5,12,0.2591792656587473,0.9561752988047808,0.03488372093023256,1720.0,688,344.0,137600,20640,470925.000,206381.4142327200000000000000,263402.1951981200000000000000,469783.6094308400000000000000,142750.5905691600000000000000,333325.000,1083459.20,753,0.2710583153347732,0,46,3,1,0,"2,1",0.7,0.3,0.0,110.57142857142857,0.0,39.142857142857146,0.8333333333333334,0.16666666666666666,0.0,116.8,0.0,9.2,2,0,0,0,0,0,0,0,7,3,0,0,5,1,0,0,0,0,0,0,3.0,7,109.57142857142857,7,1.0,7,110.57142857142857,7,23.0,3,7,9.2,5
1389,1390,10,4,6,0,0,0,7,3,7,0,0,7,5,12,0.2589928057553957,0.9561752988047808,0.03488372093023256,1720.0,688,344.0,137600,20640,470925.000,206381.4142327200000000000000,263402.1951981200000000000000,469783.6094308400000000000000,142750.5905691600000000000000,333325.000,1083459.20,753,0.270863309352518,0,46,3,1,0,"2,1",0.7,0.3,0.0,110.57142857142857,0.0,39.142857142857146,0.8333333333333334,0.16666666666666666,0.0,116.8,0.0,9.2,2,0,0,0,0,0,0,0,7,3,0,0,5,1,0,0,0,0,0,0,3.0,7,109.57142857142857,7,1.0,7,110.57142857142857,7,23.0,3,7,9.2,5
1390,1391,10,4,6,0,0,0,7,3,7,0,0,7,5,12,0.2588066139468009,0.9561752988047808,0.03488372093023256,1720.0,688,344.0,137600,20640,470925.000,206381.4142327200000000000000,263402.1951981200000000000000,469783.6094308400000000000000,142750.5905691600000000000000,333325.000,1083459.20,753,0.2706685837526959,0,46,3,1,0,"2,1",0.7,0.3,0.0,110.57142857142857,0.0,39.142857142857146,0.8333333333333334,0.16666666666666666,0.0,116.8,0.0,9.2,2,0,0,0,0,0,0,0,7,3,0,0,5,1,0,0,0,0,0,0,3.0,7,109.57142857142857,7,1.0,7,110.57142857142857,7,23.0,3,7,9.2,5
1391,1392,10,4,6,0,0,0,7,3,7,0,0,7,5,12,0.25862068965517243,0.9561752988047808,0.03488372093023256,1720.0,688,344.0,137600,20640,470925.000,206381.4142327200000000000000,263402.1951981200000000000000,469783.6094308400000000000000,142750.5905691600000000000000,333325.000,1083459.20,753,0.2704741379310345,0,46,3,1,0,"1,2",0.7,0.3,0.0,110.57142857142857,0.0,39.142857142857146,0.8333333333333334,0.16666666666666666,0.0,116.8,0.0,9.2,2,0,0,0,0,0,0,0,7,3,0,0,5,1,0,0,0,0,0,0,3.0,7,109.57142857142857,7,1.0,7,110.57142857142857,7,23.0,3,7,9.2,5
1392,1393,10,4,6,0,0,0,7,3,7,0,0,7,5,12,0.25843503230437903,0.9561752988047808,0.03488372093023256,1720.0,688,344.0,137600,20640,470925.000,206381.4142327200000000000000,263402.1951981200000000000000,469783.6094308400000000000000,142750.5905691600000000000000,333325.000,1083459.20,753,0.2702799712849964,0,46,3,1,0,"1,2",0.7,0.3,0.0,110.57142857142857,0.0,39.142857142857146,0.8333333333333334,0.16666666666666666,0.0,116.8,0.0,9.2,2,0,0,0,0,0,0,0,7,3,0,0,5,1,0,0,0,0,0,0,3.0,7,109.57142857142857,7,1.0,7,110.57142857142857,7,23.0,3,7,9.2,5
1393,1394,10,4,6,0,0,0,7,3,7,0,0,7,5,12,0.2582496413199426,0.9561752988047808,0.03488372093023256,1720.0,688,344.0,137600,20640,470925.000,206381.4142327200000000000000,263402.1951981200000000000000,469783.6094308400000000000000,142750.5905691600000000000000,333325.000,1083459.20,753,0.2700860832137733,0,46,3,1,0,"1,2",0.7,0.3,0.0,110.57142857142857,0.0,39.142857142857146,0.8333333333333334,0.16666666666666666,0.0,116.8,0.0,9.2,2,0,0,0,0,0,0,0,7,3,0,0,5,1,0,0,0,0,0,0,3.0,7,109.57142857142857,7,1.0,7,110.57142857142857,7,23.0,3,7,9.2,5
1394,1395,10,4,6,0,0,0,7,3,7,0,0,7,5,12,0.25806451612903225,0.9561752988047808,0.03488372093023256,1720.0,688,344.0,137600,20640,470925.000,206381.4142327200000000000000,263402.1951981200000000000000,469783.6094308400000000000000,142750.5905691600000000000000,333325.000,1083459.20,753,0.2698924731182796,0,46,3,1,0,"2,1",0.7,0.3,0.0,110.57142857142857,0.0,39.142857142857146,0.8333333333333334,0.16666666666666666,0.0,116.8,0.0,9.2,2,0,0,0,0,0,0,0,7,3,0,0,5,1,0,0,0,0,0,0,3.0,7,109.57142857142857,7,1.0,7,110.57142857142857,7,23.0,3,7,9.2,5
1395,1396,10,4,6,0,0,0,7,3,7,0,0,7,5,12,0.25787965616045844,0.9561752988047808,0.03488372093023256,1720.0,688,344.0,137600,20640,470925.000,206381.4142327200000000000000,263402.1951981200000000000000,469783.6094308400000000000000,142750.5905691600000000000000,333325.000,1083459.20,753,0.2696991404011461,0,46,3,1,0,"2,1",0.7,0.3,0.0,110.57142857142857,0.0,39.142857142857146,0.8333333333333334,0.16666666666666666,0.0,116.8,0.0,9.2,2,0,0,0,0,0,0,0,7,3,0,0,5,1,0,0,0,0,0,0,3.0,7,109.57142857142857,7,1.0,7,110.57142857142857,7,23.0,3,7,9.2,5
1396,1397,10,4,6,0,0,0,7,3,7,0,0,7,5,12,0.25769506084466715,0.9561752988047808,0.03488372093023256,1720.0,688,344.0,137600,20640,470925.000,206381.4142327200000000000000,263402.1951981200000000000000,469783.6094308400000000000000,142750.5905691600000000000000,333325.000,1083459.20,753,0.26950608446671437,0,46,3,1,0,"2,1",0.7,0.3,0.0,110.57142857142857,0.0,39.142857142857146,0.8333333333333334,0.16666666666666666,0.0,116.8,0.0,9.2,2,0,0,0,0,0,0,0,7,3,0,0,5,1,0,0,0,0,0,0,3.0,7,109.57142857142857,7,1.0,7,110.57142857142857,7,23.0,3,7,9.2,5
1397,1398,10,4,6,0,0,0,7,3,7,0,0,7,5,12,0.2575107296137339,0.9561752988047808,0.03488372093023256,1720.0,688,344.0,137600,20640,470925.000,206381.4142327200000000000000,263402.1951981200000000000000,469783.6094308400000000000000,142750.5905691600000000000000,333325.000,1083459.20,753,0.26931330472103004,0,46,3,1,0,"1,2",0.7,0.3,0.0,110.57142857142857,0.0,39.142857142857146,0.8333333333333334,0.16666666666666666,0.0,116.8,0.0,9.2,2,0,0,0,0,0,0,0,7,3,0,0,5,1,0,0,0,0,0,0,3.0,7,109.57142857142857,7,1.0,7,110.57142857142857,7,23.0,3,7,9.2,5
1398,1399,10,4,6,0,0,0,7,3,7,0,0,7,5,12,0.2573266619013581,0.9561752988047808,0.03488372093023256,1720.0,688,344.0,137600,20640,470925.000,206381.4142327200000000000000,263402.1951981200000000000000,469783.6094308400000000000000,142750.5905691600000000000000,333325.000,1083459.20,753,0.269120800571837,0,46,3,1,0,"2,1",0.7,0.3,0.0,110.57142857142857,0.0,39.142857142857146,0.8333333333333334,0.16666666666666666,0.0,116.8,0.0,9.2,2,0,0,0,0,0,0,0,7,3,0,0,5,1,0,0,0,0,0,0,3.0,7,109.57142857142857,7,1.0,7,110.57142857142857,7,23.0,3,7,9.2,5
1399,1400,10,4,6,0,0,0,7,3,7,0,0,7,5,12,0.2571428571428572,0.9561752988047808,0.03488372093023256,1720.0,688,344.0,137600,20640,470925.000,206381.4142327200000000000000,263402.1951981200000000000000,469783.6094308400000000000000,142750.5905691600000000000000,333325.000,1083459.20,753,0.2689285714285714,0,46,3,1,0,"1,2",0.7,0.3,0.0,110.57142857142857,0.0,39.142857142857146,0.8333333333333334,0.16666666666666666,0.0,116.8,0.0,9.2,2,0,0,0,0,0,0,0,7,3,0,0,5,1,0,0,0,0,0,0,3.0,7,109.57142857142857,7,1.0,7,110.57142857142857,7,23.0,3,7,9.2,5
1400,1401,10,4,6,0,0,0,7,3,7,0,0,7,5,12,0.2569593147751606,0.9561752988047808,0.03488372093023256,1720.0,688,344.0,137600,20640,470925.000,206381.4142327200000000000000,263402.1951981200000000000000,469783.6094308400000000000000,142750.5905691600000000000000,333325.000,1083459.20,753,0.26873661670235544,0,46,3,1,0,"2,1",0.7,0.3,0.0,110.57142857142857,0.0,39.142857142857146,0.8333333333333334,0.16666666666666666,0.0,116.8,0.0,9.2,2,0,0,0,0,0,0,0,7,3,0,0,5,1,0,0,0,0,0,0,3.0,7,109.57142857142857,7,1.0,7,110.57142857142857,7,23.0,3,7,9.2,5
1401,1402,10,4,6,0,0,0,7,3,7,0,0,7,5,12,0.25677603423680456,0.9561752988047808,0.03488372093023256,1720.0,688,344.0,137600,20640,470925.000,206381.4142327200000000000000,263402.1951981200000000000000,469783.6094308400000000000000,142750.5905691600000000000000,333325.000,1083459.20,753,0.2685449358059914,0,46,3,1,0,"1,2",0.7,0.3,0.0,110.57142857142857,0.0,39.142857142857146,0.8333333333333334,0.16666666666666666,0.0,116.8,0.0,9.2,2,0,0,0,0,0,0,0,7,3,0,0,5,1,0,0,0,0,0,0,3.0,7,109.57142857142857,7,1.0,7,110.57142857142857,7,23.0,3,7,9.2,5
1402,1403,10,4,6,0,0,0,7,3,7,0,0,7,5,12,0.25659301496792586,0.9561752988047808,0.03488372093023256,1720.0,688,344.0,137600,20640,470925.000,206381.4142327200000000000000,263402.1951981200000000000000,469783.6094308400000000000000,142750.5905691600000000000000,333325.000,1083459.20,753,0.2683535281539558,0,46,3,1,0,"1,2",0.7,0.3,0.0,110.57142857142857,0.0,39.142857142857146,0.8333333333333334,0.16666666666666666,0.0,116.8,0.0,9.2,2,0,0,0,0,0,0,0,7,3,0,0,5,1,0,0,0,0,0,0,3.0,7,109.57142857142857,7,1.0,7,110.57142857142857,7,23.0,3,7,9.2,5
1403,1404,10,4,6,0,0,0,7,3,7,0,0,7,5,12,0.25641025641025644,0.9561752988047808,0.03488372093023256,1720.0,688,344.0,137600,20640,470925.000,206381.4142327200000000000000,263402.1951981200000000000000,469783.6094308400000000000000,142750.5905691600000000000000,333325.000,1083459.20,753,0.26816239316239315,0,46,3,1,0,"2,1",0.7,0.3,0.0,110.57142857142857,0.0,39.142857142857146,0.8333333333333334,0.16666666666666666,0.0,116.8,0.0,9.2,2,0,0,0,0,0,0,0,7,3,0,0,5,1,0,0,0,0,0,0,3.0,7,109.57142857142857,7,1.0,7,110.57142857142857,7,23.0,3,7,9.2,5
1404,1405,10,4,6,0,0,0,7,3,7,0,0,7,5,12,0.25622775800711745,0.9561752988047808,0.03488372093023256,1720.0,688,344.0,137600,20640,470925.000,206381.4142327200000000000000,263402.1951981200000000000000,469783.6094308400000000000000,142750.5905691600000000000000,333325.000,1083459.20,753,0.2679715302491103,0,46,3,1,0,"1,2",0.7,0.3,0.0,110.57142857142857,0.0,39.142857142857146,0.8333333333333334,0.16666666666666666,0.0,116.8,0.0,9.2,2,0,0,0,0,0,0,0,7,3,0,0,5,1,0,0,0,0,0,0,3.0,7,109.57142857142857,7,1.0,7,110.57142857142857,7,23.0,3,7,9.2,5
1405,1406,10,4,6,0,0,0,7,3,7,0,0,7,5,12,0.25604551920341395,0.9561752988047808,0.03488372093023256,1720.0,688,344.0,137600,20640,470925.000,206381.4142327200000000000000,263402.1951981200000000000000,469783.6094308400000000000000,142750.5905691600000000000000,333325.000,1083459.20,753,0.2677809388335704,0,46,3,1,0,"2,1",0.7,0.3,0.0,110.57142857142857,0.0,39.142857142857146,0.8333333333333334,0.16666666666666666,0.0,116.8,0.0,9.2,2,0,0,0,0,0,0,0,7,3,0,0,5,1,0,0,0,0,0,0,3.0,7,109.57142857142857,7,1.0,7,110.57142857142857,7,23.0,3,7,9.2,5
1406,1407,10,4,6,0,0,0,7,3,7,0,0,7,5,12,0.255863539445629,0.9561752988047808,0.03488372093023256,1720.0,688,344.0,137600,20640,470925.000,206381.4142327200000000000000,263402.1951981200000000000000,469783.6094308400000000000000,142750.5905691600000000000000,333325.000,1083459.20,753,0.267590618336887,0,46,3,1,0,"2,1",0.7,0.3,0.0,110.57142857142857,0.0,39.142857142857146,0.8333333333333334,0.16666666666666666,0.0,116.8,0.0,9.2,2,0,0,0,0,0,0,0,7,3,0,0,5,1,0,0,0,0,0,0,3.0,7,109.57142857142857,7,1.0,7,110.57142857142857,7,23.0,3,7,9.2,5
1407,1408,10,4,6,0,0,0,7,3,7,0,0,7,5,12,0.2556818181818182,0.9561752988047808,0.03488372093023256,1720.0,688,344.0,137600,20640,470925.000,206381.4142327200000000000000,263402.1951981200000000000000,469783.6094308400000000000000,142750.5905691600000000000000,333325.000,1083459.20,753,0.2674005681818182,0,46,3,1,0,"1,2",0.7,0.3,0.0,110.57142857142857,0.0,39.142857142857146,0.8333333333333334,0.16666666666666666,0.0,116.8,0.0,9.2,2,0,0,0,0,0,0,0,7,3,0,0,5,1,0,0,0,0,0,0,3.0,7,109.57142857142857,7,1.0,7,110.57142857142857,7,23.0,3,7,9.2,5
1408,1409,10,4,6,0,0,0,7,3,7,0,0,7,5,12,0.25550035486160394,0.9561752988047808,0.03488372093023256,1720.0,688,344.0,137600,20640,470925.000,206381.4142327200000000000000,263402.1951981200000000000000,469783.6094308400000000000000,142750.5905691600000000000000,333325.000,1083459.20,753,0.2672107877927608,0,46,3,1,0,"1,2",0.7,0.3,0.0,110.57142857142857,0.0,39.142857142857146,0.8333333333333334,0.16666666666666666,0.0,116.8,0.0,9.2,2,0,0,0,0,0,0,0,7,3,0,0,5,1,0,0,0,0,0,0,3.0,7,109.57142857142857,7,1.0,7,110.57142857142857,7,23.0,3,7,9.2,5
1409,1410,10,4,6,0,0,0,7,3,7,0,0,7,5,12,0.2553191489361702,0.9561752988047808,0.03488372093023256,1720.0,688,344.0,137600,20640,470925.000,206381.4142327200000000000000,263402.1951981200000000000000,469783.6094308400000000000000,142750.5905691600000000000000,333325.000,1083459.20,753,0.2670212765957447,0,46,3,1,0,"2,1",0.7,0.3,0.0,110.57142857142857,0.0,39.142857142857146,0.8333333333333334,0.16666666666666666,0.0,116.8,0.0,9.2,2,0,0,0,0,0,0,0,7,3,0,0,5,1,0,0,0,0,0,0,3.0,7,109.57142857142857,7,1.0,7,110.57142857142857,7,23.0,3,7,9.2,5
1410,1411,10,4,6,0,0,0,7,3,7,0,0,7,5,12,0.2551381998582566,0.9561752988047808,0.03488372093023256,1720.0,688,344.0,137600,20640,470925.000,206381.4142327200000000000000,263402.1951981200000000000000,469783.6094308400000000000000,142750.5905691600000000000000,333325.000,1083459.20,753,0.26683203401842664,0,46,3,1,0,"2,1",0.7,0.3,0.0,110.57142857142857,0.0,39.142857142857146,0.8333333333333334,0.16666666666666666,0.0,116.8,0.0,9.2,2,0,0,0,0,0,0,0,7,3,0,0,5,1,0,0,0,0,0,0,3.0,7,109.57142857142857,7,1.0,7,110.57142857142857,7,23.0,3,7,9.2,5
1411,1412,10,4,6,0,0,0,7,3,7,0,0,7,5,12,0.254957507082153,0.9561752988047808,0.03488372093023256,1720.0,688,344.0,137600,20640,470925.000,206381.4142327200000000000000,263402.1951981200000000000000,469783.6094308400000000000000,142750.5905691600000000000000,333325.000,1083459.20,753,0.266643059490085,0,46,3,1,0,"2,1",0.7,0.3,0.0,110.57142857142857,0.0,39.142857142857146,0.8333333333333334,0.16666666666666666,0.0,116.8,0.0,9.2,2,0,0,0,0,0,0,0,7,3,0,0,5,1,0,0,0,0,0,0,3.0,7,109.57142857142857,7,1.0,7,110.57142857142857,7,23.0,3,7,9.2,5
1412,1413,10,4,6,0,0,0,7,3,7,0,0,7,5,12,0.25477707006369427,0.9561752988047808,0.03488372093023256,1720.0,688,344.0,137600,20640,470925.000,206381.4142327200000000000000,263402.1951981200000000000000,469783.6094308400000000000000,142750.5905691600000000000000,333325.000,1083459.20,753,0.2664543524416136,0,46,3,1,0,"2,1",0.7,0.3,0.0,110.57142857142857,0.0,39.142857142857146,0.8333333333333334,0.16666666666666666,0.0,116.8,0.0,9.2,2,0,0,0,0,0,0,0,7,3,0,0,5,1,0,0,0,0,0,0,3.0,7,109.57142857142857,7,1.0,7,110.57142857142857,7,23.0,3,7,9.2,5
1413,1414,10,4,6,0,0,0,7,3,7,0,0,7,5,12,0.2545968882602546,0.9561752988047808,0.03488372093023256,1720.0,688,344.0,137600,20640,470925.000,206381.4142327200000000000000,263402.1951981200000000000000,469783.6094308400000000000000,142750.5905691600000000000000,333325.000,1083459.20,753,0.2662659123055163,0,46,3,1,0,"2,1",0.7,0.3,0.0,110.57142857142857,0.0,39.142857142857146,0.8333333333333334,0.16666666666666666,0.0,116.8,0.0,9.2,2,0,0,0,0,0,0,0,7,3,0,0,5,1,0,0,0,0,0,0,3.0,7,109.57142857142857,7,1.0,7,110.57142857142857,7,23.0,3,7,9.2,5
1414,1415,10,4,6,0,0,0,7,3,7,0,0,7,5,12,0.2544169611307421,0.9561752988047808,0.03488372093023256,1720.0,688,344.0,137600,20640,470925.000,206381.4142327200000000000000,263402.1951981200000000000000,469783.6094308400000000000000,142750.5905691600000000000000,333325.000,1083459.20,753,0.26607773851590105,0,46,3,1,0,"2,1",0.7,0.3,0.0,110.57142857142857,0.0,39.142857142857146,0.8333333333333334,0.16666666666666666,0.0,116.8,0.0,9.2,2,0,0,0,0,0,0,0,7,3,0,0,5,1,0,0,0,0,0,0,3.0,7,109.57142857142857,7,1.0,7,110.57142857142857,7,23.0,3,7,9.2,5
1415,1416,10,4,6,0,0,0,7,3,7,0,0,7,5,12,0.2542372881355932,0.9561752988047808,0.03488372093023256,1720.0,688,344.0,137600,20640,470925.000,206381.4142327200000000000000,263402.1951981200000000000000,469783.6094308400000000000000,142750.5905691600000000000000,333325.000,1083459.20,753,0.2658898305084746,0,46,3,1,0,"1,2",0.7,0.3,0.0,110.57142857142857,0.0,39.142857142857146,0.8333333333333334,0.16666666666666666,0.0,116.8,0.0,9.2,2,0,0,0,0,0,0,0,7,3,0,0,5,1,0,0,0,0,0,0,3.0,7,109.57142857142857,7,1.0,7,110.57142857142857,7,23.0,3,7,9.2,5
1416,1417,10,4,6,0,0,0,7,3,7,0,0,7,5,12,0.25405786873676783,0.9561752988047808,0.03488372093023256,1720.0,688,344.0,137600,20640,470925.000,206381.4142327200000000000000,263402.1951981200000000000000,469783.6094308400000000000000,142750.5905691600000000000000,333325.000,1083459.20,753,0.26570218772053633,0,46,3,1,0,"2,1",0.7,0.3,0.0,110.57142857142857,0.0,39.142857142857146,0.8333333333333334,0.16666666666666666,0.0,116.8,0.0,9.2,2,0,0,0,0,0,0,0,7,3,0,0,5,1,0,0,0,0,0,0,3.0,7,109.57142857142857,7,1.0,7,110.57142857142857,7,23.0,3,7,9.2,5
1417,1418,10,4,6,0,0,0,7,3,7,0,0,7,5,12,0.2538787023977433,0.9561752988047808,0.03488372093023256,1720.0,688,344.0,137600,20640,470925.000,206381.4142327200000000000000,263402.1951981200000000000000,469783.6094308400000000000000,142750.5905691600000000000000,333325.000,1083459.20,753,0.2655148095909732,0,46,3,1,0,"1,2",0.7,0.3,0.0,110.57142857142857,0.0,39.142857142857146,0.8333333333333334,0.16666666666666666,0.0,116.8,0.0,9.2,2,0,0,0,0,0,0,0,7,3,0,0,5,1,0,0,0,0,0,0,3.0,7,109.57142857142857,7,1.0,7,110.57142857142857,7,23.0,3,7,9.2,5
1418,1419,10,4,6,0,0,0,7,3,7,0,0,7,5,12,0.25369978858350956,0.9561752988047808,0.03488372093023256,1720.0,688,344.0,137600,20640,470925.000,206381.4142327200000000000000,263402.1951981200000000000000,469783.6094308400000000000000,142750.5905691600000000000000,333325.000,1083459.20,753,0.2653276955602537,0,46,3,1,0,"1,2",0.7,0.3,0.0,110.57142857142857,0.0,39.142857142857146,0.8333333333333334,0.16666666666666666,0.0,116.8,0.0,9.2,2,0,0,0,0,0,0,0,7,3,0,0,5,1,0,0,0,0,0,0,3.0,7,109.57142857142857,7,1.0,7,110.57142857142857,7,23.0,3,7,9.2,5
1419,1420,10,4,6,0,0,0,7,3,7,0,0,7,5,12,0.2535211267605634,0.9561752988047808,0.03488372093023256,1720.0,688,344.0,137600,20640,470925.000,206381.4142327200000000000000,263402.1951981200000000000000,469783.6094308400000000000000,142750.5905691600000000000000,333325.000,1083459.20,753,0.2651408450704225,0,46,3,1,0,"2,1",0.7,0.3,0.0,110.57142857142857,0.0,39.142857142857146,0.8333333333333334,0.16666666666666666,0.0,116.8,0.0,9.2,2,0,0,0,0,0,0,0,7,3,0,0,5,1,0,0,0,0,0,0,3.0,7,109.57142857142857,7,1.0,7,110.57142857142857,7,23.0,3,7,9.2,5
1420,1421,10,4,6,0,0,0,7,3,7,0,0,7,5,12,0.2533427163969036,0.9561752988047808,0.03488372093023256,1720.0,688,344.0,137600,20640,470925.000,206381.4142327200000000000000,263402.1951981200000000000000,469783.6094308400000000000000,142750.5905691600000000000000,333325.000,1083459.20,753,0.264954257565095,0,46,3,1,0,"2,1",0.7,0.3,0.0,110.57142857142857,0.0,39.142857142857146,0.8333333333333334,0.16666666666666666,0.0,116.8,0.0,9.2,2,0,0,0,0,0,0,0,7,3,0,0,5,1,0,0,0,0,0,0,3.0,7,109.57142857142857,7,1.0,7,110.57142857142857,7,23.0,3,7,9.2,5
1421,1422,10,4,6,0,0,0,7,3,7,0,0,7,5,12,0.25316455696202533,0.9561752988047808,0.03488372093023256,1720.0,688,344.0,137600,20640,470925.000,206381.4142327200000000000000,263402.1951981200000000000000,469783.6094308400000000000000,142750.5905691600000000000000,333325.000,1083459.20,753,0.26476793248945146,0,46,3,1,0,"2,1",0.7,0.3,0.0,110.57142857142857,0.0,39.142857142857146,0.8333333333333334,0.16666666666666666,0.0,116.8,0.0,9.2,2,0,0,0,0,0,0,0,7,3,0,0,5,1,0,0,0,0,0,0,3.0,7,109.57142857142857,7,1.0,7,110.57142857142857,7,23.0,3,7,9.2,5
1422,1423,10,4,6,0,0,0,7,3,7,0,0,7,5,12,0.252986647926915,0.9561752988047808,0.03488372093023256,1720.0,688,344.0,137600,20640,470925.000,206381.4142327200000000000000,263402.1951981200000000000000,469783.6094308400000000000000,142750.5905691600000000000000,333325.000,1083459.20,753,0.2645818692902319,0,46,3,1,0,"2,1",0.7,0.3,0.0,110.57142857142857,0.0,39.142857142857146,0.8333333333333334,0.16666666666666666,0.0,116.8,0.0,9.2,2,0,0,0,0,0,0,0,7,3,0,0,5,1,0,0,0,0,0,0,3.0,7,109.57142857142857,7,1.0,7,110.57142857142857,7,23.0,3,7,9.2,5
1423,1424,10,4,6,0,0,0,7,3,7,0,0,7,5,12,0.25280898876404495,0.9561752988047808,0.03488372093023256,1720.0,688,344.0,137600,20640,470925.000,206381.4142327200000000000000,263402.1951981200000000000000,469783.6094308400000000000000,142750.5905691600000000000000,333325.000,1083459.20,753,0.26439606741573035,0,46,3,1,0,"2,1",0.7,0.3,0.0,110.57142857142857,0.0,39.142857142857146,0.8333333333333334,0.16666666666666666,0.0,116.8,0.0,9.2,2,0,0,0,0,0,0,0,7,3,0,0,5,1,0,0,0,0,0,0,3.0,7,109.57142857142857,7,1.0,7,110.57142857142857,7,23.0,3,7,9.2,5
1424,1425,10,4,6,0,0,0,7,3,7,0,0,7,5,12,0.25263157894736843,0.9561752988047808,0.03488372093023256,1720.0,688,344.0,137600,20640,470925.000,206381.4142327200000000000000,263402.1951981200000000000000,469783.6094308400000000000000,142750.5905691600000000000000,333325.000,1083459.20,753,0.26421052631578945,0,46,3,1,0,"1,2",0.7,0.3,0.0,110.57142857142857,0.0,39.142857142857146,0.8333333333333334,0.16666666666666666,0.0,116.8,0.0,9.2,2,0,0,0,0,0,0,0,7,3,0,0,5,1,0,0,0,0,0,0,3.0,7,109.57142857142857,7,1.0,7,110.57142857142857,7,23.0,3,7,9.2,5
1425,1426,10,4,6,0,0,0,7,3,7,0,0,7,5,12,0.25245441795231416,0.9561752988047808,0.03488372093023256,1720.0,688,344.0,137600,20640,470925.000,206381.4142327200000000000000,263402.1951981200000000000000,469783.6094308400000000000000,142750.5905691600000000000000,333325.000,1083459.20,753,0.26402524544179523,0,46,3,1,0,"2,1",0.7,0.3,0.0,110.57142857142857,0.0,39.142857142857146,0.8333333333333334,0.16666666666666666,0.0,116.8,0.0,9.2,2,0,0,0,0,0,0,0,7,3,0,0,5,1,0,0,0,0,0,0,3.0,7,109.57142857142857,7,1.0,7,110.57142857142857,7,23.0,3,7,9.2,5
1426,1427,10,4,6,0,0,0,7,3,7,0,0,7,5,12,0.25227750525578135,0.9561752988047808,0.03488372093023256,1720.0,688,344.0,137600,20640,470925.000,206381.4142327200000000000000,263402.1951981200000000000000,469783.6094308400000000000000,142750.5905691600000000000000,333325.000,1083459.20,753,0.26384022424667136,0,46,3,1,0,"1,2",0.7,0.3,0.0,110.57142857142857,0.0,39.142857142857146,0.8333333333333334,0.16666666666666666,0.0,116.8,0.0,9.2,2,0,0,0,0,0,0,0,7,3,0,0,5,1,0,0,0,0,0,0,3.0,7,109.57142857142857,7,1.0,7,110.57142857142857,7,23.0,3,7,9.2,5
1427,1428,10,4,6,0,0,0,7,3,7,0,0,7,5,12,0.25210084033613445,0.9561752988047808,0.03488372093023256,1720.0,688,344.0,137600,20640,470925.000,206381.4142327200000000000000,263402.1951981200000000000000,469783.6094308400000000000000,142750.5905691600000000000000,333325.000,1083459.20,753,0.26365546218487396,0,46,3,1,0,"2,1",0.7,0.3,0.0,110.57142857142857,0.0,39.142857142857146,0.8333333333333334,0.16666666666666666,0.0,116.8,0.0,9.2,2,0,0,0,0,0,0,0,7,3,0,0,5,1,0,0,0,0,0,0,3.0,7,109.57142857142857,7,1.0,7,110.57142857142857,7,23.0,3,7,9.2,5
1428,1429,10,4,6,0,0,0,7,3,7,0,0,7,5,12,0.25192442267319803,0.9561752988047808,0.03488372093023256,1720.0,688,344.0,137600,20640,470925.000,206381.4142327200000000000000,263402.1951981200000000000000,469783.6094308400000000000000,142750.5905691600000000000000,333325.000,1083459.20,753,0.2634709587123863,0,46,3,1,0,"1,2",0.7,0.3,0.0,110.57142857142857,0.0,39.142857142857146,0.8333333333333334,0.16666666666666666,0.0,116.8,0.0,9.2,2,0,0,0,0,0,0,0,7,3,0,0,5,1,0,0,0,0,0,0,3.0,7,109.57142857142857,7,1.0,7,110.57142857142857,7,23.0,3,7,9.2,5
1429,1430,10,4,6,0,0,0,7,3,7,0,0,7,5,12,0.2517482517482518,0.9561752988047808,0.03488372093023256,1720.0,688,344.0,137600,20640,470925.000,206381.4142327200000000000000,263402.1951981200000000000000,469783.6094308400000000000000,142750.5905691600000000000000,333325.000,1083459.20,753,0.26328671328671327,0,46,3,1,0,"1,2",0.7,0.3,0.0,110.57142857142857,0.0,39.142857142857146,0.8333333333333334,0.16666666666666666,0.0,116.8,0.0,9.2,2,0,0,0,0,0,0,0,7,3,0,0,5,1,0,0,0,0,0,0,3.0,7,109.57142857142857,7,1.0,7,110.57142857142857,7,23.0,3,7,9.2,5
1430,1431,10,4,6,0,0,0,7,3,7,0,0,7,5,12,0.25157232704402516,0.9561752988047808,0.03488372093023256,1720.0,688,344.0,137600,20640,470925.000,206381.4142327200000000000000,263402.1951981200000000000000,469783.6094308400000000000000,142750.5905691600000000000000,333325.000,1083459.20,753,0.2631027253668763,0,46,3,1,0,"1,2",0.7,0.3,0.0,110.57142857142857,0.0,39.142857142857146,0.8333333333333334,0.16666666666666666,0.0,116.8,0.0,9.2,2,0,0,0,0,0,0,0,7,3,0,0,5,1,0,0,0,0,0,0,3.0,7,109.57142857142857,7,1.0,7,110.57142857142857,7,23.0,3,7,9.2,5
1431,1432,10,4,6,0,0,0,7,3,7,0,0,7,5,12,0.25139664804469275,0.9561752988047808,0.03488372093023256,1720.0,688,344.0,137600,20640,470925.000,206381.4142327200000000000000,263402.1951981200000000000000,469783.6094308400000000000000,142750.5905691600000000000000,333325.000,1083459.20,753,0.2629189944134078,0,46,3,1,0,"1,2",0.7,0.3,0.0,110.57142857142857,0.0,39.142857142857146,0.8333333333333334,0.16666666666666666,0.0,116.8,0.0,9.2,2,0,0,0,0,0,0,0,7,3,0,0,5,1,0,0,0,0,0,0,3.0,7,109.57142857142857,7,1.0,7,110.57142857142857,7,23.0,3,7,9.2,5
1432,1433,10,4,6,0,0,0,7,3,7,0,0,7,5,12,0.2512212142358688,0.9561752988047808,0.03488372093023256,1720.0,688,344.0,137600,20640,470925.000,206381.4142327200000000000000,263402.1951981200000000000000,469783.6094308400000000000000,142750.5905691600000000000000,333325.000,1083459.20,753,0.26273551988834615,0,46,3,1,0,"2,1",0.7,0.3,0.0,110.57142857142857,0.0,39.142857142857146,0.8333333333333334,0.16666666666666666,0.0,116.8,0.0,9.2,2,0,0,0,0,0,0,0,7,3,0,0,5,1,0,0,0,0,0,0,3.0,7,109.57142857142857,7,1.0,7,110.57142857142857,7,23.0,3,7,9.2,5
1433,1434,10,4,6,0,0,0,7,3,7,0,0,7,5,12,0.2510460251046025,0.9561752988047808,0.03488372093023256,1720.0,688,344.0,137600,20640,470925.000,206381.4142327200000000000000,263402.1951981200000000000000,469783.6094308400000000000000,142750.5905691600000000000000,333325.000,1083459.20,753,0.2625523012552301,0,46,3,1,0,"1,2",0.7,0.3,0.0,110.57142857142857,0.0,39.142857142857146,0.8333333333333334,0.16666666666666666,0.0,116.8,0.0,9.2,2,0,0,0,0,0,0,0,7,3,0,0,5,1,0,0,0,0,0,0,3.0,7,109.57142857142857,7,1.0,7,110.57142857142857,7,23.0,3,7,9.2,5
1434,1435,10,4,6,0,0,0,7,3,7,0,0,7,5,12,0.2508710801393728,0.9561752988047808,0.03488372093023256,1720.0,688,344.0,137600,20640,470925.000,206381.4142327200000000000000,263402.1951981200000000000000,469783.6094308400000000000000,142750.5905691600000000000000,333325.000,1083459.20,753,0.26236933797909406,0,46,3,1,0,"2,1",0.7,0.3,0.0,110.57142857142857,0.0,39.142857142857146,0.8333333333333334,0.16666666666666666,0.0,116.8,0.0,9.2,2,0,0,0,0,0,0,0,7,3,0,0,5,1,0,0,0,0,0,0,3.0,7,109.57142857142857,7,1.0,7,110.57142857142857,7,23.0,3,7,9.2,5
1435,1436,10,4,6,0,0,0,7,3,7,0,0,7,5,12,0.25069637883008355,0.9561752988047808,0.03488372093023256,1720.0,688,344.0,137600,20640,470925.000,206381.4142327200000000000000,263402.1951981200000000000000,469783.6094308400000000000000,142750.5905691600000000000000,333325.000,1083459.20,753,0.2621866295264624,0,46,3,1,0,"1,2",0.7,0.3,0.0,110.57142857142857,0.0,39.142857142857146,0.8333333333333334,0.16666666666666666,0.0,116.8,0.0,9.2,2,0,0,0,0,0,0,0,7,3,0,0,5,1,0,0,0,0,0,0,3.0,7,109.57142857142857,7,1.0,7,110.57142857142857,7,23.0,3,7,9.2,5
1436,1437,10,4,6,0,0,0,7,3,7,0,0,7,5,12,0.25052192066805845,0.9561752988047808,0.03488372093023256,1720.0,688,344.0,137600,20640,470925.000,206381.4142327200000000000000,263402.1951981200000000000000,469783.6094308400000000000000,142750.5905691600000000000000,333325.000,1083459.20,753,0.2620041753653445,0,46,3,1,0,"1,2",0.7,0.3,0.0,110.57142857142857,0.0,39.142857142857146,0.8333333333333334,0.16666666666666666,0.0,116.8,0.0,9.2,2,0,0,0,0,0,0,0,7,3,0,0,5,1,0,0,0,0,0,0,3.0,7,109.57142857142857,7,1.0,7,110.57142857142857,7,23.0,3,7,9.2,5
1437,1438,10,4,6,0,0,0,7,3,7,0,0,7,5,12,0.25034770514603616,0.9561752988047808,0.03488372093023256,1720.0,688,344.0,137600,20640,470925.000,206381.4142327200000000000000,263402.1951981200000000000000,469783.6094308400000000000000,142750.5905691600000000000000,333325.000,1083459.20,753,0.26182197496522946,0,46,3,1,0,"2,1",0.7,0.3,0.0,110.57142857142857,0.0,39.142857142857146,0.8333333333333334,0.16666666666666666,0.0,116.8,0.0,9.2,2,0,0,0,0,0,0,0,7,3,0,0,5,1,0,0,0,0,0,0,3.0,7,109.57142857142857,7,1.0,7,110.57142857142857,7,23.0,3,7,9.2,5
1438,1439,10,4,6,0,0,0,7,3,7,0,0,7,5,12,0.2501737317581654,0.9561752988047808,0.03488372093023256,1720.0,688,344.0,137600,20640,470925.000,206381.4142327200000000000000,263402.1951981200000000000000,469783.6094308400000000000000,142750.5905691600000000000000,333325.000,1083459.20,753,0.2616400277970813,0,46,3,1,0,"2,1",0.7,0.3,0.0,110.57142857142857,0.0,39.142857142857146,0.8333333333333334,0.16666666666666666,0.0,116.8,0.0,9.2,2,0,0,0,0,0,0,0,7,3,0,0,5,1,0,0,0,0,0,0,3.0,7,109.57142857142857,7,1.0,7,110.57142857142857,7,23.0,3,7,9.2,5
1439,1440,10,4,6,0,0,0,7,3,7,0,0,7,5,12,0.25,0.9561752988047808,0.03488372093023256,1720.0,688,344.0,137600,20640,470925.000,206381.4142327200000000000000,263402.1951981200000000000000,469783.6094308400000000000000,142750.5905691600000000000000,333325.000,1083459.20,753,0.26145833333333335,0,46,3,1,0,"1,2",0.7,0.3,0.0,110.57142857142857,0.0,39.142857142857146,0.8333333333333334,0.16666666666666666,0.0,116.8,0.0,9.2,2,0,0,0,0,0,0,0,7,3,0,0,5,1,0,0,0,0,0,0,3.0,7,109.57142857142857,7,1.0,7,110.57142857142857,7,23.0,3,7,9.2,5
