tick,elapsed_ticks,generated_orders,food_only_orders,integrated_orders,available_orders,assigned_orders,delivered_orders,completed_orders,cancelled_orders,delivered_cumulative,active_orders,active_customers,completed_food_service_units,completed_grocery_service_units,completed_service_units,service_units_per_driver_hour,service_units_per_busy_driver_hour,service_units_per_km,emission_intensity_per_service_unit,movement_count,travel_distance_km,driver_operating_cost,emission_units,driver_revenue,restaurant_revenue,store_revenue,merchant_revenue,platform_revenue,driver_profit,settled_customer_payment,driver_busy_ticks,driver_utilization,food_pickup_wait_ticks_so_far,grocery_pickup_wait_ticks_so_far,food_disposal_events,grocery_return_events,preparation_stopped_events,driver_activation_order,food_completion_rate,food_cancellation_rate,food_unfinished_rate,mean_food_completion_ticks,mean_food_pickup_wait_ticks,mean_food_post_pickup_delivery_ticks,integrated_completion_rate,integrated_cancellation_rate,integrated_unfinished_rate,mean_integrated_completion_ticks,mean_integrated_food_pickup_wait_ticks,mean_integrated_grocery_pickup_wait_ticks,drivers_idle,drivers_grocery_travel,drivers_grocery_pickup,drivers_food_travel,drivers_food_pickup,drivers_deliver,food_preparing_components,food_ready_components,food_handed_over_components,food_cancelled_components,grocery_preparing_components,grocery_ready_components,grocery_handed_over_components,grocery_cancelled_components,active_restaurants,restaurant_preparing_cancelled_units,restaurant_preparing_cancelled_product_value,active_stores,store_preparing_cancelled_units,store_preparing_cancelled_product_value,mean_assignment_wait_ticks,observed_assignment_wait_ticks_count,mean_delivery_service_ticks,observed_delivery_service_ticks_count,mean_acknowledgement_delay_ticks,observed_acknowledgement_delay_ticks_count,mean_completion_total_ticks,observed_completion_total_ticks_count,mean_cancellation_wait_ticks,observed_cancellation_wait_ticks_count,observed_food_pickup_wait_ticks_count,mean_grocery_pickup_wait_ticks,observed_grocery_pickup_wait_ticks_count
0,1,0,0,0,0,0,0,0,0,0,0,0,0,0,0,0.0,,,,0,0.0,0,0,0,0,0,0,0,0,0,0,0.0,0,0,0,0,0,"1,2",,,,,,,,,,,,,2,0,0,0,0,0,0,0,0,0,0,0,0,0,0,0,0,0,0,0,,0,,0,,0,,0,,0,0,,0
1,2,0,0,0,0,0,0,0,0,0,0,0,0,0,0,0.0,,,,0,0.0,0,0,0,0,0,0,0,0,0,0,0.0,0,0,0,0,0,"2,1",,,,,,,,,,,,,2,0,0,0,0,0,0,0,0,0,0,0,0,0,0,0,0,0,0,0,,0,,0,,0,,0,,0,0,,0
2,3,0,0,0,0,0,0,0,0,0,0,0,0,0,0,0.0,,,,0,0.0,0,0,0,0,0,0,0,0,0,0,0.0,0,0,0,0,0,"2,1",,,,,,,,,,,,,2,0,0,0,0,0,0,0,0,0,0,0,0,0,0,0,0,0,0,0,,0,,0,,0,,0,,0,0,,0
3,4,0,0,0,0,0,0,0,0,0,0,0,0,0,0,0.0,,,,0,0.0,0,0,0,0,0,0,0,0,0,0,0.0,0,0,0,0,0,"2,1",,,,,,,,,,,,,2,0,0,0,0,0,0,0,0,0,0,0,0,0,0,0,0,0,0,0,,0,,0,,0,,0,,0,0,,0
4,5,0,0,0,0,0,0,0,0,0,0,0,0,0,0,0.0,,,,0,0.0,0,0,0,0,0,0,0,0,0,0,0.0,0,0,0,0,0,"1,2",,,,,,,,,,,,,2,0,0,0,0,0,0,0,0,0,0,0,0,0,0,0,0,0,0,0,,0,,0,,0,,0,,0,0,,0
5,6,0,0,0,0,0,0,0,0,0,0,0,0,0,0,0.0,,,,0,0.0,0,0,0,0,0,0,0,0,0,0,0.0,0,0,0,0,0,"2,1",,,,,,,,,,,,,2,0,0,0,0,0,0,0,0,0,0,0,0,0,0,0,0,0,0,0,,0,,0,,0,,0,,0,0,,0
6,7,0,0,0,0,0,0,0,0,0,0,0,0,0,0,0.0,,,,0,0.0,0,0,0,0,0,0,0,0,0,0,0.0,0,0,0,0,0,"2,1",,,,,,,,,,,,,2,0,0,0,0,0,0,0,0,0,0,0,0,0,0,0,0,0,0,0,,0,,0,,0,,0,,0,0,,0
7,8,0,0,0,0,0,0,0,0,0,0,0,0,0,0,0.0,,,,0,0.0,0,0,0,0,0,0,0,0,0,0,0.0,0,0,0,0,0,"2,1",,,,,,,,,,,,,2,0,0,0,0,0,0,0,0,0,0,0,0,0,0,0,0,0,0,0,,0,,0,,0,,0,,0,0,,0
8,9,0,0,0,0,0,0,0,0,0,0,0,0,0,0,0.0,,,,0,0.0,0,0,0,0,0,0,0,0,0,0,0.0,0,0,0,0,0,"2,1",,,,,,,,,,,,,2,0,0,0,0,0,0,0,0,0,0,0,0,0,0,0,0,0,0,0,,0,,0,,0,,0,,0,0,,0
9,10,0,0,0,0,0,0,0,0,0,0,0,0,0,0,0.0,,,,0,0.0,0,0,0,0,0,0,0,0,0,0,0.0,0,0,0,0,0,"2,1",,,,,,,,,,,,,2,0,0,0,0,0,0,0,0,0,0,0,0,0,0,0,0,0,0,0,,0,,0,,0,,0,,0,0,,0
10,11,0,0,0,0,0,0,0,0,0,0,0,0,0,0,0.0,,,,0,0.0,0,0,0,0,0,0,0,0,0,0,0.0,0,0,0,0,0,"2,1",,,,,,,,,,,,,2,0,0,0,0,0,0,0,0,0,0,0,0,0,0,0,0,0,0,0,,0,,0,,0,,0,,0,0,,0
11,12,0,0,0,0,0,0,0,0,0,0,0,0,0,0,0.0,,,,0,0.0,0,0,0,0,0,0,0,0,0,0,0.0,0,0,0,0,0,"2,1",,,,,,,,,,,,,2,0,0,0,0,0,0,0,0,0,0,0,0,0,0,0,0,0,0,0,,0,,0,,0,,0,,0,0,,0
12,13,0,0,0,0,0,0,0,0,0,0,0,0,0,0,0.0,,,,0,0.0,0,0,0,0,0,0,0,0,0,0,0.0,0,0,0,0,0,"1,2",,,,,,,,,,,,,2,0,0,0,0,0,0,0,0,0,0,0,0,0,0,0,0,0,0,0,,0,,0,,0,,0,,0,0,,0
13,14,0,0,0,0,0,0,0,0,0,0,0,0,0,0,0.0,,,,0,0.0,0,0,0,0,0,0,0,0,0,0,0.0,0,0,0,0,0,"1,2",,,,,,,,,,,,,2,0,0,0,0,0,0,0,0,0,0,0,0,0,0,0,0,0,0,0,,0,,0,,0,,0,,0,0,,0
14,15,0,0,0,0,0,0,0,0,0,0,0,0,0,0,0.0,,,,0,0.0,0,0,0,0,0,0,0,0,0,0,0.0,0,0,0,0,0,"1,2",,,,,,,,,,,,,2,0,0,0,0,0,0,0,0,0,0,0,0,0,0,0,0,0,0,0,,0,,0,,0,,0,,0,0,,0
15,16,0,0,0,0,0,0,0,0,0,0,0,0,0,0,0.0,,,,0,0.0,0,0,0,0,0,0,0,0,0,0,0.0,0,0,0,0,0,"1,2",,,,,,,,,,,,,2,0,0,0,0,0,0,0,0,0,0,0,0,0,0,0,0,0,0,0,,0,,0,,0,,0,,0,0,,0
16,17,0,0,0,0,0,0,0,0,0,0,0,0,0,0,0.0,,,,0,0.0,0,0,0,0,0,0,0,0,0,0,0.0,0,0,0,0,0,"2,1",,,,,,,,,,,,,2,0,0,0,0,0,0,0,0,0,0,0,0,0,0,0,0,0,0,0,,0,,0,,0,,0,,0,0,,0
17,18,0,0,0,0,0,0,0,0,0,0,0,0,0,0,0.0,,,,0,0.0,0,0,0,0,0,0,0,0,0,0,0.0,0,0,0,0,0,"1,2",,,,,,,,,,,,,2,0,0,0,0,0,0,0,0,0,0,0,0,0,0,0,0,0,0,0,,0,,0,,0,,0,,0,0,,0
18,19,0,0,0,0,0,0,0,0,0,0,0,0,0,0,0.0,,,,0,0.0,0,0,0,0,0,0,0,0,0,0,0.0,0,0,0,0,0,"1,2",,,,,,,,,,,,,2,0,0,0,0,0,0,0,0,0,0,0,0,0,0,0,0,0,0,0,,0,,0,,0,,0,,0,0,,0
19,20,0,0,0,0,0,0,0,0,0,0,0,0,0,0,0.0,,,,0,0.0,0,0,0,0,0,0,0,0,0,0,0.0,0,0,0,0,0,"1,2",,,,,,,,,,,,,2,0,0,0,0,0,0,0,0,0,0,0,0,0,0,0,0,0,0,0,,0,,0,,0,,0,,0,0,,0
20,21,0,0,0,0,0,0,0,0,0,0,0,0,0,0,0.0,,,,0,0.0,0,0,0,0,0,0,0,0,0,0,0.0,0,0,0,0,0,"2,1",,,,,,,,,,,,,2,0,0,0,0,0,0,0,0,0,0,0,0,0,0,0,0,0,0,0,,0,,0,,0,,0,,0,0,,0
21,22,0,0,0,0,0,0,0,0,0,0,0,0,0,0,0.0,,,,0,0.0,0,0,0,0,0,0,0,0,0,0,0.0,0,0,0,0,0,"1,2",,,,,,,,,,,,,2,0,0,0,0,0,0,0,0,0,0,0,0,0,0,0,0,0,0,0,,0,,0,,0,,0,,0,0,,0
22,23,0,0,0,0,0,0,0,0,0,0,0,0,0,0,0.0,,,,0,0.0,0,0,0,0,0,0,0,0,0,0,0.0,0,0,0,0,0,"1,2",,,,,,,,,,,,,2,0,0,0,0,0,0,0,0,0,0,0,0,0,0,0,0,0,0,0,,0,,0,,0,,0,,0,0,,0
23,24,0,0,0,0,0,0,0,0,0,0,0,0,0,0,0.0,,,,0,0.0,0,0,0,0,0,0,0,0,0,0,0.0,0,0,0,0,0,"2,1",,,,,,,,,,,,,2,0,0,0,0,0,0,0,0,0,0,0,0,0,0,0,0,0,0,0,,0,,0,,0,,0,,0,0,,0
24,25,0,0,0,0,0,0,0,0,0,0,0,0,0,0,0.0,,,,0,0.0,0,0,0,0,0,0,0,0,0,0,0.0,0,0,0,0,0,"1,2",,,,,,,,,,,,,2,0,0,0,0,0,0,0,0,0,0,0,0,0,0,0,0,0,0,0,,0,,0,,0,,0,,0,0,,0
25,26,0,0,0,0,0,0,0,0,0,0,0,0,0,0,0.0,,,,0,0.0,0,0,0,0,0,0,0,0,0,0,0.0,0,0,0,0,0,"2,1",,,,,,,,,,,,,2,0,0,0,0,0,0,0,0,0,0,0,0,0,0,0,0,0,0,0,,0,,0,,0,,0,,0,0,,0
26,27,0,0,0,0,0,0,0,0,0,0,0,0,0,0,0.0,,,,0,0.0,0,0,0,0,0,0,0,0,0,0,0.0,0,0,0,0,0,"1,2",,,,,,,,,,,,,2,0,0,0,0,0,0,0,0,0,0,0,0,0,0,0,0,0,0,0,,0,,0,,0,,0,,0,0,,0
27,28,0,0,0,0,0,0,0,0,0,0,0,0,0,0,0.0,,,,0,0.0,0,0,0,0,0,0,0,0,0,0,0.0,0,0,0,0,0,"2,1",,,,,,,,,,,,,2,0,0,0,0,0,0,0,0,0,0,0,0,0,0,0,0,0,0,0,,0,,0,,0,,0,,0,0,,0
28,29,0,0,0,0,0,0,0,0,0,0,0,0,0,0,0.0,,,,0,0.0,0,0,0,0,0,0,0,0,0,0,0.0,0,0,0,0,0,"2,1",,,,,,,,,,,,,2,0,0,0,0,0,0,0,0,0,0,0,0,0,0,0,0,0,0,0,,0,,0,,0,,0,,0,0,,0
29,30,0,0,0,0,0,0,0,0,0,0,0,0,0,0,0.0,,,,0,0.0,0,0,0,0,0,0,0,0,0,0,0.0,0,0,0,0,0,"2,1",,,,,,,,,,,,,2,0,0,0,0,0,0,0,0,0,0,0,0,0,0,0,0,0,0,0,,0,,0,,0,,0,,0,0,,0
30,31,0,0,0,0,0,0,0,0,0,0,0,0,0,0,0.0,,,,0,0.0,0,0,0,0,0,0,0,0,0,0,0.0,0,0,0,0,0,"1,2",,,,,,,,,,,,,2,0,0,0,0,0,0,0,0,0,0,0,0,0,0,0,0,0,0,0,,0,,0,,0,,0,,0,0,,0
31,32,0,0,0,0,0,0,0,0,0,0,0,0,0,0,0.0,,,,0,0.0,0,0,0,0,0,0,0,0,0,0,0.0,0,0,0,0,0,"2,1",,,,,,,,,,,,,2,0,0,0,0,0,0,0,0,0,0,0,0,0,0,0,0,0,0,0,,0,,0,,0,,0,,0,0,,0
32,33,0,0,0,0,0,0,0,0,0,0,0,0,0,0,0.0,,,,0,0.0,0,0,0,0,0,0,0,0,0,0,0.0,0,0,0,0,0,"2,1",,,,,,,,,,,,,2,0,0,0,0,0,0,0,0,0,0,0,0,0,0,0,0,0,0,0,,0,,0,,0,,0,,0,0,,0
33,34,0,0,0,0,0,0,0,0,0,0,0,0,0,0,0.0,,,,0,0.0,0,0,0,0,0,0,0,0,0,0,0.0,0,0,0,0,0,"2,1",,,,,,,,,,,,,2,0,0,0,0,0,0,0,0,0,0,0,0,0,0,0,0,0,0,0,,0,,0,,0,,0,,0,0,,0
34,35,0,0,0,0,0,0,0,0,0,0,0,0,0,0,0.0,,,,0,0.0,0,0,0,0,0,0,0,0,0,0,0.0,0,0,0,0,0,"2,1",,,,,,,,,,,,,2,0,0,0,0,0,0,0,0,0,0,0,0,0,0,0,0,0,0,0,,0,,0,,0,,0,,0,0,,0
35,36,0,0,0,0,0,0,0,0,0,0,0,0,0,0,0.0,,,,0,0.0,0,0,0,0,0,0,0,0,0,0,0.0,0,0,0,0,0,"1,2",,,,,,,,,,,,,2,0,0,0,0,0,0,0,0,0,0,0,0,0,0,0,0,0,0,0,,0,,0,,0,,0,,0,0,,0
36,37,0,0,0,0,0,0,0,0,0,0,0,0,0,0,0.0,,,,0,0.0,0,0,0,0,0,0,0,0,0,0,0.0,0,0,0,0,0,"1,2",,,,,,,,,,,,,2,0,0,0,0,0,0,0,0,0,0,0,0,0,0,0,0,0,0,0,,0,,0,,0,,0,,0,0,,0
37,38,0,0,0,0,0,0,0,0,0,0,0,0,0,0,0.0,,,,0,0.0,0,0,0,0,0,0,0,0,0,0,0.0,0,0,0,0,0,"1,2",,,,,,,,,,,,,2,0,0,0,0,0,0,0,0,0,0,0,0,0,0,0,0,0,0,0,,0,,0,,0,,0,,0,0,,0
38,39,0,0,0,0,0,0,0,0,0,0,0,0,0,0,0.0,,,,0,0.0,0,0,0,0,0,0,0,0,0,0,0.0,0,0,0,0,0,"1,2",,,,,,,,,,,,,2,0,0,0,0,0,0,0,0,0,0,0,0,0,0,0,0,0,0,0,,0,,0,,0,,0,,0,0,,0
39,40,0,0,0,0,0,0,0,0,0,0,0,0,0,0,0.0,,,,0,0.0,0,0,0,0,0,0,0,0,0,0,0.0,0,0,0,0,0,"2,1",,,,,,,,,,,,,2,0,0,0,0,0,0,0,0,0,0,0,0,0,0,0,0,0,0,0,,0,,0,,0,,0,,0,0,,0
40,41,0,0,0,0,0,0,0,0,0,0,0,0,0,0,0.0,,,,0,0.0,0,0,0,0,0,0,0,0,0,0,0.0,0,0,0,0,0,"1,2",,,,,,,,,,,,,2,0,0,0,0,0,0,0,0,0,0,0,0,0,0,0,0,0,0,0,,0,,0,,0,,0,,0,0,,0
41,42,0,0,0,0,0,0,0,0,0,0,0,0,0,0,0.0,,,,0,0.0,0,0,0,0,0,0,0,0,0,0,0.0,0,0,0,0,0,"2,1",,,,,,,,,,,,,2,0,0,0,0,0,0,0,0,0,0,0,0,0,0,0,0,0,0,0,,0,,0,,0,,0,,0,0,,0
42,43,0,0,0,0,0,0,0,0,0,0,0,0,0,0,0.0,,,,0,0.0,0,0,0,0,0,0,0,0,0,0,0.0,0,0,0,0,0,"1,2",,,,,,,,,,,,,2,0,0,0,0,0,0,0,0,0,0,0,0,0,0,0,0,0,0,0,,0,,0,,0,,0,,0,0,,0
43,44,0,0,0,0,0,0,0,0,0,0,0,0,0,0,0.0,,,,0,0.0,0,0,0,0,0,0,0,0,0,0,0.0,0,0,0,0,0,"2,1",,,,,,,,,,,,,2,0,0,0,0,0,0,0,0,0,0,0,0,0,0,0,0,0,0,0,,0,,0,,0,,0,,0,0,,0
44,45,0,0,0,0,0,0,0,0,0,0,0,0,0,0,0.0,,,,0,0.0,0,0,0,0,0,0,0,0,0,0,0.0,0,0,0,0,0,"1,2",,,,,,,,,,,,,2,0,0,0,0,0,0,0,0,0,0,0,0,0,0,0,0,0,0,0,,0,,0,,0,,0,,0,0,,0
45,46,0,0,0,0,0,0,0,0,0,0,0,0,0,0,0.0,,,,0,0.0,0,0,0,0,0,0,0,0,0,0,0.0,0,0,0,0,0,"2,1",,,,,,,,,,,,,2,0,0,0,0,0,0,0,0,0,0,0,0,0,0,0,0,0,0,0,,0,,0,,0,,0,,0,0,,0
46,47,0,0,0,0,0,0,0,0,0,0,0,0,0,0,0.0,,,,0,0.0,0,0,0,0,0,0,0,0,0,0,0.0,0,0,0,0,0,"2,1",,,,,,,,,,,,,2,0,0,0,0,0,0,0,0,0,0,0,0,0,0,0,0,0,0,0,,0,,0,,0,,0,,0,0,,0
47,48,0,0,0,0,0,0,0,0,0,0,0,0,0,0,0.0,,,,0,0.0,0,0,0,0,0,0,0,0,0,0,0.0,0,0,0,0,0,"1,2",,,,,,,,,,,,,2,0,0,0,0,0,0,0,0,0,0,0,0,0,0,0,0,0,0,0,,0,,0,,0,,0,,0,0,,0
48,49,0,0,0,0,0,0,0,0,0,0,0,0,0,0,0.0,,,,0,0.0,0,0,0,0,0,0,0,0,0,0,0.0,0,0,0,0,0,"2,1",,,,,,,,,,,,,2,0,0,0,0,0,0,0,0,0,0,0,0,0,0,0,0,0,0,0,,0,,0,,0,,0,,0,0,,0
49,50,0,0,0,0,0,0,0,0,0,0,0,0,0,0,0.0,,,,0,0.0,0,0,0,0,0,0,0,0,0,0,0.0,0,0,0,0,0,"2,1",,,,,,,,,,,,,2,0,0,0,0,0,0,0,0,0,0,0,0,0,0,0,0,0,0,0,,0,,0,,0,,0,,0,0,,0
50,51,0,0,0,0,0,0,0,0,0,0,0,0,0,0,0.0,,,,0,0.0,0,0,0,0,0,0,0,0,0,0,0.0,0,0,0,0,0,"2,1",,,,,,,,,,,,,2,0,0,0,0,0,0,0,0,0,0,0,0,0,0,0,0,0,0,0,,0,,0,,0,,0,,0,0,,0
51,52,0,0,0,0,0,0,0,0,0,0,0,0,0,0,0.0,,,,0,0.0,0,0,0,0,0,0,0,0,0,0,0.0,0,0,0,0,0,"2,1",,,,,,,,,,,,,2,0,0,0,0,0,0,0,0,0,0,0,0,0,0,0,0,0,0,0,,0,,0,,0,,0,,0,0,,0
52,53,0,0,0,0,0,0,0,0,0,0,0,0,0,0,0.0,,,,0,0.0,0,0,0,0,0,0,0,0,0,0,0.0,0,0,0,0,0,"2,1",,,,,,,,,,,,,2,0,0,0,0,0,0,0,0,0,0,0,0,0,0,0,0,0,0,0,,0,,0,,0,,0,,0,0,,0
53,54,0,0,0,0,0,0,0,0,0,0,0,0,0,0,0.0,,,,0,0.0,0,0,0,0,0,0,0,0,0,0,0.0,0,0,0,0,0,"2,1",,,,,,,,,,,,,2,0,0,0,0,0,0,0,0,0,0,0,0,0,0,0,0,0,0,0,,0,,0,,0,,0,,0,0,,0
54,55,0,0,0,0,0,0,0,0,0,0,0,0,0,0,0.0,,,,0,0.0,0,0,0,0,0,0,0,0,0,0,0.0,0,0,0,0,0,"1,2",,,,,,,,,,,,,2,0,0,0,0,0,0,0,0,0,0,0,0,0,0,0,0,0,0,0,,0,,0,,0,,0,,0,0,,0
55,56,0,0,0,0,0,0,0,0,0,0,0,0,0,0,0.0,,,,0,0.0,0,0,0,0,0,0,0,0,0,0,0.0,0,0,0,0,0,"2,1",,,,,,,,,,,,,2,0,0,0,0,0,0,0,0,0,0,0,0,0,0,0,0,0,0,0,,0,,0,,0,,0,,0,0,,0
56,57,0,0,0,0,0,0,0,0,0,0,0,0,0,0,0.0,,,,0,0.0,0,0,0,0,0,0,0,0,0,0,0.0,0,0,0,0,0,"1,2",,,,,,,,,,,,,2,0,0,0,0,0,0,0,0,0,0,0,0,0,0,0,0,0,0,0,,0,,0,,0,,0,,0,0,,0
57,58,0,0,0,0,0,0,0,0,0,0,0,0,0,0,0.0,,,,0,0.0,0,0,0,0,0,0,0,0,0,0,0.0,0,0,0,0,0,"1,2",,,,,,,,,,,,,2,0,0,0,0,0,0,0,0,0,0,0,0,0,0,0,0,0,0,0,,0,,0,,0,,0,,0,0,,0
58,59,0,0,0,0,0,0,0,0,0,0,0,0,0,0,0.0,,,,0,0.0,0,0,0,0,0,0,0,0,0,0,0.0,0,0,0,0,0,"1,2",,,,,,,,,,,,,2,0,0,0,0,0,0,0,0,0,0,0,0,0,0,0,0,0,0,0,,0,,0,,0,,0,,0,0,,0
59,60,0,0,0,0,0,0,0,0,0,0,0,0,0,0,0.0,,,,0,0.0,0,0,0,0,0,0,0,0,0,0,0.0,0,0,0,0,0,"1,2",,,,,,,,,,,,,2,0,0,0,0,0,0,0,0,0,0,0,0,0,0,0,0,0,0,0,,0,,0,,0,,0,,0,0,,0
60,61,0,0,0,0,0,0,0,0,0,0,0,0,0,0,0.0,,,,0,0.0,0,0,0,0,0,0,0,0,0,0,0.0,0,0,0,0,0,"2,1",,,,,,,,,,,,,2,0,0,0,0,0,0,0,0,0,0,0,0,0,0,0,0,0,0,0,,0,,0,,0,,0,,0,0,,0
61,62,0,0,0,0,0,0,0,0,0,0,0,0,0,0,0.0,,,,0,0.0,0,0,0,0,0,0,0,0,0,0,0.0,0,0,0,0,0,"2,1",,,,,,,,,,,,,2,0,0,0,0,0,0,0,0,0,0,0,0,0,0,0,0,0,0,0,,0,,0,,0,,0,,0,0,,0
62,63,0,0,0,0,0,0,0,0,0,0,0,0,0,0,0.0,,,,0,0.0,0,0,0,0,0,0,0,0,0,0,0.0,0,0,0,0,0,"1,2",,,,,,,,,,,,,2,0,0,0,0,0,0,0,0,0,0,0,0,0,0,0,0,0,0,0,,0,,0,,0,,0,,0,0,,0
63,64,0,0,0,0,0,0,0,0,0,0,0,0,0,0,0.0,,,,0,0.0,0,0,0,0,0,0,0,0,0,0,0.0,0,0,0,0,0,"2,1",,,,,,,,,,,,,2,0,0,0,0,0,0,0,0,0,0,0,0,0,0,0,0,0,0,0,,0,,0,,0,,0,,0,0,,0
64,65,0,0,0,0,0,0,0,0,0,0,0,0,0,0,0.0,,,,0,0.0,0,0,0,0,0,0,0,0,0,0,0.0,0,0,0,0,0,"2,1",,,,,,,,,,,,,2,0,0,0,0,0,0,0,0,0,0,0,0,0,0,0,0,0,0,0,,0,,0,,0,,0,,0,0,,0
65,66,0,0,0,0,0,0,0,0,0,0,0,0,0,0,0.0,,,,0,0.0,0,0,0,0,0,0,0,0,0,0,0.0,0,0,0,0,0,"2,1",,,,,,,,,,,,,2,0,0,0,0,0,0,0,0,0,0,0,0,0,0,0,0,0,0,0,,0,,0,,0,,0,,0,0,,0
66,67,0,0,0,0,0,0,0,0,0,0,0,0,0,0,0.0,,,,0,0.0,0,0,0,0,0,0,0,0,0,0,0.0,0,0,0,0,0,"1,2",,,,,,,,,,,,,2,0,0,0,0,0,0,0,0,0,0,0,0,0,0,0,0,0,0,0,,0,,0,,0,,0,,0,0,,0
67,68,0,0,0,0,0,0,0,0,0,0,0,0,0,0,0.0,,,,0,0.0,0,0,0,0,0,0,0,0,0,0,0.0,0,0,0,0,0,"1,2",,,,,,,,,,,,,2,0,0,0,0,0,0,0,0,0,0,0,0,0,0,0,0,0,0,0,,0,,0,,0,,0,,0,0,,0
68,69,0,0,0,0,0,0,0,0,0,0,0,0,0,0,0.0,,,,0,0.0,0,0,0,0,0,0,0,0,0,0,0.0,0,0,0,0,0,"1,2",,,,,,,,,,,,,2,0,0,0,0,0,0,0,0,0,0,0,0,0,0,0,0,0,0,0,,0,,0,,0,,0,,0,0,,0
69,70,0,0,0,0,0,0,0,0,0,0,0,0,0,0,0.0,,,,0,0.0,0,0,0,0,0,0,0,0,0,0,0.0,0,0,0,0,0,"1,2",,,,,,,,,,,,,2,0,0,0,0,0,0,0,0,0,0,0,0,0,0,0,0,0,0,0,,0,,0,,0,,0,,0,0,,0
70,71,0,0,0,0,0,0,0,0,0,0,0,0,0,0,0.0,,,,0,0.0,0,0,0,0,0,0,0,0,0,0,0.0,0,0,0,0,0,"2,1",,,,,,,,,,,,,2,0,0,0,0,0,0,0,0,0,0,0,0,0,0,0,0,0,0,0,,0,,0,,0,,0,,0,0,,0
71,72,0,0,0,0,0,0,0,0,0,0,0,0,0,0,0.0,,,,0,0.0,0,0,0,0,0,0,0,0,0,0,0.0,0,0,0,0,0,"1,2",,,,,,,,,,,,,2,0,0,0,0,0,0,0,0,0,0,0,0,0,0,0,0,0,0,0,,0,,0,,0,,0,,0,0,,0
72,73,0,0,0,0,0,0,0,0,0,0,0,0,0,0,0.0,,,,0,0.0,0,0,0,0,0,0,0,0,0,0,0.0,0,0,0,0,0,"2,1",,,,,,,,,,,,,2,0,0,0,0,0,0,0,0,0,0,0,0,0,0,0,0,0,0,0,,0,,0,,0,,0,,0,0,,0
73,74,0,0,0,0,0,0,0,0,0,0,0,0,0,0,0.0,,,,0,0.0,0,0,0,0,0,0,0,0,0,0,0.0,0,0,0,0,0,"2,1",,,,,,,,,,,,,2,0,0,0,0,0,0,0,0,0,0,0,0,0,0,0,0,0,0,0,,0,,0,,0,,0,,0,0,,0
74,75,0,0,0,0,0,0,0,0,0,0,0,0,0,0,0.0,,,,0,0.0,0,0,0,0,0,0,0,0,0,0,0.0,0,0,0,0,0,"1,2",,,,,,,,,,,,,2,0,0,0,0,0,0,0,0,0,0,0,0,0,0,0,0,0,0,0,,0,,0,,0,,0,,0,0,,0
75,76,0,0,0,0,0,0,0,0,0,0,0,0,0,0,0.0,,,,0,0.0,0,0,0,0,0,0,0,0,0,0,0.0,0,0,0,0,0,"2,1",,,,,,,,,,,,,2,0,0,0,0,0,0,0,0,0,0,0,0,0,0,0,0,0,0,0,,0,,0,,0,,0,,0,0,,0
76,77,0,0,0,0,0,0,0,0,0,0,0,0,0,0,0.0,,,,0,0.0,0,0,0,0,0,0,0,0,0,0,0.0,0,0,0,0,0,"1,2",,,,,,,,,,,,,2,0,0,0,0,0,0,0,0,0,0,0,0,0,0,0,0,0,0,0,,0,,0,,0,,0,,0,0,,0
77,78,0,0,0,0,0,0,0,0,0,0,0,0,0,0,0.0,,,,0,0.0,0,0,0,0,0,0,0,0,0,0,0.0,0,0,0,0,0,"2,1",,,,,,,,,,,,,2,0,0,0,0,0,0,0,0,0,0,0,0,0,0,0,0,0,0,0,,0,,0,,0,,0,,0,0,,0
78,79,0,0,0,0,0,0,0,0,0,0,0,0,0,0,0.0,,,,0,0.0,0,0,0,0,0,0,0,0,0,0,0.0,0,0,0,0,0,"1,2",,,,,,,,,,,,,2,0,0,0,0,0,0,0,0,0,0,0,0,0,0,0,0,0,0,0,,0,,0,,0,,0,,0,0,,0
79,80,0,0,0,0,0,0,0,0,0,0,0,0,0,0,0.0,,,,0,0.0,0,0,0,0,0,0,0,0,0,0,0.0,0,0,0,0,0,"2,1",,,,,,,,,,,,,2,0,0,0,0,0,0,0,0,0,0,0,0,0,0,0,0,0,0,0,,0,,0,,0,,0,,0,0,,0
80,81,0,0,0,0,0,0,0,0,0,0,0,0,0,0,0.0,,,,0,0.0,0,0,0,0,0,0,0,0,0,0,0.0,0,0,0,0,0,"2,1",,,,,,,,,,,,,2,0,0,0,0,0,0,0,0,0,0,0,0,0,0,0,0,0,0,0,,0,,0,,0,,0,,0,0,,0
81,82,0,0,0,0,0,0,0,0,0,0,0,0,0,0,0.0,,,,0,0.0,0,0,0,0,0,0,0,0,0,0,0.0,0,0,0,0,0,"2,1",,,,,,,,,,,,,2,0,0,0,0,0,0,0,0,0,0,0,0,0,0,0,0,0,0,0,,0,,0,,0,,0,,0,0,,0
82,83,0,0,0,0,0,0,0,0,0,0,0,0,0,0,0.0,,,,0,0.0,0,0,0,0,0,0,0,0,0,0,0.0,0,0,0,0,0,"1,2",,,,,,,,,,,,,2,0,0,0,0,0,0,0,0,0,0,0,0,0,0,0,0,0,0,0,,0,,0,,0,,0,,0,0,,0
83,84,0,0,0,0,0,0,0,0,0,0,0,0,0,0,0.0,,,,0,0.0,0,0,0,0,0,0,0,0,0,0,0.0,0,0,0,0,0,"1,2",,,,,,,,,,,,,2,0,0,0,0,0,0,0,0,0,0,0,0,0,0,0,0,0,0,0,,0,,0,,0,,0,,0,0,,0
84,85,0,0,0,0,0,0,0,0,0,0,0,0,0,0,0.0,,,,0,0.0,0,0,0,0,0,0,0,0,0,0,0.0,0,0,0,0,0,"1,2",,,,,,,,,,,,,2,0,0,0,0,0,0,0,0,0,0,0,0,0,0,0,0,0,0,0,,0,,0,,0,,0,,0,0,,0
85,86,0,0,0,0,0,0,0,0,0,0,0,0,0,0,0.0,,,,0,0.0,0,0,0,0,0,0,0,0,0,0,0.0,0,0,0,0,0,"2,1",,,,,,,,,,,,,2,0,0,0,0,0,0,0,0,0,0,0,0,0,0,0,0,0,0,0,,0,,0,,0,,0,,0,0,,0
86,87,0,0,0,0,0,0,0,0,0,0,0,0,0,0,0.0,,,,0,0.0,0,0,0,0,0,0,0,0,0,0,0.0,0,0,0,0,0,"2,1",,,,,,,,,,,,,2,0,0,0,0,0,0,0,0,0,0,0,0,0,0,0,0,0,0,0,,0,,0,,0,,0,,0,0,,0
87,88,0,0,0,0,0,0,0,0,0,0,0,0,0,0,0.0,,,,0,0.0,0,0,0,0,0,0,0,0,0,0,0.0,0,0,0,0,0,"1,2",,,,,,,,,,,,,2,0,0,0,0,0,0,0,0,0,0,0,0,0,0,0,0,0,0,0,,0,,0,,0,,0,,0,0,,0
88,89,0,0,0,0,0,0,0,0,0,0,0,0,0,0,0.0,,,,0,0.0,0,0,0,0,0,0,0,0,0,0,0.0,0,0,0,0,0,"2,1",,,,,,,,,,,,,2,0,0,0,0,0,0,0,0,0,0,0,0,0,0,0,0,0,0,0,,0,,0,,0,,0,,0,0,,0
89,90,0,0,0,0,0,0,0,0,0,0,0,0,0,0,0.0,,,,0,0.0,0,0,0,0,0,0,0,0,0,0,0.0,0,0,0,0,0,"2,1",,,,,,,,,,,,,2,0,0,0,0,0,0,0,0,0,0,0,0,0,0,0,0,0,0,0,,0,,0,,0,,0,,0,0,,0
90,91,0,0,0,0,0,0,0,0,0,0,0,0,0,0,0.0,,,,0,0.0,0,0,0,0,0,0,0,0,0,0,0.0,0,0,0,0,0,"1,2",,,,,,,,,,,,,2,0,0,0,0,0,0,0,0,0,0,0,0,0,0,0,0,0,0,0,,0,,0,,0,,0,,0,0,,0
91,92,0,0,0,0,0,0,0,0,0,0,0,0,0,0,0.0,,,,0,0.0,0,0,0,0,0,0,0,0,0,0,0.0,0,0,0,0,0,"2,1",,,,,,,,,,,,,2,0,0,0,0,0,0,0,0,0,0,0,0,0,0,0,0,0,0,0,,0,,0,,0,,0,,0,0,,0
92,93,0,0,0,0,0,0,0,0,0,0,0,0,0,0,0.0,,,,0,0.0,0,0,0,0,0,0,0,0,0,0,0.0,0,0,0,0,0,"1,2",,,,,,,,,,,,,2,0,0,0,0,0,0,0,0,0,0,0,0,0,0,0,0,0,0,0,,0,,0,,0,,0,,0,0,,0
93,94,0,0,0,0,0,0,0,0,0,0,0,0,0,0,0.0,,,,0,0.0,0,0,0,0,0,0,0,0,0,0,0.0,0,0,0,0,0,"2,1",,,,,,,,,,,,,2,0,0,0,0,0,0,0,0,0,0,0,0,0,0,0,0,0,0,0,,0,,0,,0,,0,,0,0,,0
94,95,0,0,0,0,0,0,0,0,0,0,0,0,0,0,0.0,,,,0,0.0,0,0,0,0,0,0,0,0,0,0,0.0,0,0,0,0,0,"2,1",,,,,,,,,,,,,2,0,0,0,0,0,0,0,0,0,0,0,0,0,0,0,0,0,0,0,,0,,0,,0,,0,,0,0,,0
95,96,0,0,0,0,0,0,0,0,0,0,0,0,0,0,0.0,,,,0,0.0,0,0,0,0,0,0,0,0,0,0,0.0,0,0,0,0,0,"2,1",,,,,,,,,,,,,2,0,0,0,0,0,0,0,0,0,0,0,0,0,0,0,0,0,0,0,,0,,0,,0,,0,,0,0,,0
96,97,0,0,0,0,0,0,0,0,0,0,0,0,0,0,0.0,,,,0,0.0,0,0,0,0,0,0,0,0,0,0,0.0,0,0,0,0,0,"1,2",,,,,,,,,,,,,2,0,0,0,0,0,0,0,0,0,0,0,0,0,0,0,0,0,0,0,,0,,0,,0,,0,,0,0,,0
97,98,0,0,0,0,0,0,0,0,0,0,0,0,0,0,0.0,,,,0,0.0,0,0,0,0,0,0,0,0,0,0,0.0,0,0,0,0,0,"2,1",,,,,,,,,,,,,2,0,0,0,0,0,0,0,0,0,0,0,0,0,0,0,0,0,0,0,,0,,0,,0,,0,,0,0,,0
98,99,0,0,0,0,0,0,0,0,0,0,0,0,0,0,0.0,,,,0,0.0,0,0,0,0,0,0,0,0,0,0,0.0,0,0,0,0,0,"1,2",,,,,,,,,,,,,2,0,0,0,0,0,0,0,0,0,0,0,0,0,0,0,0,0,0,0,,0,,0,,0,,0,,0,0,,0
99,100,0,0,0,0,0,0,0,0,0,0,0,0,0,0,0.0,,,,0,0.0,0,0,0,0,0,0,0,0,0,0,0.0,0,0,0,0,0,"2,1",,,,,,,,,,,,,2,0,0,0,0,0,0,0,0,0,0,0,0,0,0,0,0,0,0,0,,0,,0,,0,,0,,0,0,,0
100,101,0,0,0,0,0,0,0,0,0,0,0,0,0,0,0.0,,,,0,0.0,0,0,0,0,0,0,0,0,0,0,0.0,0,0,0,0,0,"1,2",,,,,,,,,,,,,2,0,0,0,0,0,0,0,0,0,0,0,0,0,0,0,0,0,0,0,,0,,0,,0,,0,,0,0,,0
101,102,0,0,0,0,0,0,0,0,0,0,0,0,0,0,0.0,,,,0,0.0,0,0,0,0,0,0,0,0,0,0,0.0,0,0,0,0,0,"2,1",,,,,,,,,,,,,2,0,0,0,0,0,0,0,0,0,0,0,0,0,0,0,0,0,0,0,,0,,0,,0,,0,,0,0,,0
102,103,0,0,0,0,0,0,0,0,0,0,0,0,0,0,0.0,,,,0,0.0,0,0,0,0,0,0,0,0,0,0,0.0,0,0,0,0,0,"1,2",,,,,,,,,,,,,2,0,0,0,0,0,0,0,0,0,0,0,0,0,0,0,0,0,0,0,,0,,0,,0,,0,,0,0,,0
103,104,0,0,0,0,0,0,0,0,0,0,0,0,0,0,0.0,,,,0,0.0,0,0,0,0,0,0,0,0,0,0,0.0,0,0,0,0,0,"1,2",,,,,,,,,,,,,2,0,0,0,0,0,0,0,0,0,0,0,0,0,0,0,0,0,0,0,,0,,0,,0,,0,,0,0,,0
104,105,0,0,0,0,0,0,0,0,0,0,0,0,0,0,0.0,,,,0,0.0,0,0,0,0,0,0,0,0,0,0,0.0,0,0,0,0,0,"1,2",,,,,,,,,,,,,2,0,0,0,0,0,0,0,0,0,0,0,0,0,0,0,0,0,0,0,,0,,0,,0,,0,,0,0,,0
105,106,0,0,0,0,0,0,0,0,0,0,0,0,0,0,0.0,,,,0,0.0,0,0,0,0,0,0,0,0,0,0,0.0,0,0,0,0,0,"2,1",,,,,,,,,,,,,2,0,0,0,0,0,0,0,0,0,0,0,0,0,0,0,0,0,0,0,,0,,0,,0,,0,,0,0,,0
106,107,0,0,0,0,0,0,0,0,0,0,0,0,0,0,0.0,,,,0,0.0,0,0,0,0,0,0,0,0,0,0,0.0,0,0,0,0,0,"2,1",,,,,,,,,,,,,2,0,0,0,0,0,0,0,0,0,0,0,0,0,0,0,0,0,0,0,,0,,0,,0,,0,,0,0,,0
107,108,0,0,0,0,0,0,0,0,0,0,0,0,0,0,0.0,,,,0,0.0,0,0,0,0,0,0,0,0,0,0,0.0,0,0,0,0,0,"2,1",,,,,,,,,,,,,2,0,0,0,0,0,0,0,0,0,0,0,0,0,0,0,0,0,0,0,,0,,0,,0,,0,,0,0,,0
108,109,0,0,0,0,0,0,0,0,0,0,0,0,0,0,0.0,,,,0,0.0,0,0,0,0,0,0,0,0,0,0,0.0,0,0,0,0,0,"1,2",,,,,,,,,,,,,2,0,0,0,0,0,0,0,0,0,0,0,0,0,0,0,0,0,0,0,,0,,0,,0,,0,,0,0,,0
109,110,0,0,0,0,0,0,0,0,0,0,0,0,0,0,0.0,,,,0,0.0,0,0,0,0,0,0,0,0,0,0,0.0,0,0,0,0,0,"1,2",,,,,,,,,,,,,2,0,0,0,0,0,0,0,0,0,0,0,0,0,0,0,0,0,0,0,,0,,0,,0,,0,,0,0,,0
110,111,0,0,0,0,0,0,0,0,0,0,0,0,0,0,0.0,,,,0,0.0,0,0,0,0,0,0,0,0,0,0,0.0,0,0,0,0,0,"2,1",,,,,,,,,,,,,2,0,0,0,0,0,0,0,0,0,0,0,0,0,0,0,0,0,0,0,,0,,0,,0,,0,,0,0,,0
111,112,0,0,0,0,0,0,0,0,0,0,0,0,0,0,0.0,,,,0,0.0,0,0,0,0,0,0,0,0,0,0,0.0,0,0,0,0,0,"2,1",,,,,,,,,,,,,2,0,0,0,0,0,0,0,0,0,0,0,0,0,0,0,0,0,0,0,,0,,0,,0,,0,,0,0,,0
112,113,0,0,0,0,0,0,0,0,0,0,0,0,0,0,0.0,,,,0,0.0,0,0,0,0,0,0,0,0,0,0,0.0,0,0,0,0,0,"2,1",,,,,,,,,,,,,2,0,0,0,0,0,0,0,0,0,0,0,0,0,0,0,0,0,0,0,,0,,0,,0,,0,,0,0,,0
113,114,0,0,0,0,0,0,0,0,0,0,0,0,0,0,0.0,,,,0,0.0,0,0,0,0,0,0,0,0,0,0,0.0,0,0,0,0,0,"2,1",,,,,,,,,,,,,2,0,0,0,0,0,0,0,0,0,0,0,0,0,0,0,0,0,0,0,,0,,0,,0,,0,,0,0,,0
114,115,0,0,0,0,0,0,0,0,0,0,0,0,0,0,0.0,,,,0,0.0,0,0,0,0,0,0,0,0,0,0,0.0,0,0,0,0,0,"1,2",,,,,,,,,,,,,2,0,0,0,0,0,0,0,0,0,0,0,0,0,0,0,0,0,0,0,,0,,0,,0,,0,,0,0,,0
115,116,0,0,0,0,0,0,0,0,0,0,0,0,0,0,0.0,,,,0,0.0,0,0,0,0,0,0,0,0,0,0,0.0,0,0,0,0,0,"1,2",,,,,,,,,,,,,2,0,0,0,0,0,0,0,0,0,0,0,0,0,0,0,0,0,0,0,,0,,0,,0,,0,,0,0,,0
116,117,0,0,0,0,0,0,0,0,0,0,0,0,0,0,0.0,,,,0,0.0,0,0,0,0,0,0,0,0,0,0,0.0,0,0,0,0,0,"2,1",,,,,,,,,,,,,2,0,0,0,0,0,0,0,0,0,0,0,0,0,0,0,0,0,0,0,,0,,0,,0,,0,,0,0,,0
117,118,0,0,0,0,0,0,0,0,0,0,0,0,0,0,0.0,,,,0,0.0,0,0,0,0,0,0,0,0,0,0,0.0,0,0,0,0,0,"2,1",,,,,,,,,,,,,2,0,0,0,0,0,0,0,0,0,0,0,0,0,0,0,0,0,0,0,,0,,0,,0,,0,,0,0,,0
118,119,0,0,0,0,0,0,0,0,0,0,0,0,0,0,0.0,,,,0,0.0,0,0,0,0,0,0,0,0,0,0,0.0,0,0,0,0,0,"2,1",,,,,,,,,,,,,2,0,0,0,0,0,0,0,0,0,0,0,0,0,0,0,0,0,0,0,,0,,0,,0,,0,,0,0,,0
119,120,0,0,0,0,0,0,0,0,0,0,0,0,0,0,0.0,,,,0,0.0,0,0,0,0,0,0,0,0,0,0,0.0,0,0,0,0,0,"1,2",,,,,,,,,,,,,2,0,0,0,0,0,0,0,0,0,0,0,0,0,0,0,0,0,0,0,,0,,0,,0,,0,,0,0,,0
120,121,0,0,0,0,0,0,0,0,0,0,0,0,0,0,0.0,,,,0,0.0,0,0,0,0,0,0,0,0,0,0,0.0,0,0,0,0,0,"1,2",,,,,,,,,,,,,2,0,0,0,0,0,0,0,0,0,0,0,0,0,0,0,0,0,0,0,,0,,0,,0,,0,,0,0,,0
121,122,0,0,0,0,0,0,0,0,0,0,0,0,0,0,0.0,,,,0,0.0,0,0,0,0,0,0,0,0,0,0,0.0,0,0,0,0,0,"1,2",,,,,,,,,,,,,2,0,0,0,0,0,0,0,0,0,0,0,0,0,0,0,0,0,0,0,,0,,0,,0,,0,,0,0,,0
122,123,0,0,0,0,0,0,0,0,0,0,0,0,0,0,0.0,,,,0,0.0,0,0,0,0,0,0,0,0,0,0,0.0,0,0,0,0,0,"2,1",,,,,,,,,,,,,2,0,0,0,0,0,0,0,0,0,0,0,0,0,0,0,0,0,0,0,,0,,0,,0,,0,,0,0,,0
123,124,0,0,0,0,0,0,0,0,0,0,0,0,0,0,0.0,,,,0,0.0,0,0,0,0,0,0,0,0,0,0,0.0,0,0,0,0,0,"2,1",,,,,,,,,,,,,2,0,0,0,0,0,0,0,0,0,0,0,0,0,0,0,0,0,0,0,,0,,0,,0,,0,,0,0,,0
124,125,0,0,0,0,0,0,0,0,0,0,0,0,0,0,0.0,,,,0,0.0,0,0,0,0,0,0,0,0,0,0,0.0,0,0,0,0,0,"1,2",,,,,,,,,,,,,2,0,0,0,0,0,0,0,0,0,0,0,0,0,0,0,0,0,0,0,,0,,0,,0,,0,,0,0,,0
125,126,0,0,0,0,0,0,0,0,0,0,0,0,0,0,0.0,,,,0,0.0,0,0,0,0,0,0,0,0,0,0,0.0,0,0,0,0,0,"1,2",,,,,,,,,,,,,2,0,0,0,0,0,0,0,0,0,0,0,0,0,0,0,0,0,0,0,,0,,0,,0,,0,,0,0,,0
126,127,0,0,0,0,0,0,0,0,0,0,0,0,0,0,0.0,,,,0,0.0,0,0,0,0,0,0,0,0,0,0,0.0,0,0,0,0,0,"1,2",,,,,,,,,,,,,2,0,0,0,0,0,0,0,0,0,0,0,0,0,0,0,0,0,0,0,,0,,0,,0,,0,,0,0,,0
127,128,0,0,0,0,0,0,0,0,0,0,0,0,0,0,0.0,,,,0,0.0,0,0,0,0,0,0,0,0,0,0,0.0,0,0,0,0,0,"1,2",,,,,,,,,,,,,2,0,0,0,0,0,0,0,0,0,0,0,0,0,0,0,0,0,0,0,,0,,0,,0,,0,,0,0,,0
128,129,0,0,0,0,0,0,0,0,0,0,0,0,0,0,0.0,,,,0,0.0,0,0,0,0,0,0,0,0,0,0,0.0,0,0,0,0,0,"1,2",,,,,,,,,,,,,2,0,0,0,0,0,0,0,0,0,0,0,0,0,0,0,0,0,0,0,,0,,0,,0,,0,,0,0,,0
129,130,0,0,0,0,0,0,0,0,0,0,0,0,0,0,0.0,,,,0,0.0,0,0,0,0,0,0,0,0,0,0,0.0,0,0,0,0,0,"2,1",,,,,,,,,,,,,2,0,0,0,0,0,0,0,0,0,0,0,0,0,0,0,0,0,0,0,,0,,0,,0,,0,,0,0,,0
130,131,0,0,0,0,0,0,0,0,0,0,0,0,0,0,0.0,,,,0,0.0,0,0,0,0,0,0,0,0,0,0,0.0,0,0,0,0,0,"2,1",,,,,,,,,,,,,2,0,0,0,0,0,0,0,0,0,0,0,0,0,0,0,0,0,0,0,,0,,0,,0,,0,,0,0,,0
131,132,0,0,0,0,0,0,0,0,0,0,0,0,0,0,0.0,,,,0,0.0,0,0,0,0,0,0,0,0,0,0,0.0,0,0,0,0,0,"2,1",,,,,,,,,,,,,2,0,0,0,0,0,0,0,0,0,0,0,0,0,0,0,0,0,0,0,,0,,0,,0,,0,,0,0,,0
132,133,0,0,0,0,0,0,0,0,0,0,0,0,0,0,0.0,,,,0,0.0,0,0,0,0,0,0,0,0,0,0,0.0,0,0,0,0,0,"2,1",,,,,,,,,,,,,2,0,0,0,0,0,0,0,0,0,0,0,0,0,0,0,0,0,0,0,,0,,0,,0,,0,,0,0,,0
133,134,0,0,0,0,0,0,0,0,0,0,0,0,0,0,0.0,,,,0,0.0,0,0,0,0,0,0,0,0,0,0,0.0,0,0,0,0,0,"2,1",,,,,,,,,,,,,2,0,0,0,0,0,0,0,0,0,0,0,0,0,0,0,0,0,0,0,,0,,0,,0,,0,,0,0,,0
134,135,0,0,0,0,0,0,0,0,0,0,0,0,0,0,0.0,,,,0,0.0,0,0,0,0,0,0,0,0,0,0,0.0,0,0,0,0,0,"1,2",,,,,,,,,,,,,2,0,0,0,0,0,0,0,0,0,0,0,0,0,0,0,0,0,0,0,,0,,0,,0,,0,,0,0,,0
135,136,0,0,0,0,0,0,0,0,0,0,0,0,0,0,0.0,,,,0,0.0,0,0,0,0,0,0,0,0,0,0,0.0,0,0,0,0,0,"1,2",,,,,,,,,,,,,2,0,0,0,0,0,0,0,0,0,0,0,0,0,0,0,0,0,0,0,,0,,0,,0,,0,,0,0,,0
136,137,0,0,0,0,0,0,0,0,0,0,0,0,0,0,0.0,,,,0,0.0,0,0,0,0,0,0,0,0,0,0,0.0,0,0,0,0,0,"1,2",,,,,,,,,,,,,2,0,0,0,0,0,0,0,0,0,0,0,0,0,0,0,0,0,0,0,,0,,0,,0,,0,,0,0,,0
137,138,0,0,0,0,0,0,0,0,0,0,0,0,0,0,0.0,,,,0,0.0,0,0,0,0,0,0,0,0,0,0,0.0,0,0,0,0,0,"1,2",,,,,,,,,,,,,2,0,0,0,0,0,0,0,0,0,0,0,0,0,0,0,0,0,0,0,,0,,0,,0,,0,,0,0,,0
138,139,0,0,0,0,0,0,0,0,0,0,0,0,0,0,0.0,,,,0,0.0,0,0,0,0,0,0,0,0,0,0,0.0,0,0,0,0,0,"2,1",,,,,,,,,,,,,2,0,0,0,0,0,0,0,0,0,0,0,0,0,0,0,0,0,0,0,,0,,0,,0,,0,,0,0,,0
139,140,0,0,0,0,0,0,0,0,0,0,0,0,0,0,0.0,,,,0,0.0,0,0,0,0,0,0,0,0,0,0,0.0,0,0,0,0,0,"1,2",,,,,,,,,,,,,2,0,0,0,0,0,0,0,0,0,0,0,0,0,0,0,0,0,0,0,,0,,0,,0,,0,,0,0,,0
140,141,0,0,0,0,0,0,0,0,0,0,0,0,0,0,0.0,,,,0,0.0,0,0,0,0,0,0,0,0,0,0,0.0,0,0,0,0,0,"2,1",,,,,,,,,,,,,2,0,0,0,0,0,0,0,0,0,0,0,0,0,0,0,0,0,0,0,,0,,0,,0,,0,,0,0,,0
141,142,0,0,0,0,0,0,0,0,0,0,0,0,0,0,0.0,,,,0,0.0,0,0,0,0,0,0,0,0,0,0,0.0,0,0,0,0,0,"2,1",,,,,,,,,,,,,2,0,0,0,0,0,0,0,0,0,0,0,0,0,0,0,0,0,0,0,,0,,0,,0,,0,,0,0,,0
142,143,0,0,0,0,0,0,0,0,0,0,0,0,0,0,0.0,,,,0,0.0,0,0,0,0,0,0,0,0,0,0,0.0,0,0,0,0,0,"1,2",,,,,,,,,,,,,2,0,0,0,0,0,0,0,0,0,0,0,0,0,0,0,0,0,0,0,,0,,0,,0,,0,,0,0,,0
143,144,0,0,0,0,0,0,0,0,0,0,0,0,0,0,0.0,,,,0,0.0,0,0,0,0,0,0,0,0,0,0,0.0,0,0,0,0,0,"2,1",,,,,,,,,,,,,2,0,0,0,0,0,0,0,0,0,0,0,0,0,0,0,0,0,0,0,,0,,0,,0,,0,,0,0,,0
144,145,0,0,0,0,0,0,0,0,0,0,0,0,0,0,0.0,,,,0,0.0,0,0,0,0,0,0,0,0,0,0,0.0,0,0,0,0,0,"2,1",,,,,,,,,,,,,2,0,0,0,0,0,0,0,0,0,0,0,0,0,0,0,0,0,0,0,,0,,0,,0,,0,,0,0,,0
145,146,0,0,0,0,0,0,0,0,0,0,0,0,0,0,0.0,,,,0,0.0,0,0,0,0,0,0,0,0,0,0,0.0,0,0,0,0,0,"2,1",,,,,,,,,,,,,2,0,0,0,0,0,0,0,0,0,0,0,0,0,0,0,0,0,0,0,,0,,0,,0,,0,,0,0,,0
146,147,0,0,0,0,0,0,0,0,0,0,0,0,0,0,0.0,,,,0,0.0,0,0,0,0,0,0,0,0,0,0,0.0,0,0,0,0,0,"1,2",,,,,,,,,,,,,2,0,0,0,0,0,0,0,0,0,0,0,0,0,0,0,0,0,0,0,,0,,0,,0,,0,,0,0,,0
147,148,0,0,0,0,0,0,0,0,0,0,0,0,0,0,0.0,,,,0,0.0,0,0,0,0,0,0,0,0,0,0,0.0,0,0,0,0,0,"1,2",,,,,,,,,,,,,2,0,0,0,0,0,0,0,0,0,0,0,0,0,0,0,0,0,0,0,,0,,0,,0,,0,,0,0,,0
148,149,0,0,0,0,0,0,0,0,0,0,0,0,0,0,0.0,,,,0,0.0,0,0,0,0,0,0,0,0,0,0,0.0,0,0,0,0,0,"2,1",,,,,,,,,,,,,2,0,0,0,0,0,0,0,0,0,0,0,0,0,0,0,0,0,0,0,,0,,0,,0,,0,,0,0,,0
149,150,0,0,0,0,0,0,0,0,0,0,0,0,0,0,0.0,,,,0,0.0,0,0,0,0,0,0,0,0,0,0,0.0,0,0,0,0,0,"2,1",,,,,,,,,,,,,2,0,0,0,0,0,0,0,0,0,0,0,0,0,0,0,0,0,0,0,,0,,0,,0,,0,,0,0,,0
150,151,0,0,0,0,0,0,0,0,0,0,0,0,0,0,0.0,,,,0,0.0,0,0,0,0,0,0,0,0,0,0,0.0,0,0,0,0,0,"2,1",,,,,,,,,,,,,2,0,0,0,0,0,0,0,0,0,0,0,0,0,0,0,0,0,0,0,,0,,0,,0,,0,,0,0,,0
151,152,0,0,0,0,0,0,0,0,0,0,0,0,0,0,0.0,,,,0,0.0,0,0,0,0,0,0,0,0,0,0,0.0,0,0,0,0,0,"1,2",,,,,,,,,,,,,2,0,0,0,0,0,0,0,0,0,0,0,0,0,0,0,0,0,0,0,,0,,0,,0,,0,,0,0,,0
152,153,0,0,0,0,0,0,0,0,0,0,0,0,0,0,0.0,,,,0,0.0,0,0,0,0,0,0,0,0,0,0,0.0,0,0,0,0,0,"2,1",,,,,,,,,,,,,2,0,0,0,0,0,0,0,0,0,0,0,0,0,0,0,0,0,0,0,,0,,0,,0,,0,,0,0,,0
153,154,0,0,0,0,0,0,0,0,0,0,0,0,0,0,0.0,,,,0,0.0,0,0,0,0,0,0,0,0,0,0,0.0,0,0,0,0,0,"1,2",,,,,,,,,,,,,2,0,0,0,0,0,0,0,0,0,0,0,0,0,0,0,0,0,0,0,,0,,0,,0,,0,,0,0,,0
154,155,0,0,0,0,0,0,0,0,0,0,0,0,0,0,0.0,,,,0,0.0,0,0,0,0,0,0,0,0,0,0,0.0,0,0,0,0,0,"2,1",,,,,,,,,,,,,2,0,0,0,0,0,0,0,0,0,0,0,0,0,0,0,0,0,0,0,,0,,0,,0,,0,,0,0,,0
155,156,0,0,0,0,0,0,0,0,0,0,0,0,0,0,0.0,,,,0,0.0,0,0,0,0,0,0,0,0,0,0,0.0,0,0,0,0,0,"2,1",,,,,,,,,,,,,2,0,0,0,0,0,0,0,0,0,0,0,0,0,0,0,0,0,0,0,,0,,0,,0,,0,,0,0,,0
156,157,0,0,0,0,0,0,0,0,0,0,0,0,0,0,0.0,,,,0,0.0,0,0,0,0,0,0,0,0,0,0,0.0,0,0,0,0,0,"2,1",,,,,,,,,,,,,2,0,0,0,0,0,0,0,0,0,0,0,0,0,0,0,0,0,0,0,,0,,0,,0,,0,,0,0,,0
157,158,0,0,0,0,0,0,0,0,0,0,0,0,0,0,0.0,,,,0,0.0,0,0,0,0,0,0,0,0,0,0,0.0,0,0,0,0,0,"2,1",,,,,,,,,,,,,2,0,0,0,0,0,0,0,0,0,0,0,0,0,0,0,0,0,0,0,,0,,0,,0,,0,,0,0,,0
158,159,0,0,0,0,0,0,0,0,0,0,0,0,0,0,0.0,,,,0,0.0,0,0,0,0,0,0,0,0,0,0,0.0,0,0,0,0,0,"1,2",,,,,,,,,,,,,2,0,0,0,0,0,0,0,0,0,0,0,0,0,0,0,0,0,0,0,,0,,0,,0,,0,,0,0,,0
159,160,0,0,0,0,0,0,0,0,0,0,0,0,0,0,0.0,,,,0,0.0,0,0,0,0,0,0,0,0,0,0,0.0,0,0,0,0,0,"2,1",,,,,,,,,,,,,2,0,0,0,0,0,0,0,0,0,0,0,0,0,0,0,0,0,0,0,,0,,0,,0,,0,,0,0,,0
160,161,0,0,0,0,0,0,0,0,0,0,0,0,0,0,0.0,,,,0,0.0,0,0,0,0,0,0,0,0,0,0,0.0,0,0,0,0,0,"2,1",,,,,,,,,,,,,2,0,0,0,0,0,0,0,0,0,0,0,0,0,0,0,0,0,0,0,,0,,0,,0,,0,,0,0,,0
161,162,0,0,0,0,0,0,0,0,0,0,0,0,0,0,0.0,,,,0,0.0,0,0,0,0,0,0,0,0,0,0,0.0,0,0,0,0,0,"2,1",,,,,,,,,,,,,2,0,0,0,0,0,0,0,0,0,0,0,0,0,0,0,0,0,0,0,,0,,0,,0,,0,,0,0,,0
162,163,0,0,0,0,0,0,0,0,0,0,0,0,0,0,0.0,,,,0,0.0,0,0,0,0,0,0,0,0,0,0,0.0,0,0,0,0,0,"2,1",,,,,,,,,,,,,2,0,0,0,0,0,0,0,0,0,0,0,0,0,0,0,0,0,0,0,,0,,0,,0,,0,,0,0,,0
163,164,0,0,0,0,0,0,0,0,0,0,0,0,0,0,0.0,,,,0,0.0,0,0,0,0,0,0,0,0,0,0,0.0,0,0,0,0,0,"1,2",,,,,,,,,,,,,2,0,0,0,0,0,0,0,0,0,0,0,0,0,0,0,0,0,0,0,,0,,0,,0,,0,,0,0,,0
164,165,0,0,0,0,0,0,0,0,0,0,0,0,0,0,0.0,,,,0,0.0,0,0,0,0,0,0,0,0,0,0,0.0,0,0,0,0,0,"2,1",,,,,,,,,,,,,2,0,0,0,0,0,0,0,0,0,0,0,0,0,0,0,0,0,0,0,,0,,0,,0,,0,,0,0,,0
165,166,0,0,0,0,0,0,0,0,0,0,0,0,0,0,0.0,,,,0,0.0,0,0,0,0,0,0,0,0,0,0,0.0,0,0,0,0,0,"1,2",,,,,,,,,,,,,2,0,0,0,0,0,0,0,0,0,0,0,0,0,0,0,0,0,0,0,,0,,0,,0,,0,,0,0,,0
166,167,0,0,0,0,0,0,0,0,0,0,0,0,0,0,0.0,,,,0,0.0,0,0,0,0,0,0,0,0,0,0,0.0,0,0,0,0,0,"2,1",,,,,,,,,,,,,2,0,0,0,0,0,0,0,0,0,0,0,0,0,0,0,0,0,0,0,,0,,0,,0,,0,,0,0,,0
167,168,0,0,0,0,0,0,0,0,0,0,0,0,0,0,0.0,,,,0,0.0,0,0,0,0,0,0,0,0,0,0,0.0,0,0,0,0,0,"2,1",,,,,,,,,,,,,2,0,0,0,0,0,0,0,0,0,0,0,0,0,0,0,0,0,0,0,,0,,0,,0,,0,,0,0,,0
168,169,0,0,0,0,0,0,0,0,0,0,0,0,0,0,0.0,,,,0,0.0,0,0,0,0,0,0,0,0,0,0,0.0,0,0,0,0,0,"2,1",,,,,,,,,,,,,2,0,0,0,0,0,0,0,0,0,0,0,0,0,0,0,0,0,0,0,,0,,0,,0,,0,,0,0,,0
169,170,0,0,0,0,0,0,0,0,0,0,0,0,0,0,0.0,,,,0,0.0,0,0,0,0,0,0,0,0,0,0,0.0,0,0,0,0,0,"2,1",,,,,,,,,,,,,2,0,0,0,0,0,0,0,0,0,0,0,0,0,0,0,0,0,0,0,,0,,0,,0,,0,,0,0,,0
170,171,0,0,0,0,0,0,0,0,0,0,0,0,0,0,0.0,,,,0,0.0,0,0,0,0,0,0,0,0,0,0,0.0,0,0,0,0,0,"1,2",,,,,,,,,,,,,2,0,0,0,0,0,0,0,0,0,0,0,0,0,0,0,0,0,0,0,,0,,0,,0,,0,,0,0,,0
171,172,0,0,0,0,0,0,0,0,0,0,0,0,0,0,0.0,,,,0,0.0,0,0,0,0,0,0,0,0,0,0,0.0,0,0,0,0,0,"2,1",,,,,,,,,,,,,2,0,0,0,0,0,0,0,0,0,0,0,0,0,0,0,0,0,0,0,,0,,0,,0,,0,,0,0,,0
172,173,0,0,0,0,0,0,0,0,0,0,0,0,0,0,0.0,,,,0,0.0,0,0,0,0,0,0,0,0,0,0,0.0,0,0,0,0,0,"2,1",,,,,,,,,,,,,2,0,0,0,0,0,0,0,0,0,0,0,0,0,0,0,0,0,0,0,,0,,0,,0,,0,,0,0,,0
173,174,0,0,0,0,0,0,0,0,0,0,0,0,0,0,0.0,,,,0,0.0,0,0,0,0,0,0,0,0,0,0,0.0,0,0,0,0,0,"2,1",,,,,,,,,,,,,2,0,0,0,0,0,0,0,0,0,0,0,0,0,0,0,0,0,0,0,,0,,0,,0,,0,,0,0,,0
174,175,0,0,0,0,0,0,0,0,0,0,0,0,0,0,0.0,,,,0,0.0,0,0,0,0,0,0,0,0,0,0,0.0,0,0,0,0,0,"1,2",,,,,,,,,,,,,2,0,0,0,0,0,0,0,0,0,0,0,0,0,0,0,0,0,0,0,,0,,0,,0,,0,,0,0,,0
175,176,0,0,0,0,0,0,0,0,0,0,0,0,0,0,0.0,,,,0,0.0,0,0,0,0,0,0,0,0,0,0,0.0,0,0,0,0,0,"2,1",,,,,,,,,,,,,2,0,0,0,0,0,0,0,0,0,0,0,0,0,0,0,0,0,0,0,,0,,0,,0,,0,,0,0,,0
176,177,0,0,0,0,0,0,0,0,0,0,0,0,0,0,0.0,,,,0,0.0,0,0,0,0,0,0,0,0,0,0,0.0,0,0,0,0,0,"2,1",,,,,,,,,,,,,2,0,0,0,0,0,0,0,0,0,0,0,0,0,0,0,0,0,0,0,,0,,0,,0,,0,,0,0,,0
177,178,0,0,0,0,0,0,0,0,0,0,0,0,0,0,0.0,,,,0,0.0,0,0,0,0,0,0,0,0,0,0,0.0,0,0,0,0,0,"1,2",,,,,,,,,,,,,2,0,0,0,0,0,0,0,0,0,0,0,0,0,0,0,0,0,0,0,,0,,0,,0,,0,,0,0,,0
178,179,0,0,0,0,0,0,0,0,0,0,0,0,0,0,0.0,,,,0,0.0,0,0,0,0,0,0,0,0,0,0,0.0,0,0,0,0,0,"1,2",,,,,,,,,,,,,2,0,0,0,0,0,0,0,0,0,0,0,0,0,0,0,0,0,0,0,,0,,0,,0,,0,,0,0,,0
179,180,0,0,0,0,0,0,0,0,0,0,0,0,0,0,0.0,,,,0,0.0,0,0,0,0,0,0,0,0,0,0,0.0,0,0,0,0,0,"2,1",,,,,,,,,,,,,2,0,0,0,0,0,0,0,0,0,0,0,0,0,0,0,0,0,0,0,,0,,0,,0,,0,,0,0,,0
180,181,0,0,0,0,0,0,0,0,0,0,0,0,0,0,0.0,,,,0,0.0,0,0,0,0,0,0,0,0,0,0,0.0,0,0,0,0,0,"1,2",,,,,,,,,,,,,2,0,0,0,0,0,0,0,0,0,0,0,0,0,0,0,0,0,0,0,,0,,0,,0,,0,,0,0,,0
181,182,0,0,0,0,0,0,0,0,0,0,0,0,0,0,0.0,,,,0,0.0,0,0,0,0,0,0,0,0,0,0,0.0,0,0,0,0,0,"1,2",,,,,,,,,,,,,2,0,0,0,0,0,0,0,0,0,0,0,0,0,0,0,0,0,0,0,,0,,0,,0,,0,,0,0,,0
182,183,0,0,0,0,0,0,0,0,0,0,0,0,0,0,0.0,,,,0,0.0,0,0,0,0,0,0,0,0,0,0,0.0,0,0,0,0,0,"2,1",,,,,,,,,,,,,2,0,0,0,0,0,0,0,0,0,0,0,0,0,0,0,0,0,0,0,,0,,0,,0,,0,,0,0,,0
183,184,0,0,0,0,0,0,0,0,0,0,0,0,0,0,0.0,,,,0,0.0,0,0,0,0,0,0,0,0,0,0,0.0,0,0,0,0,0,"2,1",,,,,,,,,,,,,2,0,0,0,0,0,0,0,0,0,0,0,0,0,0,0,0,0,0,0,,0,,0,,0,,0,,0,0,,0
184,185,0,0,0,0,0,0,0,0,0,0,0,0,0,0,0.0,,,,0,0.0,0,0,0,0,0,0,0,0,0,0,0.0,0,0,0,0,0,"2,1",,,,,,,,,,,,,2,0,0,0,0,0,0,0,0,0,0,0,0,0,0,0,0,0,0,0,,0,,0,,0,,0,,0,0,,0
185,186,0,0,0,0,0,0,0,0,0,0,0,0,0,0,0.0,,,,0,0.0,0,0,0,0,0,0,0,0,0,0,0.0,0,0,0,0,0,"2,1",,,,,,,,,,,,,2,0,0,0,0,0,0,0,0,0,0,0,0,0,0,0,0,0,0,0,,0,,0,,0,,0,,0,0,,0
186,187,0,0,0,0,0,0,0,0,0,0,0,0,0,0,0.0,,,,0,0.0,0,0,0,0,0,0,0,0,0,0,0.0,0,0,0,0,0,"2,1",,,,,,,,,,,,,2,0,0,0,0,0,0,0,0,0,0,0,0,0,0,0,0,0,0,0,,0,,0,,0,,0,,0,0,,0
187,188,0,0,0,0,0,0,0,0,0,0,0,0,0,0,0.0,,,,0,0.0,0,0,0,0,0,0,0,0,0,0,0.0,0,0,0,0,0,"2,1",,,,,,,,,,,,,2,0,0,0,0,0,0,0,0,0,0,0,0,0,0,0,0,0,0,0,,0,,0,,0,,0,,0,0,,0
188,189,0,0,0,0,0,0,0,0,0,0,0,0,0,0,0.0,,,,0,0.0,0,0,0,0,0,0,0,0,0,0,0.0,0,0,0,0,0,"1,2",,,,,,,,,,,,,2,0,0,0,0,0,0,0,0,0,0,0,0,0,0,0,0,0,0,0,,0,,0,,0,,0,,0,0,,0
189,190,0,0,0,0,0,0,0,0,0,0,0,0,0,0,0.0,,,,0,0.0,0,0,0,0,0,0,0,0,0,0,0.0,0,0,0,0,0,"2,1",,,,,,,,,,,,,2,0,0,0,0,0,0,0,0,0,0,0,0,0,0,0,0,0,0,0,,0,,0,,0,,0,,0,0,,0
190,191,0,0,0,0,0,0,0,0,0,0,0,0,0,0,0.0,,,,0,0.0,0,0,0,0,0,0,0,0,0,0,0.0,0,0,0,0,0,"1,2",,,,,,,,,,,,,2,0,0,0,0,0,0,0,0,0,0,0,0,0,0,0,0,0,0,0,,0,,0,,0,,0,,0,0,,0
191,192,0,0,0,0,0,0,0,0,0,0,0,0,0,0,0.0,,,,0,0.0,0,0,0,0,0,0,0,0,0,0,0.0,0,0,0,0,0,"2,1",,,,,,,,,,,,,2,0,0,0,0,0,0,0,0,0,0,0,0,0,0,0,0,0,0,0,,0,,0,,0,,0,,0,0,,0
192,193,0,0,0,0,0,0,0,0,0,0,0,0,0,0,0.0,,,,0,0.0,0,0,0,0,0,0,0,0,0,0,0.0,0,0,0,0,0,"2,1",,,,,,,,,,,,,2,0,0,0,0,0,0,0,0,0,0,0,0,0,0,0,0,0,0,0,,0,,0,,0,,0,,0,0,,0
193,194,0,0,0,0,0,0,0,0,0,0,0,0,0,0,0.0,,,,0,0.0,0,0,0,0,0,0,0,0,0,0,0.0,0,0,0,0,0,"2,1",,,,,,,,,,,,,2,0,0,0,0,0,0,0,0,0,0,0,0,0,0,0,0,0,0,0,,0,,0,,0,,0,,0,0,,0
194,195,0,0,0,0,0,0,0,0,0,0,0,0,0,0,0.0,,,,0,0.0,0,0,0,0,0,0,0,0,0,0,0.0,0,0,0,0,0,"2,1",,,,,,,,,,,,,2,0,0,0,0,0,0,0,0,0,0,0,0,0,0,0,0,0,0,0,,0,,0,,0,,0,,0,0,,0
195,196,0,0,0,0,0,0,0,0,0,0,0,0,0,0,0.0,,,,0,0.0,0,0,0,0,0,0,0,0,0,0,0.0,0,0,0,0,0,"1,2",,,,,,,,,,,,,2,0,0,0,0,0,0,0,0,0,0,0,0,0,0,0,0,0,0,0,,0,,0,,0,,0,,0,0,,0
196,197,0,0,0,0,0,0,0,0,0,0,0,0,0,0,0.0,,,,0,0.0,0,0,0,0,0,0,0,0,0,0,0.0,0,0,0,0,0,"1,2",,,,,,,,,,,,,2,0,0,0,0,0,0,0,0,0,0,0,0,0,0,0,0,0,0,0,,0,,0,,0,,0,,0,0,,0
197,198,0,0,0,0,0,0,0,0,0,0,0,0,0,0,0.0,,,,0,0.0,0,0,0,0,0,0,0,0,0,0,0.0,0,0,0,0,0,"2,1",,,,,,,,,,,,,2,0,0,0,0,0,0,0,0,0,0,0,0,0,0,0,0,0,0,0,,0,,0,,0,,0,,0,0,,0
198,199,0,0,0,0,0,0,0,0,0,0,0,0,0,0,0.0,,,,0,0.0,0,0,0,0,0,0,0,0,0,0,0.0,0,0,0,0,0,"1,2",,,,,,,,,,,,,2,0,0,0,0,0,0,0,0,0,0,0,0,0,0,0,0,0,0,0,,0,,0,,0,,0,,0,0,,0
199,200,0,0,0,0,0,0,0,0,0,0,0,0,0,0,0.0,,,,0,0.0,0,0,0,0,0,0,0,0,0,0,0.0,0,0,0,0,0,"1,2",,,,,,,,,,,,,2,0,0,0,0,0,0,0,0,0,0,0,0,0,0,0,0,0,0,0,,0,,0,,0,,0,,0,0,,0
200,201,0,0,0,0,0,0,0,0,0,0,0,0,0,0,0.0,,,,0,0.0,0,0,0,0,0,0,0,0,0,0,0.0,0,0,0,0,0,"1,2",,,,,,,,,,,,,2,0,0,0,0,0,0,0,0,0,0,0,0,0,0,0,0,0,0,0,,0,,0,,0,,0,,0,0,,0
201,202,0,0,0,0,0,0,0,0,0,0,0,0,0,0,0.0,,,,0,0.0,0,0,0,0,0,0,0,0,0,0,0.0,0,0,0,0,0,"1,2",,,,,,,,,,,,,2,0,0,0,0,0,0,0,0,0,0,0,0,0,0,0,0,0,0,0,,0,,0,,0,,0,,0,0,,0
202,203,0,0,0,0,0,0,0,0,0,0,0,0,0,0,0.0,,,,0,0.0,0,0,0,0,0,0,0,0,0,0,0.0,0,0,0,0,0,"1,2",,,,,,,,,,,,,2,0,0,0,0,0,0,0,0,0,0,0,0,0,0,0,0,0,0,0,,0,,0,,0,,0,,0,0,,0
203,204,0,0,0,0,0,0,0,0,0,0,0,0,0,0,0.0,,,,0,0.0,0,0,0,0,0,0,0,0,0,0,0.0,0,0,0,0,0,"1,2",,,,,,,,,,,,,2,0,0,0,0,0,0,0,0,0,0,0,0,0,0,0,0,0,0,0,,0,,0,,0,,0,,0,0,,0
204,205,0,0,0,0,0,0,0,0,0,0,0,0,0,0,0.0,,,,0,0.0,0,0,0,0,0,0,0,0,0,0,0.0,0,0,0,0,0,"2,1",,,,,,,,,,,,,2,0,0,0,0,0,0,0,0,0,0,0,0,0,0,0,0,0,0,0,,0,,0,,0,,0,,0,0,,0
205,206,0,0,0,0,0,0,0,0,0,0,0,0,0,0,0.0,,,,0,0.0,0,0,0,0,0,0,0,0,0,0,0.0,0,0,0,0,0,"1,2",,,,,,,,,,,,,2,0,0,0,0,0,0,0,0,0,0,0,0,0,0,0,0,0,0,0,,0,,0,,0,,0,,0,0,,0
206,207,0,0,0,0,0,0,0,0,0,0,0,0,0,0,0.0,,,,0,0.0,0,0,0,0,0,0,0,0,0,0,0.0,0,0,0,0,0,"1,2",,,,,,,,,,,,,2,0,0,0,0,0,0,0,0,0,0,0,0,0,0,0,0,0,0,0,,0,,0,,0,,0,,0,0,,0
207,208,0,0,0,0,0,0,0,0,0,0,0,0,0,0,0.0,,,,0,0.0,0,0,0,0,0,0,0,0,0,0,0.0,0,0,0,0,0,"1,2",,,,,,,,,,,,,2,0,0,0,0,0,0,0,0,0,0,0,0,0,0,0,0,0,0,0,,0,,0,,0,,0,,0,0,,0
208,209,0,0,0,0,0,0,0,0,0,0,0,0,0,0,0.0,,,,0,0.0,0,0,0,0,0,0,0,0,0,0,0.0,0,0,0,0,0,"2,1",,,,,,,,,,,,,2,0,0,0,0,0,0,0,0,0,0,0,0,0,0,0,0,0,0,0,,0,,0,,0,,0,,0,0,,0
209,210,0,0,0,0,0,0,0,0,0,0,0,0,0,0,0.0,,,,0,0.0,0,0,0,0,0,0,0,0,0,0,0.0,0,0,0,0,0,"2,1",,,,,,,,,,,,,2,0,0,0,0,0,0,0,0,0,0,0,0,0,0,0,0,0,0,0,,0,,0,,0,,0,,0,0,,0
210,211,0,0,0,0,0,0,0,0,0,0,0,0,0,0,0.0,,,,0,0.0,0,0,0,0,0,0,0,0,0,0,0.0,0,0,0,0,0,"1,2",,,,,,,,,,,,,2,0,0,0,0,0,0,0,0,0,0,0,0,0,0,0,0,0,0,0,,0,,0,,0,,0,,0,0,,0
211,212,0,0,0,0,0,0,0,0,0,0,0,0,0,0,0.0,,,,0,0.0,0,0,0,0,0,0,0,0,0,0,0.0,0,0,0,0,0,"2,1",,,,,,,,,,,,,2,0,0,0,0,0,0,0,0,0,0,0,0,0,0,0,0,0,0,0,,0,,0,,0,,0,,0,0,,0
212,213,0,0,0,0,0,0,0,0,0,0,0,0,0,0,0.0,,,,0,0.0,0,0,0,0,0,0,0,0,0,0,0.0,0,0,0,0,0,"2,1",,,,,,,,,,,,,2,0,0,0,0,0,0,0,0,0,0,0,0,0,0,0,0,0,0,0,,0,,0,,0,,0,,0,0,,0
213,214,0,0,0,0,0,0,0,0,0,0,0,0,0,0,0.0,,,,0,0.0,0,0,0,0,0,0,0,0,0,0,0.0,0,0,0,0,0,"1,2",,,,,,,,,,,,,2,0,0,0,0,0,0,0,0,0,0,0,0,0,0,0,0,0,0,0,,0,,0,,0,,0,,0,0,,0
214,215,0,0,0,0,0,0,0,0,0,0,0,0,0,0,0.0,,,,0,0.0,0,0,0,0,0,0,0,0,0,0,0.0,0,0,0,0,0,"2,1",,,,,,,,,,,,,2,0,0,0,0,0,0,0,0,0,0,0,0,0,0,0,0,0,0,0,,0,,0,,0,,0,,0,0,,0
215,216,0,0,0,0,0,0,0,0,0,0,0,0,0,0,0.0,,,,0,0.0,0,0,0,0,0,0,0,0,0,0,0.0,0,0,0,0,0,"1,2",,,,,,,,,,,,,2,0,0,0,0,0,0,0,0,0,0,0,0,0,0,0,0,0,0,0,,0,,0,,0,,0,,0,0,,0
216,217,0,0,0,0,0,0,0,0,0,0,0,0,0,0,0.0,,,,0,0.0,0,0,0,0,0,0,0,0,0,0,0.0,0,0,0,0,0,"1,2",,,,,,,,,,,,,2,0,0,0,0,0,0,0,0,0,0,0,0,0,0,0,0,0,0,0,,0,,0,,0,,0,,0,0,,0
217,218,0,0,0,0,0,0,0,0,0,0,0,0,0,0,0.0,,,,0,0.0,0,0,0,0,0,0,0,0,0,0,0.0,0,0,0,0,0,"1,2",,,,,,,,,,,,,2,0,0,0,0,0,0,0,0,0,0,0,0,0,0,0,0,0,0,0,,0,,0,,0,,0,,0,0,,0
218,219,0,0,0,0,0,0,0,0,0,0,0,0,0,0,0.0,,,,0,0.0,0,0,0,0,0,0,0,0,0,0,0.0,0,0,0,0,0,"2,1",,,,,,,,,,,,,2,0,0,0,0,0,0,0,0,0,0,0,0,0,0,0,0,0,0,0,,0,,0,,0,,0,,0,0,,0
219,220,0,0,0,0,0,0,0,0,0,0,0,0,0,0,0.0,,,,0,0.0,0,0,0,0,0,0,0,0,0,0,0.0,0,0,0,0,0,"1,2",,,,,,,,,,,,,2,0,0,0,0,0,0,0,0,0,0,0,0,0,0,0,0,0,0,0,,0,,0,,0,,0,,0,0,,0
220,221,0,0,0,0,0,0,0,0,0,0,0,0,0,0,0.0,,,,0,0.0,0,0,0,0,0,0,0,0,0,0,0.0,0,0,0,0,0,"2,1",,,,,,,,,,,,,2,0,0,0,0,0,0,0,0,0,0,0,0,0,0,0,0,0,0,0,,0,,0,,0,,0,,0,0,,0
221,222,0,0,0,0,0,0,0,0,0,0,0,0,0,0,0.0,,,,0,0.0,0,0,0,0,0,0,0,0,0,0,0.0,0,0,0,0,0,"1,2",,,,,,,,,,,,,2,0,0,0,0,0,0,0,0,0,0,0,0,0,0,0,0,0,0,0,,0,,0,,0,,0,,0,0,,0
222,223,0,0,0,0,0,0,0,0,0,0,0,0,0,0,0.0,,,,0,0.0,0,0,0,0,0,0,0,0,0,0,0.0,0,0,0,0,0,"1,2",,,,,,,,,,,,,2,0,0,0,0,0,0,0,0,0,0,0,0,0,0,0,0,0,0,0,,0,,0,,0,,0,,0,0,,0
223,224,0,0,0,0,0,0,0,0,0,0,0,0,0,0,0.0,,,,0,0.0,0,0,0,0,0,0,0,0,0,0,0.0,0,0,0,0,0,"1,2",,,,,,,,,,,,,2,0,0,0,0,0,0,0,0,0,0,0,0,0,0,0,0,0,0,0,,0,,0,,0,,0,,0,0,,0
224,225,0,0,0,0,0,0,0,0,0,0,0,0,0,0,0.0,,,,0,0.0,0,0,0,0,0,0,0,0,0,0,0.0,0,0,0,0,0,"2,1",,,,,,,,,,,,,2,0,0,0,0,0,0,0,0,0,0,0,0,0,0,0,0,0,0,0,,0,,0,,0,,0,,0,0,,0
225,226,0,0,0,0,0,0,0,0,0,0,0,0,0,0,0.0,,,,0,0.0,0,0,0,0,0,0,0,0,0,0,0.0,0,0,0,0,0,"2,1",,,,,,,,,,,,,2,0,0,0,0,0,0,0,0,0,0,0,0,0,0,0,0,0,0,0,,0,,0,,0,,0,,0,0,,0
226,227,0,0,0,0,0,0,0,0,0,0,0,0,0,0,0.0,,,,0,0.0,0,0,0,0,0,0,0,0,0,0,0.0,0,0,0,0,0,"2,1",,,,,,,,,,,,,2,0,0,0,0,0,0,0,0,0,0,0,0,0,0,0,0,0,0,0,,0,,0,,0,,0,,0,0,,0
227,228,0,0,0,0,0,0,0,0,0,0,0,0,0,0,0.0,,,,0,0.0,0,0,0,0,0,0,0,0,0,0,0.0,0,0,0,0,0,"1,2",,,,,,,,,,,,,2,0,0,0,0,0,0,0,0,0,0,0,0,0,0,0,0,0,0,0,,0,,0,,0,,0,,0,0,,0
228,229,0,0,0,0,0,0,0,0,0,0,0,0,0,0,0.0,,,,0,0.0,0,0,0,0,0,0,0,0,0,0,0.0,0,0,0,0,0,"1,2",,,,,,,,,,,,,2,0,0,0,0,0,0,0,0,0,0,0,0,0,0,0,0,0,0,0,,0,,0,,0,,0,,0,0,,0
229,230,0,0,0,0,0,0,0,0,0,0,0,0,0,0,0.0,,,,0,0.0,0,0,0,0,0,0,0,0,0,0,0.0,0,0,0,0,0,"1,2",,,,,,,,,,,,,2,0,0,0,0,0,0,0,0,0,0,0,0,0,0,0,0,0,0,0,,0,,0,,0,,0,,0,0,,0
230,231,0,0,0,0,0,0,0,0,0,0,0,0,0,0,0.0,,,,0,0.0,0,0,0,0,0,0,0,0,0,0,0.0,0,0,0,0,0,"1,2",,,,,,,,,,,,,2,0,0,0,0,0,0,0,0,0,0,0,0,0,0,0,0,0,0,0,,0,,0,,0,,0,,0,0,,0
231,232,0,0,0,0,0,0,0,0,0,0,0,0,0,0,0.0,,,,0,0.0,0,0,0,0,0,0,0,0,0,0,0.0,0,0,0,0,0,"2,1",,,,,,,,,,,,,2,0,0,0,0,0,0,0,0,0,0,0,0,0,0,0,0,0,0,0,,0,,0,,0,,0,,0,0,,0
232,233,0,0,0,0,0,0,0,0,0,0,0,0,0,0,0.0,,,,0,0.0,0,0,0,0,0,0,0,0,0,0,0.0,0,0,0,0,0,"2,1",,,,,,,,,,,,,2,0,0,0,0,0,0,0,0,0,0,0,0,0,0,0,0,0,0,0,,0,,0,,0,,0,,0,0,,0
233,234,0,0,0,0,0,0,0,0,0,0,0,0,0,0,0.0,,,,0,0.0,0,0,0,0,0,0,0,0,0,0,0.0,0,0,0,0,0,"1,2",,,,,,,,,,,,,2,0,0,0,0,0,0,0,0,0,0,0,0,0,0,0,0,0,0,0,,0,,0,,0,,0,,0,0,,0
234,235,0,0,0,0,0,0,0,0,0,0,0,0,0,0,0.0,,,,0,0.0,0,0,0,0,0,0,0,0,0,0,0.0,0,0,0,0,0,"2,1",,,,,,,,,,,,,2,0,0,0,0,0,0,0,0,0,0,0,0,0,0,0,0,0,0,0,,0,,0,,0,,0,,0,0,,0
235,236,0,0,0,0,0,0,0,0,0,0,0,0,0,0,0.0,,,,0,0.0,0,0,0,0,0,0,0,0,0,0,0.0,0,0,0,0,0,"2,1",,,,,,,,,,,,,2,0,0,0,0,0,0,0,0,0,0,0,0,0,0,0,0,0,0,0,,0,,0,,0,,0,,0,0,,0
236,237,0,0,0,0,0,0,0,0,0,0,0,0,0,0,0.0,,,,0,0.0,0,0,0,0,0,0,0,0,0,0,0.0,0,0,0,0,0,"2,1",,,,,,,,,,,,,2,0,0,0,0,0,0,0,0,0,0,0,0,0,0,0,0,0,0,0,,0,,0,,0,,0,,0,0,,0
237,238,0,0,0,0,0,0,0,0,0,0,0,0,0,0,0.0,,,,0,0.0,0,0,0,0,0,0,0,0,0,0,0.0,0,0,0,0,0,"1,2",,,,,,,,,,,,,2,0,0,0,0,0,0,0,0,0,0,0,0,0,0,0,0,0,0,0,,0,,0,,0,,0,,0,0,,0
238,239,0,0,0,0,0,0,0,0,0,0,0,0,0,0,0.0,,,,0,0.0,0,0,0,0,0,0,0,0,0,0,0.0,0,0,0,0,0,"2,1",,,,,,,,,,,,,2,0,0,0,0,0,0,0,0,0,0,0,0,0,0,0,0,0,0,0,,0,,0,,0,,0,,0,0,,0
239,240,0,0,0,0,0,0,0,0,0,0,0,0,0,0,0.0,,,,0,0.0,0,0,0,0,0,0,0,0,0,0,0.0,0,0,0,0,0,"2,1",,,,,,,,,,,,,2,0,0,0,0,0,0,0,0,0,0,0,0,0,0,0,0,0,0,0,,0,,0,,0,,0,,0,0,,0
240,241,0,0,0,0,0,0,0,0,0,0,0,0,0,0,0.0,,,,0,0.0,0,0,0,0,0,0,0,0,0,0,0.0,0,0,0,0,0,"1,2",,,,,,,,,,,,,2,0,0,0,0,0,0,0,0,0,0,0,0,0,0,0,0,0,0,0,,0,,0,,0,,0,,0,0,,0
241,242,0,0,0,0,0,0,0,0,0,0,0,0,0,0,0.0,,,,0,0.0,0,0,0,0,0,0,0,0,0,0,0.0,0,0,0,0,0,"1,2",,,,,,,,,,,,,2,0,0,0,0,0,0,0,0,0,0,0,0,0,0,0,0,0,0,0,,0,,0,,0,,0,,0,0,,0
242,243,0,0,0,0,0,0,0,0,0,0,0,0,0,0,0.0,,,,0,0.0,0,0,0,0,0,0,0,0,0,0,0.0,0,0,0,0,0,"2,1",,,,,,,,,,,,,2,0,0,0,0,0,0,0,0,0,0,0,0,0,0,0,0,0,0,0,,0,,0,,0,,0,,0,0,,0
243,244,0,0,0,0,0,0,0,0,0,0,0,0,0,0,0.0,,,,0,0.0,0,0,0,0,0,0,0,0,0,0,0.0,0,0,0,0,0,"1,2",,,,,,,,,,,,,2,0,0,0,0,0,0,0,0,0,0,0,0,0,0,0,0,0,0,0,,0,,0,,0,,0,,0,0,,0
244,245,0,0,0,0,0,0,0,0,0,0,0,0,0,0,0.0,,,,0,0.0,0,0,0,0,0,0,0,0,0,0,0.0,0,0,0,0,0,"1,2",,,,,,,,,,,,,2,0,0,0,0,0,0,0,0,0,0,0,0,0,0,0,0,0,0,0,,0,,0,,0,,0,,0,0,,0
245,246,0,0,0,0,0,0,0,0,0,0,0,0,0,0,0.0,,,,0,0.0,0,0,0,0,0,0,0,0,0,0,0.0,0,0,0,0,0,"2,1",,,,,,,,,,,,,2,0,0,0,0,0,0,0,0,0,0,0,0,0,0,0,0,0,0,0,,0,,0,,0,,0,,0,0,,0
246,247,0,0,0,0,0,0,0,0,0,0,0,0,0,0,0.0,,,,0,0.0,0,0,0,0,0,0,0,0,0,0,0.0,0,0,0,0,0,"1,2",,,,,,,,,,,,,2,0,0,0,0,0,0,0,0,0,0,0,0,0,0,0,0,0,0,0,,0,,0,,0,,0,,0,0,,0
247,248,0,0,0,0,0,0,0,0,0,0,0,0,0,0,0.0,,,,0,0.0,0,0,0,0,0,0,0,0,0,0,0.0,0,0,0,0,0,"1,2",,,,,,,,,,,,,2,0,0,0,0,0,0,0,0,0,0,0,0,0,0,0,0,0,0,0,,0,,0,,0,,0,,0,0,,0
248,249,0,0,0,0,0,0,0,0,0,0,0,0,0,0,0.0,,,,0,0.0,0,0,0,0,0,0,0,0,0,0,0.0,0,0,0,0,0,"2,1",,,,,,,,,,,,,2,0,0,0,0,0,0,0,0,0,0,0,0,0,0,0,0,0,0,0,,0,,0,,0,,0,,0,0,,0
249,250,0,0,0,0,0,0,0,0,0,0,0,0,0,0,0.0,,,,0,0.0,0,0,0,0,0,0,0,0,0,0,0.0,0,0,0,0,0,"2,1",,,,,,,,,,,,,2,0,0,0,0,0,0,0,0,0,0,0,0,0,0,0,0,0,0,0,,0,,0,,0,,0,,0,0,,0
250,251,0,0,0,0,0,0,0,0,0,0,0,0,0,0,0.0,,,,0,0.0,0,0,0,0,0,0,0,0,0,0,0.0,0,0,0,0,0,"1,2",,,,,,,,,,,,,2,0,0,0,0,0,0,0,0,0,0,0,0,0,0,0,0,0,0,0,,0,,0,,0,,0,,0,0,,0
251,252,0,0,0,0,0,0,0,0,0,0,0,0,0,0,0.0,,,,0,0.0,0,0,0,0,0,0,0,0,0,0,0.0,0,0,0,0,0,"1,2",,,,,,,,,,,,,2,0,0,0,0,0,0,0,0,0,0,0,0,0,0,0,0,0,0,0,,0,,0,,0,,0,,0,0,,0
252,253,0,0,0,0,0,0,0,0,0,0,0,0,0,0,0.0,,,,0,0.0,0,0,0,0,0,0,0,0,0,0,0.0,0,0,0,0,0,"1,2",,,,,,,,,,,,,2,0,0,0,0,0,0,0,0,0,0,0,0,0,0,0,0,0,0,0,,0,,0,,0,,0,,0,0,,0
253,254,0,0,0,0,0,0,0,0,0,0,0,0,0,0,0.0,,,,0,0.0,0,0,0,0,0,0,0,0,0,0,0.0,0,0,0,0,0,"2,1",,,,,,,,,,,,,2,0,0,0,0,0,0,0,0,0,0,0,0,0,0,0,0,0,0,0,,0,,0,,0,,0,,0,0,,0
254,255,0,0,0,0,0,0,0,0,0,0,0,0,0,0,0.0,,,,0,0.0,0,0,0,0,0,0,0,0,0,0,0.0,0,0,0,0,0,"2,1",,,,,,,,,,,,,2,0,0,0,0,0,0,0,0,0,0,0,0,0,0,0,0,0,0,0,,0,,0,,0,,0,,0,0,,0
255,256,0,0,0,0,0,0,0,0,0,0,0,0,0,0,0.0,,,,0,0.0,0,0,0,0,0,0,0,0,0,0,0.0,0,0,0,0,0,"1,2",,,,,,,,,,,,,2,0,0,0,0,0,0,0,0,0,0,0,0,0,0,0,0,0,0,0,,0,,0,,0,,0,,0,0,,0
256,257,0,0,0,0,0,0,0,0,0,0,0,0,0,0,0.0,,,,0,0.0,0,0,0,0,0,0,0,0,0,0,0.0,0,0,0,0,0,"2,1",,,,,,,,,,,,,2,0,0,0,0,0,0,0,0,0,0,0,0,0,0,0,0,0,0,0,,0,,0,,0,,0,,0,0,,0
257,258,0,0,0,0,0,0,0,0,0,0,0,0,0,0,0.0,,,,0,0.0,0,0,0,0,0,0,0,0,0,0,0.0,0,0,0,0,0,"2,1",,,,,,,,,,,,,2,0,0,0,0,0,0,0,0,0,0,0,0,0,0,0,0,0,0,0,,0,,0,,0,,0,,0,0,,0
258,259,0,0,0,0,0,0,0,0,0,0,0,0,0,0,0.0,,,,0,0.0,0,0,0,0,0,0,0,0,0,0,0.0,0,0,0,0,0,"2,1",,,,,,,,,,,,,2,0,0,0,0,0,0,0,0,0,0,0,0,0,0,0,0,0,0,0,,0,,0,,0,,0,,0,0,,0
259,260,0,0,0,0,0,0,0,0,0,0,0,0,0,0,0.0,,,,0,0.0,0,0,0,0,0,0,0,0,0,0,0.0,0,0,0,0,0,"2,1",,,,,,,,,,,,,2,0,0,0,0,0,0,0,0,0,0,0,0,0,0,0,0,0,0,0,,0,,0,,0,,0,,0,0,,0
260,261,0,0,0,0,0,0,0,0,0,0,0,0,0,0,0.0,,,,0,0.0,0,0,0,0,0,0,0,0,0,0,0.0,0,0,0,0,0,"1,2",,,,,,,,,,,,,2,0,0,0,0,0,0,0,0,0,0,0,0,0,0,0,0,0,0,0,,0,,0,,0,,0,,0,0,,0
261,262,0,0,0,0,0,0,0,0,0,0,0,0,0,0,0.0,,,,0,0.0,0,0,0,0,0,0,0,0,0,0,0.0,0,0,0,0,0,"1,2",,,,,,,,,,,,,2,0,0,0,0,0,0,0,0,0,0,0,0,0,0,0,0,0,0,0,,0,,0,,0,,0,,0,0,,0
262,263,0,0,0,0,0,0,0,0,0,0,0,0,0,0,0.0,,,,0,0.0,0,0,0,0,0,0,0,0,0,0,0.0,0,0,0,0,0,"1,2",,,,,,,,,,,,,2,0,0,0,0,0,0,0,0,0,0,0,0,0,0,0,0,0,0,0,,0,,0,,0,,0,,0,0,,0
263,264,0,0,0,0,0,0,0,0,0,0,0,0,0,0,0.0,,,,0,0.0,0,0,0,0,0,0,0,0,0,0,0.0,0,0,0,0,0,"2,1",,,,,,,,,,,,,2,0,0,0,0,0,0,0,0,0,0,0,0,0,0,0,0,0,0,0,,0,,0,,0,,0,,0,0,,0
264,265,0,0,0,0,0,0,0,0,0,0,0,0,0,0,0.0,,,,0,0.0,0,0,0,0,0,0,0,0,0,0,0.0,0,0,0,0,0,"1,2",,,,,,,,,,,,,2,0,0,0,0,0,0,0,0,0,0,0,0,0,0,0,0,0,0,0,,0,,0,,0,,0,,0,0,,0
265,266,0,0,0,0,0,0,0,0,0,0,0,0,0,0,0.0,,,,0,0.0,0,0,0,0,0,0,0,0,0,0,0.0,0,0,0,0,0,"1,2",,,,,,,,,,,,,2,0,0,0,0,0,0,0,0,0,0,0,0,0,0,0,0,0,0,0,,0,,0,,0,,0,,0,0,,0
266,267,0,0,0,0,0,0,0,0,0,0,0,0,0,0,0.0,,,,0,0.0,0,0,0,0,0,0,0,0,0,0,0.0,0,0,0,0,0,"1,2",,,,,,,,,,,,,2,0,0,0,0,0,0,0,0,0,0,0,0,0,0,0,0,0,0,0,,0,,0,,0,,0,,0,0,,0
267,268,0,0,0,0,0,0,0,0,0,0,0,0,0,0,0.0,,,,0,0.0,0,0,0,0,0,0,0,0,0,0,0.0,0,0,0,0,0,"2,1",,,,,,,,,,,,,2,0,0,0,0,0,0,0,0,0,0,0,0,0,0,0,0,0,0,0,,0,,0,,0,,0,,0,0,,0
268,269,0,0,0,0,0,0,0,0,0,0,0,0,0,0,0.0,,,,0,0.0,0,0,0,0,0,0,0,0,0,0,0.0,0,0,0,0,0,"2,1",,,,,,,,,,,,,2,0,0,0,0,0,0,0,0,0,0,0,0,0,0,0,0,0,0,0,,0,,0,,0,,0,,0,0,,0
269,270,0,0,0,0,0,0,0,0,0,0,0,0,0,0,0.0,,,,0,0.0,0,0,0,0,0,0,0,0,0,0,0.0,0,0,0,0,0,"2,1",,,,,,,,,,,,,2,0,0,0,0,0,0,0,0,0,0,0,0,0,0,0,0,0,0,0,,0,,0,,0,,0,,0,0,,0
270,271,0,0,0,0,0,0,0,0,0,0,0,0,0,0,0.0,,,,0,0.0,0,0,0,0,0,0,0,0,0,0,0.0,0,0,0,0,0,"1,2",,,,,,,,,,,,,2,0,0,0,0,0,0,0,0,0,0,0,0,0,0,0,0,0,0,0,,0,,0,,0,,0,,0,0,,0
271,272,0,0,0,0,0,0,0,0,0,0,0,0,0,0,0.0,,,,0,0.0,0,0,0,0,0,0,0,0,0,0,0.0,0,0,0,0,0,"1,2",,,,,,,,,,,,,2,0,0,0,0,0,0,0,0,0,0,0,0,0,0,0,0,0,0,0,,0,,0,,0,,0,,0,0,,0
272,273,0,0,0,0,0,0,0,0,0,0,0,0,0,0,0.0,,,,0,0.0,0,0,0,0,0,0,0,0,0,0,0.0,0,0,0,0,0,"1,2",,,,,,,,,,,,,2,0,0,0,0,0,0,0,0,0,0,0,0,0,0,0,0,0,0,0,,0,,0,,0,,0,,0,0,,0
273,274,0,0,0,0,0,0,0,0,0,0,0,0,0,0,0.0,,,,0,0.0,0,0,0,0,0,0,0,0,0,0,0.0,0,0,0,0,0,"2,1",,,,,,,,,,,,,2,0,0,0,0,0,0,0,0,0,0,0,0,0,0,0,0,0,0,0,,0,,0,,0,,0,,0,0,,0
274,275,0,0,0,0,0,0,0,0,0,0,0,0,0,0,0.0,,,,0,0.0,0,0,0,0,0,0,0,0,0,0,0.0,0,0,0,0,0,"2,1",,,,,,,,,,,,,2,0,0,0,0,0,0,0,0,0,0,0,0,0,0,0,0,0,0,0,,0,,0,,0,,0,,0,0,,0
275,276,0,0,0,0,0,0,0,0,0,0,0,0,0,0,0.0,,,,0,0.0,0,0,0,0,0,0,0,0,0,0,0.0,0,0,0,0,0,"1,2",,,,,,,,,,,,,2,0,0,0,0,0,0,0,0,0,0,0,0,0,0,0,0,0,0,0,,0,,0,,0,,0,,0,0,,0
276,277,0,0,0,0,0,0,0,0,0,0,0,0,0,0,0.0,,,,0,0.0,0,0,0,0,0,0,0,0,0,0,0.0,0,0,0,0,0,"1,2",,,,,,,,,,,,,2,0,0,0,0,0,0,0,0,0,0,0,0,0,0,0,0,0,0,0,,0,,0,,0,,0,,0,0,,0
277,278,0,0,0,0,0,0,0,0,0,0,0,0,0,0,0.0,,,,0,0.0,0,0,0,0,0,0,0,0,0,0,0.0,0,0,0,0,0,"2,1",,,,,,,,,,,,,2,0,0,0,0,0,0,0,0,0,0,0,0,0,0,0,0,0,0,0,,0,,0,,0,,0,,0,0,,0
278,279,0,0,0,0,0,0,0,0,0,0,0,0,0,0,0.0,,,,0,0.0,0,0,0,0,0,0,0,0,0,0,0.0,0,0,0,0,0,"2,1",,,,,,,,,,,,,2,0,0,0,0,0,0,0,0,0,0,0,0,0,0,0,0,0,0,0,,0,,0,,0,,0,,0,0,,0
279,280,0,0,0,0,0,0,0,0,0,0,0,0,0,0,0.0,,,,0,0.0,0,0,0,0,0,0,0,0,0,0,0.0,0,0,0,0,0,"1,2",,,,,,,,,,,,,2,0,0,0,0,0,0,0,0,0,0,0,0,0,0,0,0,0,0,0,,0,,0,,0,,0,,0,0,,0
280,281,0,0,0,0,0,0,0,0,0,0,0,0,0,0,0.0,,,,0,0.0,0,0,0,0,0,0,0,0,0,0,0.0,0,0,0,0,0,"2,1",,,,,,,,,,,,,2,0,0,0,0,0,0,0,0,0,0,0,0,0,0,0,0,0,0,0,,0,,0,,0,,0,,0,0,,0
281,282,0,0,0,0,0,0,0,0,0,0,0,0,0,0,0.0,,,,0,0.0,0,0,0,0,0,0,0,0,0,0,0.0,0,0,0,0,0,"2,1",,,,,,,,,,,,,2,0,0,0,0,0,0,0,0,0,0,0,0,0,0,0,0,0,0,0,,0,,0,,0,,0,,0,0,,0
282,283,0,0,0,0,0,0,0,0,0,0,0,0,0,0,0.0,,,,0,0.0,0,0,0,0,0,0,0,0,0,0,0.0,0,0,0,0,0,"2,1",,,,,,,,,,,,,2,0,0,0,0,0,0,0,0,0,0,0,0,0,0,0,0,0,0,0,,0,,0,,0,,0,,0,0,,0
283,284,0,0,0,0,0,0,0,0,0,0,0,0,0,0,0.0,,,,0,0.0,0,0,0,0,0,0,0,0,0,0,0.0,0,0,0,0,0,"2,1",,,,,,,,,,,,,2,0,0,0,0,0,0,0,0,0,0,0,0,0,0,0,0,0,0,0,,0,,0,,0,,0,,0,0,,0
284,285,0,0,0,0,0,0,0,0,0,0,0,0,0,0,0.0,,,,0,0.0,0,0,0,0,0,0,0,0,0,0,0.0,0,0,0,0,0,"2,1",,,,,,,,,,,,,2,0,0,0,0,0,0,0,0,0,0,0,0,0,0,0,0,0,0,0,,0,,0,,0,,0,,0,0,,0
285,286,0,0,0,0,0,0,0,0,0,0,0,0,0,0,0.0,,,,0,0.0,0,0,0,0,0,0,0,0,0,0,0.0,0,0,0,0,0,"2,1",,,,,,,,,,,,,2,0,0,0,0,0,0,0,0,0,0,0,0,0,0,0,0,0,0,0,,0,,0,,0,,0,,0,0,,0
286,287,0,0,0,0,0,0,0,0,0,0,0,0,0,0,0.0,,,,0,0.0,0,0,0,0,0,0,0,0,0,0,0.0,0,0,0,0,0,"2,1",,,,,,,,,,,,,2,0,0,0,0,0,0,0,0,0,0,0,0,0,0,0,0,0,0,0,,0,,0,,0,,0,,0,0,,0
287,288,0,0,0,0,0,0,0,0,0,0,0,0,0,0,0.0,,,,0,0.0,0,0,0,0,0,0,0,0,0,0,0.0,0,0,0,0,0,"2,1",,,,,,,,,,,,,2,0,0,0,0,0,0,0,0,0,0,0,0,0,0,0,0,0,0,0,,0,,0,,0,,0,,0,0,,0
288,289,0,0,0,0,0,0,0,0,0,0,0,0,0,0,0.0,,,,0,0.0,0,0,0,0,0,0,0,0,0,0,0.0,0,0,0,0,0,"2,1",,,,,,,,,,,,,2,0,0,0,0,0,0,0,0,0,0,0,0,0,0,0,0,0,0,0,,0,,0,,0,,0,,0,0,,0
289,290,0,0,0,0,0,0,0,0,0,0,0,0,0,0,0.0,,,,0,0.0,0,0,0,0,0,0,0,0,0,0,0.0,0,0,0,0,0,"1,2",,,,,,,,,,,,,2,0,0,0,0,0,0,0,0,0,0,0,0,0,0,0,0,0,0,0,,0,,0,,0,,0,,0,0,,0
290,291,0,0,0,0,0,0,0,0,0,0,0,0,0,0,0.0,,,,0,0.0,0,0,0,0,0,0,0,0,0,0,0.0,0,0,0,0,0,"2,1",,,,,,,,,,,,,2,0,0,0,0,0,0,0,0,0,0,0,0,0,0,0,0,0,0,0,,0,,0,,0,,0,,0,0,,0
291,292,0,0,0,0,0,0,0,0,0,0,0,0,0,0,0.0,,,,0,0.0,0,0,0,0,0,0,0,0,0,0,0.0,0,0,0,0,0,"1,2",,,,,,,,,,,,,2,0,0,0,0,0,0,0,0,0,0,0,0,0,0,0,0,0,0,0,,0,,0,,0,,0,,0,0,,0
292,293,0,0,0,0,0,0,0,0,0,0,0,0,0,0,0.0,,,,0,0.0,0,0,0,0,0,0,0,0,0,0,0.0,0,0,0,0,0,"1,2",,,,,,,,,,,,,2,0,0,0,0,0,0,0,0,0,0,0,0,0,0,0,0,0,0,0,,0,,0,,0,,0,,0,0,,0
293,294,0,0,0,0,0,0,0,0,0,0,0,0,0,0,0.0,,,,0,0.0,0,0,0,0,0,0,0,0,0,0,0.0,0,0,0,0,0,"2,1",,,,,,,,,,,,,2,0,0,0,0,0,0,0,0,0,0,0,0,0,0,0,0,0,0,0,,0,,0,,0,,0,,0,0,,0
294,295,0,0,0,0,0,0,0,0,0,0,0,0,0,0,0.0,,,,0,0.0,0,0,0,0,0,0,0,0,0,0,0.0,0,0,0,0,0,"2,1",,,,,,,,,,,,,2,0,0,0,0,0,0,0,0,0,0,0,0,0,0,0,0,0,0,0,,0,,0,,0,,0,,0,0,,0
295,296,0,0,0,0,0,0,0,0,0,0,0,0,0,0,0.0,,,,0,0.0,0,0,0,0,0,0,0,0,0,0,0.0,0,0,0,0,0,"2,1",,,,,,,,,,,,,2,0,0,0,0,0,0,0,0,0,0,0,0,0,0,0,0,0,0,0,,0,,0,,0,,0,,0,0,,0
296,297,0,0,0,0,0,0,0,0,0,0,0,0,0,0,0.0,,,,0,0.0,0,0,0,0,0,0,0,0,0,0,0.0,0,0,0,0,0,"1,2",,,,,,,,,,,,,2,0,0,0,0,0,0,0,0,0,0,0,0,0,0,0,0,0,0,0,,0,,0,,0,,0,,0,0,,0
297,298,0,0,0,0,0,0,0,0,0,0,0,0,0,0,0.0,,,,0,0.0,0,0,0,0,0,0,0,0,0,0,0.0,0,0,0,0,0,"2,1",,,,,,,,,,,,,2,0,0,0,0,0,0,0,0,0,0,0,0,0,0,0,0,0,0,0,,0,,0,,0,,0,,0,0,,0
298,299,0,0,0,0,0,0,0,0,0,0,0,0,0,0,0.0,,,,0,0.0,0,0,0,0,0,0,0,0,0,0,0.0,0,0,0,0,0,"2,1",,,,,,,,,,,,,2,0,0,0,0,0,0,0,0,0,0,0,0,0,0,0,0,0,0,0,,0,,0,,0,,0,,0,0,,0
299,300,0,0,0,0,0,0,0,0,0,0,0,0,0,0,0.0,,,,0,0.0,0,0,0,0,0,0,0,0,0,0,0.0,0,0,0,0,0,"1,2",,,,,,,,,,,,,2,0,0,0,0,0,0,0,0,0,0,0,0,0,0,0,0,0,0,0,,0,,0,,0,,0,,0,0,,0
300,301,0,0,0,0,0,0,0,0,0,0,0,0,0,0,0.0,,,,0,0.0,0,0,0,0,0,0,0,0,0,0,0.0,0,0,0,0,0,"2,1",,,,,,,,,,,,,2,0,0,0,0,0,0,0,0,0,0,0,0,0,0,0,0,0,0,0,,0,,0,,0,,0,,0,0,,0
301,302,0,0,0,0,0,0,0,0,0,0,0,0,0,0,0.0,,,,0,0.0,0,0,0,0,0,0,0,0,0,0,0.0,0,0,0,0,0,"2,1",,,,,,,,,,,,,2,0,0,0,0,0,0,0,0,0,0,0,0,0,0,0,0,0,0,0,,0,,0,,0,,0,,0,0,,0
302,303,0,0,0,0,0,0,0,0,0,0,0,0,0,0,0.0,,,,0,0.0,0,0,0,0,0,0,0,0,0,0,0.0,0,0,0,0,0,"1,2",,,,,,,,,,,,,2,0,0,0,0,0,0,0,0,0,0,0,0,0,0,0,0,0,0,0,,0,,0,,0,,0,,0,0,,0
303,304,0,0,0,0,0,0,0,0,0,0,0,0,0,0,0.0,,,,0,0.0,0,0,0,0,0,0,0,0,0,0,0.0,0,0,0,0,0,"2,1",,,,,,,,,,,,,2,0,0,0,0,0,0,0,0,0,0,0,0,0,0,0,0,0,0,0,,0,,0,,0,,0,,0,0,,0
304,305,0,0,0,0,0,0,0,0,0,0,0,0,0,0,0.0,,,,0,0.0,0,0,0,0,0,0,0,0,0,0,0.0,0,0,0,0,0,"2,1",,,,,,,,,,,,,2,0,0,0,0,0,0,0,0,0,0,0,0,0,0,0,0,0,0,0,,0,,0,,0,,0,,0,0,,0
305,306,0,0,0,0,0,0,0,0,0,0,0,0,0,0,0.0,,,,0,0.0,0,0,0,0,0,0,0,0,0,0,0.0,0,0,0,0,0,"1,2",,,,,,,,,,,,,2,0,0,0,0,0,0,0,0,0,0,0,0,0,0,0,0,0,0,0,,0,,0,,0,,0,,0,0,,0
306,307,0,0,0,0,0,0,0,0,0,0,0,0,0,0,0.0,,,,0,0.0,0,0,0,0,0,0,0,0,0,0,0.0,0,0,0,0,0,"1,2",,,,,,,,,,,,,2,0,0,0,0,0,0,0,0,0,0,0,0,0,0,0,0,0,0,0,,0,,0,,0,,0,,0,0,,0
307,308,0,0,0,0,0,0,0,0,0,0,0,0,0,0,0.0,,,,0,0.0,0,0,0,0,0,0,0,0,0,0,0.0,0,0,0,0,0,"2,1",,,,,,,,,,,,,2,0,0,0,0,0,0,0,0,0,0,0,0,0,0,0,0,0,0,0,,0,,0,,0,,0,,0,0,,0
308,309,0,0,0,0,0,0,0,0,0,0,0,0,0,0,0.0,,,,0,0.0,0,0,0,0,0,0,0,0,0,0,0.0,0,0,0,0,0,"2,1",,,,,,,,,,,,,2,0,0,0,0,0,0,0,0,0,0,0,0,0,0,0,0,0,0,0,,0,,0,,0,,0,,0,0,,0
309,310,0,0,0,0,0,0,0,0,0,0,0,0,0,0,0.0,,,,0,0.0,0,0,0,0,0,0,0,0,0,0,0.0,0,0,0,0,0,"2,1",,,,,,,,,,,,,2,0,0,0,0,0,0,0,0,0,0,0,0,0,0,0,0,0,0,0,,0,,0,,0,,0,,0,0,,0
310,311,0,0,0,0,0,0,0,0,0,0,0,0,0,0,0.0,,,,0,0.0,0,0,0,0,0,0,0,0,0,0,0.0,0,0,0,0,0,"1,2",,,,,,,,,,,,,2,0,0,0,0,0,0,0,0,0,0,0,0,0,0,0,0,0,0,0,,0,,0,,0,,0,,0,0,,0
311,312,0,0,0,0,0,0,0,0,0,0,0,0,0,0,0.0,,,,0,0.0,0,0,0,0,0,0,0,0,0,0,0.0,0,0,0,0,0,"1,2",,,,,,,,,,,,,2,0,0,0,0,0,0,0,0,0,0,0,0,0,0,0,0,0,0,0,,0,,0,,0,,0,,0,0,,0
312,313,0,0,0,0,0,0,0,0,0,0,0,0,0,0,0.0,,,,0,0.0,0,0,0,0,0,0,0,0,0,0,0.0,0,0,0,0,0,"2,1",,,,,,,,,,,,,2,0,0,0,0,0,0,0,0,0,0,0,0,0,0,0,0,0,0,0,,0,,0,,0,,0,,0,0,,0
313,314,0,0,0,0,0,0,0,0,0,0,0,0,0,0,0.0,,,,0,0.0,0,0,0,0,0,0,0,0,0,0,0.0,0,0,0,0,0,"2,1",,,,,,,,,,,,,2,0,0,0,0,0,0,0,0,0,0,0,0,0,0,0,0,0,0,0,,0,,0,,0,,0,,0,0,,0
314,315,0,0,0,0,0,0,0,0,0,0,0,0,0,0,0.0,,,,0,0.0,0,0,0,0,0,0,0,0,0,0,0.0,0,0,0,0,0,"1,2",,,,,,,,,,,,,2,0,0,0,0,0,0,0,0,0,0,0,0,0,0,0,0,0,0,0,,0,,0,,0,,0,,0,0,,0
315,316,0,0,0,0,0,0,0,0,0,0,0,0,0,0,0.0,,,,0,0.0,0,0,0,0,0,0,0,0,0,0,0.0,0,0,0,0,0,"2,1",,,,,,,,,,,,,2,0,0,0,0,0,0,0,0,0,0,0,0,0,0,0,0,0,0,0,,0,,0,,0,,0,,0,0,,0
316,317,0,0,0,0,0,0,0,0,0,0,0,0,0,0,0.0,,,,0,0.0,0,0,0,0,0,0,0,0,0,0,0.0,0,0,0,0,0,"1,2",,,,,,,,,,,,,2,0,0,0,0,0,0,0,0,0,0,0,0,0,0,0,0,0,0,0,,0,,0,,0,,0,,0,0,,0
317,318,0,0,0,0,0,0,0,0,0,0,0,0,0,0,0.0,,,,0,0.0,0,0,0,0,0,0,0,0,0,0,0.0,0,0,0,0,0,"1,2",,,,,,,,,,,,,2,0,0,0,0,0,0,0,0,0,0,0,0,0,0,0,0,0,0,0,,0,,0,,0,,0,,0,0,,0
318,319,0,0,0,0,0,0,0,0,0,0,0,0,0,0,0.0,,,,0,0.0,0,0,0,0,0,0,0,0,0,0,0.0,0,0,0,0,0,"2,1",,,,,,,,,,,,,2,0,0,0,0,0,0,0,0,0,0,0,0,0,0,0,0,0,0,0,,0,,0,,0,,0,,0,0,,0
319,320,0,0,0,0,0,0,0,0,0,0,0,0,0,0,0.0,,,,0,0.0,0,0,0,0,0,0,0,0,0,0,0.0,0,0,0,0,0,"1,2",,,,,,,,,,,,,2,0,0,0,0,0,0,0,0,0,0,0,0,0,0,0,0,0,0,0,,0,,0,,0,,0,,0,0,,0
320,321,0,0,0,0,0,0,0,0,0,0,0,0,0,0,0.0,,,,0,0.0,0,0,0,0,0,0,0,0,0,0,0.0,0,0,0,0,0,"2,1",,,,,,,,,,,,,2,0,0,0,0,0,0,0,0,0,0,0,0,0,0,0,0,0,0,0,,0,,0,,0,,0,,0,0,,0
321,322,0,0,0,0,0,0,0,0,0,0,0,0,0,0,0.0,,,,0,0.0,0,0,0,0,0,0,0,0,0,0,0.0,0,0,0,0,0,"2,1",,,,,,,,,,,,,2,0,0,0,0,0,0,0,0,0,0,0,0,0,0,0,0,0,0,0,,0,,0,,0,,0,,0,0,,0
322,323,0,0,0,0,0,0,0,0,0,0,0,0,0,0,0.0,,,,0,0.0,0,0,0,0,0,0,0,0,0,0,0.0,0,0,0,0,0,"1,2",,,,,,,,,,,,,2,0,0,0,0,0,0,0,0,0,0,0,0,0,0,0,0,0,0,0,,0,,0,,0,,0,,0,0,,0
323,324,0,0,0,0,0,0,0,0,0,0,0,0,0,0,0.0,,,,0,0.0,0,0,0,0,0,0,0,0,0,0,0.0,0,0,0,0,0,"1,2",,,,,,,,,,,,,2,0,0,0,0,0,0,0,0,0,0,0,0,0,0,0,0,0,0,0,,0,,0,,0,,0,,0,0,,0
324,325,0,0,0,0,0,0,0,0,0,0,0,0,0,0,0.0,,,,0,0.0,0,0,0,0,0,0,0,0,0,0,0.0,0,0,0,0,0,"2,1",,,,,,,,,,,,,2,0,0,0,0,0,0,0,0,0,0,0,0,0,0,0,0,0,0,0,,0,,0,,0,,0,,0,0,,0
325,326,0,0,0,0,0,0,0,0,0,0,0,0,0,0,0.0,,,,0,0.0,0,0,0,0,0,0,0,0,0,0,0.0,0,0,0,0,0,"1,2",,,,,,,,,,,,,2,0,0,0,0,0,0,0,0,0,0,0,0,0,0,0,0,0,0,0,,0,,0,,0,,0,,0,0,,0
326,327,0,0,0,0,0,0,0,0,0,0,0,0,0,0,0.0,,,,0,0.0,0,0,0,0,0,0,0,0,0,0,0.0,0,0,0,0,0,"1,2",,,,,,,,,,,,,2,0,0,0,0,0,0,0,0,0,0,0,0,0,0,0,0,0,0,0,,0,,0,,0,,0,,0,0,,0
327,328,0,0,0,0,0,0,0,0,0,0,0,0,0,0,0.0,,,,0,0.0,0,0,0,0,0,0,0,0,0,0,0.0,0,0,0,0,0,"2,1",,,,,,,,,,,,,2,0,0,0,0,0,0,0,0,0,0,0,0,0,0,0,0,0,0,0,,0,,0,,0,,0,,0,0,,0
328,329,0,0,0,0,0,0,0,0,0,0,0,0,0,0,0.0,,,,0,0.0,0,0,0,0,0,0,0,0,0,0,0.0,0,0,0,0,0,"2,1",,,,,,,,,,,,,2,0,0,0,0,0,0,0,0,0,0,0,0,0,0,0,0,0,0,0,,0,,0,,0,,0,,0,0,,0
329,330,0,0,0,0,0,0,0,0,0,0,0,0,0,0,0.0,,,,0,0.0,0,0,0,0,0,0,0,0,0,0,0.0,0,0,0,0,0,"1,2",,,,,,,,,,,,,2,0,0,0,0,0,0,0,0,0,0,0,0,0,0,0,0,0,0,0,,0,,0,,0,,0,,0,0,,0
330,331,0,0,0,0,0,0,0,0,0,0,0,0,0,0,0.0,,,,0,0.0,0,0,0,0,0,0,0,0,0,0,0.0,0,0,0,0,0,"2,1",,,,,,,,,,,,,2,0,0,0,0,0,0,0,0,0,0,0,0,0,0,0,0,0,0,0,,0,,0,,0,,0,,0,0,,0
331,332,0,0,0,0,0,0,0,0,0,0,0,0,0,0,0.0,,,,0,0.0,0,0,0,0,0,0,0,0,0,0,0.0,0,0,0,0,0,"2,1",,,,,,,,,,,,,2,0,0,0,0,0,0,0,0,0,0,0,0,0,0,0,0,0,0,0,,0,,0,,0,,0,,0,0,,0
332,333,0,0,0,0,0,0,0,0,0,0,0,0,0,0,0.0,,,,0,0.0,0,0,0,0,0,0,0,0,0,0,0.0,0,0,0,0,0,"2,1",,,,,,,,,,,,,2,0,0,0,0,0,0,0,0,0,0,0,0,0,0,0,0,0,0,0,,0,,0,,0,,0,,0,0,,0
333,334,0,0,0,0,0,0,0,0,0,0,0,0,0,0,0.0,,,,0,0.0,0,0,0,0,0,0,0,0,0,0,0.0,0,0,0,0,0,"2,1",,,,,,,,,,,,,2,0,0,0,0,0,0,0,0,0,0,0,0,0,0,0,0,0,0,0,,0,,0,,0,,0,,0,0,,0
334,335,0,0,0,0,0,0,0,0,0,0,0,0,0,0,0.0,,,,0,0.0,0,0,0,0,0,0,0,0,0,0,0.0,0,0,0,0,0,"2,1",,,,,,,,,,,,,2,0,0,0,0,0,0,0,0,0,0,0,0,0,0,0,0,0,0,0,,0,,0,,0,,0,,0,0,,0
335,336,0,0,0,0,0,0,0,0,0,0,0,0,0,0,0.0,,,,0,0.0,0,0,0,0,0,0,0,0,0,0,0.0,0,0,0,0,0,"2,1",,,,,,,,,,,,,2,0,0,0,0,0,0,0,0,0,0,0,0,0,0,0,0,0,0,0,,0,,0,,0,,0,,0,0,,0
336,337,0,0,0,0,0,0,0,0,0,0,0,0,0,0,0.0,,,,0,0.0,0,0,0,0,0,0,0,0,0,0,0.0,0,0,0,0,0,"2,1",,,,,,,,,,,,,2,0,0,0,0,0,0,0,0,0,0,0,0,0,0,0,0,0,0,0,,0,,0,,0,,0,,0,0,,0
337,338,0,0,0,0,0,0,0,0,0,0,0,0,0,0,0.0,,,,0,0.0,0,0,0,0,0,0,0,0,0,0,0.0,0,0,0,0,0,"2,1",,,,,,,,,,,,,2,0,0,0,0,0,0,0,0,0,0,0,0,0,0,0,0,0,0,0,,0,,0,,0,,0,,0,0,,0
338,339,0,0,0,0,0,0,0,0,0,0,0,0,0,0,0.0,,,,0,0.0,0,0,0,0,0,0,0,0,0,0,0.0,0,0,0,0,0,"1,2",,,,,,,,,,,,,2,0,0,0,0,0,0,0,0,0,0,0,0,0,0,0,0,0,0,0,,0,,0,,0,,0,,0,0,,0
339,340,0,0,0,0,0,0,0,0,0,0,0,0,0,0,0.0,,,,0,0.0,0,0,0,0,0,0,0,0,0,0,0.0,0,0,0,0,0,"2,1",,,,,,,,,,,,,2,0,0,0,0,0,0,0,0,0,0,0,0,0,0,0,0,0,0,0,,0,,0,,0,,0,,0,0,,0
340,341,0,0,0,0,0,0,0,0,0,0,0,0,0,0,0.0,,,,0,0.0,0,0,0,0,0,0,0,0,0,0,0.0,0,0,0,0,0,"1,2",,,,,,,,,,,,,2,0,0,0,0,0,0,0,0,0,0,0,0,0,0,0,0,0,0,0,,0,,0,,0,,0,,0,0,,0
341,342,0,0,0,0,0,0,0,0,0,0,0,0,0,0,0.0,,,,0,0.0,0,0,0,0,0,0,0,0,0,0,0.0,0,0,0,0,0,"2,1",,,,,,,,,,,,,2,0,0,0,0,0,0,0,0,0,0,0,0,0,0,0,0,0,0,0,,0,,0,,0,,0,,0,0,,0
342,343,0,0,0,0,0,0,0,0,0,0,0,0,0,0,0.0,,,,0,0.0,0,0,0,0,0,0,0,0,0,0,0.0,0,0,0,0,0,"1,2",,,,,,,,,,,,,2,0,0,0,0,0,0,0,0,0,0,0,0,0,0,0,0,0,0,0,,0,,0,,0,,0,,0,0,,0
343,344,0,0,0,0,0,0,0,0,0,0,0,0,0,0,0.0,,,,0,0.0,0,0,0,0,0,0,0,0,0,0,0.0,0,0,0,0,0,"1,2",,,,,,,,,,,,,2,0,0,0,0,0,0,0,0,0,0,0,0,0,0,0,0,0,0,0,,0,,0,,0,,0,,0,0,,0
344,345,0,0,0,0,0,0,0,0,0,0,0,0,0,0,0.0,,,,0,0.0,0,0,0,0,0,0,0,0,0,0,0.0,0,0,0,0,0,"2,1",,,,,,,,,,,,,2,0,0,0,0,0,0,0,0,0,0,0,0,0,0,0,0,0,0,0,,0,,0,,0,,0,,0,0,,0
345,346,0,0,0,0,0,0,0,0,0,0,0,0,0,0,0.0,,,,0,0.0,0,0,0,0,0,0,0,0,0,0,0.0,0,0,0,0,0,"1,2",,,,,,,,,,,,,2,0,0,0,0,0,0,0,0,0,0,0,0,0,0,0,0,0,0,0,,0,,0,,0,,0,,0,0,,0
346,347,0,0,0,0,0,0,0,0,0,0,0,0,0,0,0.0,,,,0,0.0,0,0,0,0,0,0,0,0,0,0,0.0,0,0,0,0,0,"1,2",,,,,,,,,,,,,2,0,0,0,0,0,0,0,0,0,0,0,0,0,0,0,0,0,0,0,,0,,0,,0,,0,,0,0,,0
347,348,0,0,0,0,0,0,0,0,0,0,0,0,0,0,0.0,,,,0,0.0,0,0,0,0,0,0,0,0,0,0,0.0,0,0,0,0,0,"1,2",,,,,,,,,,,,,2,0,0,0,0,0,0,0,0,0,0,0,0,0,0,0,0,0,0,0,,0,,0,,0,,0,,0,0,,0
348,349,0,0,0,0,0,0,0,0,0,0,0,0,0,0,0.0,,,,0,0.0,0,0,0,0,0,0,0,0,0,0,0.0,0,0,0,0,0,"1,2",,,,,,,,,,,,,2,0,0,0,0,0,0,0,0,0,0,0,0,0,0,0,0,0,0,0,,0,,0,,0,,0,,0,0,,0
349,350,0,0,0,0,0,0,0,0,0,0,0,0,0,0,0.0,,,,0,0.0,0,0,0,0,0,0,0,0,0,0,0.0,0,0,0,0,0,"2,1",,,,,,,,,,,,,2,0,0,0,0,0,0,0,0,0,0,0,0,0,0,0,0,0,0,0,,0,,0,,0,,0,,0,0,,0
350,351,0,0,0,0,0,0,0,0,0,0,0,0,0,0,0.0,,,,0,0.0,0,0,0,0,0,0,0,0,0,0,0.0,0,0,0,0,0,"1,2",,,,,,,,,,,,,2,0,0,0,0,0,0,0,0,0,0,0,0,0,0,0,0,0,0,0,,0,,0,,0,,0,,0,0,,0
351,352,0,0,0,0,0,0,0,0,0,0,0,0,0,0,0.0,,,,0,0.0,0,0,0,0,0,0,0,0,0,0,0.0,0,0,0,0,0,"2,1",,,,,,,,,,,,,2,0,0,0,0,0,0,0,0,0,0,0,0,0,0,0,0,0,0,0,,0,,0,,0,,0,,0,0,,0
352,353,0,0,0,0,0,0,0,0,0,0,0,0,0,0,0.0,,,,0,0.0,0,0,0,0,0,0,0,0,0,0,0.0,0,0,0,0,0,"2,1",,,,,,,,,,,,,2,0,0,0,0,0,0,0,0,0,0,0,0,0,0,0,0,0,0,0,,0,,0,,0,,0,,0,0,,0
353,354,0,0,0,0,0,0,0,0,0,0,0,0,0,0,0.0,,,,0,0.0,0,0,0,0,0,0,0,0,0,0,0.0,0,0,0,0,0,"1,2",,,,,,,,,,,,,2,0,0,0,0,0,0,0,0,0,0,0,0,0,0,0,0,0,0,0,,0,,0,,0,,0,,0,0,,0
354,355,0,0,0,0,0,0,0,0,0,0,0,0,0,0,0.0,,,,0,0.0,0,0,0,0,0,0,0,0,0,0,0.0,0,0,0,0,0,"2,1",,,,,,,,,,,,,2,0,0,0,0,0,0,0,0,0,0,0,0,0,0,0,0,0,0,0,,0,,0,,0,,0,,0,0,,0
355,356,0,0,0,0,0,0,0,0,0,0,0,0,0,0,0.0,,,,0,0.0,0,0,0,0,0,0,0,0,0,0,0.0,0,0,0,0,0,"2,1",,,,,,,,,,,,,2,0,0,0,0,0,0,0,0,0,0,0,0,0,0,0,0,0,0,0,,0,,0,,0,,0,,0,0,,0
356,357,0,0,0,0,0,0,0,0,0,0,0,0,0,0,0.0,,,,0,0.0,0,0,0,0,0,0,0,0,0,0,0.0,0,0,0,0,0,"2,1",,,,,,,,,,,,,2,0,0,0,0,0,0,0,0,0,0,0,0,0,0,0,0,0,0,0,,0,,0,,0,,0,,0,0,,0
357,358,0,0,0,0,0,0,0,0,0,0,0,0,0,0,0.0,,,,0,0.0,0,0,0,0,0,0,0,0,0,0,0.0,0,0,0,0,0,"2,1",,,,,,,,,,,,,2,0,0,0,0,0,0,0,0,0,0,0,0,0,0,0,0,0,0,0,,0,,0,,0,,0,,0,0,,0
358,359,0,0,0,0,0,0,0,0,0,0,0,0,0,0,0.0,,,,0,0.0,0,0,0,0,0,0,0,0,0,0,0.0,0,0,0,0,0,"2,1",,,,,,,,,,,,,2,0,0,0,0,0,0,0,0,0,0,0,0,0,0,0,0,0,0,0,,0,,0,,0,,0,,0,0,,0
359,360,0,0,0,0,0,0,0,0,0,0,0,0,0,0,0.0,,,,0,0.0,0,0,0,0,0,0,0,0,0,0,0.0,0,0,0,0,0,"1,2",,,,,,,,,,,,,2,0,0,0,0,0,0,0,0,0,0,0,0,0,0,0,0,0,0,0,,0,,0,,0,,0,,0,0,,0
360,361,0,0,0,0,0,0,0,0,0,0,0,0,0,0,0.0,,,,0,0.0,0,0,0,0,0,0,0,0,0,0,0.0,0,0,0,0,0,"1,2",,,,,,,,,,,,,2,0,0,0,0,0,0,0,0,0,0,0,0,0,0,0,0,0,0,0,,0,,0,,0,,0,,0,0,,0
361,362,0,0,0,0,0,0,0,0,0,0,0,0,0,0,0.0,,,,0,0.0,0,0,0,0,0,0,0,0,0,0,0.0,0,0,0,0,0,"2,1",,,,,,,,,,,,,2,0,0,0,0,0,0,0,0,0,0,0,0,0,0,0,0,0,0,0,,0,,0,,0,,0,,0,0,,0
362,363,0,0,0,0,0,0,0,0,0,0,0,0,0,0,0.0,,,,0,0.0,0,0,0,0,0,0,0,0,0,0,0.0,0,0,0,0,0,"2,1",,,,,,,,,,,,,2,0,0,0,0,0,0,0,0,0,0,0,0,0,0,0,0,0,0,0,,0,,0,,0,,0,,0,0,,0
363,364,0,0,0,0,0,0,0,0,0,0,0,0,0,0,0.0,,,,0,0.0,0,0,0,0,0,0,0,0,0,0,0.0,0,0,0,0,0,"1,2",,,,,,,,,,,,,2,0,0,0,0,0,0,0,0,0,0,0,0,0,0,0,0,0,0,0,,0,,0,,0,,0,,0,0,,0
364,365,0,0,0,0,0,0,0,0,0,0,0,0,0,0,0.0,,,,0,0.0,0,0,0,0,0,0,0,0,0,0,0.0,0,0,0,0,0,"2,1",,,,,,,,,,,,,2,0,0,0,0,0,0,0,0,0,0,0,0,0,0,0,0,0,0,0,,0,,0,,0,,0,,0,0,,0
365,366,0,0,0,0,0,0,0,0,0,0,0,0,0,0,0.0,,,,0,0.0,0,0,0,0,0,0,0,0,0,0,0.0,0,0,0,0,0,"2,1",,,,,,,,,,,,,2,0,0,0,0,0,0,0,0,0,0,0,0,0,0,0,0,0,0,0,,0,,0,,0,,0,,0,0,,0
366,367,0,0,0,0,0,0,0,0,0,0,0,0,0,0,0.0,,,,0,0.0,0,0,0,0,0,0,0,0,0,0,0.0,0,0,0,0,0,"1,2",,,,,,,,,,,,,2,0,0,0,0,0,0,0,0,0,0,0,0,0,0,0,0,0,0,0,,0,,0,,0,,0,,0,0,,0
367,368,0,0,0,0,0,0,0,0,0,0,0,0,0,0,0.0,,,,0,0.0,0,0,0,0,0,0,0,0,0,0,0.0,0,0,0,0,0,"2,1",,,,,,,,,,,,,2,0,0,0,0,0,0,0,0,0,0,0,0,0,0,0,0,0,0,0,,0,,0,,0,,0,,0,0,,0
368,369,0,0,0,0,0,0,0,0,0,0,0,0,0,0,0.0,,,,0,0.0,0,0,0,0,0,0,0,0,0,0,0.0,0,0,0,0,0,"2,1",,,,,,,,,,,,,2,0,0,0,0,0,0,0,0,0,0,0,0,0,0,0,0,0,0,0,,0,,0,,0,,0,,0,0,,0
369,370,0,0,0,0,0,0,0,0,0,0,0,0,0,0,0.0,,,,0,0.0,0,0,0,0,0,0,0,0,0,0,0.0,0,0,0,0,0,"2,1",,,,,,,,,,,,,2,0,0,0,0,0,0,0,0,0,0,0,0,0,0,0,0,0,0,0,,0,,0,,0,,0,,0,0,,0
370,371,0,0,0,0,0,0,0,0,0,0,0,0,0,0,0.0,,,,0,0.0,0,0,0,0,0,0,0,0,0,0,0.0,0,0,0,0,0,"2,1",,,,,,,,,,,,,2,0,0,0,0,0,0,0,0,0,0,0,0,0,0,0,0,0,0,0,,0,,0,,0,,0,,0,0,,0
371,372,0,0,0,0,0,0,0,0,0,0,0,0,0,0,0.0,,,,0,0.0,0,0,0,0,0,0,0,0,0,0,0.0,0,0,0,0,0,"1,2",,,,,,,,,,,,,2,0,0,0,0,0,0,0,0,0,0,0,0,0,0,0,0,0,0,0,,0,,0,,0,,0,,0,0,,0
372,373,0,0,0,0,0,0,0,0,0,0,0,0,0,0,0.0,,,,0,0.0,0,0,0,0,0,0,0,0,0,0,0.0,0,0,0,0,0,"1,2",,,,,,,,,,,,,2,0,0,0,0,0,0,0,0,0,0,0,0,0,0,0,0,0,0,0,,0,,0,,0,,0,,0,0,,0
373,374,0,0,0,0,0,0,0,0,0,0,0,0,0,0,0.0,,,,0,0.0,0,0,0,0,0,0,0,0,0,0,0.0,0,0,0,0,0,"2,1",,,,,,,,,,,,,2,0,0,0,0,0,0,0,0,0,0,0,0,0,0,0,0,0,0,0,,0,,0,,0,,0,,0,0,,0
374,375,0,0,0,0,0,0,0,0,0,0,0,0,0,0,0.0,,,,0,0.0,0,0,0,0,0,0,0,0,0,0,0.0,0,0,0,0,0,"1,2",,,,,,,,,,,,,2,0,0,0,0,0,0,0,0,0,0,0,0,0,0,0,0,0,0,0,,0,,0,,0,,0,,0,0,,0
375,376,0,0,0,0,0,0,0,0,0,0,0,0,0,0,0.0,,,,0,0.0,0,0,0,0,0,0,0,0,0,0,0.0,0,0,0,0,0,"1,2",,,,,,,,,,,,,2,0,0,0,0,0,0,0,0,0,0,0,0,0,0,0,0,0,0,0,,0,,0,,0,,0,,0,0,,0
376,377,0,0,0,0,0,0,0,0,0,0,0,0,0,0,0.0,,,,0,0.0,0,0,0,0,0,0,0,0,0,0,0.0,0,0,0,0,0,"1,2",,,,,,,,,,,,,2,0,0,0,0,0,0,0,0,0,0,0,0,0,0,0,0,0,0,0,,0,,0,,0,,0,,0,0,,0
377,378,0,0,0,0,0,0,0,0,0,0,0,0,0,0,0.0,,,,0,0.0,0,0,0,0,0,0,0,0,0,0,0.0,0,0,0,0,0,"2,1",,,,,,,,,,,,,2,0,0,0,0,0,0,0,0,0,0,0,0,0,0,0,0,0,0,0,,0,,0,,0,,0,,0,0,,0
378,379,0,0,0,0,0,0,0,0,0,0,0,0,0,0,0.0,,,,0,0.0,0,0,0,0,0,0,0,0,0,0,0.0,0,0,0,0,0,"2,1",,,,,,,,,,,,,2,0,0,0,0,0,0,0,0,0,0,0,0,0,0,0,0,0,0,0,,0,,0,,0,,0,,0,0,,0
379,380,0,0,0,0,0,0,0,0,0,0,0,0,0,0,0.0,,,,0,0.0,0,0,0,0,0,0,0,0,0,0,0.0,0,0,0,0,0,"1,2",,,,,,,,,,,,,2,0,0,0,0,0,0,0,0,0,0,0,0,0,0,0,0,0,0,0,,0,,0,,0,,0,,0,0,,0
380,381,0,0,0,0,0,0,0,0,0,0,0,0,0,0,0.0,,,,0,0.0,0,0,0,0,0,0,0,0,0,0,0.0,0,0,0,0,0,"1,2",,,,,,,,,,,,,2,0,0,0,0,0,0,0,0,0,0,0,0,0,0,0,0,0,0,0,,0,,0,,0,,0,,0,0,,0
381,382,0,0,0,0,0,0,0,0,0,0,0,0,0,0,0.0,,,,0,0.0,0,0,0,0,0,0,0,0,0,0,0.0,0,0,0,0,0,"2,1",,,,,,,,,,,,,2,0,0,0,0,0,0,0,0,0,0,0,0,0,0,0,0,0,0,0,,0,,0,,0,,0,,0,0,,0
382,383,0,0,0,0,0,0,0,0,0,0,0,0,0,0,0.0,,,,0,0.0,0,0,0,0,0,0,0,0,0,0,0.0,0,0,0,0,0,"2,1",,,,,,,,,,,,,2,0,0,0,0,0,0,0,0,0,0,0,0,0,0,0,0,0,0,0,,0,,0,,0,,0,,0,0,,0
383,384,0,0,0,0,0,0,0,0,0,0,0,0,0,0,0.0,,,,0,0.0,0,0,0,0,0,0,0,0,0,0,0.0,0,0,0,0,0,"1,2",,,,,,,,,,,,,2,0,0,0,0,0,0,0,0,0,0,0,0,0,0,0,0,0,0,0,,0,,0,,0,,0,,0,0,,0
384,385,0,0,0,0,0,0,0,0,0,0,0,0,0,0,0.0,,,,0,0.0,0,0,0,0,0,0,0,0,0,0,0.0,0,0,0,0,0,"2,1",,,,,,,,,,,,,2,0,0,0,0,0,0,0,0,0,0,0,0,0,0,0,0,0,0,0,,0,,0,,0,,0,,0,0,,0
385,386,0,0,0,0,0,0,0,0,0,0,0,0,0,0,0.0,,,,0,0.0,0,0,0,0,0,0,0,0,0,0,0.0,0,0,0,0,0,"1,2",,,,,,,,,,,,,2,0,0,0,0,0,0,0,0,0,0,0,0,0,0,0,0,0,0,0,,0,,0,,0,,0,,0,0,,0
386,387,0,0,0,0,0,0,0,0,0,0,0,0,0,0,0.0,,,,0,0.0,0,0,0,0,0,0,0,0,0,0,0.0,0,0,0,0,0,"2,1",,,,,,,,,,,,,2,0,0,0,0,0,0,0,0,0,0,0,0,0,0,0,0,0,0,0,,0,,0,,0,,0,,0,0,,0
387,388,0,0,0,0,0,0,0,0,0,0,0,0,0,0,0.0,,,,0,0.0,0,0,0,0,0,0,0,0,0,0,0.0,0,0,0,0,0,"1,2",,,,,,,,,,,,,2,0,0,0,0,0,0,0,0,0,0,0,0,0,0,0,0,0,0,0,,0,,0,,0,,0,,0,0,,0
388,389,0,0,0,0,0,0,0,0,0,0,0,0,0,0,0.0,,,,0,0.0,0,0,0,0,0,0,0,0,0,0,0.0,0,0,0,0,0,"1,2",,,,,,,,,,,,,2,0,0,0,0,0,0,0,0,0,0,0,0,0,0,0,0,0,0,0,,0,,0,,0,,0,,0,0,,0
389,390,0,0,0,0,0,0,0,0,0,0,0,0,0,0,0.0,,,,0,0.0,0,0,0,0,0,0,0,0,0,0,0.0,0,0,0,0,0,"1,2",,,,,,,,,,,,,2,0,0,0,0,0,0,0,0,0,0,0,0,0,0,0,0,0,0,0,,0,,0,,0,,0,,0,0,,0
390,391,0,0,0,0,0,0,0,0,0,0,0,0,0,0,0.0,,,,0,0.0,0,0,0,0,0,0,0,0,0,0,0.0,0,0,0,0,0,"2,1",,,,,,,,,,,,,2,0,0,0,0,0,0,0,0,0,0,0,0,0,0,0,0,0,0,0,,0,,0,,0,,0,,0,0,,0
391,392,0,0,0,0,0,0,0,0,0,0,0,0,0,0,0.0,,,,0,0.0,0,0,0,0,0,0,0,0,0,0,0.0,0,0,0,0,0,"1,2",,,,,,,,,,,,,2,0,0,0,0,0,0,0,0,0,0,0,0,0,0,0,0,0,0,0,,0,,0,,0,,0,,0,0,,0
392,393,0,0,0,0,0,0,0,0,0,0,0,0,0,0,0.0,,,,0,0.0,0,0,0,0,0,0,0,0,0,0,0.0,0,0,0,0,0,"2,1",,,,,,,,,,,,,2,0,0,0,0,0,0,0,0,0,0,0,0,0,0,0,0,0,0,0,,0,,0,,0,,0,,0,0,,0
393,394,0,0,0,0,0,0,0,0,0,0,0,0,0,0,0.0,,,,0,0.0,0,0,0,0,0,0,0,0,0,0,0.0,0,0,0,0,0,"2,1",,,,,,,,,,,,,2,0,0,0,0,0,0,0,0,0,0,0,0,0,0,0,0,0,0,0,,0,,0,,0,,0,,0,0,,0
394,395,0,0,0,0,0,0,0,0,0,0,0,0,0,0,0.0,,,,0,0.0,0,0,0,0,0,0,0,0,0,0,0.0,0,0,0,0,0,"2,1",,,,,,,,,,,,,2,0,0,0,0,0,0,0,0,0,0,0,0,0,0,0,0,0,0,0,,0,,0,,0,,0,,0,0,,0
395,396,0,0,0,0,0,0,0,0,0,0,0,0,0,0,0.0,,,,0,0.0,0,0,0,0,0,0,0,0,0,0,0.0,0,0,0,0,0,"2,1",,,,,,,,,,,,,2,0,0,0,0,0,0,0,0,0,0,0,0,0,0,0,0,0,0,0,,0,,0,,0,,0,,0,0,,0
396,397,0,0,0,0,0,0,0,0,0,0,0,0,0,0,0.0,,,,0,0.0,0,0,0,0,0,0,0,0,0,0,0.0,0,0,0,0,0,"2,1",,,,,,,,,,,,,2,0,0,0,0,0,0,0,0,0,0,0,0,0,0,0,0,0,0,0,,0,,0,,0,,0,,0,0,,0
397,398,0,0,0,0,0,0,0,0,0,0,0,0,0,0,0.0,,,,0,0.0,0,0,0,0,0,0,0,0,0,0,0.0,0,0,0,0,0,"1,2",,,,,,,,,,,,,2,0,0,0,0,0,0,0,0,0,0,0,0,0,0,0,0,0,0,0,,0,,0,,0,,0,,0,0,,0
398,399,0,0,0,0,0,0,0,0,0,0,0,0,0,0,0.0,,,,0,0.0,0,0,0,0,0,0,0,0,0,0,0.0,0,0,0,0,0,"1,2",,,,,,,,,,,,,2,0,0,0,0,0,0,0,0,0,0,0,0,0,0,0,0,0,0,0,,0,,0,,0,,0,,0,0,,0
399,400,0,0,0,0,0,0,0,0,0,0,0,0,0,0,0.0,,,,0,0.0,0,0,0,0,0,0,0,0,0,0,0.0,0,0,0,0,0,"2,1",,,,,,,,,,,,,2,0,0,0,0,0,0,0,0,0,0,0,0,0,0,0,0,0,0,0,,0,,0,,0,,0,,0,0,,0
400,401,0,0,0,0,0,0,0,0,0,0,0,0,0,0,0.0,,,,0,0.0,0,0,0,0,0,0,0,0,0,0,0.0,0,0,0,0,0,"1,2",,,,,,,,,,,,,2,0,0,0,0,0,0,0,0,0,0,0,0,0,0,0,0,0,0,0,,0,,0,,0,,0,,0,0,,0
401,402,0,0,0,0,0,0,0,0,0,0,0,0,0,0,0.0,,,,0,0.0,0,0,0,0,0,0,0,0,0,0,0.0,0,0,0,0,0,"1,2",,,,,,,,,,,,,2,0,0,0,0,0,0,0,0,0,0,0,0,0,0,0,0,0,0,0,,0,,0,,0,,0,,0,0,,0
402,403,0,0,0,0,0,0,0,0,0,0,0,0,0,0,0.0,,,,0,0.0,0,0,0,0,0,0,0,0,0,0,0.0,0,0,0,0,0,"2,1",,,,,,,,,,,,,2,0,0,0,0,0,0,0,0,0,0,0,0,0,0,0,0,0,0,0,,0,,0,,0,,0,,0,0,,0
403,404,0,0,0,0,0,0,0,0,0,0,0,0,0,0,0.0,,,,0,0.0,0,0,0,0,0,0,0,0,0,0,0.0,0,0,0,0,0,"1,2",,,,,,,,,,,,,2,0,0,0,0,0,0,0,0,0,0,0,0,0,0,0,0,0,0,0,,0,,0,,0,,0,,0,0,,0
404,405,0,0,0,0,0,0,0,0,0,0,0,0,0,0,0.0,,,,0,0.0,0,0,0,0,0,0,0,0,0,0,0.0,0,0,0,0,0,"2,1",,,,,,,,,,,,,2,0,0,0,0,0,0,0,0,0,0,0,0,0,0,0,0,0,0,0,,0,,0,,0,,0,,0,0,,0
405,406,0,0,0,0,0,0,0,0,0,0,0,0,0,0,0.0,,,,0,0.0,0,0,0,0,0,0,0,0,0,0,0.0,0,0,0,0,0,"1,2",,,,,,,,,,,,,2,0,0,0,0,0,0,0,0,0,0,0,0,0,0,0,0,0,0,0,,0,,0,,0,,0,,0,0,,0
406,407,0,0,0,0,0,0,0,0,0,0,0,0,0,0,0.0,,,,0,0.0,0,0,0,0,0,0,0,0,0,0,0.0,0,0,0,0,0,"1,2",,,,,,,,,,,,,2,0,0,0,0,0,0,0,0,0,0,0,0,0,0,0,0,0,0,0,,0,,0,,0,,0,,0,0,,0
407,408,0,0,0,0,0,0,0,0,0,0,0,0,0,0,0.0,,,,0,0.0,0,0,0,0,0,0,0,0,0,0,0.0,0,0,0,0,0,"2,1",,,,,,,,,,,,,2,0,0,0,0,0,0,0,0,0,0,0,0,0,0,0,0,0,0,0,,0,,0,,0,,0,,0,0,,0
408,409,0,0,0,0,0,0,0,0,0,0,0,0,0,0,0.0,,,,0,0.0,0,0,0,0,0,0,0,0,0,0,0.0,0,0,0,0,0,"2,1",,,,,,,,,,,,,2,0,0,0,0,0,0,0,0,0,0,0,0,0,0,0,0,0,0,0,,0,,0,,0,,0,,0,0,,0
409,410,0,0,0,0,0,0,0,0,0,0,0,0,0,0,0.0,,,,0,0.0,0,0,0,0,0,0,0,0,0,0,0.0,0,0,0,0,0,"2,1",,,,,,,,,,,,,2,0,0,0,0,0,0,0,0,0,0,0,0,0,0,0,0,0,0,0,,0,,0,,0,,0,,0,0,,0
410,411,0,0,0,0,0,0,0,0,0,0,0,0,0,0,0.0,,,,0,0.0,0,0,0,0,0,0,0,0,0,0,0.0,0,0,0,0,0,"1,2",,,,,,,,,,,,,2,0,0,0,0,0,0,0,0,0,0,0,0,0,0,0,0,0,0,0,,0,,0,,0,,0,,0,0,,0
411,412,0,0,0,0,0,0,0,0,0,0,0,0,0,0,0.0,,,,0,0.0,0,0,0,0,0,0,0,0,0,0,0.0,0,0,0,0,0,"2,1",,,,,,,,,,,,,2,0,0,0,0,0,0,0,0,0,0,0,0,0,0,0,0,0,0,0,,0,,0,,0,,0,,0,0,,0
412,413,0,0,0,0,0,0,0,0,0,0,0,0,0,0,0.0,,,,0,0.0,0,0,0,0,0,0,0,0,0,0,0.0,0,0,0,0,0,"2,1",,,,,,,,,,,,,2,0,0,0,0,0,0,0,0,0,0,0,0,0,0,0,0,0,0,0,,0,,0,,0,,0,,0,0,,0
413,414,0,0,0,0,0,0,0,0,0,0,0,0,0,0,0.0,,,,0,0.0,0,0,0,0,0,0,0,0,0,0,0.0,0,0,0,0,0,"2,1",,,,,,,,,,,,,2,0,0,0,0,0,0,0,0,0,0,0,0,0,0,0,0,0,0,0,,0,,0,,0,,0,,0,0,,0
414,415,0,0,0,0,0,0,0,0,0,0,0,0,0,0,0.0,,,,0,0.0,0,0,0,0,0,0,0,0,0,0,0.0,0,0,0,0,0,"1,2",,,,,,,,,,,,,2,0,0,0,0,0,0,0,0,0,0,0,0,0,0,0,0,0,0,0,,0,,0,,0,,0,,0,0,,0
415,416,0,0,0,0,0,0,0,0,0,0,0,0,0,0,0.0,,,,0,0.0,0,0,0,0,0,0,0,0,0,0,0.0,0,0,0,0,0,"1,2",,,,,,,,,,,,,2,0,0,0,0,0,0,0,0,0,0,0,0,0,0,0,0,0,0,0,,0,,0,,0,,0,,0,0,,0
416,417,0,0,0,0,0,0,0,0,0,0,0,0,0,0,0.0,,,,0,0.0,0,0,0,0,0,0,0,0,0,0,0.0,0,0,0,0,0,"1,2",,,,,,,,,,,,,2,0,0,0,0,0,0,0,0,0,0,0,0,0,0,0,0,0,0,0,,0,,0,,0,,0,,0,0,,0
417,418,0,0,0,0,0,0,0,0,0,0,0,0,0,0,0.0,,,,0,0.0,0,0,0,0,0,0,0,0,0,0,0.0,0,0,0,0,0,"2,1",,,,,,,,,,,,,2,0,0,0,0,0,0,0,0,0,0,0,0,0,0,0,0,0,0,0,,0,,0,,0,,0,,0,0,,0
418,419,0,0,0,0,0,0,0,0,0,0,0,0,0,0,0.0,,,,0,0.0,0,0,0,0,0,0,0,0,0,0,0.0,0,0,0,0,0,"2,1",,,,,,,,,,,,,2,0,0,0,0,0,0,0,0,0,0,0,0,0,0,0,0,0,0,0,,0,,0,,0,,0,,0,0,,0
419,420,0,0,0,0,0,0,0,0,0,0,0,0,0,0,0.0,,,,0,0.0,0,0,0,0,0,0,0,0,0,0,0.0,0,0,0,0,0,"2,1",,,,,,,,,,,,,2,0,0,0,0,0,0,0,0,0,0,0,0,0,0,0,0,0,0,0,,0,,0,,0,,0,,0,0,,0
420,421,0,0,0,0,0,0,0,0,0,0,0,0,0,0,0.0,,,,0,0.0,0,0,0,0,0,0,0,0,0,0,0.0,0,0,0,0,0,"1,2",,,,,,,,,,,,,2,0,0,0,0,0,0,0,0,0,0,0,0,0,0,0,0,0,0,0,,0,,0,,0,,0,,0,0,,0
421,422,0,0,0,0,0,0,0,0,0,0,0,0,0,0,0.0,,,,0,0.0,0,0,0,0,0,0,0,0,0,0,0.0,0,0,0,0,0,"2,1",,,,,,,,,,,,,2,0,0,0,0,0,0,0,0,0,0,0,0,0,0,0,0,0,0,0,,0,,0,,0,,0,,0,0,,0
422,423,0,0,0,0,0,0,0,0,0,0,0,0,0,0,0.0,,,,0,0.0,0,0,0,0,0,0,0,0,0,0,0.0,0,0,0,0,0,"1,2",,,,,,,,,,,,,2,0,0,0,0,0,0,0,0,0,0,0,0,0,0,0,0,0,0,0,,0,,0,,0,,0,,0,0,,0
423,424,0,0,0,0,0,0,0,0,0,0,0,0,0,0,0.0,,,,0,0.0,0,0,0,0,0,0,0,0,0,0,0.0,0,0,0,0,0,"1,2",,,,,,,,,,,,,2,0,0,0,0,0,0,0,0,0,0,0,0,0,0,0,0,0,0,0,,0,,0,,0,,0,,0,0,,0
424,425,0,0,0,0,0,0,0,0,0,0,0,0,0,0,0.0,,,,0,0.0,0,0,0,0,0,0,0,0,0,0,0.0,0,0,0,0,0,"2,1",,,,,,,,,,,,,2,0,0,0,0,0,0,0,0,0,0,0,0,0,0,0,0,0,0,0,,0,,0,,0,,0,,0,0,,0
425,426,0,0,0,0,0,0,0,0,0,0,0,0,0,0,0.0,,,,0,0.0,0,0,0,0,0,0,0,0,0,0,0.0,0,0,0,0,0,"1,2",,,,,,,,,,,,,2,0,0,0,0,0,0,0,0,0,0,0,0,0,0,0,0,0,0,0,,0,,0,,0,,0,,0,0,,0
426,427,0,0,0,0,0,0,0,0,0,0,0,0,0,0,0.0,,,,0,0.0,0,0,0,0,0,0,0,0,0,0,0.0,0,0,0,0,0,"1,2",,,,,,,,,,,,,2,0,0,0,0,0,0,0,0,0,0,0,0,0,0,0,0,0,0,0,,0,,0,,0,,0,,0,0,,0
427,428,0,0,0,0,0,0,0,0,0,0,0,0,0,0,0.0,,,,0,0.0,0,0,0,0,0,0,0,0,0,0,0.0,0,0,0,0,0,"2,1",,,,,,,,,,,,,2,0,0,0,0,0,0,0,0,0,0,0,0,0,0,0,0,0,0,0,,0,,0,,0,,0,,0,0,,0
428,429,0,0,0,0,0,0,0,0,0,0,0,0,0,0,0.0,,,,0,0.0,0,0,0,0,0,0,0,0,0,0,0.0,0,0,0,0,0,"2,1",,,,,,,,,,,,,2,0,0,0,0,0,0,0,0,0,0,0,0,0,0,0,0,0,0,0,,0,,0,,0,,0,,0,0,,0
429,430,0,0,0,0,0,0,0,0,0,0,0,0,0,0,0.0,,,,0,0.0,0,0,0,0,0,0,0,0,0,0,0.0,0,0,0,0,0,"2,1",,,,,,,,,,,,,2,0,0,0,0,0,0,0,0,0,0,0,0,0,0,0,0,0,0,0,,0,,0,,0,,0,,0,0,,0
430,431,0,0,0,0,0,0,0,0,0,0,0,0,0,0,0.0,,,,0,0.0,0,0,0,0,0,0,0,0,0,0,0.0,0,0,0,0,0,"2,1",,,,,,,,,,,,,2,0,0,0,0,0,0,0,0,0,0,0,0,0,0,0,0,0,0,0,,0,,0,,0,,0,,0,0,,0
431,432,0,0,0,0,0,0,0,0,0,0,0,0,0,0,0.0,,,,0,0.0,0,0,0,0,0,0,0,0,0,0,0.0,0,0,0,0,0,"2,1",,,,,,,,,,,,,2,0,0,0,0,0,0,0,0,0,0,0,0,0,0,0,0,0,0,0,,0,,0,,0,,0,,0,0,,0
432,433,0,0,0,0,0,0,0,0,0,0,0,0,0,0,0.0,,,,0,0.0,0,0,0,0,0,0,0,0,0,0,0.0,0,0,0,0,0,"1,2",,,,,,,,,,,,,2,0,0,0,0,0,0,0,0,0,0,0,0,0,0,0,0,0,0,0,,0,,0,,0,,0,,0,0,,0
433,434,0,0,0,0,0,0,0,0,0,0,0,0,0,0,0.0,,,,0,0.0,0,0,0,0,0,0,0,0,0,0,0.0,0,0,0,0,0,"2,1",,,,,,,,,,,,,2,0,0,0,0,0,0,0,0,0,0,0,0,0,0,0,0,0,0,0,,0,,0,,0,,0,,0,0,,0
434,435,0,0,0,0,0,0,0,0,0,0,0,0,0,0,0.0,,,,0,0.0,0,0,0,0,0,0,0,0,0,0,0.0,0,0,0,0,0,"1,2",,,,,,,,,,,,,2,0,0,0,0,0,0,0,0,0,0,0,0,0,0,0,0,0,0,0,,0,,0,,0,,0,,0,0,,0
435,436,0,0,0,0,0,0,0,0,0,0,0,0,0,0,0.0,,,,0,0.0,0,0,0,0,0,0,0,0,0,0,0.0,0,0,0,0,0,"1,2",,,,,,,,,,,,,2,0,0,0,0,0,0,0,0,0,0,0,0,0,0,0,0,0,0,0,,0,,0,,0,,0,,0,0,,0
436,437,0,0,0,0,0,0,0,0,0,0,0,0,0,0,0.0,,,,0,0.0,0,0,0,0,0,0,0,0,0,0,0.0,0,0,0,0,0,"1,2",,,,,,,,,,,,,2,0,0,0,0,0,0,0,0,0,0,0,0,0,0,0,0,0,0,0,,0,,0,,0,,0,,0,0,,0
437,438,0,0,0,0,0,0,0,0,0,0,0,0,0,0,0.0,,,,0,0.0,0,0,0,0,0,0,0,0,0,0,0.0,0,0,0,0,0,"1,2",,,,,,,,,,,,,2,0,0,0,0,0,0,0,0,0,0,0,0,0,0,0,0,0,0,0,,0,,0,,0,,0,,0,0,,0
438,439,0,0,0,0,0,0,0,0,0,0,0,0,0,0,0.0,,,,0,0.0,0,0,0,0,0,0,0,0,0,0,0.0,0,0,0,0,0,"1,2",,,,,,,,,,,,,2,0,0,0,0,0,0,0,0,0,0,0,0,0,0,0,0,0,0,0,,0,,0,,0,,0,,0,0,,0
439,440,0,0,0,0,0,0,0,0,0,0,0,0,0,0,0.0,,,,0,0.0,0,0,0,0,0,0,0,0,0,0,0.0,0,0,0,0,0,"1,2",,,,,,,,,,,,,2,0,0,0,0,0,0,0,0,0,0,0,0,0,0,0,0,0,0,0,,0,,0,,0,,0,,0,0,,0
440,441,0,0,0,0,0,0,0,0,0,0,0,0,0,0,0.0,,,,0,0.0,0,0,0,0,0,0,0,0,0,0,0.0,0,0,0,0,0,"2,1",,,,,,,,,,,,,2,0,0,0,0,0,0,0,0,0,0,0,0,0,0,0,0,0,0,0,,0,,0,,0,,0,,0,0,,0
441,442,0,0,0,0,0,0,0,0,0,0,0,0,0,0,0.0,,,,0,0.0,0,0,0,0,0,0,0,0,0,0,0.0,0,0,0,0,0,"2,1",,,,,,,,,,,,,2,0,0,0,0,0,0,0,0,0,0,0,0,0,0,0,0,0,0,0,,0,,0,,0,,0,,0,0,,0
442,443,0,0,0,0,0,0,0,0,0,0,0,0,0,0,0.0,,,,0,0.0,0,0,0,0,0,0,0,0,0,0,0.0,0,0,0,0,0,"2,1",,,,,,,,,,,,,2,0,0,0,0,0,0,0,0,0,0,0,0,0,0,0,0,0,0,0,,0,,0,,0,,0,,0,0,,0
443,444,0,0,0,0,0,0,0,0,0,0,0,0,0,0,0.0,,,,0,0.0,0,0,0,0,0,0,0,0,0,0,0.0,0,0,0,0,0,"2,1",,,,,,,,,,,,,2,0,0,0,0,0,0,0,0,0,0,0,0,0,0,0,0,0,0,0,,0,,0,,0,,0,,0,0,,0
444,445,0,0,0,0,0,0,0,0,0,0,0,0,0,0,0.0,,,,0,0.0,0,0,0,0,0,0,0,0,0,0,0.0,0,0,0,0,0,"1,2",,,,,,,,,,,,,2,0,0,0,0,0,0,0,0,0,0,0,0,0,0,0,0,0,0,0,,0,,0,,0,,0,,0,0,,0
445,446,0,0,0,0,0,0,0,0,0,0,0,0,0,0,0.0,,,,0,0.0,0,0,0,0,0,0,0,0,0,0,0.0,0,0,0,0,0,"2,1",,,,,,,,,,,,,2,0,0,0,0,0,0,0,0,0,0,0,0,0,0,0,0,0,0,0,,0,,0,,0,,0,,0,0,,0
446,447,0,0,0,0,0,0,0,0,0,0,0,0,0,0,0.0,,,,0,0.0,0,0,0,0,0,0,0,0,0,0,0.0,0,0,0,0,0,"2,1",,,,,,,,,,,,,2,0,0,0,0,0,0,0,0,0,0,0,0,0,0,0,0,0,0,0,,0,,0,,0,,0,,0,0,,0
447,448,0,0,0,0,0,0,0,0,0,0,0,0,0,0,0.0,,,,0,0.0,0,0,0,0,0,0,0,0,0,0,0.0,0,0,0,0,0,"1,2",,,,,,,,,,,,,2,0,0,0,0,0,0,0,0,0,0,0,0,0,0,0,0,0,0,0,,0,,0,,0,,0,,0,0,,0
448,449,0,0,0,0,0,0,0,0,0,0,0,0,0,0,0.0,,,,0,0.0,0,0,0,0,0,0,0,0,0,0,0.0,0,0,0,0,0,"2,1",,,,,,,,,,,,,2,0,0,0,0,0,0,0,0,0,0,0,0,0,0,0,0,0,0,0,,0,,0,,0,,0,,0,0,,0
449,450,0,0,0,0,0,0,0,0,0,0,0,0,0,0,0.0,,,,0,0.0,0,0,0,0,0,0,0,0,0,0,0.0,0,0,0,0,0,"1,2",,,,,,,,,,,,,2,0,0,0,0,0,0,0,0,0,0,0,0,0,0,0,0,0,0,0,,0,,0,,0,,0,,0,0,,0
450,451,0,0,0,0,0,0,0,0,0,0,0,0,0,0,0.0,,,,0,0.0,0,0,0,0,0,0,0,0,0,0,0.0,0,0,0,0,0,"1,2",,,,,,,,,,,,,2,0,0,0,0,0,0,0,0,0,0,0,0,0,0,0,0,0,0,0,,0,,0,,0,,0,,0,0,,0
451,452,0,0,0,0,0,0,0,0,0,0,0,0,0,0,0.0,,,,0,0.0,0,0,0,0,0,0,0,0,0,0,0.0,0,0,0,0,0,"1,2",,,,,,,,,,,,,2,0,0,0,0,0,0,0,0,0,0,0,0,0,0,0,0,0,0,0,,0,,0,,0,,0,,0,0,,0
452,453,0,0,0,0,0,0,0,0,0,0,0,0,0,0,0.0,,,,0,0.0,0,0,0,0,0,0,0,0,0,0,0.0,0,0,0,0,0,"2,1",,,,,,,,,,,,,2,0,0,0,0,0,0,0,0,0,0,0,0,0,0,0,0,0,0,0,,0,,0,,0,,0,,0,0,,0
453,454,0,0,0,0,0,0,0,0,0,0,0,0,0,0,0.0,,,,0,0.0,0,0,0,0,0,0,0,0,0,0,0.0,0,0,0,0,0,"1,2",,,,,,,,,,,,,2,0,0,0,0,0,0,0,0,0,0,0,0,0,0,0,0,0,0,0,,0,,0,,0,,0,,0,0,,0
454,455,0,0,0,0,0,0,0,0,0,0,0,0,0,0,0.0,,,,0,0.0,0,0,0,0,0,0,0,0,0,0,0.0,0,0,0,0,0,"2,1",,,,,,,,,,,,,2,0,0,0,0,0,0,0,0,0,0,0,0,0,0,0,0,0,0,0,,0,,0,,0,,0,,0,0,,0
455,456,0,0,0,0,0,0,0,0,0,0,0,0,0,0,0.0,,,,0,0.0,0,0,0,0,0,0,0,0,0,0,0.0,0,0,0,0,0,"1,2",,,,,,,,,,,,,2,0,0,0,0,0,0,0,0,0,0,0,0,0,0,0,0,0,0,0,,0,,0,,0,,0,,0,0,,0
456,457,0,0,0,0,0,0,0,0,0,0,0,0,0,0,0.0,,,,0,0.0,0,0,0,0,0,0,0,0,0,0,0.0,0,0,0,0,0,"1,2",,,,,,,,,,,,,2,0,0,0,0,0,0,0,0,0,0,0,0,0,0,0,0,0,0,0,,0,,0,,0,,0,,0,0,,0
457,458,0,0,0,0,0,0,0,0,0,0,0,0,0,0,0.0,,,,0,0.0,0,0,0,0,0,0,0,0,0,0,0.0,0,0,0,0,0,"1,2",,,,,,,,,,,,,2,0,0,0,0,0,0,0,0,0,0,0,0,0,0,0,0,0,0,0,,0,,0,,0,,0,,0,0,,0
458,459,0,0,0,0,0,0,0,0,0,0,0,0,0,0,0.0,,,,0,0.0,0,0,0,0,0,0,0,0,0,0,0.0,0,0,0,0,0,"2,1",,,,,,,,,,,,,2,0,0,0,0,0,0,0,0,0,0,0,0,0,0,0,0,0,0,0,,0,,0,,0,,0,,0,0,,0
459,460,0,0,0,0,0,0,0,0,0,0,0,0,0,0,0.0,,,,0,0.0,0,0,0,0,0,0,0,0,0,0,0.0,0,0,0,0,0,"2,1",,,,,,,,,,,,,2,0,0,0,0,0,0,0,0,0,0,0,0,0,0,0,0,0,0,0,,0,,0,,0,,0,,0,0,,0
460,461,0,0,0,0,0,0,0,0,0,0,0,0,0,0,0.0,,,,0,0.0,0,0,0,0,0,0,0,0,0,0,0.0,0,0,0,0,0,"2,1",,,,,,,,,,,,,2,0,0,0,0,0,0,0,0,0,0,0,0,0,0,0,0,0,0,0,,0,,0,,0,,0,,0,0,,0
461,462,0,0,0,0,0,0,0,0,0,0,0,0,0,0,0.0,,,,0,0.0,0,0,0,0,0,0,0,0,0,0,0.0,0,0,0,0,0,"2,1",,,,,,,,,,,,,2,0,0,0,0,0,0,0,0,0,0,0,0,0,0,0,0,0,0,0,,0,,0,,0,,0,,0,0,,0
462,463,0,0,0,0,0,0,0,0,0,0,0,0,0,0,0.0,,,,0,0.0,0,0,0,0,0,0,0,0,0,0,0.0,0,0,0,0,0,"2,1",,,,,,,,,,,,,2,0,0,0,0,0,0,0,0,0,0,0,0,0,0,0,0,0,0,0,,0,,0,,0,,0,,0,0,,0
463,464,0,0,0,0,0,0,0,0,0,0,0,0,0,0,0.0,,,,0,0.0,0,0,0,0,0,0,0,0,0,0,0.0,0,0,0,0,0,"1,2",,,,,,,,,,,,,2,0,0,0,0,0,0,0,0,0,0,0,0,0,0,0,0,0,0,0,,0,,0,,0,,0,,0,0,,0
464,465,0,0,0,0,0,0,0,0,0,0,0,0,0,0,0.0,,,,0,0.0,0,0,0,0,0,0,0,0,0,0,0.0,0,0,0,0,0,"2,1",,,,,,,,,,,,,2,0,0,0,0,0,0,0,0,0,0,0,0,0,0,0,0,0,0,0,,0,,0,,0,,0,,0,0,,0
465,466,0,0,0,0,0,0,0,0,0,0,0,0,0,0,0.0,,,,0,0.0,0,0,0,0,0,0,0,0,0,0,0.0,0,0,0,0,0,"1,2",,,,,,,,,,,,,2,0,0,0,0,0,0,0,0,0,0,0,0,0,0,0,0,0,0,0,,0,,0,,0,,0,,0,0,,0
466,467,0,0,0,0,0,0,0,0,0,0,0,0,0,0,0.0,,,,0,0.0,0,0,0,0,0,0,0,0,0,0,0.0,0,0,0,0,0,"1,2",,,,,,,,,,,,,2,0,0,0,0,0,0,0,0,0,0,0,0,0,0,0,0,0,0,0,,0,,0,,0,,0,,0,0,,0
467,468,0,0,0,0,0,0,0,0,0,0,0,0,0,0,0.0,,,,0,0.0,0,0,0,0,0,0,0,0,0,0,0.0,0,0,0,0,0,"1,2",,,,,,,,,,,,,2,0,0,0,0,0,0,0,0,0,0,0,0,0,0,0,0,0,0,0,,0,,0,,0,,0,,0,0,,0
468,469,0,0,0,0,0,0,0,0,0,0,0,0,0,0,0.0,,,,0,0.0,0,0,0,0,0,0,0,0,0,0,0.0,0,0,0,0,0,"2,1",,,,,,,,,,,,,2,0,0,0,0,0,0,0,0,0,0,0,0,0,0,0,0,0,0,0,,0,,0,,0,,0,,0,0,,0
469,470,0,0,0,0,0,0,0,0,0,0,0,0,0,0,0.0,,,,0,0.0,0,0,0,0,0,0,0,0,0,0,0.0,0,0,0,0,0,"2,1",,,,,,,,,,,,,2,0,0,0,0,0,0,0,0,0,0,0,0,0,0,0,0,0,0,0,,0,,0,,0,,0,,0,0,,0
470,471,0,0,0,0,0,0,0,0,0,0,0,0,0,0,0.0,,,,0,0.0,0,0,0,0,0,0,0,0,0,0,0.0,0,0,0,0,0,"1,2",,,,,,,,,,,,,2,0,0,0,0,0,0,0,0,0,0,0,0,0,0,0,0,0,0,0,,0,,0,,0,,0,,0,0,,0
471,472,0,0,0,0,0,0,0,0,0,0,0,0,0,0,0.0,,,,0,0.0,0,0,0,0,0,0,0,0,0,0,0.0,0,0,0,0,0,"2,1",,,,,,,,,,,,,2,0,0,0,0,0,0,0,0,0,0,0,0,0,0,0,0,0,0,0,,0,,0,,0,,0,,0,0,,0
472,473,0,0,0,0,0,0,0,0,0,0,0,0,0,0,0.0,,,,0,0.0,0,0,0,0,0,0,0,0,0,0,0.0,0,0,0,0,0,"2,1",,,,,,,,,,,,,2,0,0,0,0,0,0,0,0,0,0,0,0,0,0,0,0,0,0,0,,0,,0,,0,,0,,0,0,,0
473,474,0,0,0,0,0,0,0,0,0,0,0,0,0,0,0.0,,,,0,0.0,0,0,0,0,0,0,0,0,0,0,0.0,0,0,0,0,0,"1,2",,,,,,,,,,,,,2,0,0,0,0,0,0,0,0,0,0,0,0,0,0,0,0,0,0,0,,0,,0,,0,,0,,0,0,,0
474,475,0,0,0,0,0,0,0,0,0,0,0,0,0,0,0.0,,,,0,0.0,0,0,0,0,0,0,0,0,0,0,0.0,0,0,0,0,0,"1,2",,,,,,,,,,,,,2,0,0,0,0,0,0,0,0,0,0,0,0,0,0,0,0,0,0,0,,0,,0,,0,,0,,0,0,,0
475,476,0,0,0,0,0,0,0,0,0,0,0,0,0,0,0.0,,,,0,0.0,0,0,0,0,0,0,0,0,0,0,0.0,0,0,0,0,0,"2,1",,,,,,,,,,,,,2,0,0,0,0,0,0,0,0,0,0,0,0,0,0,0,0,0,0,0,,0,,0,,0,,0,,0,0,,0
476,477,0,0,0,0,0,0,0,0,0,0,0,0,0,0,0.0,,,,0,0.0,0,0,0,0,0,0,0,0,0,0,0.0,0,0,0,0,0,"2,1",,,,,,,,,,,,,2,0,0,0,0,0,0,0,0,0,0,0,0,0,0,0,0,0,0,0,,0,,0,,0,,0,,0,0,,0
477,478,0,0,0,0,0,0,0,0,0,0,0,0,0,0,0.0,,,,0,0.0,0,0,0,0,0,0,0,0,0,0,0.0,0,0,0,0,0,"2,1",,,,,,,,,,,,,2,0,0,0,0,0,0,0,0,0,0,0,0,0,0,0,0,0,0,0,,0,,0,,0,,0,,0,0,,0
478,479,0,0,0,0,0,0,0,0,0,0,0,0,0,0,0.0,,,,0,0.0,0,0,0,0,0,0,0,0,0,0,0.0,0,0,0,0,0,"1,2",,,,,,,,,,,,,2,0,0,0,0,0,0,0,0,0,0,0,0,0,0,0,0,0,0,0,,0,,0,,0,,0,,0,0,,0
479,480,0,0,0,0,0,0,0,0,0,0,0,0,0,0,0.0,,,,0,0.0,0,0,0,0,0,0,0,0,0,0,0.0,0,0,0,0,0,"1,2",,,,,,,,,,,,,2,0,0,0,0,0,0,0,0,0,0,0,0,0,0,0,0,0,0,0,,0,,0,,0,,0,,0,0,,0
480,481,0,0,0,0,0,0,0,0,0,0,0,0,0,0,0.0,,,,0,0.0,0,0,0,0,0,0,0,0,0,0,0.0,0,0,0,0,0,"2,1",,,,,,,,,,,,,2,0,0,0,0,0,0,0,0,0,0,0,0,0,0,0,0,0,0,0,,0,,0,,0,,0,,0,0,,0
481,482,0,0,0,0,0,0,0,0,0,0,0,0,0,0,0.0,,,,0,0.0,0,0,0,0,0,0,0,0,0,0,0.0,0,0,0,0,0,"2,1",,,,,,,,,,,,,2,0,0,0,0,0,0,0,0,0,0,0,0,0,0,0,0,0,0,0,,0,,0,,0,,0,,0,0,,0
482,483,0,0,0,0,0,0,0,0,0,0,0,0,0,0,0.0,,,,0,0.0,0,0,0,0,0,0,0,0,0,0,0.0,0,0,0,0,0,"1,2",,,,,,,,,,,,,2,0,0,0,0,0,0,0,0,0,0,0,0,0,0,0,0,0,0,0,,0,,0,,0,,0,,0,0,,0
483,484,0,0,0,0,0,0,0,0,0,0,0,0,0,0,0.0,,,,0,0.0,0,0,0,0,0,0,0,0,0,0,0.0,0,0,0,0,0,"1,2",,,,,,,,,,,,,2,0,0,0,0,0,0,0,0,0,0,0,0,0,0,0,0,0,0,0,,0,,0,,0,,0,,0,0,,0
484,485,0,0,0,0,0,0,0,0,0,0,0,0,0,0,0.0,,,,0,0.0,0,0,0,0,0,0,0,0,0,0,0.0,0,0,0,0,0,"1,2",,,,,,,,,,,,,2,0,0,0,0,0,0,0,0,0,0,0,0,0,0,0,0,0,0,0,,0,,0,,0,,0,,0,0,,0
485,486,0,0,0,0,0,0,0,0,0,0,0,0,0,0,0.0,,,,0,0.0,0,0,0,0,0,0,0,0,0,0,0.0,0,0,0,0,0,"2,1",,,,,,,,,,,,,2,0,0,0,0,0,0,0,0,0,0,0,0,0,0,0,0,0,0,0,,0,,0,,0,,0,,0,0,,0
486,487,0,0,0,0,0,0,0,0,0,0,0,0,0,0,0.0,,,,0,0.0,0,0,0,0,0,0,0,0,0,0,0.0,0,0,0,0,0,"2,1",,,,,,,,,,,,,2,0,0,0,0,0,0,0,0,0,0,0,0,0,0,0,0,0,0,0,,0,,0,,0,,0,,0,0,,0
487,488,0,0,0,0,0,0,0,0,0,0,0,0,0,0,0.0,,,,0,0.0,0,0,0,0,0,0,0,0,0,0,0.0,0,0,0,0,0,"1,2",,,,,,,,,,,,,2,0,0,0,0,0,0,0,0,0,0,0,0,0,0,0,0,0,0,0,,0,,0,,0,,0,,0,0,,0
488,489,0,0,0,0,0,0,0,0,0,0,0,0,0,0,0.0,,,,0,0.0,0,0,0,0,0,0,0,0,0,0,0.0,0,0,0,0,0,"1,2",,,,,,,,,,,,,2,0,0,0,0,0,0,0,0,0,0,0,0,0,0,0,0,0,0,0,,0,,0,,0,,0,,0,0,,0
489,490,0,0,0,0,0,0,0,0,0,0,0,0,0,0,0.0,,,,0,0.0,0,0,0,0,0,0,0,0,0,0,0.0,0,0,0,0,0,"2,1",,,,,,,,,,,,,2,0,0,0,0,0,0,0,0,0,0,0,0,0,0,0,0,0,0,0,,0,,0,,0,,0,,0,0,,0
490,491,0,0,0,0,0,0,0,0,0,0,0,0,0,0,0.0,,,,0,0.0,0,0,0,0,0,0,0,0,0,0,0.0,0,0,0,0,0,"2,1",,,,,,,,,,,,,2,0,0,0,0,0,0,0,0,0,0,0,0,0,0,0,0,0,0,0,,0,,0,,0,,0,,0,0,,0
491,492,0,0,0,0,0,0,0,0,0,0,0,0,0,0,0.0,,,,0,0.0,0,0,0,0,0,0,0,0,0,0,0.0,0,0,0,0,0,"1,2",,,,,,,,,,,,,2,0,0,0,0,0,0,0,0,0,0,0,0,0,0,0,0,0,0,0,,0,,0,,0,,0,,0,0,,0
492,493,0,0,0,0,0,0,0,0,0,0,0,0,0,0,0.0,,,,0,0.0,0,0,0,0,0,0,0,0,0,0,0.0,0,0,0,0,0,"1,2",,,,,,,,,,,,,2,0,0,0,0,0,0,0,0,0,0,0,0,0,0,0,0,0,0,0,,0,,0,,0,,0,,0,0,,0
493,494,0,0,0,0,0,0,0,0,0,0,0,0,0,0,0.0,,,,0,0.0,0,0,0,0,0,0,0,0,0,0,0.0,0,0,0,0,0,"1,2",,,,,,,,,,,,,2,0,0,0,0,0,0,0,0,0,0,0,0,0,0,0,0,0,0,0,,0,,0,,0,,0,,0,0,,0
494,495,0,0,0,0,0,0,0,0,0,0,0,0,0,0,0.0,,,,0,0.0,0,0,0,0,0,0,0,0,0,0,0.0,0,0,0,0,0,"2,1",,,,,,,,,,,,,2,0,0,0,0,0,0,0,0,0,0,0,0,0,0,0,0,0,0,0,,0,,0,,0,,0,,0,0,,0
495,496,0,0,0,0,0,0,0,0,0,0,0,0,0,0,0.0,,,,0,0.0,0,0,0,0,0,0,0,0,0,0,0.0,0,0,0,0,0,"2,1",,,,,,,,,,,,,2,0,0,0,0,0,0,0,0,0,0,0,0,0,0,0,0,0,0,0,,0,,0,,0,,0,,0,0,,0
496,497,0,0,0,0,0,0,0,0,0,0,0,0,0,0,0.0,,,,0,0.0,0,0,0,0,0,0,0,0,0,0,0.0,0,0,0,0,0,"1,2",,,,,,,,,,,,,2,0,0,0,0,0,0,0,0,0,0,0,0,0,0,0,0,0,0,0,,0,,0,,0,,0,,0,0,,0
497,498,0,0,0,0,0,0,0,0,0,0,0,0,0,0,0.0,,,,0,0.0,0,0,0,0,0,0,0,0,0,0,0.0,0,0,0,0,0,"2,1",,,,,,,,,,,,,2,0,0,0,0,0,0,0,0,0,0,0,0,0,0,0,0,0,0,0,,0,,0,,0,,0,,0,0,,0
498,499,0,0,0,0,0,0,0,0,0,0,0,0,0,0,0.0,,,,0,0.0,0,0,0,0,0,0,0,0,0,0,0.0,0,0,0,0,0,"1,2",,,,,,,,,,,,,2,0,0,0,0,0,0,0,0,0,0,0,0,0,0,0,0,0,0,0,,0,,0,,0,,0,,0,0,,0
499,500,0,0,0,0,0,0,0,0,0,0,0,0,0,0,0.0,,,,0,0.0,0,0,0,0,0,0,0,0,0,0,0.0,0,0,0,0,0,"1,2",,,,,,,,,,,,,2,0,0,0,0,0,0,0,0,0,0,0,0,0,0,0,0,0,0,0,,0,,0,,0,,0,,0,0,,0
500,501,0,0,0,0,0,0,0,0,0,0,0,0,0,0,0.0,,,,0,0.0,0,0,0,0,0,0,0,0,0,0,0.0,0,0,0,0,0,"2,1",,,,,,,,,,,,,2,0,0,0,0,0,0,0,0,0,0,0,0,0,0,0,0,0,0,0,,0,,0,,0,,0,,0,0,,0
501,502,0,0,0,0,0,0,0,0,0,0,0,0,0,0,0.0,,,,0,0.0,0,0,0,0,0,0,0,0,0,0,0.0,0,0,0,0,0,"2,1",,,,,,,,,,,,,2,0,0,0,0,0,0,0,0,0,0,0,0,0,0,0,0,0,0,0,,0,,0,,0,,0,,0,0,,0
502,503,0,0,0,0,0,0,0,0,0,0,0,0,0,0,0.0,,,,0,0.0,0,0,0,0,0,0,0,0,0,0,0.0,0,0,0,0,0,"1,2",,,,,,,,,,,,,2,0,0,0,0,0,0,0,0,0,0,0,0,0,0,0,0,0,0,0,,0,,0,,0,,0,,0,0,,0
503,504,0,0,0,0,0,0,0,0,0,0,0,0,0,0,0.0,,,,0,0.0,0,0,0,0,0,0,0,0,0,0,0.0,0,0,0,0,0,"2,1",,,,,,,,,,,,,2,0,0,0,0,0,0,0,0,0,0,0,0,0,0,0,0,0,0,0,,0,,0,,0,,0,,0,0,,0
504,505,0,0,0,0,0,0,0,0,0,0,0,0,0,0,0.0,,,,0,0.0,0,0,0,0,0,0,0,0,0,0,0.0,0,0,0,0,0,"2,1",,,,,,,,,,,,,2,0,0,0,0,0,0,0,0,0,0,0,0,0,0,0,0,0,0,0,,0,,0,,0,,0,,0,0,,0
505,506,0,0,0,0,0,0,0,0,0,0,0,0,0,0,0.0,,,,0,0.0,0,0,0,0,0,0,0,0,0,0,0.0,0,0,0,0,0,"2,1",,,,,,,,,,,,,2,0,0,0,0,0,0,0,0,0,0,0,0,0,0,0,0,0,0,0,,0,,0,,0,,0,,0,0,,0
506,507,0,0,0,0,0,0,0,0,0,0,0,0,0,0,0.0,,,,0,0.0,0,0,0,0,0,0,0,0,0,0,0.0,0,0,0,0,0,"1,2",,,,,,,,,,,,,2,0,0,0,0,0,0,0,0,0,0,0,0,0,0,0,0,0,0,0,,0,,0,,0,,0,,0,0,,0
507,508,0,0,0,0,0,0,0,0,0,0,0,0,0,0,0.0,,,,0,0.0,0,0,0,0,0,0,0,0,0,0,0.0,0,0,0,0,0,"2,1",,,,,,,,,,,,,2,0,0,0,0,0,0,0,0,0,0,0,0,0,0,0,0,0,0,0,,0,,0,,0,,0,,0,0,,0
508,509,0,0,0,0,0,0,0,0,0,0,0,0,0,0,0.0,,,,0,0.0,0,0,0,0,0,0,0,0,0,0,0.0,0,0,0,0,0,"1,2",,,,,,,,,,,,,2,0,0,0,0,0,0,0,0,0,0,0,0,0,0,0,0,0,0,0,,0,,0,,0,,0,,0,0,,0
509,510,0,0,0,0,0,0,0,0,0,0,0,0,0,0,0.0,,,,0,0.0,0,0,0,0,0,0,0,0,0,0,0.0,0,0,0,0,0,"1,2",,,,,,,,,,,,,2,0,0,0,0,0,0,0,0,0,0,0,0,0,0,0,0,0,0,0,,0,,0,,0,,0,,0,0,,0
510,511,0,0,0,0,0,0,0,0,0,0,0,0,0,0,0.0,,,,0,0.0,0,0,0,0,0,0,0,0,0,0,0.0,0,0,0,0,0,"2,1",,,,,,,,,,,,,2,0,0,0,0,0,0,0,0,0,0,0,0,0,0,0,0,0,0,0,,0,,0,,0,,0,,0,0,,0
511,512,0,0,0,0,0,0,0,0,0,0,0,0,0,0,0.0,,,,0,0.0,0,0,0,0,0,0,0,0,0,0,0.0,0,0,0,0,0,"1,2",,,,,,,,,,,,,2,0,0,0,0,0,0,0,0,0,0,0,0,0,0,0,0,0,0,0,,0,,0,,0,,0,,0,0,,0
512,513,0,0,0,0,0,0,0,0,0,0,0,0,0,0,0.0,,,,0,0.0,0,0,0,0,0,0,0,0,0,0,0.0,0,0,0,0,0,"1,2",,,,,,,,,,,,,2,0,0,0,0,0,0,0,0,0,0,0,0,0,0,0,0,0,0,0,,0,,0,,0,,0,,0,0,,0
513,514,0,0,0,0,0,0,0,0,0,0,0,0,0,0,0.0,,,,0,0.0,0,0,0,0,0,0,0,0,0,0,0.0,0,0,0,0,0,"2,1",,,,,,,,,,,,,2,0,0,0,0,0,0,0,0,0,0,0,0,0,0,0,0,0,0,0,,0,,0,,0,,0,,0,0,,0
514,515,0,0,0,0,0,0,0,0,0,0,0,0,0,0,0.0,,,,0,0.0,0,0,0,0,0,0,0,0,0,0,0.0,0,0,0,0,0,"2,1",,,,,,,,,,,,,2,0,0,0,0,0,0,0,0,0,0,0,0,0,0,0,0,0,0,0,,0,,0,,0,,0,,0,0,,0
515,516,0,0,0,0,0,0,0,0,0,0,0,0,0,0,0.0,,,,0,0.0,0,0,0,0,0,0,0,0,0,0,0.0,0,0,0,0,0,"1,2",,,,,,,,,,,,,2,0,0,0,0,0,0,0,0,0,0,0,0,0,0,0,0,0,0,0,,0,,0,,0,,0,,0,0,,0
516,517,0,0,0,0,0,0,0,0,0,0,0,0,0,0,0.0,,,,0,0.0,0,0,0,0,0,0,0,0,0,0,0.0,0,0,0,0,0,"2,1",,,,,,,,,,,,,2,0,0,0,0,0,0,0,0,0,0,0,0,0,0,0,0,0,0,0,,0,,0,,0,,0,,0,0,,0
517,518,0,0,0,0,0,0,0,0,0,0,0,0,0,0,0.0,,,,0,0.0,0,0,0,0,0,0,0,0,0,0,0.0,0,0,0,0,0,"2,1",,,,,,,,,,,,,2,0,0,0,0,0,0,0,0,0,0,0,0,0,0,0,0,0,0,0,,0,,0,,0,,0,,0,0,,0
518,519,0,0,0,0,0,0,0,0,0,0,0,0,0,0,0.0,,,,0,0.0,0,0,0,0,0,0,0,0,0,0,0.0,0,0,0,0,0,"2,1",,,,,,,,,,,,,2,0,0,0,0,0,0,0,0,0,0,0,0,0,0,0,0,0,0,0,,0,,0,,0,,0,,0,0,,0
519,520,0,0,0,0,0,0,0,0,0,0,0,0,0,0,0.0,,,,0,0.0,0,0,0,0,0,0,0,0,0,0,0.0,0,0,0,0,0,"2,1",,,,,,,,,,,,,2,0,0,0,0,0,0,0,0,0,0,0,0,0,0,0,0,0,0,0,,0,,0,,0,,0,,0,0,,0
520,521,0,0,0,0,0,0,0,0,0,0,0,0,0,0,0.0,,,,0,0.0,0,0,0,0,0,0,0,0,0,0,0.0,0,0,0,0,0,"2,1",,,,,,,,,,,,,2,0,0,0,0,0,0,0,0,0,0,0,0,0,0,0,0,0,0,0,,0,,0,,0,,0,,0,0,,0
521,522,0,0,0,0,0,0,0,0,0,0,0,0,0,0,0.0,,,,0,0.0,0,0,0,0,0,0,0,0,0,0,0.0,0,0,0,0,0,"2,1",,,,,,,,,,,,,2,0,0,0,0,0,0,0,0,0,0,0,0,0,0,0,0,0,0,0,,0,,0,,0,,0,,0,0,,0
522,523,0,0,0,0,0,0,0,0,0,0,0,0,0,0,0.0,,,,0,0.0,0,0,0,0,0,0,0,0,0,0,0.0,0,0,0,0,0,"1,2",,,,,,,,,,,,,2,0,0,0,0,0,0,0,0,0,0,0,0,0,0,0,0,0,0,0,,0,,0,,0,,0,,0,0,,0
523,524,0,0,0,0,0,0,0,0,0,0,0,0,0,0,0.0,,,,0,0.0,0,0,0,0,0,0,0,0,0,0,0.0,0,0,0,0,0,"1,2",,,,,,,,,,,,,2,0,0,0,0,0,0,0,0,0,0,0,0,0,0,0,0,0,0,0,,0,,0,,0,,0,,0,0,,0
524,525,0,0,0,0,0,0,0,0,0,0,0,0,0,0,0.0,,,,0,0.0,0,0,0,0,0,0,0,0,0,0,0.0,0,0,0,0,0,"2,1",,,,,,,,,,,,,2,0,0,0,0,0,0,0,0,0,0,0,0,0,0,0,0,0,0,0,,0,,0,,0,,0,,0,0,,0
525,526,0,0,0,0,0,0,0,0,0,0,0,0,0,0,0.0,,,,0,0.0,0,0,0,0,0,0,0,0,0,0,0.0,0,0,0,0,0,"1,2",,,,,,,,,,,,,2,0,0,0,0,0,0,0,0,0,0,0,0,0,0,0,0,0,0,0,,0,,0,,0,,0,,0,0,,0
526,527,0,0,0,0,0,0,0,0,0,0,0,0,0,0,0.0,,,,0,0.0,0,0,0,0,0,0,0,0,0,0,0.0,0,0,0,0,0,"1,2",,,,,,,,,,,,,2,0,0,0,0,0,0,0,0,0,0,0,0,0,0,0,0,0,0,0,,0,,0,,0,,0,,0,0,,0
527,528,0,0,0,0,0,0,0,0,0,0,0,0,0,0,0.0,,,,0,0.0,0,0,0,0,0,0,0,0,0,0,0.0,0,0,0,0,0,"1,2",,,,,,,,,,,,,2,0,0,0,0,0,0,0,0,0,0,0,0,0,0,0,0,0,0,0,,0,,0,,0,,0,,0,0,,0
528,529,0,0,0,0,0,0,0,0,0,0,0,0,0,0,0.0,,,,0,0.0,0,0,0,0,0,0,0,0,0,0,0.0,0,0,0,0,0,"1,2",,,,,,,,,,,,,2,0,0,0,0,0,0,0,0,0,0,0,0,0,0,0,0,0,0,0,,0,,0,,0,,0,,0,0,,0
529,530,0,0,0,0,0,0,0,0,0,0,0,0,0,0,0.0,,,,0,0.0,0,0,0,0,0,0,0,0,0,0,0.0,0,0,0,0,0,"1,2",,,,,,,,,,,,,2,0,0,0,0,0,0,0,0,0,0,0,0,0,0,0,0,0,0,0,,0,,0,,0,,0,,0,0,,0
530,531,0,0,0,0,0,0,0,0,0,0,0,0,0,0,0.0,,,,0,0.0,0,0,0,0,0,0,0,0,0,0,0.0,0,0,0,0,0,"1,2",,,,,,,,,,,,,2,0,0,0,0,0,0,0,0,0,0,0,0,0,0,0,0,0,0,0,,0,,0,,0,,0,,0,0,,0
531,532,0,0,0,0,0,0,0,0,0,0,0,0,0,0,0.0,,,,0,0.0,0,0,0,0,0,0,0,0,0,0,0.0,0,0,0,0,0,"2,1",,,,,,,,,,,,,2,0,0,0,0,0,0,0,0,0,0,0,0,0,0,0,0,0,0,0,,0,,0,,0,,0,,0,0,,0
532,533,0,0,0,0,0,0,0,0,0,0,0,0,0,0,0.0,,,,0,0.0,0,0,0,0,0,0,0,0,0,0,0.0,0,0,0,0,0,"2,1",,,,,,,,,,,,,2,0,0,0,0,0,0,0,0,0,0,0,0,0,0,0,0,0,0,0,,0,,0,,0,,0,,0,0,,0
533,534,0,0,0,0,0,0,0,0,0,0,0,0,0,0,0.0,,,,0,0.0,0,0,0,0,0,0,0,0,0,0,0.0,0,0,0,0,0,"1,2",,,,,,,,,,,,,2,0,0,0,0,0,0,0,0,0,0,0,0,0,0,0,0,0,0,0,,0,,0,,0,,0,,0,0,,0
534,535,0,0,0,0,0,0,0,0,0,0,0,0,0,0,0.0,,,,0,0.0,0,0,0,0,0,0,0,0,0,0,0.0,0,0,0,0,0,"1,2",,,,,,,,,,,,,2,0,0,0,0,0,0,0,0,0,0,0,0,0,0,0,0,0,0,0,,0,,0,,0,,0,,0,0,,0
535,536,0,0,0,0,0,0,0,0,0,0,0,0,0,0,0.0,,,,0,0.0,0,0,0,0,0,0,0,0,0,0,0.0,0,0,0,0,0,"1,2",,,,,,,,,,,,,2,0,0,0,0,0,0,0,0,0,0,0,0,0,0,0,0,0,0,0,,0,,0,,0,,0,,0,0,,0
536,537,0,0,0,0,0,0,0,0,0,0,0,0,0,0,0.0,,,,0,0.0,0,0,0,0,0,0,0,0,0,0,0.0,0,0,0,0,0,"1,2",,,,,,,,,,,,,2,0,0,0,0,0,0,0,0,0,0,0,0,0,0,0,0,0,0,0,,0,,0,,0,,0,,0,0,,0
537,538,0,0,0,0,0,0,0,0,0,0,0,0,0,0,0.0,,,,0,0.0,0,0,0,0,0,0,0,0,0,0,0.0,0,0,0,0,0,"2,1",,,,,,,,,,,,,2,0,0,0,0,0,0,0,0,0,0,0,0,0,0,0,0,0,0,0,,0,,0,,0,,0,,0,0,,0
538,539,0,0,0,0,0,0,0,0,0,0,0,0,0,0,0.0,,,,0,0.0,0,0,0,0,0,0,0,0,0,0,0.0,0,0,0,0,0,"1,2",,,,,,,,,,,,,2,0,0,0,0,0,0,0,0,0,0,0,0,0,0,0,0,0,0,0,,0,,0,,0,,0,,0,0,,0
539,540,0,0,0,0,0,0,0,0,0,0,0,0,0,0,0.0,,,,0,0.0,0,0,0,0,0,0,0,0,0,0,0.0,0,0,0,0,0,"2,1",,,,,,,,,,,,,2,0,0,0,0,0,0,0,0,0,0,0,0,0,0,0,0,0,0,0,,0,,0,,0,,0,,0,0,,0
540,541,0,0,0,0,0,0,0,0,0,0,0,0,0,0,0.0,,,,0,0.0,0,0,0,0,0,0,0,0,0,0,0.0,0,0,0,0,0,"1,2",,,,,,,,,,,,,2,0,0,0,0,0,0,0,0,0,0,0,0,0,0,0,0,0,0,0,,0,,0,,0,,0,,0,0,,0
541,542,0,0,0,0,0,0,0,0,0,0,0,0,0,0,0.0,,,,0,0.0,0,0,0,0,0,0,0,0,0,0,0.0,0,0,0,0,0,"2,1",,,,,,,,,,,,,2,0,0,0,0,0,0,0,0,0,0,0,0,0,0,0,0,0,0,0,,0,,0,,0,,0,,0,0,,0
542,543,0,0,0,0,0,0,0,0,0,0,0,0,0,0,0.0,,,,0,0.0,0,0,0,0,0,0,0,0,0,0,0.0,0,0,0,0,0,"2,1",,,,,,,,,,,,,2,0,0,0,0,0,0,0,0,0,0,0,0,0,0,0,0,0,0,0,,0,,0,,0,,0,,0,0,,0
543,544,0,0,0,0,0,0,0,0,0,0,0,0,0,0,0.0,,,,0,0.0,0,0,0,0,0,0,0,0,0,0,0.0,0,0,0,0,0,"1,2",,,,,,,,,,,,,2,0,0,0,0,0,0,0,0,0,0,0,0,0,0,0,0,0,0,0,,0,,0,,0,,0,,0,0,,0
544,545,0,0,0,0,0,0,0,0,0,0,0,0,0,0,0.0,,,,0,0.0,0,0,0,0,0,0,0,0,0,0,0.0,0,0,0,0,0,"2,1",,,,,,,,,,,,,2,0,0,0,0,0,0,0,0,0,0,0,0,0,0,0,0,0,0,0,,0,,0,,0,,0,,0,0,,0
545,546,0,0,0,0,0,0,0,0,0,0,0,0,0,0,0.0,,,,0,0.0,0,0,0,0,0,0,0,0,0,0,0.0,0,0,0,0,0,"1,2",,,,,,,,,,,,,2,0,0,0,0,0,0,0,0,0,0,0,0,0,0,0,0,0,0,0,,0,,0,,0,,0,,0,0,,0
546,547,0,0,0,0,0,0,0,0,0,0,0,0,0,0,0.0,,,,0,0.0,0,0,0,0,0,0,0,0,0,0,0.0,0,0,0,0,0,"1,2",,,,,,,,,,,,,2,0,0,0,0,0,0,0,0,0,0,0,0,0,0,0,0,0,0,0,,0,,0,,0,,0,,0,0,,0
547,548,0,0,0,0,0,0,0,0,0,0,0,0,0,0,0.0,,,,0,0.0,0,0,0,0,0,0,0,0,0,0,0.0,0,0,0,0,0,"2,1",,,,,,,,,,,,,2,0,0,0,0,0,0,0,0,0,0,0,0,0,0,0,0,0,0,0,,0,,0,,0,,0,,0,0,,0
548,549,0,0,0,0,0,0,0,0,0,0,0,0,0,0,0.0,,,,0,0.0,0,0,0,0,0,0,0,0,0,0,0.0,0,0,0,0,0,"1,2",,,,,,,,,,,,,2,0,0,0,0,0,0,0,0,0,0,0,0,0,0,0,0,0,0,0,,0,,0,,0,,0,,0,0,,0
549,550,0,0,0,0,0,0,0,0,0,0,0,0,0,0,0.0,,,,0,0.0,0,0,0,0,0,0,0,0,0,0,0.0,0,0,0,0,0,"1,2",,,,,,,,,,,,,2,0,0,0,0,0,0,0,0,0,0,0,0,0,0,0,0,0,0,0,,0,,0,,0,,0,,0,0,,0
550,551,0,0,0,0,0,0,0,0,0,0,0,0,0,0,0.0,,,,0,0.0,0,0,0,0,0,0,0,0,0,0,0.0,0,0,0,0,0,"1,2",,,,,,,,,,,,,2,0,0,0,0,0,0,0,0,0,0,0,0,0,0,0,0,0,0,0,,0,,0,,0,,0,,0,0,,0
551,552,0,0,0,0,0,0,0,0,0,0,0,0,0,0,0.0,,,,0,0.0,0,0,0,0,0,0,0,0,0,0,0.0,0,0,0,0,0,"2,1",,,,,,,,,,,,,2,0,0,0,0,0,0,0,0,0,0,0,0,0,0,0,0,0,0,0,,0,,0,,0,,0,,0,0,,0
552,553,0,0,0,0,0,0,0,0,0,0,0,0,0,0,0.0,,,,0,0.0,0,0,0,0,0,0,0,0,0,0,0.0,0,0,0,0,0,"2,1",,,,,,,,,,,,,2,0,0,0,0,0,0,0,0,0,0,0,0,0,0,0,0,0,0,0,,0,,0,,0,,0,,0,0,,0
553,554,0,0,0,0,0,0,0,0,0,0,0,0,0,0,0.0,,,,0,0.0,0,0,0,0,0,0,0,0,0,0,0.0,0,0,0,0,0,"1,2",,,,,,,,,,,,,2,0,0,0,0,0,0,0,0,0,0,0,0,0,0,0,0,0,0,0,,0,,0,,0,,0,,0,0,,0
554,555,0,0,0,0,0,0,0,0,0,0,0,0,0,0,0.0,,,,0,0.0,0,0,0,0,0,0,0,0,0,0,0.0,0,0,0,0,0,"1,2",,,,,,,,,,,,,2,0,0,0,0,0,0,0,0,0,0,0,0,0,0,0,0,0,0,0,,0,,0,,0,,0,,0,0,,0
555,556,0,0,0,0,0,0,0,0,0,0,0,0,0,0,0.0,,,,0,0.0,0,0,0,0,0,0,0,0,0,0,0.0,0,0,0,0,0,"1,2",,,,,,,,,,,,,2,0,0,0,0,0,0,0,0,0,0,0,0,0,0,0,0,0,0,0,,0,,0,,0,,0,,0,0,,0
556,557,0,0,0,0,0,0,0,0,0,0,0,0,0,0,0.0,,,,0,0.0,0,0,0,0,0,0,0,0,0,0,0.0,0,0,0,0,0,"2,1",,,,,,,,,,,,,2,0,0,0,0,0,0,0,0,0,0,0,0,0,0,0,0,0,0,0,,0,,0,,0,,0,,0,0,,0
557,558,0,0,0,0,0,0,0,0,0,0,0,0,0,0,0.0,,,,0,0.0,0,0,0,0,0,0,0,0,0,0,0.0,0,0,0,0,0,"2,1",,,,,,,,,,,,,2,0,0,0,0,0,0,0,0,0,0,0,0,0,0,0,0,0,0,0,,0,,0,,0,,0,,0,0,,0
558,559,0,0,0,0,0,0,0,0,0,0,0,0,0,0,0.0,,,,0,0.0,0,0,0,0,0,0,0,0,0,0,0.0,0,0,0,0,0,"1,2",,,,,,,,,,,,,2,0,0,0,0,0,0,0,0,0,0,0,0,0,0,0,0,0,0,0,,0,,0,,0,,0,,0,0,,0
559,560,0,0,0,0,0,0,0,0,0,0,0,0,0,0,0.0,,,,0,0.0,0,0,0,0,0,0,0,0,0,0,0.0,0,0,0,0,0,"1,2",,,,,,,,,,,,,2,0,0,0,0,0,0,0,0,0,0,0,0,0,0,0,0,0,0,0,,0,,0,,0,,0,,0,0,,0
560,561,0,0,0,0,0,0,0,0,0,0,0,0,0,0,0.0,,,,0,0.0,0,0,0,0,0,0,0,0,0,0,0.0,0,0,0,0,0,"2,1",,,,,,,,,,,,,2,0,0,0,0,0,0,0,0,0,0,0,0,0,0,0,0,0,0,0,,0,,0,,0,,0,,0,0,,0
561,562,0,0,0,0,0,0,0,0,0,0,0,0,0,0,0.0,,,,0,0.0,0,0,0,0,0,0,0,0,0,0,0.0,0,0,0,0,0,"2,1",,,,,,,,,,,,,2,0,0,0,0,0,0,0,0,0,0,0,0,0,0,0,0,0,0,0,,0,,0,,0,,0,,0,0,,0
562,563,0,0,0,0,0,0,0,0,0,0,0,0,0,0,0.0,,,,0,0.0,0,0,0,0,0,0,0,0,0,0,0.0,0,0,0,0,0,"2,1",,,,,,,,,,,,,2,0,0,0,0,0,0,0,0,0,0,0,0,0,0,0,0,0,0,0,,0,,0,,0,,0,,0,0,,0
563,564,0,0,0,0,0,0,0,0,0,0,0,0,0,0,0.0,,,,0,0.0,0,0,0,0,0,0,0,0,0,0,0.0,0,0,0,0,0,"1,2",,,,,,,,,,,,,2,0,0,0,0,0,0,0,0,0,0,0,0,0,0,0,0,0,0,0,,0,,0,,0,,0,,0,0,,0
564,565,0,0,0,0,0,0,0,0,0,0,0,0,0,0,0.0,,,,0,0.0,0,0,0,0,0,0,0,0,0,0,0.0,0,0,0,0,0,"2,1",,,,,,,,,,,,,2,0,0,0,0,0,0,0,0,0,0,0,0,0,0,0,0,0,0,0,,0,,0,,0,,0,,0,0,,0
565,566,0,0,0,0,0,0,0,0,0,0,0,0,0,0,0.0,,,,0,0.0,0,0,0,0,0,0,0,0,0,0,0.0,0,0,0,0,0,"2,1",,,,,,,,,,,,,2,0,0,0,0,0,0,0,0,0,0,0,0,0,0,0,0,0,0,0,,0,,0,,0,,0,,0,0,,0
566,567,0,0,0,0,0,0,0,0,0,0,0,0,0,0,0.0,,,,0,0.0,0,0,0,0,0,0,0,0,0,0,0.0,0,0,0,0,0,"1,2",,,,,,,,,,,,,2,0,0,0,0,0,0,0,0,0,0,0,0,0,0,0,0,0,0,0,,0,,0,,0,,0,,0,0,,0
567,568,0,0,0,0,0,0,0,0,0,0,0,0,0,0,0.0,,,,0,0.0,0,0,0,0,0,0,0,0,0,0,0.0,0,0,0,0,0,"2,1",,,,,,,,,,,,,2,0,0,0,0,0,0,0,0,0,0,0,0,0,0,0,0,0,0,0,,0,,0,,0,,0,,0,0,,0
568,569,0,0,0,0,0,0,0,0,0,0,0,0,0,0,0.0,,,,0,0.0,0,0,0,0,0,0,0,0,0,0,0.0,0,0,0,0,0,"2,1",,,,,,,,,,,,,2,0,0,0,0,0,0,0,0,0,0,0,0,0,0,0,0,0,0,0,,0,,0,,0,,0,,0,0,,0
569,570,0,0,0,0,0,0,0,0,0,0,0,0,0,0,0.0,,,,0,0.0,0,0,0,0,0,0,0,0,0,0,0.0,0,0,0,0,0,"2,1",,,,,,,,,,,,,2,0,0,0,0,0,0,0,0,0,0,0,0,0,0,0,0,0,0,0,,0,,0,,0,,0,,0,0,,0
570,571,0,0,0,0,0,0,0,0,0,0,0,0,0,0,0.0,,,,0,0.0,0,0,0,0,0,0,0,0,0,0,0.0,0,0,0,0,0,"1,2",,,,,,,,,,,,,2,0,0,0,0,0,0,0,0,0,0,0,0,0,0,0,0,0,0,0,,0,,0,,0,,0,,0,0,,0
571,572,0,0,0,0,0,0,0,0,0,0,0,0,0,0,0.0,,,,0,0.0,0,0,0,0,0,0,0,0,0,0,0.0,0,0,0,0,0,"2,1",,,,,,,,,,,,,2,0,0,0,0,0,0,0,0,0,0,0,0,0,0,0,0,0,0,0,,0,,0,,0,,0,,0,0,,0
572,573,0,0,0,0,0,0,0,0,0,0,0,0,0,0,0.0,,,,0,0.0,0,0,0,0,0,0,0,0,0,0,0.0,0,0,0,0,0,"1,2",,,,,,,,,,,,,2,0,0,0,0,0,0,0,0,0,0,0,0,0,0,0,0,0,0,0,,0,,0,,0,,0,,0,0,,0
573,574,0,0,0,0,0,0,0,0,0,0,0,0,0,0,0.0,,,,0,0.0,0,0,0,0,0,0,0,0,0,0,0.0,0,0,0,0,0,"2,1",,,,,,,,,,,,,2,0,0,0,0,0,0,0,0,0,0,0,0,0,0,0,0,0,0,0,,0,,0,,0,,0,,0,0,,0
574,575,0,0,0,0,0,0,0,0,0,0,0,0,0,0,0.0,,,,0,0.0,0,0,0,0,0,0,0,0,0,0,0.0,0,0,0,0,0,"2,1",,,,,,,,,,,,,2,0,0,0,0,0,0,0,0,0,0,0,0,0,0,0,0,0,0,0,,0,,0,,0,,0,,0,0,,0
575,576,0,0,0,0,0,0,0,0,0,0,0,0,0,0,0.0,,,,0,0.0,0,0,0,0,0,0,0,0,0,0,0.0,0,0,0,0,0,"1,2",,,,,,,,,,,,,2,0,0,0,0,0,0,0,0,0,0,0,0,0,0,0,0,0,0,0,,0,,0,,0,,0,,0,0,,0
576,577,0,0,0,0,0,0,0,0,0,0,0,0,0,0,0.0,,,,0,0.0,0,0,0,0,0,0,0,0,0,0,0.0,0,0,0,0,0,"2,1",,,,,,,,,,,,,2,0,0,0,0,0,0,0,0,0,0,0,0,0,0,0,0,0,0,0,,0,,0,,0,,0,,0,0,,0
577,578,0,0,0,0,0,0,0,0,0,0,0,0,0,0,0.0,,,,0,0.0,0,0,0,0,0,0,0,0,0,0,0.0,0,0,0,0,0,"1,2",,,,,,,,,,,,,2,0,0,0,0,0,0,0,0,0,0,0,0,0,0,0,0,0,0,0,,0,,0,,0,,0,,0,0,,0
578,579,0,0,0,0,0,0,0,0,0,0,0,0,0,0,0.0,,,,0,0.0,0,0,0,0,0,0,0,0,0,0,0.0,0,0,0,0,0,"1,2",,,,,,,,,,,,,2,0,0,0,0,0,0,0,0,0,0,0,0,0,0,0,0,0,0,0,,0,,0,,0,,0,,0,0,,0
579,580,0,0,0,0,0,0,0,0,0,0,0,0,0,0,0.0,,,,0,0.0,0,0,0,0,0,0,0,0,0,0,0.0,0,0,0,0,0,"2,1",,,,,,,,,,,,,2,0,0,0,0,0,0,0,0,0,0,0,0,0,0,0,0,0,0,0,,0,,0,,0,,0,,0,0,,0
580,581,0,0,0,0,0,0,0,0,0,0,0,0,0,0,0.0,,,,0,0.0,0,0,0,0,0,0,0,0,0,0,0.0,0,0,0,0,0,"2,1",,,,,,,,,,,,,2,0,0,0,0,0,0,0,0,0,0,0,0,0,0,0,0,0,0,0,,0,,0,,0,,0,,0,0,,0
581,582,0,0,0,0,0,0,0,0,0,0,0,0,0,0,0.0,,,,0,0.0,0,0,0,0,0,0,0,0,0,0,0.0,0,0,0,0,0,"1,2",,,,,,,,,,,,,2,0,0,0,0,0,0,0,0,0,0,0,0,0,0,0,0,0,0,0,,0,,0,,0,,0,,0,0,,0
582,583,0,0,0,0,0,0,0,0,0,0,0,0,0,0,0.0,,,,0,0.0,0,0,0,0,0,0,0,0,0,0,0.0,0,0,0,0,0,"2,1",,,,,,,,,,,,,2,0,0,0,0,0,0,0,0,0,0,0,0,0,0,0,0,0,0,0,,0,,0,,0,,0,,0,0,,0
583,584,0,0,0,0,0,0,0,0,0,0,0,0,0,0,0.0,,,,0,0.0,0,0,0,0,0,0,0,0,0,0,0.0,0,0,0,0,0,"1,2",,,,,,,,,,,,,2,0,0,0,0,0,0,0,0,0,0,0,0,0,0,0,0,0,0,0,,0,,0,,0,,0,,0,0,,0
584,585,0,0,0,0,0,0,0,0,0,0,0,0,0,0,0.0,,,,0,0.0,0,0,0,0,0,0,0,0,0,0,0.0,0,0,0,0,0,"2,1",,,,,,,,,,,,,2,0,0,0,0,0,0,0,0,0,0,0,0,0,0,0,0,0,0,0,,0,,0,,0,,0,,0,0,,0
585,586,0,0,0,0,0,0,0,0,0,0,0,0,0,0,0.0,,,,0,0.0,0,0,0,0,0,0,0,0,0,0,0.0,0,0,0,0,0,"1,2",,,,,,,,,,,,,2,0,0,0,0,0,0,0,0,0,0,0,0,0,0,0,0,0,0,0,,0,,0,,0,,0,,0,0,,0
586,587,0,0,0,0,0,0,0,0,0,0,0,0,0,0,0.0,,,,0,0.0,0,0,0,0,0,0,0,0,0,0,0.0,0,0,0,0,0,"1,2",,,,,,,,,,,,,2,0,0,0,0,0,0,0,0,0,0,0,0,0,0,0,0,0,0,0,,0,,0,,0,,0,,0,0,,0
587,588,0,0,0,0,0,0,0,0,0,0,0,0,0,0,0.0,,,,0,0.0,0,0,0,0,0,0,0,0,0,0,0.0,0,0,0,0,0,"1,2",,,,,,,,,,,,,2,0,0,0,0,0,0,0,0,0,0,0,0,0,0,0,0,0,0,0,,0,,0,,0,,0,,0,0,,0
588,589,0,0,0,0,0,0,0,0,0,0,0,0,0,0,0.0,,,,0,0.0,0,0,0,0,0,0,0,0,0,0,0.0,0,0,0,0,0,"1,2",,,,,,,,,,,,,2,0,0,0,0,0,0,0,0,0,0,0,0,0,0,0,0,0,0,0,,0,,0,,0,,0,,0,0,,0
589,590,0,0,0,0,0,0,0,0,0,0,0,0,0,0,0.0,,,,0,0.0,0,0,0,0,0,0,0,0,0,0,0.0,0,0,0,0,0,"2,1",,,,,,,,,,,,,2,0,0,0,0,0,0,0,0,0,0,0,0,0,0,0,0,0,0,0,,0,,0,,0,,0,,0,0,,0
590,591,0,0,0,0,0,0,0,0,0,0,0,0,0,0,0.0,,,,0,0.0,0,0,0,0,0,0,0,0,0,0,0.0,0,0,0,0,0,"2,1",,,,,,,,,,,,,2,0,0,0,0,0,0,0,0,0,0,0,0,0,0,0,0,0,0,0,,0,,0,,0,,0,,0,0,,0
591,592,0,0,0,0,0,0,0,0,0,0,0,0,0,0,0.0,,,,0,0.0,0,0,0,0,0,0,0,0,0,0,0.0,0,0,0,0,0,"2,1",,,,,,,,,,,,,2,0,0,0,0,0,0,0,0,0,0,0,0,0,0,0,0,0,0,0,,0,,0,,0,,0,,0,0,,0
592,593,0,0,0,0,0,0,0,0,0,0,0,0,0,0,0.0,,,,0,0.0,0,0,0,0,0,0,0,0,0,0,0.0,0,0,0,0,0,"2,1",,,,,,,,,,,,,2,0,0,0,0,0,0,0,0,0,0,0,0,0,0,0,0,0,0,0,,0,,0,,0,,0,,0,0,,0
593,594,0,0,0,0,0,0,0,0,0,0,0,0,0,0,0.0,,,,0,0.0,0,0,0,0,0,0,0,0,0,0,0.0,0,0,0,0,0,"2,1",,,,,,,,,,,,,2,0,0,0,0,0,0,0,0,0,0,0,0,0,0,0,0,0,0,0,,0,,0,,0,,0,,0,0,,0
594,595,0,0,0,0,0,0,0,0,0,0,0,0,0,0,0.0,,,,0,0.0,0,0,0,0,0,0,0,0,0,0,0.0,0,0,0,0,0,"1,2",,,,,,,,,,,,,2,0,0,0,0,0,0,0,0,0,0,0,0,0,0,0,0,0,0,0,,0,,0,,0,,0,,0,0,,0
595,596,0,0,0,0,0,0,0,0,0,0,0,0,0,0,0.0,,,,0,0.0,0,0,0,0,0,0,0,0,0,0,0.0,0,0,0,0,0,"1,2",,,,,,,,,,,,,2,0,0,0,0,0,0,0,0,0,0,0,0,0,0,0,0,0,0,0,,0,,0,,0,,0,,0,0,,0
596,597,0,0,0,0,0,0,0,0,0,0,0,0,0,0,0.0,,,,0,0.0,0,0,0,0,0,0,0,0,0,0,0.0,0,0,0,0,0,"1,2",,,,,,,,,,,,,2,0,0,0,0,0,0,0,0,0,0,0,0,0,0,0,0,0,0,0,,0,,0,,0,,0,,0,0,,0
597,598,0,0,0,0,0,0,0,0,0,0,0,0,0,0,0.0,,,,0,0.0,0,0,0,0,0,0,0,0,0,0,0.0,0,0,0,0,0,"1,2",,,,,,,,,,,,,2,0,0,0,0,0,0,0,0,0,0,0,0,0,0,0,0,0,0,0,,0,,0,,0,,0,,0,0,,0
598,599,0,0,0,0,0,0,0,0,0,0,0,0,0,0,0.0,,,,0,0.0,0,0,0,0,0,0,0,0,0,0,0.0,0,0,0,0,0,"1,2",,,,,,,,,,,,,2,0,0,0,0,0,0,0,0,0,0,0,0,0,0,0,0,0,0,0,,0,,0,,0,,0,,0,0,,0
599,600,0,0,0,0,0,0,0,0,0,0,0,0,0,0,0.0,,,,0,0.0,0,0,0,0,0,0,0,0,0,0,0.0,0,0,0,0,0,"1,2",,,,,,,,,,,,,2,0,0,0,0,0,0,0,0,0,0,0,0,0,0,0,0,0,0,0,,0,,0,,0,,0,,0,0,,0
600,601,0,0,0,0,0,0,0,0,0,0,0,0,0,0,0.0,,,,0,0.0,0,0,0,0,0,0,0,0,0,0,0.0,0,0,0,0,0,"2,1",,,,,,,,,,,,,2,0,0,0,0,0,0,0,0,0,0,0,0,0,0,0,0,0,0,0,,0,,0,,0,,0,,0,0,,0
601,602,0,0,0,0,0,0,0,0,0,0,0,0,0,0,0.0,,,,0,0.0,0,0,0,0,0,0,0,0,0,0,0.0,0,0,0,0,0,"1,2",,,,,,,,,,,,,2,0,0,0,0,0,0,0,0,0,0,0,0,0,0,0,0,0,0,0,,0,,0,,0,,0,,0,0,,0
602,603,0,0,0,0,0,0,0,0,0,0,0,0,0,0,0.0,,,,0,0.0,0,0,0,0,0,0,0,0,0,0,0.0,0,0,0,0,0,"2,1",,,,,,,,,,,,,2,0,0,0,0,0,0,0,0,0,0,0,0,0,0,0,0,0,0,0,,0,,0,,0,,0,,0,0,,0
603,604,0,0,0,0,0,0,0,0,0,0,0,0,0,0,0.0,,,,0,0.0,0,0,0,0,0,0,0,0,0,0,0.0,0,0,0,0,0,"1,2",,,,,,,,,,,,,2,0,0,0,0,0,0,0,0,0,0,0,0,0,0,0,0,0,0,0,,0,,0,,0,,0,,0,0,,0
604,605,0,0,0,0,0,0,0,0,0,0,0,0,0,0,0.0,,,,0,0.0,0,0,0,0,0,0,0,0,0,0,0.0,0,0,0,0,0,"2,1",,,,,,,,,,,,,2,0,0,0,0,0,0,0,0,0,0,0,0,0,0,0,0,0,0,0,,0,,0,,0,,0,,0,0,,0
605,606,0,0,0,0,0,0,0,0,0,0,0,0,0,0,0.0,,,,0,0.0,0,0,0,0,0,0,0,0,0,0,0.0,0,0,0,0,0,"2,1",,,,,,,,,,,,,2,0,0,0,0,0,0,0,0,0,0,0,0,0,0,0,0,0,0,0,,0,,0,,0,,0,,0,0,,0
606,607,0,0,0,0,0,0,0,0,0,0,0,0,0,0,0.0,,,,0,0.0,0,0,0,0,0,0,0,0,0,0,0.0,0,0,0,0,0,"1,2",,,,,,,,,,,,,2,0,0,0,0,0,0,0,0,0,0,0,0,0,0,0,0,0,0,0,,0,,0,,0,,0,,0,0,,0
607,608,0,0,0,0,0,0,0,0,0,0,0,0,0,0,0.0,,,,0,0.0,0,0,0,0,0,0,0,0,0,0,0.0,0,0,0,0,0,"1,2",,,,,,,,,,,,,2,0,0,0,0,0,0,0,0,0,0,0,0,0,0,0,0,0,0,0,,0,,0,,0,,0,,0,0,,0
608,609,0,0,0,0,0,0,0,0,0,0,0,0,0,0,0.0,,,,0,0.0,0,0,0,0,0,0,0,0,0,0,0.0,0,0,0,0,0,"2,1",,,,,,,,,,,,,2,0,0,0,0,0,0,0,0,0,0,0,0,0,0,0,0,0,0,0,,0,,0,,0,,0,,0,0,,0
609,610,0,0,0,0,0,0,0,0,0,0,0,0,0,0,0.0,,,,0,0.0,0,0,0,0,0,0,0,0,0,0,0.0,0,0,0,0,0,"2,1",,,,,,,,,,,,,2,0,0,0,0,0,0,0,0,0,0,0,0,0,0,0,0,0,0,0,,0,,0,,0,,0,,0,0,,0
610,611,0,0,0,0,0,0,0,0,0,0,0,0,0,0,0.0,,,,0,0.0,0,0,0,0,0,0,0,0,0,0,0.0,0,0,0,0,0,"1,2",,,,,,,,,,,,,2,0,0,0,0,0,0,0,0,0,0,0,0,0,0,0,0,0,0,0,,0,,0,,0,,0,,0,0,,0
611,612,0,0,0,0,0,0,0,0,0,0,0,0,0,0,0.0,,,,0,0.0,0,0,0,0,0,0,0,0,0,0,0.0,0,0,0,0,0,"1,2",,,,,,,,,,,,,2,0,0,0,0,0,0,0,0,0,0,0,0,0,0,0,0,0,0,0,,0,,0,,0,,0,,0,0,,0
612,613,0,0,0,0,0,0,0,0,0,0,0,0,0,0,0.0,,,,0,0.0,0,0,0,0,0,0,0,0,0,0,0.0,0,0,0,0,0,"1,2",,,,,,,,,,,,,2,0,0,0,0,0,0,0,0,0,0,0,0,0,0,0,0,0,0,0,,0,,0,,0,,0,,0,0,,0
613,614,0,0,0,0,0,0,0,0,0,0,0,0,0,0,0.0,,,,0,0.0,0,0,0,0,0,0,0,0,0,0,0.0,0,0,0,0,0,"2,1",,,,,,,,,,,,,2,0,0,0,0,0,0,0,0,0,0,0,0,0,0,0,0,0,0,0,,0,,0,,0,,0,,0,0,,0
614,615,0,0,0,0,0,0,0,0,0,0,0,0,0,0,0.0,,,,0,0.0,0,0,0,0,0,0,0,0,0,0,0.0,0,0,0,0,0,"1,2",,,,,,,,,,,,,2,0,0,0,0,0,0,0,0,0,0,0,0,0,0,0,0,0,0,0,,0,,0,,0,,0,,0,0,,0
615,616,0,0,0,0,0,0,0,0,0,0,0,0,0,0,0.0,,,,0,0.0,0,0,0,0,0,0,0,0,0,0,0.0,0,0,0,0,0,"1,2",,,,,,,,,,,,,2,0,0,0,0,0,0,0,0,0,0,0,0,0,0,0,0,0,0,0,,0,,0,,0,,0,,0,0,,0
616,617,0,0,0,0,0,0,0,0,0,0,0,0,0,0,0.0,,,,0,0.0,0,0,0,0,0,0,0,0,0,0,0.0,0,0,0,0,0,"1,2",,,,,,,,,,,,,2,0,0,0,0,0,0,0,0,0,0,0,0,0,0,0,0,0,0,0,,0,,0,,0,,0,,0,0,,0
617,618,0,0,0,0,0,0,0,0,0,0,0,0,0,0,0.0,,,,0,0.0,0,0,0,0,0,0,0,0,0,0,0.0,0,0,0,0,0,"2,1",,,,,,,,,,,,,2,0,0,0,0,0,0,0,0,0,0,0,0,0,0,0,0,0,0,0,,0,,0,,0,,0,,0,0,,0
618,619,0,0,0,0,0,0,0,0,0,0,0,0,0,0,0.0,,,,0,0.0,0,0,0,0,0,0,0,0,0,0,0.0,0,0,0,0,0,"2,1",,,,,,,,,,,,,2,0,0,0,0,0,0,0,0,0,0,0,0,0,0,0,0,0,0,0,,0,,0,,0,,0,,0,0,,0
619,620,0,0,0,0,0,0,0,0,0,0,0,0,0,0,0.0,,,,0,0.0,0,0,0,0,0,0,0,0,0,0,0.0,0,0,0,0,0,"1,2",,,,,,,,,,,,,2,0,0,0,0,0,0,0,0,0,0,0,0,0,0,0,0,0,0,0,,0,,0,,0,,0,,0,0,,0
620,621,0,0,0,0,0,0,0,0,0,0,0,0,0,0,0.0,,,,0,0.0,0,0,0,0,0,0,0,0,0,0,0.0,0,0,0,0,0,"1,2",,,,,,,,,,,,,2,0,0,0,0,0,0,0,0,0,0,0,0,0,0,0,0,0,0,0,,0,,0,,0,,0,,0,0,,0
621,622,1,1,0,0,1,0,0,0,0,1,1,0,0,0,0.0,0.0,,,0,0.0,0,0,0,0,0,0,0,0,0,1,0.0008038585209003215,0,0,0,0,0,"2,1",0.0,0.0,1.0,,,,,,,,,,1,0,0,1,0,0,1,0,0,0,0,0,0,0,1,0,0,0,0,0,0.0,1,,0,,0,,0,,0,0,,0
622,623,1,1,0,0,1,0,0,0,0,1,1,0,0,0,0.0,0.0,0.0,,1,0.5,200,30,0,0,0,0,0,-200,0,2,0.0016051364365971107,0,0,0,0,0,"2,1",0.0,0.0,1.0,,,,,,,,,,1,0,0,0,1,0,1,0,0,0,0,0,0,0,1,0,0,0,0,0,0.0,1,,0,,0,,0,,0,0,,0
623,624,1,1,0,0,1,0,0,0,0,1,1,0,0,0,0.0,0.0,0.0,,1,0.5,200,30,0,0,0,0,0,-200,0,3,0.002403846153846154,1,0,0,0,0,"2,1",0.0,0.0,1.0,,,,,,,,,,1,0,0,0,1,0,1,0,0,0,0,0,0,0,1,0,0,0,0,0,0.0,1,,0,,0,,0,,0,0,,0
624,625,1,1,0,0,1,0,0,0,0,1,1,0,0,0,0.0,0.0,0.0,,1,0.5,200,30,0,0,0,0,0,-200,0,4,0.0032,2,0,0,0,0,"1,2",0.0,0.0,1.0,,,,,,,,,,1,0,0,0,1,0,1,0,0,0,0,0,0,0,1,0,0,0,0,0,0.0,1,,0,,0,,0,,0,0,,0
625,626,1,1,0,0,1,0,0,0,0,1,1,0,0,0,0.0,0.0,0.0,,1,0.5,200,30,0,0,0,0,0,-200,0,5,0.003993610223642172,3,0,0,0,0,"1,2",0.0,0.0,1.0,,,,,,,,,,1,0,0,0,1,0,1,0,0,0,0,0,0,0,1,0,0,0,0,0,0.0,1,,0,,0,,0,,0,0,,0
626,627,1,1,0,0,1,0,0,0,0,1,1,0,0,0,0.0,0.0,0.0,,1,0.5,200,30,0,0,0,0,0,-200,0,6,0.004784688995215311,4,0,0,0,0,"2,1",0.0,0.0,1.0,,,,,,,,,,1,0,0,0,1,0,1,0,0,0,0,0,0,0,1,0,0,0,0,0,0.0,1,,0,,0,,0,,0,0,,0
627,628,1,1,0,0,1,0,0,0,0,1,1,0,0,0,0.0,0.0,0.0,,1,0.5,200,30,0,0,0,0,0,-200,0,7,0.005573248407643312,5,0,0,0,0,"2,1",0.0,0.0,1.0,,,,,,,,,,1,0,0,0,1,0,1,0,0,0,0,0,0,0,1,0,0,0,0,0,0.0,1,,0,,0,,0,,0,0,,0
628,629,1,1,0,0,1,0,0,0,0,1,1,0,0,0,0.0,0.0,0.0,,1,0.5,200,30,0,0,0,0,0,-200,0,8,0.006359300476947536,6,0,0,0,0,"2,1",0.0,0.0,1.0,,,,,,,,,,1,0,0,0,1,0,1,0,0,0,0,0,0,0,1,0,0,0,0,0,0.0,1,,0,,0,,0,,0,0,,0
629,630,1,1,0,0,1,0,0,0,0,1,1,0,0,0,0.0,0.0,0.0,,1,0.5,200,30,0,0,0,0,0,-200,0,9,0.007142857142857143,7,0,0,0,0,"2,1",0.0,0.0,1.0,,,,,,,,,,1,0,0,0,1,0,1,0,0,0,0,0,0,0,1,0,0,0,0,0,0.0,1,,0,,0,,0,,0,0,,0
630,631,1,1,0,0,1,0,0,0,0,1,1,0,0,0,0.0,0.0,0.0,,1,0.5,200,30,0,0,0,0,0,-200,0,10,0.00792393026941363,8,0,0,0,0,"1,2",0.0,0.0,1.0,,,,,,,,,,1,0,0,0,1,0,1,0,0,0,0,0,0,0,1,0,0,0,0,0,0.0,1,,0,,0,,0,,0,0,,0
631,632,1,1,0,0,1,0,0,0,0,1,1,0,0,0,0.0,0.0,0.0,,1,0.5,200,30,0,0,0,0,0,-200,0,11,0.00870253164556962,9,0,0,0,0,"2,1",0.0,0.0,1.0,,,,,,,,,,1,0,0,0,1,0,1,0,0,0,0,0,0,0,1,0,0,0,0,0,0.0,1,,0,,0,,0,,0,0,,0
632,633,1,1,0,0,1,0,0,0,0,1,1,0,0,0,0.0,0.0,0.0,,1,0.5,200,30,0,0,0,0,0,-200,0,12,0.009478672985781991,10,0,0,0,0,"2,1",0.0,0.0,1.0,,,,,,,,,,1,0,0,0,1,0,1,0,0,0,0,0,0,0,1,0,0,0,0,0,0.0,1,,0,,0,,0,,0,0,,0
633,634,1,1,0,0,1,0,0,0,0,1,1,0,0,0,0.0,0.0,0.0,,1,0.5,200,30,0,0,0,0,0,-200,0,13,0.01025236593059937,11,0,0,0,0,"1,2",0.0,0.0,1.0,,,,,,,,,,1,0,0,0,1,0,1,0,0,0,0,0,0,0,1,0,0,0,0,0,0.0,1,,0,,0,,0,,0,0,,0
634,635,1,1,0,0,1,0,0,0,0,1,1,0,0,0,0.0,0.0,0.0,,1,0.5,200,30,0,0,0,0,0,-200,0,14,0.011023622047244094,12,0,0,0,0,"2,1",0.0,0.0,1.0,,,,,,,,,,1,0,0,0,1,0,1,0,0,0,0,0,0,0,1,0,0,0,0,0,0.0,1,,0,,0,,0,,0,0,,0
635,636,1,1,0,0,1,0,0,0,0,1,1,0,0,0,0.0,0.0,0.0,,1,0.5,200,30,0,0,0,0,0,-200,0,15,0.01179245283018868,13,0,0,0,0,"2,1",0.0,0.0,1.0,,,,,,,,,,1,0,0,0,1,0,1,0,0,0,0,0,0,0,1,0,0,0,0,0,0.0,1,,0,,0,,0,,0,0,,0
636,637,1,1,0,0,1,0,0,0,0,1,1,0,0,0,0.0,0.0,0.0,,1,0.5,200,30,0,0,0,0,0,-200,0,16,0.012558869701726845,14,0,0,0,0,"2,1",0.0,0.0,1.0,,,,,,,,,,1,0,0,0,1,0,1,0,0,0,0,0,0,0,1,0,0,0,0,0,0.0,1,,0,,0,,0,,0,0,,0
637,638,1,1,0,0,1,0,0,0,0,1,1,0,0,0,0.0,0.0,0.0,,1,0.5,200,30,0,0,0,0,0,-200,0,17,0.013322884012539185,14,0,0,0,0,"2,1",0.0,0.0,1.0,,14.0,,,,,,,,1,0,0,0,0,1,0,0,1,0,0,0,0,0,0,0,0,0,0,0,0.0,1,,0,,0,,0,,0,1,,0
638,639,1,1,0,0,1,0,0,0,0,1,1,0,0,0,0.0,0.0,0.0,,2,1.0,400,60,0,0,0,0,0,-400,0,18,0.014084507042253521,14,0,0,0,0,"2,1",0.0,0.0,1.0,,14.0,,,,,,,,1,0,0,0,0,1,0,0,1,0,0,0,0,0,0,0,0,0,0,0,0.0,1,,0,,0,,0,,0,1,,0
639,640,1,1,0,0,1,0,0,0,0,1,1,0,0,0,0.0,0.0,0.0,,3,1.5,600,90,0,0,0,0,0,-600,0,19,0.01484375,14,0,0,0,0,"2,1",0.0,0.0,1.0,,14.0,,,,,,,,1,0,0,0,0,1,0,0,1,0,0,0,0,0,0,0,0,0,0,0,0.0,1,,0,,0,,0,,0,1,,0
640,641,1,1,0,0,1,0,0,0,0,1,1,0,0,0,0.0,0.0,0.0,,4,2.0,800,120,0,0,0,0,0,-800,0,20,0.015600624024960999,14,0,0,0,0,"1,2",0.0,0.0,1.0,,14.0,,,,,,,,1,0,0,0,0,1,0,0,1,0,0,0,0,0,0,0,0,0,0,0,0.0,1,,0,,0,,0,,0,1,,0
641,642,1,1,0,0,1,0,0,0,0,1,1,0,0,0,0.0,0.0,0.0,,5,2.5,1000,150,0,0,0,0,0,-1000,0,21,0.016355140186915886,14,0,0,0,0,"1,2",0.0,0.0,1.0,,14.0,,,,,,,,1,0,0,0,0,1,0,0,1,0,0,0,0,0,0,0,0,0,0,0,0.0,1,,0,,0,,0,,0,1,,0
642,643,1,1,0,0,1,0,0,0,0,1,1,0,0,0,0.0,0.0,0.0,,6,3.0,1200,180,0,0,0,0,0,-1200,0,22,0.017107309486780714,14,0,0,0,0,"2,1",0.0,0.0,1.0,,14.0,,,,,,,,1,0,0,0,0,1,0,0,1,0,0,0,0,0,0,0,0,0,0,0,0.0,1,,0,,0,,0,,0,1,,0
643,644,1,1,0,0,1,0,0,0,0,1,1,0,0,0,0.0,0.0,0.0,,7,3.5,1400,210,0,0,0,0,0,-1400,0,23,0.017857142857142856,14,0,0,0,0,"2,1",0.0,0.0,1.0,,14.0,,,,,,,,1,0,0,0,0,1,0,0,1,0,0,0,0,0,0,0,0,0,0,0,0.0,1,,0,,0,,0,,0,1,,0
644,645,1,1,0,0,1,0,0,0,0,1,1,0,0,0,0.0,0.0,0.0,,8,4.0,1600,240,0,0,0,0,0,-1600,0,24,0.018604651162790697,14,0,0,0,0,"2,1",0.0,0.0,1.0,,14.0,,,,,,,,1,0,0,0,0,1,0,0,1,0,0,0,0,0,0,0,0,0,0,0,0.0,1,,0,,0,,0,,0,1,,0
645,646,1,1,0,0,1,0,0,0,0,1,1,0,0,0,0.0,0.0,0.0,,9,4.5,1800,270,0,0,0,0,0,-1800,0,25,0.01934984520123839,14,0,0,0,0,"2,1",0.0,0.0,1.0,,14.0,,,,,,,,1,0,0,0,0,1,0,0,1,0,0,0,0,0,0,0,0,0,0,0,0.0,1,,0,,0,,0,,0,1,,0
646,647,1,1,0,0,1,0,0,0,0,1,1,0,0,0,0.0,0.0,0.0,,10,5.0,2000,300,0,0,0,0,0,-2000,0,26,0.02009273570324575,14,0,0,0,0,"2,1",0.0,0.0,1.0,,14.0,,,,,,,,1,0,0,0,0,1,0,0,1,0,0,0,0,0,0,0,0,0,0,0,0.0,1,,0,,0,,0,,0,1,,0
647,648,1,1,0,0,1,0,0,0,0,1,1,0,0,0,0.0,0.0,0.0,,11,5.5,2200,330,0,0,0,0,0,-2200,0,27,0.020833333333333332,14,0,0,0,0,"2,1",0.0,0.0,1.0,,14.0,,,,,,,,1,0,0,0,0,1,0,0,1,0,0,0,0,0,0,0,0,0,0,0,0.0,1,,0,,0,,0,,0,1,,0
648,649,1,1,0,0,1,0,0,0,0,1,1,0,0,0,0.0,0.0,0.0,,12,6.0,2400,360,0,0,0,0,0,-2400,0,28,0.02157164869029276,14,0,0,0,0,"1,2",0.0,0.0,1.0,,14.0,,,,,,,,1,0,0,0,0,1,0,0,1,0,0,0,0,0,0,0,0,0,0,0,0.0,1,,0,,0,,0,,0,1,,0
649,650,1,1,0,0,1,0,0,0,0,1,1,0,0,0,0.0,0.0,0.0,,13,6.5,2600,390,0,0,0,0,0,-2600,0,29,0.022307692307692306,14,0,0,0,0,"1,2",0.0,0.0,1.0,,14.0,,,,,,,,1,0,0,0,0,1,0,0,1,0,0,0,0,0,0,0,0,0,0,0,0.0,1,,0,,0,,0,,0,1,,0
650,651,1,1,0,0,1,0,0,0,0,1,1,0,0,0,0.0,0.0,0.0,,14,7.0,2800,420,0,0,0,0,0,-2800,0,30,0.02304147465437788,14,0,0,0,0,"2,1",0.0,0.0,1.0,,14.0,,,,,,,,1,0,0,0,0,1,0,0,1,0,0,0,0,0,0,0,0,0,0,0,0.0,1,,0,,0,,0,,0,1,,0
651,652,1,1,0,0,1,0,0,0,0,1,1,0,0,0,0.0,0.0,0.0,,15,7.5,3000,450,0,0,0,0,0,-3000,0,31,0.023773006134969327,14,0,0,0,0,"2,1",0.0,0.0,1.0,,14.0,,,,,,,,1,0,0,0,0,1,0,0,1,0,0,0,0,0,0,0,0,0,0,0,0.0,1,,0,,0,,0,,0,1,,0
652,653,1,1,0,0,1,0,0,0,0,1,1,0,0,0,0.0,0.0,0.0,,16,8.0,3200,480,0,0,0,0,0,-3200,0,32,0.02450229709035222,14,0,0,0,0,"1,2",0.0,0.0,1.0,,14.0,,,,,,,,1,0,0,0,0,1,0,0,1,0,0,0,0,0,0,0,0,0,0,0,0.0,1,,0,,0,,0,,0,1,,0
653,654,1,1,0,0,1,0,0,0,0,1,1,0,0,0,0.0,0.0,0.0,,17,8.5,3400,510,0,0,0,0,0,-3400,0,33,0.02522935779816514,14,0,0,0,0,"2,1",0.0,0.0,1.0,,14.0,,,,,,,,1,0,0,0,0,1,0,0,1,0,0,0,0,0,0,0,0,0,0,0,0.0,1,,0,,0,,0,,0,1,,0
654,655,1,1,0,0,1,0,0,0,0,1,1,0,0,0,0.0,0.0,0.0,,18,9.0,3600,540,0,0,0,0,0,-3600,0,34,0.025954198473282442,14,0,0,0,0,"2,1",0.0,0.0,1.0,,14.0,,,,,,,,1,0,0,0,0,1,0,0,1,0,0,0,0,0,0,0,0,0,0,0,0.0,1,,0,,0,,0,,0,1,,0
655,656,1,1,0,0,1,0,0,0,0,1,1,0,0,0,0.0,0.0,0.0,,19,9.5,3800,570,0,0,0,0,0,-3800,0,35,0.026676829268292682,14,0,0,0,0,"1,2",0.0,0.0,1.0,,14.0,,,,,,,,1,0,0,0,0,1,0,0,1,0,0,0,0,0,0,0,0,0,0,0,0.0,1,,0,,0,,0,,0,1,,0
656,657,1,1,0,0,1,0,0,0,0,1,1,0,0,0,0.0,0.0,0.0,,20,10.0,4000,600,0,0,0,0,0,-4000,0,36,0.0273972602739726,14,0,0,0,0,"1,2",0.0,0.0,1.0,,14.0,,,,,,,,1,0,0,0,0,1,0,0,1,0,0,0,0,0,0,0,0,0,0,0,0.0,1,,0,,0,,0,,0,1,,0
657,658,1,1,0,0,1,0,0,0,0,1,1,0,0,0,0.0,0.0,0.0,,21,10.5,4200,630,0,0,0,0,0,-4200,0,37,0.02811550151975684,14,0,0,0,0,"2,1",0.0,0.0,1.0,,14.0,,,,,,,,1,0,0,0,0,1,0,0,1,0,0,0,0,0,0,0,0,0,0,0,0.0,1,,0,,0,,0,,0,1,,0
658,659,1,1,0,0,1,0,0,0,0,1,1,0,0,0,0.0,0.0,0.0,,22,11.0,4400,660,0,0,0,0,0,-4400,0,38,0.028831562974203338,14,0,0,0,0,"1,2",0.0,0.0,1.0,,14.0,,,,,,,,1,0,0,0,0,1,0,0,1,0,0,0,0,0,0,0,0,0,0,0,0.0,1,,0,,0,,0,,0,1,,0
659,660,1,1,0,0,1,0,0,0,0,1,1,0,0,0,0.0,0.0,0.0,,23,11.5,4600,690,0,0,0,0,0,-4600,0,39,0.029545454545454545,14,0,0,0,0,"1,2",0.0,0.0,1.0,,14.0,,,,,,,,1,0,0,0,0,1,0,0,1,0,0,0,0,0,0,0,0,0,0,0,0.0,1,,0,,0,,0,,0,1,,0
660,661,1,1,0,0,1,0,0,0,0,1,1,0,0,0,0.0,0.0,0.0,,24,12.0,4800,720,0,0,0,0,0,-4800,0,40,0.030257186081694403,14,0,0,0,0,"2,1",0.0,0.0,1.0,,14.0,,,,,,,,1,0,0,0,0,1,0,0,1,0,0,0,0,0,0,0,0,0,0,0,0.0,1,,0,,0,,0,,0,1,,0
661,662,1,1,0,0,1,0,0,0,0,1,1,0,0,0,0.0,0.0,0.0,,25,12.5,5000,750,0,0,0,0,0,-5000,0,41,0.030966767371601207,14,0,0,0,0,"1,2",0.0,0.0,1.0,,14.0,,,,,,,,1,0,0,0,0,1,0,0,1,0,0,0,0,0,0,0,0,0,0,0,0.0,1,,0,,0,,0,,0,1,,0
662,663,1,1,0,0,1,0,0,0,0,1,1,0,0,0,0.0,0.0,0.0,,26,13.0,5200,780,0,0,0,0,0,-5200,0,42,0.03167420814479638,14,0,0,0,0,"2,1",0.0,0.0,1.0,,14.0,,,,,,,,1,0,0,0,0,1,0,0,1,0,0,0,0,0,0,0,0,0,0,0,0.0,1,,0,,0,,0,,0,1,,0
663,664,1,1,0,0,1,0,0,0,0,1,1,0,0,0,0.0,0.0,0.0,,27,13.5,5400,810,0,0,0,0,0,-5400,0,43,0.03237951807228916,14,0,0,0,0,"2,1",0.0,0.0,1.0,,14.0,,,,,,,,1,0,0,0,0,1,0,0,1,0,0,0,0,0,0,0,0,0,0,0,0.0,1,,0,,0,,0,,0,1,,0
664,665,1,1,0,0,1,0,0,0,0,1,1,0,0,0,0.0,0.0,0.0,,28,14.0,5600,840,0,0,0,0,0,-5600,0,44,0.03308270676691729,14,0,0,0,0,"2,1",0.0,0.0,1.0,,14.0,,,,,,,,1,0,0,0,0,1,0,0,1,0,0,0,0,0,0,0,0,0,0,0,0.0,1,,0,,0,,0,,0,1,,0
665,666,1,1,0,0,1,0,0,0,0,1,1,0,0,0,0.0,0.0,0.0,,29,14.5,5800,870,0,0,0,0,0,-5800,0,45,0.033783783783783786,14,0,0,0,0,"1,2",0.0,0.0,1.0,,14.0,,,,,,,,1,0,0,0,0,1,0,0,1,0,0,0,0,0,0,0,0,0,0,0,0.0,1,,0,,0,,0,,0,1,,0
666,667,1,1,0,0,1,0,0,0,0,1,1,0,0,0,0.0,0.0,0.0,,30,15.0,6000,900,0,0,0,0,0,-6000,0,46,0.034482758620689655,14,0,0,0,0,"2,1",0.0,0.0,1.0,,14.0,,,,,,,,1,0,0,0,0,1,0,0,1,0,0,0,0,0,0,0,0,0,0,0,0.0,1,,0,,0,,0,,0,1,,0
667,668,1,1,0,0,1,0,0,0,0,1,1,0,0,0,0.0,0.0,0.0,,31,15.5,6200,930,0,0,0,0,0,-6200,0,47,0.035179640718562874,14,0,0,0,0,"1,2",0.0,0.0,1.0,,14.0,,,,,,,,1,0,0,0,0,1,0,0,1,0,0,0,0,0,0,0,0,0,0,0,0.0,1,,0,,0,,0,,0,1,,0
668,669,1,1,0,0,1,0,0,0,0,1,1,0,0,0,0.0,0.0,0.0,,32,16.0,6400,960,0,0,0,0,0,-6400,0,48,0.03587443946188341,14,0,0,0,0,"2,1",0.0,0.0,1.0,,14.0,,,,,,,,1,0,0,0,0,1,0,0,1,0,0,0,0,0,0,0,0,0,0,0,0.0,1,,0,,0,,0,,0,1,,0
669,670,1,1,0,0,1,0,0,0,0,1,1,0,0,0,0.0,0.0,0.0,,33,16.5,6600,990,0,0,0,0,0,-6600,0,49,0.03656716417910448,14,0,0,0,0,"1,2",0.0,0.0,1.0,,14.0,,,,,,,,1,0,0,0,0,1,0,0,1,0,0,0,0,0,0,0,0,0,0,0,0.0,1,,0,,0,,0,,0,1,,0
670,671,1,1,0,0,1,0,0,0,0,1,1,0,0,0,0.0,0.0,0.0,,34,17.0,6800,1020,0,0,0,0,0,-6800,0,50,0.037257824143070044,14,0,0,0,0,"2,1",0.0,0.0,1.0,,14.0,,,,,,,,1,0,0,0,0,1,0,0,1,0,0,0,0,0,0,0,0,0,0,0,0.0,1,,0,,0,,0,,0,1,,0
671,672,2,2,0,0,2,0,0,0,0,2,2,0,0,0,0.0,0.0,0.0,,35,17.5,7000,1050,0,0,0,0,0,-7000,0,52,0.03869047619047619,14,0,0,0,0,"2,1",0.0,0.0,1.0,,14.0,,,,,,,,0,0,0,1,0,1,1,0,1,0,0,0,0,0,1,0,0,0,0,0,0.0,2,,0,,0,,0,,0,1,,0
672,673,2,2,0,0,2,0,0,0,0,2,2,0,0,0,0.0,0.0,0.0,,37,18.5,7400,1110,0,0,0,0,0,-7400,0,54,0.04011887072808321,14,0,0,0,0,"2,1",0.0,0.0,1.0,,14.0,,,,,,,,0,0,0,1,0,1,1,0,1,0,0,0,0,0,1,0,0,0,0,0,0.0,2,,0,,0,,0,,0,1,,0
673,674,2,2,0,0,2,0,0,0,0,2,2,0,0,0,0.0,0.0,0.0,,39,19.5,7800,1170,0,0,0,0,0,-7800,0,56,0.04154302670623145,14,0,0,0,0,"2,1",0.0,0.0,1.0,,14.0,,,,,,,,0,0,0,1,0,1,1,0,1,0,0,0,0,0,1,0,0,0,0,0,0.0,2,,0,,0,,0,,0,1,,0
674,675,2,2,0,0,2,0,0,0,0,2,2,0,0,0,0.0,0.0,0.0,,41,20.5,8200,1230,0,0,0,0,0,-8200,0,58,0.04296296296296296,14,0,0,0,0,"2,1",0.0,0.0,1.0,,14.0,,,,,,,,0,0,0,1,0,1,1,0,1,0,0,0,0,0,1,0,0,0,0,0,0.0,2,,0,,0,,0,,0,1,,0
675,676,2,2,0,0,2,0,0,0,0,2,2,0,0,0,0.0,0.0,0.0,,43,21.5,8600,1290,0,0,0,0,0,-8600,0,60,0.04437869822485207,14,0,0,0,0,"2,1",0.0,0.0,1.0,,14.0,,,,,,,,0,0,0,1,0,1,1,0,1,0,0,0,0,0,1,0,0,0,0,0,0.0,2,,0,,0,,0,,0,1,,0
676,677,2,2,0,0,1,1,0,0,1,2,2,0,0,0,0.0,0.0,0.0,,45,22.5,9000,1350,0,0,0,0,0,-9000,0,62,0.04579025110782865,14,0,0,0,0,"2,1",0.0,0.0,1.0,,14.0,,,,,,,,1,0,0,1,0,0,1,0,1,0,0,0,0,0,1,0,0,0,0,0,0.0,2,55.0,1,,0,,0,,0,1,,0
677,678,2,2,0,0,1,0,1,0,1,1,1,1,0,1,0.04424778761061947,0.9523809523809523,0.043478260869565216,1380.0,46,23.0,9200,1380,40365.000,25652.57078028000000000000000,0,25652.57078028000000000000000,9068.82921972000000000000000,31165.000,75086.40,63,0.046460176991150445,14,0,0,0,0,"1,2",0.5,0.0,0.5,56.0,14.0,39.0,,,,,,,1,0,0,1,0,0,1,0,1,0,0,0,0,0,1,0,0,0,0,0,0.0,2,55.0,1,1.0,1,56.0,1,,0,1,,0
678,679,2,2,0,0,1,0,1,0,1,1,1,1,0,1,0.044182621502209134,0.9375,0.0425531914893617,1410.0,47,23.5,9400,1410,40365.000,25652.57078028000000000000000,0,25652.57078028000000000000000,9068.82921972000000000000000,30965.000,75086.40,64,0.047128129602356406,14,0,0,0,0,"1,2",0.5,0.0,0.5,56.0,14.0,39.0,,,,,,,1,0,0,1,0,0,1,0,1,0,0,0,0,0,1,0,0,0,0,0,0.0,2,55.0,1,1.0,1,56.0,1,,0,1,,0
679,680,2,2,0,0,1,0,1,0,1,1,1,1,0,1,0.044117647058823525,0.9230769230769231,0.041666666666666664,1440.0,48,24.0,9600,1440,40365.000,25652.57078028000000000000000,0,25652.57078028000000000000000,9068.82921972000000000000000,30765.000,75086.40,65,0.04779411764705882,14,0,0,0,0,"1,2",0.5,0.0,0.5,56.0,14.0,39.0,,,,,,,1,0,0,1,0,0,1,0,1,0,0,0,0,0,1,0,0,0,0,0,0.0,2,55.0,1,1.0,1,56.0,1,,0,1,,0
680,681,2,2,0,0,1,0,1,0,1,1,1,1,0,1,0.04405286343612335,0.9090909090909091,0.04081632653061224,1470.0,49,24.5,9800,1470,40365.000,25652.57078028000000000000000,0,25652.57078028000000000000000,9068.82921972000000000000000,30565.000,75086.40,66,0.048458149779735685,14,0,0,0,0,"2,1",0.5,0.0,0.5,56.0,14.0,39.0,,,,,,,1,0,0,1,0,0,1,0,1,0,0,0,0,0,1,0,0,0,0,0,0.0,2,55.0,1,1.0,1,56.0,1,,0,1,,0
681,682,2,2,0,0,1,0,1,0,1,1,1,1,0,1,0.0439882697947214,0.8955223880597015,0.04,1500.0,50,25.0,10000,1500,40365.000,25652.57078028000000000000000,0,25652.57078028000000000000000,9068.82921972000000000000000,30365.000,75086.40,67,0.04912023460410557,14,0,0,0,0,"1,2",0.5,0.0,0.5,56.0,14.0,39.0,,,,,,,1,0,0,1,0,0,1,0,1,0,0,0,0,0,1,0,0,0,0,0,0.0,2,55.0,1,1.0,1,56.0,1,,0,1,,0
682,683,2,2,0,0,1,0,1,0,1,1,1,1,0,1,0.043923865300146414,0.8823529411764706,0.0392156862745098,1530.0,51,25.5,10200,1530,40365.000,25652.57078028000000000000000,0,25652.57078028000000000000000,9068.82921972000000000000000,30165.000,75086.40,68,0.04978038067349927,14,0,0,0,0,"1,2",0.5,0.0,0.5,56.0,14.0,39.0,,,,,,,1,0,0,1,0,0,1,0,1,0,0,0,0,0,1,0,0,0,0,0,0.0,2,55.0,1,1.0,1,56.0,1,,0,1,,0
683,684,2,2,0,0,1,0,1,0,1,1,1,1,0,1,0.043859649122807015,0.8695652173913044,0.038461538461538464,1560.0,52,26.0,10400,1560,40365.000,25652.57078028000000000000000,0,25652.57078028000000000000000,9068.82921972000000000000000,29965.000,75086.40,69,0.05043859649122807,14,0,0,0,0,"1,2",0.5,0.0,0.5,56.0,14.0,39.0,,,,,,,1,0,0,1,0,0,1,0,1,0,0,0,0,0,1,0,0,0,0,0,0.0,2,55.0,1,1.0,1,56.0,1,,0,1,,0
684,685,2,2,0,0,1,0,1,0,1,1,1,1,0,1,0.043795620437956206,0.8571428571428571,0.03773584905660377,1590.0,53,26.5,10600,1590,40365.000,25652.57078028000000000000000,0,25652.57078028000000000000000,9068.82921972000000000000000,29765.000,75086.40,70,0.051094890510948905,14,0,0,0,0,"1,2",0.5,0.0,0.5,56.0,14.0,39.0,,,,,,,1,0,0,1,0,0,0,1,1,0,0,0,0,0,1,0,0,0,0,0,0.0,2,55.0,1,1.0,1,56.0,1,,0,1,,0
685,686,2,2,0,0,1,0,1,0,1,1,1,1,0,1,0.043731778425655975,0.8450704225352113,0.037037037037037035,1620.0,54,27.0,10800,1620,40365.000,25652.57078028000000000000000,0,25652.57078028000000000000000,9068.82921972000000000000000,29565.000,75086.40,71,0.05174927113702624,14,0,0,0,0,"2,1",0.5,0.0,0.5,56.0,14.0,39.0,,,,,,,1,0,0,1,0,0,0,1,1,0,0,0,0,0,1,0,0,0,0,0,0.0,2,55.0,1,1.0,1,56.0,1,,0,1,,0
686,687,2,2,0,0,1,0,1,0,1,1,1,1,0,1,0.04366812227074236,0.8333333333333334,0.03636363636363636,1650.0,55,27.5,11000,1650,40365.000,25652.57078028000000000000000,0,25652.57078028000000000000000,9068.82921972000000000000000,29365.000,75086.40,72,0.05240174672489083,14,0,0,0,0,"2,1",0.5,0.0,0.5,56.0,14.0,39.0,,,,,,,1,0,0,1,0,0,0,1,1,0,0,0,0,0,1,0,0,0,0,0,0.0,2,55.0,1,1.0,1,56.0,1,,0,1,,0
687,688,2,2,0,0,1,0,1,0,1,1,1,1,0,1,0.0436046511627907,0.8219178082191781,0.03571428571428571,1680.0,56,28.0,11200,1680,40365.000,25652.57078028000000000000000,0,25652.57078028000000000000000,9068.82921972000000000000000,29165.000,75086.40,73,0.053052325581395346,14,0,0,0,0,"1,2",0.5,0.0,0.5,56.0,14.0,39.0,,,,,,,1,0,0,1,0,0,0,1,1,0,0,0,0,0,1,0,0,0,0,0,0.0,2,55.0,1,1.0,1,56.0,1,,0,1,,0
688,689,3,3,0,0,2,0,1,0,1,2,2,1,0,1,0.043541364296081284,0.8,0.03508771929824561,1710.0,57,28.5,11400,1710,40365.000,25652.57078028000000000000000,0,25652.57078028000000000000000,9068.82921972000000000000000,28965.000,75086.40,75,0.054426705370101594,14,0,0,0,0,"1,2",0.3333333333333333,0.0,0.6666666666666666,56.0,14.0,39.0,,,,,,,0,0,0,2,0,0,1,1,1,0,0,0,0,0,2,0,0,0,0,0,0.0,3,55.0,1,1.0,1,56.0,1,,0,1,,0
689,690,3,3,0,0,2,0,1,0,1,2,2,1,0,1,0.043478260869565216,0.7792207792207791,0.03389830508474576,1770.0,59,29.5,11800,1770,40365.000,25652.57078028000000000000000,0,25652.57078028000000000000000,9068.82921972000000000000000,28565.000,75086.40,77,0.05579710144927536,14,0,0,0,0,"2,1",0.3333333333333333,0.0,0.6666666666666666,56.0,14.0,39.0,,,,,,,0,0,0,2,0,0,1,1,1,0,0,0,0,0,2,0,0,0,0,0,0.0,3,55.0,1,1.0,1,56.0,1,,0,1,,0
690,691,3,3,0,0,2,0,1,0,1,2,2,1,0,1,0.04341534008683068,0.759493670886076,0.03278688524590164,1830.0,61,30.5,12200,1830,40365.000,25652.57078028000000000000000,0,25652.57078028000000000000000,9068.82921972000000000000000,28165.000,75086.40,79,0.057163531114327065,14,0,0,0,0,"1,2",0.3333333333333333,0.0,0.6666666666666666,56.0,14.0,39.0,,,,,,,0,0,0,2,0,0,1,1,1,0,0,0,0,0,2,0,0,0,0,0,0.0,3,55.0,1,1.0,1,56.0,1,,0,1,,0
691,692,3,3,0,0,2,0,1,0,1,2,2,1,0,1,0.04335260115606936,0.7407407407407407,0.031746031746031744,1890.0,63,31.5,12600,1890,40365.000,25652.57078028000000000000000,0,25652.57078028000000000000000,9068.82921972000000000000000,27765.000,75086.40,81,0.05852601156069364,14,0,0,0,0,"1,2",0.3333333333333333,0.0,0.6666666666666666,56.0,14.0,39.0,,,,,,,0,0,0,2,0,0,1,1,1,0,0,0,0,0,2,0,0,0,0,0,0.0,3,55.0,1,1.0,1,56.0,1,,0,1,,0
692,693,3,3,0,0,2,0,1,0,1,2,2,1,0,1,0.04329004329004329,0.7228915662650602,0.03076923076923077,1950.0,65,32.5,13000,1950,40365.000,25652.57078028000000000000000,0,25652.57078028000000000000000,9068.82921972000000000000000,27365.000,75086.40,83,0.05988455988455989,14,0,0,0,0,"1,2",0.3333333333333333,0.0,0.6666666666666666,56.0,14.0,39.0,,,,,,,0,0,0,2,0,0,1,1,1,0,0,0,0,0,2,0,0,0,0,0,0.0,3,55.0,1,1.0,1,56.0,1,,0,1,,0
693,694,3,3,0,0,2,0,1,0,1,2,2,1,0,1,0.043227665706051875,0.7058823529411764,0.029850746268656716,2010.0,67,33.5,13400,2010,40365.000,25652.57078028000000000000000,0,25652.57078028000000000000000,9068.82921972000000000000000,26965.000,75086.40,85,0.061239193083573486,14,0,0,0,0,"1,2",0.3333333333333333,0.0,0.6666666666666666,56.0,14.0,39.0,,,,,,,0,0,0,2,0,0,1,1,1,0,0,0,0,0,2,0,0,0,0,0,0.0,3,55.0,1,1.0,1,56.0,1,,0,1,,0
694,695,3,3,0,0,2,0,1,0,1,2,2,1,0,1,0.043165467625899276,0.6896551724137931,0.028985507246376812,2070.0,69,34.5,13800,2070,40365.000,25652.57078028000000000000000,0,25652.57078028000000000000000,9068.82921972000000000000000,26565.000,75086.40,87,0.06258992805755395,14,0,0,0,0,"1,2",0.3333333333333333,0.0,0.6666666666666666,56.0,14.0,39.0,,,,,,,0,0,0,2,0,0,1,1,1,0,0,0,0,0,2,0,0,0,0,0,0.0,3,55.0,1,1.0,1,56.0,1,,0,1,,0
695,696,3,3,0,0,2,0,1,0,1,2,2,1,0,1,0.04310344827586207,0.6741573033707865,0.028169014084507043,2130.0,71,35.5,14200,2130,40365.000,25652.57078028000000000000000,0,25652.57078028000000000000000,9068.82921972000000000000000,26165.000,75086.40,89,0.0639367816091954,14,0,0,0,0,"2,1",0.3333333333333333,0.0,0.6666666666666666,56.0,14.0,39.0,,,,,,,0,0,0,2,0,0,1,1,1,0,0,0,0,0,2,0,0,0,0,0,0.0,3,55.0,1,1.0,1,56.0,1,,0,1,,0
696,697,3,3,0,0,2,0,1,0,1,2,2,1,0,1,0.0430416068866571,0.6593406593406593,0.0273972602739726,2190.0,73,36.5,14600,2190,40365.000,25652.57078028000000000000000,0,25652.57078028000000000000000,9068.82921972000000000000000,25765.000,75086.40,91,0.06527977044476327,14,0,0,0,0,"2,1",0.3333333333333333,0.0,0.6666666666666666,56.0,14.0,39.0,,,,,,,0,0,0,2,0,0,1,1,1,0,0,0,0,0,2,0,0,0,0,0,0.0,3,55.0,1,1.0,1,56.0,1,,0,1,,0
697,698,3,3,0,0,2,0,1,0,1,2,2,1,0,1,0.042979942693409746,0.6451612903225806,0.02666666666666667,2250.0,75,37.5,15000,2250,40365.000,25652.57078028000000000000000,0,25652.57078028000000000000000,9068.82921972000000000000000,25365.000,75086.40,93,0.0666189111747851,14,0,0,0,0,"2,1",0.3333333333333333,0.0,0.6666666666666666,56.0,14.0,39.0,,,,,,,0,0,0,2,0,0,1,1,1,0,0,0,0,0,2,0,0,0,0,0,0.0,3,55.0,1,1.0,1,56.0,1,,0,1,,0
698,699,3,3,0,0,2,0,1,0,1,2,2,1,0,1,0.04291845493562232,0.6315789473684211,0.025974025974025976,2310.0,77,38.5,15400,2310,40365.000,25652.57078028000000000000000,0,25652.57078028000000000000000,9068.82921972000000000000000,24965.000,75086.40,95,0.06795422031473533,14,0,0,0,0,"2,1",0.3333333333333333,0.0,0.6666666666666666,56.0,14.0,39.0,,,,,,,0,0,0,2,0,0,1,1,1,0,0,0,0,0,2,0,0,0,0,0,0.0,3,55.0,1,1.0,1,56.0,1,,0,1,,0
699,700,3,3,0,0,2,0,1,0,1,2,2,1,0,1,0.04285714285714286,0.6185567010309279,0.02531645569620253,2370.0,79,39.5,15800,2370,40365.000,25652.57078028000000000000000,0,25652.57078028000000000000000,9068.82921972000000000000000,24565.000,75086.40,97,0.06928571428571428,14,0,0,0,0,"2,1",0.3333333333333333,0.0,0.6666666666666666,56.0,14.0,39.0,,,,,,,0,0,0,2,0,0,1,1,1,0,0,0,0,0,2,0,0,0,0,0,0.0,3,55.0,1,1.0,1,56.0,1,,0,1,,0
700,701,3,3,0,0,2,0,1,0,1,2,2,1,0,1,0.042796005706134094,0.6060606060606061,0.024691358024691357,2430.0,81,40.5,16200,2430,40365.000,25652.57078028000000000000000,0,25652.57078028000000000000000,9068.82921972000000000000000,24165.000,75086.40,99,0.07061340941512126,14,0,0,0,0,"2,1",0.3333333333333333,0.0,0.6666666666666666,56.0,14.0,39.0,,,,,,,0,0,0,2,0,0,1,1,1,0,0,0,0,0,2,0,0,0,0,0,0.0,3,55.0,1,1.0,1,56.0,1,,0,1,,0
701,702,3,3,0,0,2,0,1,0,1,2,2,1,0,1,0.042735042735042736,0.594059405940594,0.024096385542168676,2490.0,83,41.5,16600,2490,40365.000,25652.57078028000000000000000,0,25652.57078028000000000000000,9068.82921972000000000000000,23765.000,75086.40,101,0.07193732193732194,14,0,0,0,0,"2,1",0.3333333333333333,0.0,0.6666666666666666,56.0,14.0,39.0,,,,,,,0,0,0,2,0,0,1,1,1,0,0,0,0,0,2,0,0,0,0,0,0.0,3,55.0,1,1.0,1,56.0,1,,0,1,,0
702,703,3,3,0,0,2,0,1,0,1,2,2,1,0,1,0.04267425320056899,0.5825242718446603,0.023529411764705882,2550.0,85,42.5,17000,2550,40365.000,25652.57078028000000000000000,0,25652.57078028000000000000000,9068.82921972000000000000000,23365.000,75086.40,103,0.0732574679943101,14,0,0,0,0,"2,1",0.3333333333333333,0.0,0.6666666666666666,56.0,14.0,39.0,,,,,,,0,0,0,2,0,0,1,1,1,0,0,0,0,0,2,0,0,0,0,0,0.0,3,55.0,1,1.0,1,56.0,1,,0,1,,0
703,704,3,3,0,0,2,0,1,0,1,2,2,1,0,1,0.04261363636363637,0.5714285714285714,0.022988505747126436,2610.0,87,43.5,17400,2610,40365.000,25652.57078028000000000000000,0,25652.57078028000000000000000,9068.82921972000000000000000,22965.000,75086.40,105,0.07457386363636363,14,0,0,0,0,"1,2",0.3333333333333333,0.0,0.6666666666666666,56.0,14.0,39.0,,,,,,,0,0,0,2,0,0,1,1,1,0,0,0,0,0,2,0,0,0,0,0,0.0,3,55.0,1,1.0,1,56.0,1,,0,1,,0
704,705,3,3,0,0,2,0,1,0,1,2,2,1,0,1,0.0425531914893617,0.5607476635514018,0.02247191011235955,2670.0,89,44.5,17800,2670,40365.000,25652.57078028000000000000000,0,25652.57078028000000000000000,9068.82921972000000000000000,22565.000,75086.40,107,0.07588652482269503,14,0,0,0,0,"2,1",0.3333333333333333,0.0,0.6666666666666666,56.0,14.0,39.0,,,,,,,0,0,0,2,0,0,1,1,1,0,0,0,0,0,2,0,0,0,0,0,0.0,3,55.0,1,1.0,1,56.0,1,,0,1,,0
705,706,3,3,0,0,2,0,1,0,1,2,2,1,0,1,0.04249291784702549,0.5504587155963303,0.02197802197802198,2730.0,91,45.5,18200,2730,40365.000,25652.57078028000000000000000,0,25652.57078028000000000000000,9068.82921972000000000000000,22165.000,75086.40,109,0.07719546742209632,14,0,0,0,0,"2,1",0.3333333333333333,0.0,0.6666666666666666,56.0,14.0,39.0,,,,,,,0,0,0,2,0,0,0,2,1,0,0,0,0,0,2,0,0,0,0,0,0.0,3,55.0,1,1.0,1,56.0,1,,0,1,,0
706,707,3,3,0,0,2,0,1,0,1,2,2,1,0,1,0.042432814710042434,0.5405405405405405,0.021505376344086023,2790.0,93,46.5,18600,2790,40365.000,25652.57078028000000000000000,0,25652.57078028000000000000000,9068.82921972000000000000000,21765.000,75086.40,111,0.0785007072135785,14,0,0,0,0,"2,1",0.3333333333333333,0.0,0.6666666666666666,56.0,14.0,39.0,,,,,,,0,0,0,2,0,0,0,2,1,0,0,0,0,0,2,0,0,0,0,0,0.0,3,55.0,1,1.0,1,56.0,1,,0,1,,0
707,708,3,3,0,0,2,0,1,0,1,2,2,1,0,1,0.0423728813559322,0.5309734513274337,0.021052631578947368,2850.0,95,47.5,19000,2850,40365.000,25652.57078028000000000000000,0,25652.57078028000000000000000,9068.82921972000000000000000,21365.000,75086.40,113,0.07980225988700565,14,0,0,0,0,"2,1",0.3333333333333333,0.0,0.6666666666666666,56.0,14.0,39.0,,,,,,,0,0,0,2,0,0,0,2,1,0,0,0,0,0,2,0,0,0,0,0,0.0,3,55.0,1,1.0,1,56.0,1,,0,1,,0
708,709,3,3,0,0,2,0,1,0,1,2,2,1,0,1,0.042313117066290554,0.5217391304347826,0.020618556701030927,2910.0,97,48.5,19400,2910,40365.000,25652.57078028000000000000000,0,25652.57078028000000000000000,9068.82921972000000000000000,20965.000,75086.40,115,0.08110014104372355,14,0,0,0,0,"2,1",0.3333333333333333,0.0,0.6666666666666666,56.0,14.0,39.0,,,,,,,0,0,0,2,0,0,0,2,1,0,0,0,0,0,2,0,0,0,0,0,0.0,3,55.0,1,1.0,1,56.0,1,,0,1,,0
709,710,3,3,0,0,2,0,1,0,1,2,2,1,0,1,0.04225352112676056,0.5128205128205129,0.020202020202020204,2970.0,99,49.5,19800,2970,40365.000,25652.57078028000000000000000,0,25652.57078028000000000000000,9068.82921972000000000000000,20565.000,75086.40,117,0.0823943661971831,14,0,0,0,0,"1,2",0.3333333333333333,0.0,0.6666666666666666,56.0,14.0,39.0,,,,,,,0,0,0,2,0,0,0,2,1,0,0,0,0,0,2,0,0,0,0,0,0.0,3,55.0,1,1.0,1,56.0,1,,0,1,,0
710,711,3,3,0,0,2,0,1,0,1,2,2,1,0,1,0.04219409282700422,0.5042016806722689,0.019801980198019802,3030.0,101,50.5,20200,3030,40365.000,25652.57078028000000000000000,0,25652.57078028000000000000000,9068.82921972000000000000000,20165.000,75086.40,119,0.08368495077355836,14,0,0,0,0,"2,1",0.3333333333333333,0.0,0.6666666666666666,56.0,14.0,39.0,,,,,,,0,0,0,1,1,0,0,2,1,0,0,0,0,0,2,0,0,0,0,0,0.0,3,55.0,1,1.0,1,56.0,1,,0,1,,0
711,712,3,3,0,0,2,0,1,0,1,2,2,1,0,1,0.042134831460674156,0.49586776859504134,0.0196078431372549,3060.0,102,51.0,20400,3060,40365.000,25652.57078028000000000000000,0,25652.57078028000000000000000,9068.82921972000000000000000,19965.000,75086.40,121,0.08497191011235955,14,0,0,0,0,"2,1",0.3333333333333333,0.0,0.6666666666666666,56.0,7.0,39.0,,,,,,,0,0,0,1,0,1,0,1,2,0,0,0,0,0,1,0,0,0,0,0,0.0,3,55.0,1,1.0,1,56.0,1,,0,2,,0
712,713,3,3,0,0,2,0,1,0,1,2,2,1,0,1,0.04207573632538569,0.48780487804878053,0.019230769230769232,3120.0,104,52.0,20800,3120,40365.000,25652.57078028000000000000000,0,25652.57078028000000000000000,9068.82921972000000000000000,19565.000,75086.40,123,0.08625525946704067,14,0,0,0,0,"1,2",0.3333333333333333,0.0,0.6666666666666666,56.0,7.0,39.0,,,,,,,0,0,0,1,0,1,0,1,2,0,0,0,0,0,1,0,0,0,0,0,0.0,3,55.0,1,1.0,1,56.0,1,,0,2,,0
713,714,3,3,0,0,2,0,1,0,1,2,2,1,0,1,0.04201680672268907,0.48,0.018867924528301886,3180.0,106,53.0,21200,3180,40365.000,25652.57078028000000000000000,0,25652.57078028000000000000000,9068.82921972000000000000000,19165.000,75086.40,125,0.08753501400560224,14,0,0,0,0,"1,2",0.3333333333333333,0.0,0.6666666666666666,56.0,7.0,39.0,,,,,,,0,0,0,1,0,1,0,1,2,0,0,0,0,0,1,0,0,0,0,0,0.0,3,55.0,1,1.0,1,56.0,1,,0,2,,0
714,715,3,3,0,0,2,0,1,0,1,2,2,1,0,1,0.04195804195804196,0.47244094488188976,0.018518518518518517,3240.0,108,54.0,21600,3240,40365.000,25652.57078028000000000000000,0,25652.57078028000000000000000,9068.82921972000000000000000,18765.000,75086.40,127,0.08881118881118881,14,0,0,0,0,"2,1",0.3333333333333333,0.0,0.6666666666666666,56.0,7.0,39.0,,,,,,,0,0,0,1,0,1,0,1,2,0,0,0,0,0,1,0,0,0,0,0,0.0,3,55.0,1,1.0,1,56.0,1,,0,2,,0
715,716,3,3,0,0,2,0,1,0,1,2,2,1,0,1,0.04189944134078212,0.46511627906976744,0.01818181818181818,3300.0,110,55.0,22000,3300,40365.000,25652.57078028000000000000000,0,25652.57078028000000000000000,9068.82921972000000000000000,18365.000,75086.40,129,0.09008379888268156,14,0,0,0,0,"2,1",0.3333333333333333,0.0,0.6666666666666666,56.0,7.0,39.0,,,,,,,0,0,0,0,1,1,0,1,2,0,0,0,0,0,1,0,0,0,0,0,0.0,3,55.0,1,1.0,1,56.0,1,,0,2,,0
716,717,3,3,0,0,2,0,1,0,1,2,2,1,0,1,0.041841004184100423,0.45801526717557256,0.018018018018018018,3330.0,111,55.5,22200,3330,40365.000,25652.57078028000000000000000,0,25652.57078028000000000000000,9068.82921972000000000000000,18165.000,75086.40,131,0.09135285913528592,14,0,0,0,0,"2,1",0.3333333333333333,0.0,0.6666666666666666,56.0,4.666666666666667,39.0,,,,,,,0,0,0,0,0,2,0,0,3,0,0,0,0,0,0,0,0,0,0,0,0.0,3,55.0,1,1.0,1,56.0,1,,0,3,,0
717,718,3,3,0,0,2,0,1,0,1,2,2,1,0,1,0.04178272980501393,0.45112781954887216,0.017699115044247787,3390.0,113,56.5,22600,3390,40365.000,25652.57078028000000000000000,0,25652.57078028000000000000000,9068.82921972000000000000000,17765.000,75086.40,133,0.09261838440111421,14,0,0,0,0,"2,1",0.3333333333333333,0.0,0.6666666666666666,56.0,4.666666666666667,39.0,,,,,,,0,0,0,0,0,2,0,0,3,0,0,0,0,0,0,0,0,0,0,0,0.0,3,55.0,1,1.0,1,56.0,1,,0,3,,0
718,719,3,3,0,0,2,0,1,0,1,2,2,1,0,1,0.04172461752433936,0.4444444444444444,0.017391304347826087,3450.0,115,57.5,23000,3450,40365.000,25652.57078028000000000000000,0,25652.57078028000000000000000,9068.82921972000000000000000,17365.000,75086.40,135,0.09388038942976357,14,0,0,0,0,"2,1",0.3333333333333333,0.0,0.6666666666666666,56.0,4.666666666666667,39.0,,,,,,,0,0,0,0,0,2,0,0,3,0,0,0,0,0,0,0,0,0,0,0,0.0,3,55.0,1,1.0,1,56.0,1,,0,3,,0
719,720,3,3,0,0,2,0,1,0,1,2,2,1,0,1,0.041666666666666664,0.43795620437956206,0.017094017094017096,3510.0,117,58.5,23400,3510,40365.000,25652.57078028000000000000000,0,25652.57078028000000000000000,9068.82921972000000000000000,16965.000,75086.40,137,0.09513888888888888,14,0,0,0,0,"1,2",0.3333333333333333,0.0,0.6666666666666666,56.0,4.666666666666667,39.0,,,,,,,0,0,0,0,0,2,0,0,3,0,0,0,0,0,0,0,0,0,0,0,0.0,3,55.0,1,1.0,1,56.0,1,,0,3,,0
720,721,3,3,0,0,2,0,1,0,1,2,2,1,0,1,0.041608876560332866,0.4316546762589928,0.01680672268907563,3570.0,119,59.5,23800,3570,40365.000,25652.57078028000000000000000,0,25652.57078028000000000000000,9068.82921972000000000000000,16565.000,75086.40,139,0.09639389736477115,14,0,0,0,0,"2,1",0.3333333333333333,0.0,0.6666666666666666,56.0,4.666666666666667,39.0,,,,,,,0,0,0,0,0,2,0,0,3,0,0,0,0,0,0,0,0,0,0,0,0.0,3,55.0,1,1.0,1,56.0,1,,0,3,,0
721,722,3,3,0,0,2,0,1,0,1,2,2,1,0,1,0.04155124653739612,0.425531914893617,0.01652892561983471,3630.0,121,60.5,24200,3630,40365.000,25652.57078028000000000000000,0,25652.57078028000000000000000,9068.82921972000000000000000,16165.000,75086.40,141,0.09764542936288088,14,0,0,0,0,"2,1",0.3333333333333333,0.0,0.6666666666666666,56.0,4.666666666666667,39.0,,,,,,,0,0,0,0,0,2,0,0,3,0,0,0,0,0,0,0,0,0,0,0,0.0,3,55.0,1,1.0,1,56.0,1,,0,3,,0
722,723,3,3,0,0,2,0,1,0,1,2,2,1,0,1,0.04149377593360996,0.4195804195804196,0.016260162601626018,3690.0,123,61.5,24600,3690,40365.000,25652.57078028000000000000000,0,25652.57078028000000000000000,9068.82921972000000000000000,15765.000,75086.40,143,0.09889349930843706,14,0,0,0,0,"1,2",0.3333333333333333,0.0,0.6666666666666666,56.0,4.666666666666667,39.0,,,,,,,0,0,0,0,0,2,0,0,3,0,0,0,0,0,0,0,0,0,0,0,0.0,3,55.0,1,1.0,1,56.0,1,,0,3,,0
723,724,3,3,0,0,2,0,1,0,1,2,2,1,0,1,0.04143646408839779,0.4137931034482759,0.016,3750.0,125,62.5,25000,3750,40365.000,25652.57078028000000000000000,0,25652.57078028000000000000000,9068.82921972000000000000000,15365.000,75086.40,145,0.10013812154696132,14,0,0,0,0,"1,2",0.3333333333333333,0.0,0.6666666666666666,56.0,4.666666666666667,39.0,,,,,,,0,0,0,0,0,2,0,0,3,0,0,0,0,0,0,0,0,0,0,0,0.0,3,55.0,1,1.0,1,56.0,1,,0,3,,0
724,725,3,3,0,0,2,0,1,0,1,2,2,1,0,1,0.041379310344827586,0.4081632653061224,0.015748031496062992,3810.0,127,63.5,25400,3810,40365.000,25652.57078028000000000000000,0,25652.57078028000000000000000,9068.82921972000000000000000,14965.000,75086.40,147,0.10137931034482758,14,0,0,0,0,"1,2",0.3333333333333333,0.0,0.6666666666666666,56.0,4.666666666666667,39.0,,,,,,,0,0,0,0,0,2,0,0,3,0,0,0,0,0,0,0,0,0,0,0,0.0,3,55.0,1,1.0,1,56.0,1,,0,3,,0
725,726,3,3,0,0,2,0,1,0,1,2,2,1,0,1,0.04132231404958678,0.40268456375838924,0.015503875968992248,3870.0,129,64.5,25800,3870,40365.000,25652.57078028000000000000000,0,25652.57078028000000000000000,9068.82921972000000000000000,14565.000,75086.40,149,0.10261707988980716,14,0,0,0,0,"1,2",0.3333333333333333,0.0,0.6666666666666666,56.0,4.666666666666667,39.0,,,,,,,0,0,0,0,0,2,0,0,3,0,0,0,0,0,0,0,0,0,0,0,0.0,3,55.0,1,1.0,1,56.0,1,,0,3,,0
726,727,3,3,0,0,2,0,1,0,1,2,2,1,0,1,0.04126547455295736,0.3973509933774835,0.015267175572519083,3930.0,131,65.5,26200,3930,40365.000,25652.57078028000000000000000,0,25652.57078028000000000000000,9068.82921972000000000000000,14165.000,75086.40,151,0.10385144429160935,14,0,0,0,0,"1,2",0.3333333333333333,0.0,0.6666666666666666,56.0,4.666666666666667,39.0,,,,,,,0,0,0,0,0,2,0,0,3,0,0,0,0,0,0,0,0,0,0,0,0.0,3,55.0,1,1.0,1,56.0,1,,0,3,,0
727,728,3,3,0,0,1,1,1,0,2,2,2,1,0,1,0.04120879120879121,0.3921568627450981,0.015037593984962405,3990.0,133,66.5,26600,3990,40365.000,25652.57078028000000000000000,0,25652.57078028000000000000000,9068.82921972000000000000000,13765.000,75086.40,153,0.10508241758241758,14,0,0,0,0,"1,2",0.3333333333333333,0.0,0.6666666666666666,56.0,4.666666666666667,39.0,,,,,,,1,0,0,0,0,1,0,0,3,0,0,0,0,0,0,0,0,0,0,0,0.0,3,47.0,2,1.0,1,56.0,1,,0,3,,0
728,729,3,3,0,0,1,0,2,0,2,1,1,2,0,2,0.0823045267489712,0.7792207792207791,0.029850746268656716,2010.0,134,67.0,26800,4020,56925.000,57683.47689766000000000000000,0,57683.47689766000000000000000,17449.82310234000000000000000,30125.000,132058.30,154,0.1056241426611797,14,0,0,0,0,"1,2",0.6666666666666666,0.0,0.3333333333333333,48.0,4.666666666666667,27.5,,,,,,,1,0,0,0,0,1,0,0,3,0,0,0,0,0,0,0,0,0,0,0,0.0,3,47.0,2,1.0,2,48.0,2,,0,3,,0
729,730,3,3,0,0,1,0,2,0,2,1,1,2,0,2,0.08219178082191782,0.7741935483870968,0.02962962962962963,2025.0,135,67.5,27000,4050,56925.000,57683.47689766000000000000000,0,57683.47689766000000000000000,17449.82310234000000000000000,29925.000,132058.30,155,0.10616438356164383,14,0,0,0,0,"2,1",0.6666666666666666,0.0,0.3333333333333333,48.0,4.666666666666667,27.5,,,,,,,1,0,0,0,0,1,0,0,3,0,0,0,0,0,0,0,0,0,0,0,0.0,3,47.0,2,1.0,2,48.0,2,,0,3,,0
730,731,3,3,0,0,1,0,2,0,2,1,1,2,0,2,0.08207934336525308,0.7692307692307692,0.029411764705882353,2040.0,136,68.0,27200,4080,56925.000,57683.47689766000000000000000,0,57683.47689766000000000000000,17449.82310234000000000000000,29725.000,132058.30,156,0.106703146374829,14,0,0,0,0,"2,1",0.6666666666666666,0.0,0.3333333333333333,48.0,4.666666666666667,27.5,,,,,,,1,0,0,0,0,1,0,0,3,0,0,0,0,0,0,0,0,0,0,0,0.0,3,47.0,2,1.0,2,48.0,2,,0,3,,0
731,732,3,3,0,0,1,0,2,0,2,1,1,2,0,2,0.0819672131147541,0.7643312101910827,0.029197080291970802,2055.0,137,68.5,27400,4110,56925.000,57683.47689766000000000000000,0,57683.47689766000000000000000,17449.82310234000000000000000,29525.000,132058.30,157,0.10724043715846994,14,0,0,0,0,"2,1",0.6666666666666666,0.0,0.3333333333333333,48.0,4.666666666666667,27.5,,,,,,,1,0,0,0,0,1,0,0,3,0,0,0,0,0,0,0,0,0,0,0,0.0,3,47.0,2,1.0,2,48.0,2,,0,3,,0
732,733,3,3,0,0,1,0,2,0,2,1,1,2,0,2,0.08185538881309685,0.759493670886076,0.028985507246376812,2070.0,138,69.0,27600,4140,56925.000,57683.47689766000000000000000,0,57683.47689766000000000000000,17449.82310234000000000000000,29325.000,132058.30,158,0.1077762619372442,14,0,0,0,0,"1,2",0.6666666666666666,0.0,0.3333333333333333,48.0,4.666666666666667,27.5,,,,,,,1,0,0,0,0,1,0,0,3,0,0,0,0,0,0,0,0,0,0,0,0.0,3,47.0,2,1.0,2,48.0,2,,0,3,,0
733,734,4,4,0,0,2,0,2,0,2,2,2,2,0,2,0.08174386920980926,0.75,0.02877697841726619,2085.0,139,69.5,27800,4170,56925.000,57683.47689766000000000000000,0,57683.47689766000000000000000,17449.82310234000000000000000,29125.000,132058.30,160,0.10899182561307902,14,0,0,0,0,"2,1",0.5,0.0,0.5,48.0,4.666666666666667,27.5,,,,,,,0,0,0,1,0,1,1,0,3,0,0,0,0,0,1,0,0,0,0,0,0.0,4,47.0,2,1.0,2,48.0,2,,0,3,,0
734,735,4,4,0,0,2,0,2,0,2,2,2,2,0,2,0.08163265306122448,0.7407407407407407,0.028368794326241134,2115.0,141,70.5,28200,4230,56925.000,57683.47689766000000000000000,0,57683.47689766000000000000000,17449.82310234000000000000000,28725.000,132058.30,162,0.11020408163265306,14,0,0,0,0,"2,1",0.5,0.0,0.5,48.0,4.666666666666667,27.5,,,,,,,0,0,0,1,0,1,1,0,3,0,0,0,0,0,1,0,0,0,0,0,0.0,4,47.0,2,1.0,2,48.0,2,,0,3,,0
735,736,4,4,0,0,2,0,2,0,2,2,2,2,0,2,0.08152173913043478,0.7317073170731707,0.027972027972027972,2145.0,143,71.5,28600,4290,56925.000,57683.47689766000000000000000,0,57683.47689766000000000000000,17449.82310234000000000000000,28325.000,132058.30,164,0.11141304347826086,14,0,0,0,0,"1,2",0.5,0.0,0.5,48.0,4.666666666666667,27.5,,,,,,,0,0,0,1,0,1,1,0,3,0,0,0,0,0,1,0,0,0,0,0,0.0,4,47.0,2,1.0,2,48.0,2,,0,3,,0
736,737,4,4,0,0,2,0,2,0,2,2,2,2,0,2,0.0814111261872456,0.7228915662650602,0.027586206896551724,2175.0,145,72.5,29000,4350,56925.000,57683.47689766000000000000000,0,57683.47689766000000000000000,17449.82310234000000000000000,27925.000,132058.30,166,0.11261872455902307,14,0,0,0,0,"1,2",0.5,0.0,0.5,48.0,4.666666666666667,27.5,,,,,,,0,0,0,1,0,1,1,0,3,0,0,0,0,0,1,0,0,0,0,0,0.0,4,47.0,2,1.0,2,48.0,2,,0,3,,0
737,738,4,4,0,0,2,0,2,0,2,2,2,2,0,2,0.08130081300813008,0.7142857142857143,0.027210884353741496,2205.0,147,73.5,29400,4410,56925.000,57683.47689766000000000000000,0,57683.47689766000000000000000,17449.82310234000000000000000,27525.000,132058.30,168,0.11382113821138211,14,0,0,0,0,"1,2",0.5,0.0,0.5,48.0,4.666666666666667,27.5,,,,,,,0,0,0,1,0,1,1,0,3,0,0,0,0,0,1,0,0,0,0,0,0.0,4,47.0,2,1.0,2,48.0,2,,0,3,,0
738,739,4,4,0,0,2,0,2,0,2,2,2,2,0,2,0.08119079837618404,0.7058823529411764,0.026845637583892617,2235.0,149,74.5,29800,4470,56925.000,57683.47689766000000000000000,0,57683.47689766000000000000000,17449.82310234000000000000000,27125.000,132058.30,170,0.11502029769959404,14,0,0,0,0,"2,1",0.5,0.0,0.5,48.0,4.666666666666667,27.5,,,,,,,0,0,0,1,0,1,1,0,3,0,0,0,0,0,1,0,0,0,0,0,0.0,4,47.0,2,1.0,2,48.0,2,,0,3,,0
739,740,4,4,0,0,2,0,2,0,2,2,2,2,0,2,0.08108108108108107,0.6976744186046512,0.026490066225165563,2265.0,151,75.5,30200,4530,56925.000,57683.47689766000000000000000,0,57683.47689766000000000000000,17449.82310234000000000000000,26725.000,132058.30,172,0.11621621621621622,14,0,0,0,0,"1,2",0.5,0.0,0.5,48.0,4.666666666666667,27.5,,,,,,,0,0,0,1,0,1,1,0,3,0,0,0,0,0,1,0,0,0,0,0,0.0,4,47.0,2,1.0,2,48.0,2,,0,3,,0
740,741,4,4,0,0,2,0,2,0,2,2,2,2,0,2,0.08097165991902834,0.6896551724137931,0.026143790849673203,2295.0,153,76.5,30600,4590,56925.000,57683.47689766000000000000000,0,57683.47689766000000000000000,17449.82310234000000000000000,26325.000,132058.30,174,0.11740890688259109,14,0,0,0,0,"2,1",0.5,0.0,0.5,48.0,4.666666666666667,27.5,,,,,,,0,0,0,1,0,1,1,0,3,0,0,0,0,0,1,0,0,0,0,0,0.0,4,47.0,2,1.0,2,48.0,2,,0,3,,0
741,742,4,4,0,0,2,0,2,0,2,2,2,2,0,2,0.08086253369272237,0.6818181818181819,0.025806451612903226,2325.0,155,77.5,31000,4650,56925.000,57683.47689766000000000000000,0,57683.47689766000000000000000,17449.82310234000000000000000,25925.000,132058.30,176,0.11859838274932614,14,0,0,0,0,"1,2",0.5,0.0,0.5,48.0,4.666666666666667,27.5,,,,,,,0,0,0,1,0,1,1,0,3,0,0,0,0,0,1,0,0,0,0,0,0.0,4,47.0,2,1.0,2,48.0,2,,0,3,,0
742,743,4,4,0,0,2,0,2,0,2,2,2,2,0,2,0.08075370121130553,0.6741573033707865,0.025477707006369428,2355.0,157,78.5,31400,4710,56925.000,57683.47689766000000000000000,0,57683.47689766000000000000000,17449.82310234000000000000000,25525.000,132058.30,178,0.11978465679676985,14,0,0,0,0,"1,2",0.5,0.0,0.5,48.0,4.666666666666667,27.5,,,,,,,0,0,0,1,0,1,1,0,3,0,0,0,0,0,1,0,0,0,0,0,0.0,4,47.0,2,1.0,2,48.0,2,,0,3,,0
743,744,4,4,0,0,2,0,2,0,2,2,2,2,0,2,0.08064516129032258,0.6666666666666666,0.025157232704402517,2385.0,159,79.5,31800,4770,56925.000,57683.47689766000000000000000,0,57683.47689766000000000000000,17449.82310234000000000000000,25125.000,132058.30,180,0.12096774193548387,14,0,0,0,0,"2,1",0.5,0.0,0.5,48.0,4.666666666666667,27.5,,,,,,,0,0,0,1,0,1,1,0,3,0,0,0,0,0,1,0,0,0,0,0,0.0,4,47.0,2,1.0,2,48.0,2,,0,3,,0
744,745,4,4,0,0,2,0,2,0,2,2,2,2,0,2,0.08053691275167786,0.6593406593406593,0.024844720496894408,2415.0,161,80.5,32200,4830,56925.000,57683.47689766000000000000000,0,57683.47689766000000000000000,17449.82310234000000000000000,24725.000,132058.30,182,0.1221476510067114,14,0,0,0,0,"2,1",0.5,0.0,0.5,48.0,4.666666666666667,27.5,,,,,,,0,0,0,1,0,1,1,0,3,0,0,0,0,0,1,0,0,0,0,0,0.0,4,47.0,2,1.0,2,48.0,2,,0,3,,0
745,746,4,4,0,0,2,0,2,0,2,2,2,2,0,2,0.08042895442359249,0.6521739130434783,0.024539877300613498,2445.0,163,81.5,32600,4890,56925.000,57683.47689766000000000000000,0,57683.47689766000000000000000,17449.82310234000000000000000,24325.000,132058.30,184,0.12332439678284182,14,0,0,0,0,"2,1",0.5,0.0,0.5,48.0,4.666666666666667,27.5,,,,,,,0,0,0,1,0,1,1,0,3,0,0,0,0,0,1,0,0,0,0,0,0.0,4,47.0,2,1.0,2,48.0,2,,0,3,,0
746,747,4,4,0,0,2,0,2,0,2,2,2,2,0,2,0.08032128514056225,0.6451612903225806,0.024242424242424242,2475.0,165,82.5,33000,4950,56925.000,57683.47689766000000000000000,0,57683.47689766000000000000000,17449.82310234000000000000000,23925.000,132058.30,186,0.12449799196787148,14,0,0,0,0,"1,2",0.5,0.0,0.5,48.0,4.666666666666667,27.5,,,,,,,0,0,0,1,0,1,1,0,3,0,0,0,0,0,1,0,0,0,0,0,0.0,4,47.0,2,1.0,2,48.0,2,,0,3,,0
747,748,4,4,0,0,2,0,2,0,2,2,2,2,0,2,0.08021390374331551,0.6382978723404256,0.023952095808383235,2505.0,167,83.5,33400,5010,56925.000,57683.47689766000000000000000,0,57683.47689766000000000000000,17449.82310234000000000000000,23525.000,132058.30,188,0.12566844919786097,14,0,0,0,0,"2,1",0.5,0.0,0.5,48.0,4.666666666666667,27.5,,,,,,,0,0,0,1,0,1,1,0,3,0,0,0,0,0,1,0,0,0,0,0,0.0,4,47.0,2,1.0,2,48.0,2,,0,3,,0
748,749,4,4,0,0,2,0,2,0,2,2,2,2,0,2,0.0801068090787717,0.6315789473684211,0.023668639053254437,2535.0,169,84.5,33800,5070,56925.000,57683.47689766000000000000000,0,57683.47689766000000000000000,17449.82310234000000000000000,23125.000,132058.30,190,0.1268357810413885,14,0,0,0,0,"2,1",0.5,0.0,0.5,48.0,4.666666666666667,27.5,,,,,,,0,0,0,1,0,1,1,0,3,0,0,0,0,0,1,0,0,0,0,0,0.0,4,47.0,2,1.0,2,48.0,2,,0,3,,0
749,750,4,4,0,0,2,0,2,0,2,2,2,2,0,2,0.08,0.625,0.023391812865497075,2565.0,171,85.5,34200,5130,56925.000,57683.47689766000000000000000,0,57683.47689766000000000000000,17449.82310234000000000000000,22725.000,132058.30,192,0.128,14,0,0,0,0,"1,2",0.5,0.0,0.5,48.0,4.666666666666667,27.5,,,,,,,0,0,0,1,0,1,1,0,3,0,0,0,0,0,1,0,0,0,0,0,0.0,4,47.0,2,1.0,2,48.0,2,,0,3,,0
750,751,4,4,0,0,2,0,2,0,2,2,2,2,0,2,0.07989347536617843,0.6185567010309279,0.023121387283236993,2595.0,173,86.5,34600,5190,56925.000,57683.47689766000000000000000,0,57683.47689766000000000000000,17449.82310234000000000000000,22325.000,132058.30,194,0.12916111850865514,14,0,0,0,0,"2,1",0.5,0.0,0.5,48.0,4.666666666666667,27.5,,,,,,,0,0,0,1,0,1,1,0,3,0,0,0,0,0,1,0,0,0,0,0,0.0,4,47.0,2,1.0,2,48.0,2,,0,3,,0
751,752,4,4,0,0,2,0,2,0,2,2,2,2,0,2,0.0797872340425532,0.6122448979591837,0.022857142857142857,2625.0,175,87.5,35000,5250,56925.000,57683.47689766000000000000000,0,57683.47689766000000000000000,17449.82310234000000000000000,21925.000,132058.30,196,0.13031914893617022,14,0,0,0,0,"2,1",0.5,0.0,0.5,48.0,4.666666666666667,27.5,,,,,,,0,0,0,1,0,1,1,0,3,0,0,0,0,0,1,0,0,0,0,0,0.0,4,47.0,2,1.0,2,48.0,2,,0,3,,0
752,753,4,4,0,0,2,0,2,0,2,2,2,2,0,2,0.0796812749003984,0.6060606060606061,0.022598870056497175,2655.0,177,88.5,35400,5310,56925.000,57683.47689766000000000000000,0,57683.47689766000000000000000,17449.82310234000000000000000,21525.000,132058.30,198,0.13147410358565736,14,0,0,0,0,"1,2",0.5,0.0,0.5,48.0,4.666666666666667,27.5,,,,,,,0,0,0,1,0,1,1,0,3,0,0,0,0,0,1,0,0,0,0,0,0.0,4,47.0,2,1.0,2,48.0,2,,0,3,,0
753,754,4,4,0,0,2,0,2,0,2,2,2,2,0,2,0.07957559681697612,0.6,0.0223463687150838,2685.0,179,89.5,35800,5370,56925.000,57683.47689766000000000000000,0,57683.47689766000000000000000,17449.82310234000000000000000,21125.000,132058.30,200,0.13262599469496023,14,0,0,0,0,"2,1",0.5,0.0,0.5,48.0,4.666666666666667,27.5,,,,,,,0,0,0,1,0,1,0,1,3,0,0,0,0,0,1,0,0,0,0,0,0.0,4,47.0,2,1.0,2,48.0,2,,0,3,,0
754,755,4,4,0,0,2,0,2,0,2,2,2,2,0,2,0.07947019867549668,0.594059405940594,0.022099447513812154,2715.0,181,90.5,36200,5430,56925.000,57683.47689766000000000000000,0,57683.47689766000000000000000,17449.82310234000000000000000,20725.000,132058.30,202,0.1337748344370861,14,0,0,0,0,"1,2",0.5,0.0,0.5,48.0,4.666666666666667,27.5,,,,,,,0,0,0,1,0,1,0,1,3,0,0,0,0,0,1,0,0,0,0,0,0.0,4,47.0,2,1.0,2,48.0,2,,0,3,,0
755,756,4,4,0,0,2,0,2,0,2,2,2,2,0,2,0.07936507936507936,0.5882352941176471,0.02185792349726776,2745.0,183,91.5,36600,5490,56925.000,57683.47689766000000000000000,0,57683.47689766000000000000000,17449.82310234000000000000000,20325.000,132058.30,204,0.1349206349206349,14,0,0,0,0,"1,2",0.5,0.0,0.5,48.0,4.666666666666667,27.5,,,,,,,0,0,0,1,0,1,0,1,3,0,0,0,0,0,1,0,0,0,0,0,0.0,4,47.0,2,1.0,2,48.0,2,,0,3,,0
756,757,4,4,0,0,2,0,2,0,2,2,2,2,0,2,0.07926023778071334,0.5825242718446603,0.021621621621621623,2775.0,185,92.5,37000,5550,56925.000,57683.47689766000000000000000,0,57683.47689766000000000000000,17449.82310234000000000000000,19925.000,132058.30,206,0.13606340819022458,14,0,0,0,0,"1,2",0.5,0.0,0.5,48.0,4.666666666666667,27.5,,,,,,,0,0,0,1,0,1,0,1,3,0,0,0,0,0,1,0,0,0,0,0,0.0,4,47.0,2,1.0,2,48.0,2,,0,3,,0
757,758,4,4,0,0,2,0,2,0,2,2,2,2,0,2,0.079155672823219,0.5769230769230769,0.0213903743315508,2805.0,187,93.5,37400,5610,56925.000,57683.47689766000000000000000,0,57683.47689766000000000000000,17449.82310234000000000000000,19525.000,132058.30,208,0.13720316622691292,14,0,0,0,0,"2,1",0.5,0.0,0.5,48.0,4.666666666666667,27.5,,,,,,,0,0,0,1,0,1,0,1,3,0,0,0,0,0,1,0,0,0,0,0,0.0,4,47.0,2,1.0,2,48.0,2,,0,3,,0
758,759,4,4,0,0,2,0,2,0,2,2,2,2,0,2,0.07905138339920949,0.5714285714285714,0.021164021164021163,2835.0,189,94.5,37800,5670,56925.000,57683.47689766000000000000000,0,57683.47689766000000000000000,17449.82310234000000000000000,19125.000,132058.30,210,0.1383399209486166,14,0,0,0,0,"2,1",0.5,0.0,0.5,48.0,4.666666666666667,27.5,,,,,,,0,0,0,1,0,1,0,1,3,0,0,0,0,0,1,0,0,0,0,0,0.0,4,47.0,2,1.0,2,48.0,2,,0,3,,0
759,760,4,4,0,0,2,0,2,0,2,2,2,2,0,2,0.07894736842105264,0.5660377358490566,0.020942408376963352,2865.0,191,95.5,38200,5730,56925.000,57683.47689766000000000000000,0,57683.47689766000000000000000,17449.82310234000000000000000,18725.000,132058.30,212,0.1394736842105263,14,0,0,0,0,"1,2",0.5,0.0,0.5,48.0,4.666666666666667,27.5,,,,,,,0,0,0,1,0,1,0,1,3,0,0,0,0,0,1,0,0,0,0,0,0.0,4,47.0,2,1.0,2,48.0,2,,0,3,,0
760,761,4,4,0,0,2,0,2,0,2,2,2,2,0,2,0.07884362680683311,0.5607476635514018,0.02072538860103627,2895.0,193,96.5,38600,5790,56925.000,57683.47689766000000000000000,0,57683.47689766000000000000000,17449.82310234000000000000000,18325.000,132058.30,214,0.14060446780551905,14,0,0,0,0,"2,1",0.5,0.0,0.5,48.0,4.666666666666667,27.5,,,,,,,0,0,0,1,0,1,0,1,3,0,0,0,0,0,1,0,0,0,0,0,0.0,4,47.0,2,1.0,2,48.0,2,,0,3,,0
761,762,4,4,0,0,2,0,2,0,2,2,2,2,0,2,0.07874015748031496,0.5555555555555556,0.020512820512820513,2925.0,195,97.5,39000,5850,56925.000,57683.47689766000000000000000,0,57683.47689766000000000000000,17449.82310234000000000000000,17925.000,132058.30,216,0.14173228346456693,14,0,0,0,0,"1,2",0.5,0.0,0.5,48.0,4.666666666666667,27.5,,,,,,,0,0,0,1,0,1,0,1,3,0,0,0,0,0,1,0,0,0,0,0,0.0,4,47.0,2,1.0,2,48.0,2,,0,3,,0
762,763,4,4,0,0,2,0,2,0,2,2,2,2,0,2,0.07863695937090433,0.5504587155963303,0.02030456852791878,2955.0,197,98.5,39400,5910,56925.000,57683.47689766000000000000000,0,57683.47689766000000000000000,17449.82310234000000000000000,17525.000,132058.30,218,0.14285714285714285,14,0,0,0,0,"2,1",0.5,0.0,0.5,48.0,4.666666666666667,27.5,,,,,,,0,0,0,0,1,1,0,1,3,0,0,0,0,0,1,0,0,0,0,0,0.0,4,47.0,2,1.0,2,48.0,2,,0,3,,0
763,764,4,4,0,0,2,0,2,0,2,2,2,2,0,2,0.07853403141361257,0.5454545454545455,0.020202020202020204,2970.0,198,99.0,39600,5940,56925.000,57683.47689766000000000000000,0,57683.47689766000000000000000,17449.82310234000000000000000,17325.000,132058.30,220,0.14397905759162305,14,0,0,0,0,"2,1",0.5,0.0,0.5,48.0,3.5,27.5,,,,,,,0,0,0,0,0,2,0,0,4,0,0,0,0,0,0,0,0,0,0,0,0.0,4,47.0,2,1.0,2,48.0,2,,0,4,,0
764,765,4,4,0,0,2,0,2,0,2,2,2,2,0,2,0.0784313725490196,0.5405405405405405,0.02,3000.0,200,100.0,40000,6000,56925.000,57683.47689766000000000000000,0,57683.47689766000000000000000,17449.82310234000000000000000,16925.000,132058.30,222,0.1450980392156863,14,0,0,0,0,"1,2",0.5,0.0,0.5,48.0,3.5,27.5,,,,,,,0,0,0,0,0,2,0,0,4,0,0,0,0,0,0,0,0,0,0,0,0.0,4,47.0,2,1.0,2,48.0,2,,0,4,,0
765,766,4,4,0,0,2,0,2,0,2,2,2,2,0,2,0.07832898172323759,0.5357142857142857,0.019801980198019802,3030.0,202,101.0,40400,6060,56925.000,57683.47689766000000000000000,0,57683.47689766000000000000000,17449.82310234000000000000000,16525.000,132058.30,224,0.1462140992167102,14,0,0,0,0,"2,1",0.5,0.0,0.5,48.0,3.5,27.5,,,,,,,0,0,0,0,0,2,0,0,4,0,0,0,0,0,0,0,0,0,0,0,0.0,4,47.0,2,1.0,2,48.0,2,,0,4,,0
766,767,4,4,0,0,2,0,2,0,2,2,2,2,0,2,0.07822685788787484,0.5309734513274337,0.0196078431372549,3060.0,204,102.0,40800,6120,56925.000,57683.47689766000000000000000,0,57683.47689766000000000000000,17449.82310234000000000000000,16125.000,132058.30,226,0.14732724902216426,14,0,0,0,0,"1,2",0.5,0.0,0.5,48.0,3.5,27.5,,,,,,,0,0,0,0,0,2,0,0,4,0,0,0,0,0,0,0,0,0,0,0,0.0,4,47.0,2,1.0,2,48.0,2,,0,4,,0
767,768,4,4,0,0,2,0,2,0,2,2,2,2,0,2,0.078125,0.5263157894736842,0.019417475728155338,3090.0,206,103.0,41200,6180,56925.000,57683.47689766000000000000000,0,57683.47689766000000000000000,17449.82310234000000000000000,15725.000,132058.30,228,0.1484375,14,0,0,0,0,"2,1",0.5,0.0,0.5,48.0,3.5,27.5,,,,,,,0,0,0,0,0,2,0,0,4,0,0,0,0,0,0,0,0,0,0,0,0.0,4,47.0,2,1.0,2,48.0,2,,0,4,,0
768,769,4,4,0,0,2,0,2,0,2,2,2,2,0,2,0.07802340702210664,0.5217391304347826,0.019230769230769232,3120.0,208,104.0,41600,6240,56925.000,57683.47689766000000000000000,0,57683.47689766000000000000000,17449.82310234000000000000000,15325.000,132058.30,230,0.14954486345903772,14,0,0,0,0,"2,1",0.5,0.0,0.5,48.0,3.5,27.5,,,,,,,0,0,0,0,0,2,0,0,4,0,0,0,0,0,0,0,0,0,0,0,0.0,4,47.0,2,1.0,2,48.0,2,,0,4,,0
769,770,4,4,0,0,2,0,2,0,2,2,2,2,0,2,0.07792207792207792,0.5172413793103449,0.01904761904761905,3150.0,210,105.0,42000,6300,56925.000,57683.47689766000000000000000,0,57683.47689766000000000000000,17449.82310234000000000000000,14925.000,132058.30,232,0.15064935064935064,14,0,0,0,0,"2,1",0.5,0.0,0.5,48.0,3.5,27.5,,,,,,,0,0,0,0,0,2,0,0,4,0,0,0,0,0,0,0,0,0,0,0,0.0,4,47.0,2,1.0,2,48.0,2,,0,4,,0
770,771,4,4,0,0,2,0,2,0,2,2,2,2,0,2,0.07782101167315175,0.5128205128205129,0.018867924528301886,3180.0,212,106.0,42400,6360,56925.000,57683.47689766000000000000000,0,57683.47689766000000000000000,17449.82310234000000000000000,14525.000,132058.30,234,0.1517509727626459,14,0,0,0,0,"1,2",0.5,0.0,0.5,48.0,3.5,27.5,,,,,,,0,0,0,0,0,2,0,0,4,0,0,0,0,0,0,0,0,0,0,0,0.0,4,47.0,2,1.0,2,48.0,2,,0,4,,0
771,772,4,4,0,0,2,0,2,0,2,2,2,2,0,2,0.07772020725388601,0.5084745762711864,0.018691588785046728,3210.0,214,107.0,42800,6420,56925.000,57683.47689766000000000000000,0,57683.47689766000000000000000,17449.82310234000000000000000,14125.000,132058.30,236,0.15284974093264247,14,0,0,0,0,"2,1",0.5,0.0,0.5,48.0,3.5,27.5,,,,,,,0,0,0,0,0,2,0,0,4,0,0,0,0,0,0,0,0,0,0,0,0.0,4,47.0,2,1.0,2,48.0,2,,0,4,,0
772,773,4,4,0,0,2,0,2,0,2,2,2,2,0,2,0.0776196636481242,0.5042016806722689,0.018518518518518517,3240.0,216,108.0,43200,6480,56925.000,57683.47689766000000000000000,0,57683.47689766000000000000000,17449.82310234000000000000000,13725.000,132058.30,238,0.1539456662354463,14,0,0,0,0,"1,2",0.5,0.0,0.5,48.0,3.5,27.5,,,,,,,0,0,0,0,0,2,0,0,4,0,0,0,0,0,0,0,0,0,0,0,0.0,4,47.0,2,1.0,2,48.0,2,,0,4,,0
773,774,4,4,0,0,2,0,2,0,2,2,2,2,0,2,0.07751937984496124,0.5,0.01834862385321101,3270.0,218,109.0,43600,6540,56925.000,57683.47689766000000000000000,0,57683.47689766000000000000000,17449.82310234000000000000000,13325.000,132058.30,240,0.15503875968992248,14,0,0,0,0,"1,2",0.5,0.0,0.5,48.0,3.5,27.5,,,,,,,0,0,0,0,0,2,0,0,4,0,0,0,0,0,0,0,0,0,0,0,0.0,4,47.0,2,1.0,2,48.0,2,,0,4,,0
774,775,4,4,0,0,2,0,2,0,2,2,2,2,0,2,0.07741935483870968,0.49586776859504134,0.01818181818181818,3300.0,220,110.0,44000,6600,56925.000,57683.47689766000000000000000,0,57683.47689766000000000000000,17449.82310234000000000000000,12925.000,132058.30,242,0.15612903225806452,14,0,0,0,0,"1,2",0.5,0.0,0.5,48.0,3.5,27.5,,,,,,,0,0,0,0,0,2,0,0,4,0,0,0,0,0,0,0,0,0,0,0,0.0,4,47.0,2,1.0,2,48.0,2,,0,4,,0
775,776,4,4,0,0,2,0,2,0,2,2,2,2,0,2,0.07731958762886598,0.49180327868852464,0.018018018018018018,3330.0,222,111.0,44400,6660,56925.000,57683.47689766000000000000000,0,57683.47689766000000000000000,17449.82310234000000000000000,12525.000,132058.30,244,0.15721649484536082,14,0,0,0,0,"2,1",0.5,0.0,0.5,48.0,3.5,27.5,,,,,,,0,0,0,0,0,2,0,0,4,0,0,0,0,0,0,0,0,0,0,0,0.0,4,47.0,2,1.0,2,48.0,2,,0,4,,0
776,777,4,4,0,0,2,0,2,0,2,2,2,2,0,2,0.07722007722007722,0.48780487804878053,0.017857142857142856,3360.0,224,112.0,44800,6720,56925.000,57683.47689766000000000000000,0,57683.47689766000000000000000,17449.82310234000000000000000,12125.000,132058.30,246,0.1583011583011583,14,0,0,0,0,"1,2",0.5,0.0,0.5,48.0,3.5,27.5,,,,,,,0,0,0,0,0,2,0,0,4,0,0,0,0,0,0,0,0,0,0,0,0.0,4,47.0,2,1.0,2,48.0,2,,0,4,,0
777,778,4,4,0,0,2,0,2,0,2,2,2,2,0,2,0.07712082262210797,0.48387096774193544,0.017699115044247787,3390.0,226,113.0,45200,6780,56925.000,57683.47689766000000000000000,0,57683.47689766000000000000000,17449.82310234000000000000000,11725.000,132058.30,248,0.15938303341902313,14,0,0,0,0,"1,2",0.5,0.0,0.5,48.0,3.5,27.5,,,,,,,0,0,0,0,0,2,0,0,4,0,0,0,0,0,0,0,0,0,0,0,0.0,4,47.0,2,1.0,2,48.0,2,,0,4,,0
778,779,4,4,0,0,2,0,2,0,2,2,2,2,0,2,0.07702182284980745,0.48,0.017543859649122806,3420.0,228,114.0,45600,6840,56925.000,57683.47689766000000000000000,0,57683.47689766000000000000000,17449.82310234000000000000000,11325.000,132058.30,250,0.16046213093709885,14,0,0,0,0,"2,1",0.5,0.0,0.5,48.0,3.5,27.5,,,,,,,0,0,0,0,0,2,0,0,4,0,0,0,0,0,0,0,0,0,0,0,0.0,4,47.0,2,1.0,2,48.0,2,,0,4,,0
779,780,4,4,0,0,2,0,2,0,2,2,2,2,0,2,0.07692307692307693,0.47619047619047616,0.017391304347826087,3450.0,230,115.0,46000,6900,56925.000,57683.47689766000000000000000,0,57683.47689766000000000000000,17449.82310234000000000000000,10925.000,132058.30,252,0.16153846153846155,14,0,0,0,0,"2,1",0.5,0.0,0.5,48.0,3.5,27.5,,,,,,,0,0,0,0,0,2,0,0,4,0,0,0,0,0,0,0,0,0,0,0,0.0,4,47.0,2,1.0,2,48.0,2,,0,4,,0
780,781,4,4,0,0,1,1,2,0,3,2,2,2,0,2,0.07682458386683738,0.47244094488188976,0.017241379310344827,3480.0,232,116.0,46400,6960,56925.000,57683.47689766000000000000000,0,57683.47689766000000000000000,17449.82310234000000000000000,10525.000,132058.30,254,0.16261203585147246,14,0,0,0,0,"1,2",0.5,0.0,0.5,48.0,3.5,27.5,,,,,,,1,0,0,0,0,1,0,0,4,0,0,0,0,0,0,0,0,0,0,0,0.0,4,67.66666666666667,3,1.0,2,48.0,2,,0,4,,0
781,782,4,4,0,0,1,0,3,0,3,1,1,3,0,3,0.11508951406649616,0.7058823529411765,0.02575107296137339,2330.0,233,116.5,46600,6990,123165.000,81435.65634150000000000000000,0,81435.65634150000000000000000,28356.84365850000000000000000,76565.000,232957.50,255,0.16304347826086957,14,0,0,0,0,"1,2",0.75,0.0,0.25,68.66666666666667,3.5,39.666666666666664,,,,,,,1,0,0,0,0,1,0,0,4,0,0,0,0,0,0,0,0,0,0,0,0.0,4,67.66666666666667,3,1.0,3,68.66666666666667,3,,0,4,,0
782,783,4,4,0,0,1,0,3,0,3,1,1,3,0,3,0.11494252873563218,0.703125,0.02564102564102564,2340.0,234,117.0,46800,7020,123165.000,81435.65634150000000000000000,0,81435.65634150000000000000000,28356.84365850000000000000000,76365.000,232957.50,256,0.16347381864623245,14,0,0,0,0,"1,2",0.75,0.0,0.25,68.66666666666667,3.5,39.666666666666664,,,,,,,1,0,0,0,0,1,0,0,4,0,0,0,0,0,0,0,0,0,0,0,0.0,4,67.66666666666667,3,1.0,3,68.66666666666667,3,,0,4,,0
783,784,4,4,0,0,1,0,3,0,3,1,1,3,0,3,0.11479591836734694,0.7003891050583658,0.02553191489361702,2350.0,235,117.5,47000,7050,123165.000,81435.65634150000000000000000,0,81435.65634150000000000000000,28356.84365850000000000000000,76165.000,232957.50,257,0.1639030612244898,14,0,0,0,0,"2,1",0.75,0.0,0.25,68.66666666666667,3.5,39.666666666666664,,,,,,,1,0,0,0,0,1,0,0,4,0,0,0,0,0,0,0,0,0,0,0,0.0,4,67.66666666666667,3,1.0,3,68.66666666666667,3,,0,4,,0
784,785,4,4,0,0,1,0,3,0,3,1,1,3,0,3,0.11464968152866241,0.6976744186046512,0.025423728813559324,2360.0,236,118.0,47200,7080,123165.000,81435.65634150000000000000000,0,81435.65634150000000000000000,28356.84365850000000000000000,75965.000,232957.50,258,0.1643312101910828,14,0,0,0,0,"1,2",0.75,0.0,0.25,68.66666666666667,3.5,39.666666666666664,,,,,,,1,0,0,0,0,1,0,0,4,0,0,0,0,0,0,0,0,0,0,0,0.0,4,67.66666666666667,3,1.0,3,68.66666666666667,3,,0,4,,0
785,786,4,4,0,0,1,0,3,0,3,1,1,3,0,3,0.11450381679389313,0.694980694980695,0.02531645569620253,2370.0,237,118.5,47400,7110,123165.000,81435.65634150000000000000000,0,81435.65634150000000000000000,28356.84365850000000000000000,75765.000,232957.50,259,0.16475826972010177,14,0,0,0,0,"1,2",0.75,0.0,0.25,68.66666666666667,3.5,39.666666666666664,,,,,,,1,0,0,0,0,1,0,0,4,0,0,0,0,0,0,0,0,0,0,0,0.0,4,67.66666666666667,3,1.0,3,68.66666666666667,3,,0,4,,0
786,787,4,4,0,0,0,1,3,0,4,1,1,3,0,3,0.11435832274459974,0.6923076923076924,0.025210084033613446,2380.0,238,119.0,47600,7140,123165.000,81435.65634150000000000000000,0,81435.65634150000000000000000,28356.84365850000000000000000,75565.000,232957.50,260,0.16518424396442186,14,0,0,0,0,"2,1",0.75,0.0,0.25,68.66666666666667,3.5,39.666666666666664,,,,,,,2,0,0,0,0,0,0,0,4,0,0,0,0,0,0,0,0,0,0,0,0.0,4,64.0,4,1.0,3,68.66666666666667,3,,0,4,,0
787,788,4,4,0,0,0,0,4,0,4,0,0,4,0,4,0.15228426395939088,0.9230769230769231,0.03361344537815126,1785.0,238,119.0,47600,7140,146970.000,112661.9248330800000000000000,0,112661.9248330800000000000000,37193.47516692000000000000000,99370.000,296825.40,260,0.1649746192893401,14,0,0,0,0,"1,2",1.0,0.0,0.0,65.0,3.5,35.5,,,,,,,2,0,0,0,0,0,0,0,4,0,0,0,0,0,0,0,0,0,0,0,0.0,4,64.0,4,1.0,4,65.0,4,,0,4,,0
788,789,4,4,0,0,0,0,4,0,4,0,0,4,0,4,0.1520912547528517,0.9230769230769231,0.03361344537815126,1785.0,238,119.0,47600,7140,146970.000,112661.9248330800000000000000,0,112661.9248330800000000000000,37193.47516692000000000000000,99370.000,296825.40,260,0.16476552598225602,14,0,0,0,0,"2,1",1.0,0.0,0.0,65.0,3.5,35.5,,,,,,,2,0,0,0,0,0,0,0,4,0,0,0,0,0,0,0,0,0,0,0,0.0,4,64.0,4,1.0,4,65.0,4,,0,4,,0
789,790,4,4,0,0,0,0,4,0,4,0,0,4,0,4,0.1518987341772152,0.9230769230769231,0.03361344537815126,1785.0,238,119.0,47600,7140,146970.000,112661.9248330800000000000000,0,112661.9248330800000000000000,37193.47516692000000000000000,99370.000,296825.40,260,0.16455696202531644,14,0,0,0,0,"1,2",1.0,0.0,0.0,65.0,3.5,35.5,,,,,,,2,0,0,0,0,0,0,0,4,0,0,0,0,0,0,0,0,0,0,0,0.0,4,64.0,4,1.0,4,65.0,4,,0,4,,0
790,791,4,4,0,0,0,0,4,0,4,0,0,4,0,4,0.15170670037926676,0.9230769230769231,0.03361344537815126,1785.0,238,119.0,47600,7140,146970.000,112661.9248330800000000000000,0,112661.9248330800000000000000,37193.47516692000000000000000,99370.000,296825.40,260,0.16434892541087232,14,0,0,0,0,"1,2",1.0,0.0,0.0,65.0,3.5,35.5,,,,,,,2,0,0,0,0,0,0,0,4,0,0,0,0,0,0,0,0,0,0,0,0.0,4,64.0,4,1.0,4,65.0,4,,0,4,,0
791,792,4,4,0,0,0,0,4,0,4,0,0,4,0,4,0.15151515151515152,0.9230769230769231,0.03361344537815126,1785.0,238,119.0,47600,7140,146970.000,112661.9248330800000000000000,0,112661.9248330800000000000000,37193.47516692000000000000000,99370.000,296825.40,260,0.16414141414141414,14,0,0,0,0,"1,2",1.0,0.0,0.0,65.0,3.5,35.5,,,,,,,2,0,0,0,0,0,0,0,4,0,0,0,0,0,0,0,0,0,0,0,0.0,4,64.0,4,1.0,4,65.0,4,,0,4,,0
792,793,4,4,0,0,0,0,4,0,4,0,0,4,0,4,0.15132408575031525,0.9230769230769231,0.03361344537815126,1785.0,238,119.0,47600,7140,146970.000,112661.9248330800000000000000,0,112661.9248330800000000000000,37193.47516692000000000000000,99370.000,296825.40,260,0.16393442622950818,14,0,0,0,0,"1,2",1.0,0.0,0.0,65.0,3.5,35.5,,,,,,,2,0,0,0,0,0,0,0,4,0,0,0,0,0,0,0,0,0,0,0,0.0,4,64.0,4,1.0,4,65.0,4,,0,4,,0
793,794,4,4,0,0,0,0,4,0,4,0,0,4,0,4,0.15113350125944586,0.9230769230769231,0.03361344537815126,1785.0,238,119.0,47600,7140,146970.000,112661.9248330800000000000000,0,112661.9248330800000000000000,37193.47516692000000000000000,99370.000,296825.40,260,0.163727959697733,14,0,0,0,0,"1,2",1.0,0.0,0.0,65.0,3.5,35.5,,,,,,,2,0,0,0,0,0,0,0,4,0,0,0,0,0,0,0,0,0,0,0,0.0,4,64.0,4,1.0,4,65.0,4,,0,4,,0
794,795,4,4,0,0,0,0,4,0,4,0,0,4,0,4,0.1509433962264151,0.9230769230769231,0.03361344537815126,1785.0,238,119.0,47600,7140,146970.000,112661.9248330800000000000000,0,112661.9248330800000000000000,37193.47516692000000000000000,99370.000,296825.40,260,0.16352201257861634,14,0,0,0,0,"2,1",1.0,0.0,0.0,65.0,3.5,35.5,,,,,,,2,0,0,0,0,0,0,0,4,0,0,0,0,0,0,0,0,0,0,0,0.0,4,64.0,4,1.0,4,65.0,4,,0,4,,0
795,796,4,4,0,0,0,0,4,0,4,0,0,4,0,4,0.1507537688442211,0.9230769230769231,0.03361344537815126,1785.0,238,119.0,47600,7140,146970.000,112661.9248330800000000000000,0,112661.9248330800000000000000,37193.47516692000000000000000,99370.000,296825.40,260,0.16331658291457288,14,0,0,0,0,"2,1",1.0,0.0,0.0,65.0,3.5,35.5,,,,,,,2,0,0,0,0,0,0,0,4,0,0,0,0,0,0,0,0,0,0,0,0.0,4,64.0,4,1.0,4,65.0,4,,0,4,,0
796,797,4,4,0,0,0,0,4,0,4,0,0,4,0,4,0.15056461731493098,0.9230769230769231,0.03361344537815126,1785.0,238,119.0,47600,7140,146970.000,112661.9248330800000000000000,0,112661.9248330800000000000000,37193.47516692000000000000000,99370.000,296825.40,260,0.16311166875784192,14,0,0,0,0,"2,1",1.0,0.0,0.0,65.0,3.5,35.5,,,,,,,2,0,0,0,0,0,0,0,4,0,0,0,0,0,0,0,0,0,0,0,0.0,4,64.0,4,1.0,4,65.0,4,,0,4,,0
797,798,4,4,0,0,0,0,4,0,4,0,0,4,0,4,0.15037593984962405,0.9230769230769231,0.03361344537815126,1785.0,238,119.0,47600,7140,146970.000,112661.9248330800000000000000,0,112661.9248330800000000000000,37193.47516692000000000000000,99370.000,296825.40,260,0.16290726817042606,14,0,0,0,0,"1,2",1.0,0.0,0.0,65.0,3.5,35.5,,,,,,,2,0,0,0,0,0,0,0,4,0,0,0,0,0,0,0,0,0,0,0,0.0,4,64.0,4,1.0,4,65.0,4,,0,4,,0
798,799,4,4,0,0,0,0,4,0,4,0,0,4,0,4,0.15018773466833543,0.9230769230769231,0.03361344537815126,1785.0,238,119.0,47600,7140,146970.000,112661.9248330800000000000000,0,112661.9248330800000000000000,37193.47516692000000000000000,99370.000,296825.40,260,0.16270337922403003,14,0,0,0,0,"1,2",1.0,0.0,0.0,65.0,3.5,35.5,,,,,,,2,0,0,0,0,0,0,0,4,0,0,0,0,0,0,0,0,0,0,0,0.0,4,64.0,4,1.0,4,65.0,4,,0,4,,0
799,800,4,4,0,0,0,0,4,0,4,0,0,4,0,4,0.15,0.9230769230769231,0.03361344537815126,1785.0,238,119.0,47600,7140,146970.000,112661.9248330800000000000000,0,112661.9248330800000000000000,37193.47516692000000000000000,99370.000,296825.40,260,0.1625,14,0,0,0,0,"1,2",1.0,0.0,0.0,65.0,3.5,35.5,,,,,,,2,0,0,0,0,0,0,0,4,0,0,0,0,0,0,0,0,0,0,0,0.0,4,64.0,4,1.0,4,65.0,4,,0,4,,0
800,801,4,4,0,0,0,0,4,0,4,0,0,4,0,4,0.149812734082397,0.9230769230769231,0.03361344537815126,1785.0,238,119.0,47600,7140,146970.000,112661.9248330800000000000000,0,112661.9248330800000000000000,37193.47516692000000000000000,99370.000,296825.40,260,0.16229712858926343,14,0,0,0,0,"1,2",1.0,0.0,0.0,65.0,3.5,35.5,,,,,,,2,0,0,0,0,0,0,0,4,0,0,0,0,0,0,0,0,0,0,0,0.0,4,64.0,4,1.0,4,65.0,4,,0,4,,0
801,802,4,4,0,0,0,0,4,0,4,0,0,4,0,4,0.14962593516209477,0.9230769230769231,0.03361344537815126,1785.0,238,119.0,47600,7140,146970.000,112661.9248330800000000000000,0,112661.9248330800000000000000,37193.47516692000000000000000,99370.000,296825.40,260,0.16209476309226933,14,0,0,0,0,"1,2",1.0,0.0,0.0,65.0,3.5,35.5,,,,,,,2,0,0,0,0,0,0,0,4,0,0,0,0,0,0,0,0,0,0,0,0.0,4,64.0,4,1.0,4,65.0,4,,0,4,,0
802,803,4,4,0,0,0,0,4,0,4,0,0,4,0,4,0.14943960149439603,0.9230769230769231,0.03361344537815126,1785.0,238,119.0,47600,7140,146970.000,112661.9248330800000000000000,0,112661.9248330800000000000000,37193.47516692000000000000000,99370.000,296825.40,260,0.16189290161892902,14,0,0,0,0,"2,1",1.0,0.0,0.0,65.0,3.5,35.5,,,,,,,2,0,0,0,0,0,0,0,4,0,0,0,0,0,0,0,0,0,0,0,0.0,4,64.0,4,1.0,4,65.0,4,,0,4,,0
803,804,4,4,0,0,0,0,4,0,4,0,0,4,0,4,0.14925373134328357,0.9230769230769231,0.03361344537815126,1785.0,238,119.0,47600,7140,146970.000,112661.9248330800000000000000,0,112661.9248330800000000000000,37193.47516692000000000000000,99370.000,296825.40,260,0.16169154228855723,14,0,0,0,0,"1,2",1.0,0.0,0.0,65.0,3.5,35.5,,,,,,,2,0,0,0,0,0,0,0,4,0,0,0,0,0,0,0,0,0,0,0,0.0,4,64.0,4,1.0,4,65.0,4,,0,4,,0
804,805,4,4,0,0,0,0,4,0,4,0,0,4,0,4,0.14906832298136646,0.9230769230769231,0.03361344537815126,1785.0,238,119.0,47600,7140,146970.000,112661.9248330800000000000000,0,112661.9248330800000000000000,37193.47516692000000000000000,99370.000,296825.40,260,0.16149068322981366,14,0,0,0,0,"1,2",1.0,0.0,0.0,65.0,3.5,35.5,,,,,,,2,0,0,0,0,0,0,0,4,0,0,0,0,0,0,0,0,0,0,0,0.0,4,64.0,4,1.0,4,65.0,4,,0,4,,0
805,806,4,4,0,0,0,0,4,0,4,0,0,4,0,4,0.1488833746898263,0.9230769230769231,0.03361344537815126,1785.0,238,119.0,47600,7140,146970.000,112661.9248330800000000000000,0,112661.9248330800000000000000,37193.47516692000000000000000,99370.000,296825.40,260,0.16129032258064516,14,0,0,0,0,"1,2",1.0,0.0,0.0,65.0,3.5,35.5,,,,,,,2,0,0,0,0,0,0,0,4,0,0,0,0,0,0,0,0,0,0,0,0.0,4,64.0,4,1.0,4,65.0,4,,0,4,,0
806,807,4,4,0,0,0,0,4,0,4,0,0,4,0,4,0.14869888475836432,0.9230769230769231,0.03361344537815126,1785.0,238,119.0,47600,7140,146970.000,112661.9248330800000000000000,0,112661.9248330800000000000000,37193.47516692000000000000000,99370.000,296825.40,260,0.161090458488228,14,0,0,0,0,"1,2",1.0,0.0,0.0,65.0,3.5,35.5,,,,,,,2,0,0,0,0,0,0,0,4,0,0,0,0,0,0,0,0,0,0,0,0.0,4,64.0,4,1.0,4,65.0,4,,0,4,,0
807,808,4,4,0,0,0,0,4,0,4,0,0,4,0,4,0.1485148514851485,0.9230769230769231,0.03361344537815126,1785.0,238,119.0,47600,7140,146970.000,112661.9248330800000000000000,0,112661.9248330800000000000000,37193.47516692000000000000000,99370.000,296825.40,260,0.1608910891089109,14,0,0,0,0,"1,2",1.0,0.0,0.0,65.0,3.5,35.5,,,,,,,2,0,0,0,0,0,0,0,4,0,0,0,0,0,0,0,0,0,0,0,0.0,4,64.0,4,1.0,4,65.0,4,,0,4,,0
808,809,4,4,0,0,0,0,4,0,4,0,0,4,0,4,0.14833127317676145,0.9230769230769231,0.03361344537815126,1785.0,238,119.0,47600,7140,146970.000,112661.9248330800000000000000,0,112661.9248330800000000000000,37193.47516692000000000000000,99370.000,296825.40,260,0.16069221260815822,14,0,0,0,0,"1,2",1.0,0.0,0.0,65.0,3.5,35.5,,,,,,,2,0,0,0,0,0,0,0,4,0,0,0,0,0,0,0,0,0,0,0,0.0,4,64.0,4,1.0,4,65.0,4,,0,4,,0
809,810,4,4,0,0,0,0,4,0,4,0,0,4,0,4,0.14814814814814814,0.9230769230769231,0.03361344537815126,1785.0,238,119.0,47600,7140,146970.000,112661.9248330800000000000000,0,112661.9248330800000000000000,37193.47516692000000000000000,99370.000,296825.40,260,0.16049382716049382,14,0,0,0,0,"1,2",1.0,0.0,0.0,65.0,3.5,35.5,,,,,,,2,0,0,0,0,0,0,0,4,0,0,0,0,0,0,0,0,0,0,0,0.0,4,64.0,4,1.0,4,65.0,4,,0,4,,0
810,811,4,4,0,0,0,0,4,0,4,0,0,4,0,4,0.14796547472256472,0.9230769230769231,0.03361344537815126,1785.0,238,119.0,47600,7140,146970.000,112661.9248330800000000000000,0,112661.9248330800000000000000,37193.47516692000000000000000,99370.000,296825.40,260,0.16029593094944514,14,0,0,0,0,"1,2",1.0,0.0,0.0,65.0,3.5,35.5,,,,,,,2,0,0,0,0,0,0,0,4,0,0,0,0,0,0,0,0,0,0,0,0.0,4,64.0,4,1.0,4,65.0,4,,0,4,,0
811,812,4,4,0,0,0,0,4,0,4,0,0,4,0,4,0.1477832512315271,0.9230769230769231,0.03361344537815126,1785.0,238,119.0,47600,7140,146970.000,112661.9248330800000000000000,0,112661.9248330800000000000000,37193.47516692000000000000000,99370.000,296825.40,260,0.16009852216748768,14,0,0,0,0,"2,1",1.0,0.0,0.0,65.0,3.5,35.5,,,,,,,2,0,0,0,0,0,0,0,4,0,0,0,0,0,0,0,0,0,0,0,0.0,4,64.0,4,1.0,4,65.0,4,,0,4,,0
812,813,4,4,0,0,0,0,4,0,4,0,0,4,0,4,0.14760147601476015,0.9230769230769231,0.03361344537815126,1785.0,238,119.0,47600,7140,146970.000,112661.9248330800000000000000,0,112661.9248330800000000000000,37193.47516692000000000000000,99370.000,296825.40,260,0.15990159901599016,14,0,0,0,0,"2,1",1.0,0.0,0.0,65.0,3.5,35.5,,,,,,,2,0,0,0,0,0,0,0,4,0,0,0,0,0,0,0,0,0,0,0,0.0,4,64.0,4,1.0,4,65.0,4,,0,4,,0
813,814,4,4,0,0,0,0,4,0,4,0,0,4,0,4,0.14742014742014742,0.9230769230769231,0.03361344537815126,1785.0,238,119.0,47600,7140,146970.000,112661.9248330800000000000000,0,112661.9248330800000000000000,37193.47516692000000000000000,99370.000,296825.40,260,0.1597051597051597,14,0,0,0,0,"2,1",1.0,0.0,0.0,65.0,3.5,35.5,,,,,,,2,0,0,0,0,0,0,0,4,0,0,0,0,0,0,0,0,0,0,0,0.0,4,64.0,4,1.0,4,65.0,4,,0,4,,0
814,815,4,4,0,0,0,0,4,0,4,0,0,4,0,4,0.14723926380368096,0.9230769230769231,0.03361344537815126,1785.0,238,119.0,47600,7140,146970.000,112661.9248330800000000000000,0,112661.9248330800000000000000,37193.47516692000000000000000,99370.000,296825.40,260,0.15950920245398773,14,0,0,0,0,"2,1",1.0,0.0,0.0,65.0,3.5,35.5,,,,,,,2,0,0,0,0,0,0,0,4,0,0,0,0,0,0,0,0,0,0,0,0.0,4,64.0,4,1.0,4,65.0,4,,0,4,,0
815,816,4,4,0,0,0,0,4,0,4,0,0,4,0,4,0.14705882352941177,0.9230769230769231,0.03361344537815126,1785.0,238,119.0,47600,7140,146970.000,112661.9248330800000000000000,0,112661.9248330800000000000000,37193.47516692000000000000000,99370.000,296825.40,260,0.15931372549019607,14,0,0,0,0,"2,1",1.0,0.0,0.0,65.0,3.5,35.5,,,,,,,2,0,0,0,0,0,0,0,4,0,0,0,0,0,0,0,0,0,0,0,0.0,4,64.0,4,1.0,4,65.0,4,,0,4,,0
816,817,4,4,0,0,0,0,4,0,4,0,0,4,0,4,0.14687882496940025,0.9230769230769231,0.03361344537815126,1785.0,238,119.0,47600,7140,146970.000,112661.9248330800000000000000,0,112661.9248330800000000000000,37193.47516692000000000000000,99370.000,296825.40,260,0.1591187270501836,14,0,0,0,0,"1,2",1.0,0.0,0.0,65.0,3.5,35.5,,,,,,,2,0,0,0,0,0,0,0,4,0,0,0,0,0,0,0,0,0,0,0,0.0,4,64.0,4,1.0,4,65.0,4,,0,4,,0
817,818,4,4,0,0,0,0,4,0,4,0,0,4,0,4,0.1466992665036675,0.9230769230769231,0.03361344537815126,1785.0,238,119.0,47600,7140,146970.000,112661.9248330800000000000000,0,112661.9248330800000000000000,37193.47516692000000000000000,99370.000,296825.40,260,0.15892420537897312,14,0,0,0,0,"2,1",1.0,0.0,0.0,65.0,3.5,35.5,,,,,,,2,0,0,0,0,0,0,0,4,0,0,0,0,0,0,0,0,0,0,0,0.0,4,64.0,4,1.0,4,65.0,4,,0,4,,0
818,819,4,4,0,0,0,0,4,0,4,0,0,4,0,4,0.14652014652014653,0.9230769230769231,0.03361344537815126,1785.0,238,119.0,47600,7140,146970.000,112661.9248330800000000000000,0,112661.9248330800000000000000,37193.47516692000000000000000,99370.000,296825.40,260,0.15873015873015872,14,0,0,0,0,"2,1",1.0,0.0,0.0,65.0,3.5,35.5,,,,,,,2,0,0,0,0,0,0,0,4,0,0,0,0,0,0,0,0,0,0,0,0.0,4,64.0,4,1.0,4,65.0,4,,0,4,,0
819,820,4,4,0,0,0,0,4,0,4,0,0,4,0,4,0.14634146341463417,0.9230769230769231,0.03361344537815126,1785.0,238,119.0,47600,7140,146970.000,112661.9248330800000000000000,0,112661.9248330800000000000000,37193.47516692000000000000000,99370.000,296825.40,260,0.15853658536585366,14,0,0,0,0,"1,2",1.0,0.0,0.0,65.0,3.5,35.5,,,,,,,2,0,0,0,0,0,0,0,4,0,0,0,0,0,0,0,0,0,0,0,0.0,4,64.0,4,1.0,4,65.0,4,,0,4,,0
820,821,4,4,0,0,0,0,4,0,4,0,0,4,0,4,0.146163215590743,0.9230769230769231,0.03361344537815126,1785.0,238,119.0,47600,7140,146970.000,112661.9248330800000000000000,0,112661.9248330800000000000000,37193.47516692000000000000000,99370.000,296825.40,260,0.15834348355663824,14,0,0,0,0,"1,2",1.0,0.0,0.0,65.0,3.5,35.5,,,,,,,2,0,0,0,0,0,0,0,4,0,0,0,0,0,0,0,0,0,0,0,0.0,4,64.0,4,1.0,4,65.0,4,,0,4,,0
821,822,4,4,0,0,0,0,4,0,4,0,0,4,0,4,0.14598540145985403,0.9230769230769231,0.03361344537815126,1785.0,238,119.0,47600,7140,146970.000,112661.9248330800000000000000,0,112661.9248330800000000000000,37193.47516692000000000000000,99370.000,296825.40,260,0.15815085158150852,14,0,0,0,0,"2,1",1.0,0.0,0.0,65.0,3.5,35.5,,,,,,,2,0,0,0,0,0,0,0,4,0,0,0,0,0,0,0,0,0,0,0,0.0,4,64.0,4,1.0,4,65.0,4,,0,4,,0
822,823,4,4,0,0,0,0,4,0,4,0,0,4,0,4,0.14580801944106925,0.9230769230769231,0.03361344537815126,1785.0,238,119.0,47600,7140,146970.000,112661.9248330800000000000000,0,112661.9248330800000000000000,37193.47516692000000000000000,99370.000,296825.40,260,0.15795868772782504,14,0,0,0,0,"1,2",1.0,0.0,0.0,65.0,3.5,35.5,,,,,,,2,0,0,0,0,0,0,0,4,0,0,0,0,0,0,0,0,0,0,0,0.0,4,64.0,4,1.0,4,65.0,4,,0,4,,0
823,824,4,4,0,0,0,0,4,0,4,0,0,4,0,4,0.14563106796116507,0.9230769230769231,0.03361344537815126,1785.0,238,119.0,47600,7140,146970.000,112661.9248330800000000000000,0,112661.9248330800000000000000,37193.47516692000000000000000,99370.000,296825.40,260,0.15776699029126215,14,0,0,0,0,"2,1",1.0,0.0,0.0,65.0,3.5,35.5,,,,,,,2,0,0,0,0,0,0,0,4,0,0,0,0,0,0,0,0,0,0,0,0.0,4,64.0,4,1.0,4,65.0,4,,0,4,,0
824,825,4,4,0,0,0,0,4,0,4,0,0,4,0,4,0.14545454545454545,0.9230769230769231,0.03361344537815126,1785.0,238,119.0,47600,7140,146970.000,112661.9248330800000000000000,0,112661.9248330800000000000000,37193.47516692000000000000000,99370.000,296825.40,260,0.15757575757575756,14,0,0,0,0,"2,1",1.0,0.0,0.0,65.0,3.5,35.5,,,,,,,2,0,0,0,0,0,0,0,4,0,0,0,0,0,0,0,0,0,0,0,0.0,4,64.0,4,1.0,4,65.0,4,,0,4,,0
825,826,4,4,0,0,0,0,4,0,4,0,0,4,0,4,0.14527845036319612,0.9230769230769231,0.03361344537815126,1785.0,238,119.0,47600,7140,146970.000,112661.9248330800000000000000,0,112661.9248330800000000000000,37193.47516692000000000000000,99370.000,296825.40,260,0.15738498789346247,14,0,0,0,0,"2,1",1.0,0.0,0.0,65.0,3.5,35.5,,,,,,,2,0,0,0,0,0,0,0,4,0,0,0,0,0,0,0,0,0,0,0,0.0,4,64.0,4,1.0,4,65.0,4,,0,4,,0
826,827,4,4,0,0,0,0,4,0,4,0,0,4,0,4,0.14510278113663846,0.9230769230769231,0.03361344537815126,1785.0,238,119.0,47600,7140,146970.000,112661.9248330800000000000000,0,112661.9248330800000000000000,37193.47516692000000000000000,99370.000,296825.40,260,0.15719467956469166,14,0,0,0,0,"1,2",1.0,0.0,0.0,65.0,3.5,35.5,,,,,,,2,0,0,0,0,0,0,0,4,0,0,0,0,0,0,0,0,0,0,0,0.0,4,64.0,4,1.0,4,65.0,4,,0,4,,0
827,828,4,4,0,0,0,0,4,0,4,0,0,4,0,4,0.14492753623188406,0.9230769230769231,0.03361344537815126,1785.0,238,119.0,47600,7140,146970.000,112661.9248330800000000000000,0,112661.9248330800000000000000,37193.47516692000000000000000,99370.000,296825.40,260,0.1570048309178744,14,0,0,0,0,"1,2",1.0,0.0,0.0,65.0,3.5,35.5,,,,,,,2,0,0,0,0,0,0,0,4,0,0,0,0,0,0,0,0,0,0,0,0.0,4,64.0,4,1.0,4,65.0,4,,0,4,,0
828,829,4,4,0,0,0,0,4,0,4,0,0,4,0,4,0.14475271411338964,0.9230769230769231,0.03361344537815126,1785.0,238,119.0,47600,7140,146970.000,112661.9248330800000000000000,0,112661.9248330800000000000000,37193.47516692000000000000000,99370.000,296825.40,260,0.15681544028950542,14,0,0,0,0,"2,1",1.0,0.0,0.0,65.0,3.5,35.5,,,,,,,2,0,0,0,0,0,0,0,4,0,0,0,0,0,0,0,0,0,0,0,0.0,4,64.0,4,1.0,4,65.0,4,,0,4,,0
829,830,4,4,0,0,0,0,4,0,4,0,0,4,0,4,0.14457831325301204,0.9230769230769231,0.03361344537815126,1785.0,238,119.0,47600,7140,146970.000,112661.9248330800000000000000,0,112661.9248330800000000000000,37193.47516692000000000000000,99370.000,296825.40,260,0.1566265060240964,14,0,0,0,0,"1,2",1.0,0.0,0.0,65.0,3.5,35.5,,,,,,,2,0,0,0,0,0,0,0,4,0,0,0,0,0,0,0,0,0,0,0,0.0,4,64.0,4,1.0,4,65.0,4,,0,4,,0
830,831,4,4,0,0,0,0,4,0,4,0,0,4,0,4,0.1444043321299639,0.9230769230769231,0.03361344537815126,1785.0,238,119.0,47600,7140,146970.000,112661.9248330800000000000000,0,112661.9248330800000000000000,37193.47516692000000000000000,99370.000,296825.40,260,0.15643802647412755,14,0,0,0,0,"1,2",1.0,0.0,0.0,65.0,3.5,35.5,,,,,,,2,0,0,0,0,0,0,0,4,0,0,0,0,0,0,0,0,0,0,0,0.0,4,64.0,4,1.0,4,65.0,4,,0,4,,0
831,832,5,5,0,0,1,0,4,0,4,1,1,4,0,4,0.14423076923076922,0.9195402298850576,0.03361344537815126,1785.0,238,119.0,47600,7140,146970.000,112661.9248330800000000000000,0,112661.9248330800000000000000,37193.47516692000000000000000,99370.000,296825.40,261,0.15685096153846154,14,0,0,0,0,"2,1",0.8,0.0,0.2,65.0,3.5,35.5,,,,,,,1,0,0,1,0,0,1,0,4,0,0,0,0,0,1,0,0,0,0,0,0.0,5,64.0,4,1.0,4,65.0,4,,0,4,,0
832,833,5,5,0,0,1,0,4,0,4,1,1,4,0,4,0.14405762304921968,0.9160305343511451,0.03347280334728033,1792.5,239,119.5,47800,7170,146970.000,112661.9248330800000000000000,0,112661.9248330800000000000000,37193.47516692000000000000000,99170.000,296825.40,262,0.15726290516206481,14,0,0,0,0,"2,1",0.8,0.0,0.2,65.0,3.5,35.5,,,,,,,1,0,0,1,0,0,1,0,4,0,0,0,0,0,1,0,0,0,0,0,0.0,5,64.0,4,1.0,4,65.0,4,,0,4,,0
833,834,5,5,0,0,1,0,4,0,4,1,1,4,0,4,0.14388489208633093,0.9125475285171102,0.03333333333333333,1800.0,240,120.0,48000,7200,146970.000,112661.9248330800000000000000,0,112661.9248330800000000000000,37193.47516692000000000000000,98970.000,296825.40,263,0.15767386091127097,14,0,0,0,0,"2,1",0.8,0.0,0.2,65.0,3.5,35.5,,,,,,,1,0,0,1,0,0,1,0,4,0,0,0,0,0,1,0,0,0,0,0,0.0,5,64.0,4,1.0,4,65.0,4,,0,4,,0
834,835,5,5,0,0,1,0,4,0,4,1,1,4,0,4,0.1437125748502994,0.9090909090909091,0.03319502074688797,1807.5,241,120.5,48200,7230,146970.000,112661.9248330800000000000000,0,112661.9248330800000000000000,37193.47516692000000000000000,98770.000,296825.40,264,0.15808383233532936,14,0,0,0,0,"2,1",0.8,0.0,0.2,65.0,3.5,35.5,,,,,,,1,0,0,1,0,0,1,0,4,0,0,0,0,0,1,0,0,0,0,0,0.0,5,64.0,4,1.0,4,65.0,4,,0,4,,0
835,836,5,5,0,0,1,0,4,0,4,1,1,4,0,4,0.14354066985645933,0.9056603773584905,0.03305785123966942,1815.0,242,121.0,48400,7260,146970.000,112661.9248330800000000000000,0,112661.9248330800000000000000,37193.47516692000000000000000,98570.000,296825.40,265,0.15849282296650719,14,0,0,0,0,"2,1",0.8,0.0,0.2,65.0,3.5,35.5,,,,,,,1,0,0,1,0,0,1,0,4,0,0,0,0,0,1,0,0,0,0,0,0.0,5,64.0,4,1.0,4,65.0,4,,0,4,,0
836,837,5,5,0,0,1,0,4,0,4,1,1,4,0,4,0.14336917562724016,0.9022556390977443,0.03292181069958848,1822.5,243,121.5,48600,7290,146970.000,112661.9248330800000000000000,0,112661.9248330800000000000000,37193.47516692000000000000000,98370.000,296825.40,266,0.15890083632019117,14,0,0,0,0,"1,2",0.8,0.0,0.2,65.0,3.5,35.5,,,,,,,1,0,0,1,0,0,1,0,4,0,0,0,0,0,1,0,0,0,0,0,0.0,5,64.0,4,1.0,4,65.0,4,,0,4,,0
837,838,5,5,0,0,1,0,4,0,4,1,1,4,0,4,0.1431980906921241,0.898876404494382,0.03278688524590164,1830.0,244,122.0,48800,7320,146970.000,112661.9248330800000000000000,0,112661.9248330800000000000000,37193.47516692000000000000000,98170.000,296825.40,267,0.15930787589498807,14,0,0,0,0,"2,1",0.8,0.0,0.2,65.0,3.5,35.5,,,,,,,1,0,0,1,0,0,1,0,4,0,0,0,0,0,1,0,0,0,0,0,0.0,5,64.0,4,1.0,4,65.0,4,,0,4,,0
838,839,5,5,0,0,1,0,4,0,4,1,1,4,0,4,0.1430274135876043,0.8955223880597015,0.0326530612244898,1837.5,245,122.5,49000,7350,146970.000,112661.9248330800000000000000,0,112661.9248330800000000000000,37193.47516692000000000000000,97970.000,296825.40,268,0.15971394517282478,14,0,0,0,0,"2,1",0.8,0.0,0.2,65.0,3.5,35.5,,,,,,,1,0,0,1,0,0,1,0,4,0,0,0,0,0,1,0,0,0,0,0,0.0,5,64.0,4,1.0,4,65.0,4,,0,4,,0
839,840,5,5,0,0,1,0,4,0,4,1,1,4,0,4,0.14285714285714285,0.8921933085501859,0.032520325203252036,1845.0,246,123.0,49200,7380,146970.000,112661.9248330800000000000000,0,112661.9248330800000000000000,37193.47516692000000000000000,97770.000,296825.40,269,0.1601190476190476,14,0,0,0,0,"1,2",0.8,0.0,0.2,65.0,3.5,35.5,,,,,,,1,0,0,1,0,0,1,0,4,0,0,0,0,0,1,0,0,0,0,0,0.0,5,64.0,4,1.0,4,65.0,4,,0,4,,0
840,841,5,5,0,0,1,0,4,0,4,1,1,4,0,4,0.1426872770511296,0.8888888888888888,0.032388663967611336,1852.5,247,123.5,49400,7410,146970.000,112661.9248330800000000000000,0,112661.9248330800000000000000,37193.47516692000000000000000,97570.000,296825.40,270,0.1605231866825208,14,0,0,0,0,"1,2",0.8,0.0,0.2,65.0,3.5,35.5,,,,,,,1,0,0,1,0,0,1,0,4,0,0,0,0,0,1,0,0,0,0,0,0.0,5,64.0,4,1.0,4,65.0,4,,0,4,,0
841,842,5,5,0,0,1,0,4,0,4,1,1,4,0,4,0.14251781472684086,0.8856088560885609,0.03225806451612903,1860.0,248,124.0,49600,7440,146970.000,112661.9248330800000000000000,0,112661.9248330800000000000000,37193.47516692000000000000000,97370.000,296825.40,271,0.16092636579572447,14,0,0,0,0,"2,1",0.8,0.0,0.2,65.0,3.5,35.5,,,,,,,1,0,0,1,0,0,1,0,4,0,0,0,0,0,1,0,0,0,0,0,0.0,5,64.0,4,1.0,4,65.0,4,,0,4,,0
842,843,5,5,0,0,1,0,4,0,4,1,1,4,0,4,0.14234875444839856,0.8823529411764706,0.0321285140562249,1867.5,249,124.5,49800,7470,146970.000,112661.9248330800000000000000,0,112661.9248330800000000000000,37193.47516692000000000000000,97170.000,296825.40,272,0.16132858837485173,14,0,0,0,0,"1,2",0.8,0.0,0.2,65.0,3.5,35.5,,,,,,,1,0,0,1,0,0,1,0,4,0,0,0,0,0,1,0,0,0,0,0,0.0,5,64.0,4,1.0,4,65.0,4,,0,4,,0
843,844,5,5,0,0,1,0,4,0,4,1,1,4,0,4,0.14218009478672985,0.8791208791208791,0.032,1875.0,250,125.0,50000,7500,146970.000,112661.9248330800000000000000,0,112661.9248330800000000000000,37193.47516692000000000000000,96970.000,296825.40,273,0.1617298578199052,14,0,0,0,0,"1,2",0.8,0.0,0.2,65.0,3.5,35.5,,,,,,,1,0,0,1,0,0,1,0,4,0,0,0,0,0,1,0,0,0,0,0,0.0,5,64.0,4,1.0,4,65.0,4,,0,4,,0
844,845,5,5,0,0,1,0,4,0,4,1,1,4,0,4,0.14201183431952663,0.8759124087591241,0.03187250996015936,1882.5,251,125.5,50200,7530,146970.000,112661.9248330800000000000000,0,112661.9248330800000000000000,37193.47516692000000000000000,96770.000,296825.40,274,0.1621301775147929,14,0,0,0,0,"1,2",0.8,0.0,0.2,65.0,3.5,35.5,,,,,,,1,0,0,1,0,0,0,1,4,0,0,0,0,0,1,0,0,0,0,0,0.0,5,64.0,4,1.0,4,65.0,4,,0,4,,0
845,846,5,5,0,0,1,0,4,0,4,1,1,4,0,4,0.14184397163120568,0.8727272727272728,0.031746031746031744,1890.0,252,126.0,50400,7560,146970.000,112661.9248330800000000000000,0,112661.9248330800000000000000,37193.47516692000000000000000,96570.000,296825.40,275,0.16252955082742318,14,0,0,0,0,"2,1",0.8,0.0,0.2,65.0,3.5,35.5,,,,,,,1,0,0,1,0,0,0,1,4,0,0,0,0,0,1,0,0,0,0,0,0.0,5,64.0,4,1.0,4,65.0,4,,0,4,,0
846,847,5,5,0,0,1,0,4,0,4,1,1,4,0,4,0.14167650531286893,0.8695652173913044,0.03162055335968379,1897.5,253,126.5,50600,7590,146970.000,112661.9248330800000000000000,0,112661.9248330800000000000000,37193.47516692000000000000000,96370.000,296825.40,276,0.16292798110979928,14,0,0,0,0,"1,2",0.8,0.0,0.2,65.0,3.5,35.5,,,,,,,1,0,0,1,0,0,0,1,4,0,0,0,0,0,1,0,0,0,0,0,0.0,5,64.0,4,1.0,4,65.0,4,,0,4,,0
847,848,5,5,0,0,1,0,4,0,4,1,1,4,0,4,0.14150943396226415,0.8664259927797835,0.031496062992125984,1905.0,254,127.0,50800,7620,146970.000,112661.9248330800000000000000,0,112661.9248330800000000000000,37193.47516692000000000000000,96170.000,296825.40,277,0.1633254716981132,14,0,0,0,0,"2,1",0.8,0.0,0.2,65.0,3.5,35.5,,,,,,,1,0,0,1,0,0,0,1,4,0,0,0,0,0,1,0,0,0,0,0,0.0,5,64.0,4,1.0,4,65.0,4,,0,4,,0
848,849,5,5,0,0,1,0,4,0,4,1,1,4,0,4,0.1413427561837456,0.8633093525179856,0.03137254901960784,1912.5,255,127.5,51000,7650,146970.000,112661.9248330800000000000000,0,112661.9248330800000000000000,37193.47516692000000000000000,95970.000,296825.40,278,0.16372202591283863,14,0,0,0,0,"2,1",0.8,0.0,0.2,65.0,3.5,35.5,,,,,,,1,0,0,1,0,0,0,1,4,0,0,0,0,0,1,0,0,0,0,0,0.0,5,64.0,4,1.0,4,65.0,4,,0,4,,0
849,850,5,5,0,0,1,0,4,0,4,1,1,4,0,4,0.1411764705882353,0.8602150537634408,0.03125,1920.0,256,128.0,51200,7680,146970.000,112661.9248330800000000000000,0,112661.9248330800000000000000,37193.47516692000000000000000,95770.000,296825.40,279,0.16411764705882353,14,0,0,0,0,"1,2",0.8,0.0,0.2,65.0,3.5,35.5,,,,,,,1,0,0,1,0,0,0,1,4,0,0,0,0,0,1,0,0,0,0,0,0.0,5,64.0,4,1.0,4,65.0,4,,0,4,,0
850,851,5,5,0,0,1,0,4,0,4,1,1,4,0,4,0.1410105757931845,0.8571428571428571,0.0311284046692607,1927.5,257,128.5,51400,7710,146970.000,112661.9248330800000000000000,0,112661.9248330800000000000000,37193.47516692000000000000000,95570.000,296825.40,280,0.1645123384253819,14,0,0,0,0,"2,1",0.8,0.0,0.2,65.0,3.5,35.5,,,,,,,1,0,0,1,0,0,0,1,4,0,0,0,0,0,1,0,0,0,0,0,0.0,5,64.0,4,1.0,4,65.0,4,,0,4,,0
851,852,5,5,0,0,1,0,4,0,4,1,1,4,0,4,0.14084507042253522,0.8540925266903914,0.031007751937984496,1935.0,258,129.0,51600,7740,146970.000,112661.9248330800000000000000,0,112661.9248330800000000000000,37193.47516692000000000000000,95370.000,296825.40,281,0.16490610328638497,14,0,0,0,0,"2,1",0.8,0.0,0.2,65.0,3.5,35.5,,,,,,,1,0,0,1,0,0,0,1,4,0,0,0,0,0,1,0,0,0,0,0,0.0,5,64.0,4,1.0,4,65.0,4,,0,4,,0
852,853,5,5,0,0,1,0,4,0,4,1,1,4,0,4,0.1406799531066823,0.851063829787234,0.03088803088803089,1942.5,259,129.5,51800,7770,146970.000,112661.9248330800000000000000,0,112661.9248330800000000000000,37193.47516692000000000000000,95170.000,296825.40,282,0.1652989449003517,14,0,0,0,0,"2,1",0.8,0.0,0.2,65.0,3.5,35.5,,,,,,,1,0,0,1,0,0,0,1,4,0,0,0,0,0,1,0,0,0,0,0,0.0,5,64.0,4,1.0,4,65.0,4,,0,4,,0
853,854,5,5,0,0,1,0,4,0,4,1,1,4,0,4,0.14051522248243561,0.8480565371024735,0.03076923076923077,1950.0,260,130.0,52000,7800,146970.000,112661.9248330800000000000000,0,112661.9248330800000000000000,37193.47516692000000000000000,94970.000,296825.40,283,0.16569086651053863,14,0,0,0,0,"2,1",0.8,0.0,0.2,65.0,3.5,35.5,,,,,,,1,0,0,1,0,0,0,1,4,0,0,0,0,0,1,0,0,0,0,0,0.0,5,64.0,4,1.0,4,65.0,4,,0,4,,0
854,855,5,5,0,0,1,0,4,0,4,1,1,4,0,4,0.14035087719298245,0.8450704225352113,0.03065134099616858,1957.5,261,130.5,52200,7830,146970.000,112661.9248330800000000000000,0,112661.9248330800000000000000,37193.47516692000000000000000,94770.000,296825.40,284,0.16608187134502925,14,0,0,0,0,"2,1",0.8,0.0,0.2,65.0,3.5,35.5,,,,,,,1,0,0,1,0,0,0,1,4,0,0,0,0,0,1,0,0,0,0,0,0.0,5,64.0,4,1.0,4,65.0,4,,0,4,,0
855,856,5,5,0,0,1,0,4,0,4,1,1,4,0,4,0.14018691588785046,0.8421052631578947,0.030534351145038167,1965.0,262,131.0,52400,7860,146970.000,112661.9248330800000000000000,0,112661.9248330800000000000000,37193.47516692000000000000000,94570.000,296825.40,285,0.16647196261682243,14,0,0,0,0,"2,1",0.8,0.0,0.2,65.0,3.5,35.5,,,,,,,1,0,0,1,0,0,0,1,4,0,0,0,0,0,1,0,0,0,0,0,0.0,5,64.0,4,1.0,4,65.0,4,,0,4,,0
856,857,5,5,0,0,1,0,4,0,4,1,1,4,0,4,0.14002333722287047,0.8391608391608392,0.030418250950570342,1972.5,263,131.5,52600,7890,146970.000,112661.9248330800000000000000,0,112661.9248330800000000000000,37193.47516692000000000000000,94370.000,296825.40,286,0.16686114352392065,14,0,0,0,0,"1,2",0.8,0.0,0.2,65.0,3.5,35.5,,,,,,,1,0,0,1,0,0,0,1,4,0,0,0,0,0,1,0,0,0,0,0,0.0,5,64.0,4,1.0,4,65.0,4,,0,4,,0
857,858,5,5,0,0,1,0,4,0,4,1,1,4,0,4,0.13986013986013984,0.8362369337979094,0.030303030303030304,1980.0,264,132.0,52800,7920,146970.000,112661.9248330800000000000000,0,112661.9248330800000000000000,37193.47516692000000000000000,94170.000,296825.40,287,0.16724941724941725,14,0,0,0,0,"2,1",0.8,0.0,0.2,65.0,3.5,35.5,,,,,,,1,0,0,1,0,0,0,1,4,0,0,0,0,0,1,0,0,0,0,0,0.0,5,64.0,4,1.0,4,65.0,4,,0,4,,0
858,859,5,5,0,0,1,0,4,0,4,1,1,4,0,4,0.13969732246798602,0.8333333333333334,0.03018867924528302,1987.5,265,132.5,53000,7950,146970.000,112661.9248330800000000000000,0,112661.9248330800000000000000,37193.47516692000000000000000,93970.000,296825.40,288,0.16763678696158324,14,0,0,0,0,"1,2",0.8,0.0,0.2,65.0,3.5,35.5,,,,,,,1,0,0,1,0,0,0,1,4,0,0,0,0,0,1,0,0,0,0,0,0.0,5,64.0,4,1.0,4,65.0,4,,0,4,,0
859,860,5,5,0,0,1,0,4,0,4,1,1,4,0,4,0.13953488372093023,0.8304498269896194,0.03007518796992481,1995.0,266,133.0,53200,7980,146970.000,112661.9248330800000000000000,0,112661.9248330800000000000000,37193.47516692000000000000000,93770.000,296825.40,289,0.1680232558139535,14,0,0,0,0,"1,2",0.8,0.0,0.2,65.0,3.5,35.5,,,,,,,1,0,0,1,0,0,0,1,4,0,0,0,0,0,1,0,0,0,0,0,0.0,5,64.0,4,1.0,4,65.0,4,,0,4,,0
860,861,5,5,0,0,1,0,4,0,4,1,1,4,0,4,0.13937282229965156,0.8275862068965518,0.0299625468164794,2002.5,267,133.5,53400,8010,146970.000,112661.9248330800000000000000,0,112661.9248330800000000000000,37193.47516692000000000000000,93570.000,296825.40,290,0.16840882694541232,14,0,0,0,0,"2,1",0.8,0.0,0.2,65.0,3.5,35.5,,,,,,,1,0,0,1,0,0,0,1,4,0,0,0,0,0,1,0,0,0,0,0,0.0,5,64.0,4,1.0,4,65.0,4,,0,4,,0
861,862,5,5,0,0,1,0,4,0,4,1,1,4,0,4,0.13921113689095127,0.8247422680412372,0.029850746268656716,2010.0,268,134.0,53600,8040,146970.000,112661.9248330800000000000000,0,112661.9248330800000000000000,37193.47516692000000000000000,93370.000,296825.40,291,0.1687935034802784,14,0,0,0,0,"1,2",0.8,0.0,0.2,65.0,3.5,35.5,,,,,,,1,0,0,1,0,0,0,1,4,0,0,0,0,0,1,0,0,0,0,0,0.0,5,64.0,4,1.0,4,65.0,4,,0,4,,0
862,863,5,5,0,0,1,0,4,0,4,1,1,4,0,4,0.13904982618771727,0.8219178082191781,0.02973977695167286,2017.5,269,134.5,53800,8070,146970.000,112661.9248330800000000000000,0,112661.9248330800000000000000,37193.47516692000000000000000,93170.000,296825.40,292,0.16917728852838934,14,0,0,0,0,"2,1",0.8,0.0,0.2,65.0,3.5,35.5,,,,,,,1,0,0,1,0,0,0,1,4,0,0,0,0,0,1,0,0,0,0,0,0.0,5,64.0,4,1.0,4,65.0,4,,0,4,,0
863,864,5,5,0,0,1,0,4,0,4,1,1,4,0,4,0.1388888888888889,0.8191126279863481,0.02962962962962963,2025.0,270,135.0,54000,8100,146970.000,112661.9248330800000000000000,0,112661.9248330800000000000000,37193.47516692000000000000000,92970.000,296825.40,293,0.16956018518518517,14,0,0,0,0,"1,2",0.8,0.0,0.2,65.0,3.5,35.5,,,,,,,1,0,0,1,0,0,0,1,4,0,0,0,0,0,1,0,0,0,0,0,0.0,5,64.0,4,1.0,4,65.0,4,,0,4,,0
864,865,5,5,0,0,1,0,4,0,4,1,1,4,0,4,0.13872832369942198,0.8163265306122448,0.02952029520295203,2032.5,271,135.5,54200,8130,146970.000,112661.9248330800000000000000,0,112661.9248330800000000000000,37193.47516692000000000000000,92770.000,296825.40,294,0.1699421965317919,14,0,0,0,0,"2,1",0.8,0.0,0.2,65.0,3.5,35.5,,,,,,,1,0,0,1,0,0,0,1,4,0,0,0,0,0,1,0,0,0,0,0,0.0,5,64.0,4,1.0,4,65.0,4,,0,4,,0
865,866,5,5,0,0,1,0,4,0,4,1,1,4,0,4,0.13856812933025403,0.8135593220338982,0.029411764705882353,2040.0,272,136.0,54400,8160,146970.000,112661.9248330800000000000000,0,112661.9248330800000000000000,37193.47516692000000000000000,92570.000,296825.40,295,0.17032332563510394,14,0,0,0,0,"1,2",0.8,0.0,0.2,65.0,3.5,35.5,,,,,,,1,0,0,1,0,0,0,1,4,0,0,0,0,0,1,0,0,0,0,0,0.0,5,64.0,4,1.0,4,65.0,4,,0,4,,0
866,867,5,5,0,0,1,0,4,0,4,1,1,4,0,4,0.1384083044982699,0.8108108108108107,0.029304029304029304,2047.5,273,136.5,54600,8190,146970.000,112661.9248330800000000000000,0,112661.9248330800000000000000,37193.47516692000000000000000,92370.000,296825.40,296,0.1707035755478662,14,0,0,0,0,"1,2",0.8,0.0,0.2,65.0,3.5,35.5,,,,,,,1,0,0,1,0,0,0,1,4,0,0,0,0,0,1,0,0,0,0,0,0.0,5,64.0,4,1.0,4,65.0,4,,0,4,,0
867,868,5,5,0,0,1,0,4,0,4,1,1,4,0,4,0.1382488479262673,0.8080808080808081,0.029197080291970802,2055.0,274,137.0,54800,8220,146970.000,112661.9248330800000000000000,0,112661.9248330800000000000000,37193.47516692000000000000000,92170.000,296825.40,297,0.17108294930875576,14,0,0,0,0,"2,1",0.8,0.0,0.2,65.0,3.5,35.5,,,,,,,1,0,0,1,0,0,0,1,4,0,0,0,0,0,1,0,0,0,0,0,0.0,5,64.0,4,1.0,4,65.0,4,,0,4,,0
868,869,5,5,0,0,1,0,4,0,4,1,1,4,0,4,0.13808975834292292,0.8053691275167785,0.02909090909090909,2062.5,275,137.5,55000,8250,146970.000,112661.9248330800000000000000,0,112661.9248330800000000000000,37193.47516692000000000000000,91970.000,296825.40,298,0.1714614499424626,14,0,0,0,0,"2,1",0.8,0.0,0.2,65.0,3.5,35.5,,,,,,,1,0,0,1,0,0,0,1,4,0,0,0,0,0,1,0,0,0,0,0,0.0,5,64.0,4,1.0,4,65.0,4,,0,4,,0
869,870,5,5,0,0,1,0,4,0,4,1,1,4,0,4,0.13793103448275862,0.802675585284281,0.028985507246376812,2070.0,276,138.0,55200,8280,146970.000,112661.9248330800000000000000,0,112661.9248330800000000000000,37193.47516692000000000000000,91770.000,296825.40,299,0.17183908045977012,14,0,0,0,0,"1,2",0.8,0.0,0.2,65.0,3.5,35.5,,,,,,,1,0,0,1,0,0,0,1,4,0,0,0,0,0,1,0,0,0,0,0,0.0,5,64.0,4,1.0,4,65.0,4,,0,4,,0
870,871,5,5,0,0,1,0,4,0,4,1,1,4,0,4,0.1377726750861079,0.8,0.02888086642599278,2077.5,277,138.5,55400,8310,146970.000,112661.9248330800000000000000,0,112661.9248330800000000000000,37193.47516692000000000000000,91570.000,296825.40,300,0.17221584385763491,14,0,0,0,0,"2,1",0.8,0.0,0.2,65.0,3.5,35.5,,,,,,,1,0,0,1,0,0,0,1,4,0,0,0,0,0,1,0,0,0,0,0,0.0,5,64.0,4,1.0,4,65.0,4,,0,4,,0
871,872,5,5,0,0,1,0,4,0,4,1,1,4,0,4,0.13761467889908258,0.7973421926910299,0.02877697841726619,2085.0,278,139.0,55600,8340,146970.000,112661.9248330800000000000000,0,112661.9248330800000000000000,37193.47516692000000000000000,91370.000,296825.40,301,0.17259174311926606,14,0,0,0,0,"1,2",0.8,0.0,0.2,65.0,3.5,35.5,,,,,,,1,0,0,1,0,0,0,1,4,0,0,0,0,0,1,0,0,0,0,0,0.0,5,64.0,4,1.0,4,65.0,4,,0,4,,0
872,873,5,5,0,0,1,0,4,0,4,1,1,4,0,4,0.1374570446735395,0.794701986754967,0.02867383512544803,2092.5,279,139.5,55800,8370,146970.000,112661.9248330800000000000000,0,112661.9248330800000000000000,37193.47516692000000000000000,91170.000,296825.40,302,0.1729667812142039,14,0,0,0,0,"1,2",0.8,0.0,0.2,65.0,3.5,35.5,,,,,,,1,0,0,1,0,0,0,1,4,0,0,0,0,0,1,0,0,0,0,0,0.0,5,64.0,4,1.0,4,65.0,4,,0,4,,0
873,874,5,5,0,0,1,0,4,0,4,1,1,4,0,4,0.13729977116704806,0.7920792079207921,0.02857142857142857,2100.0,280,140.0,56000,8400,146970.000,112661.9248330800000000000000,0,112661.9248330800000000000000,37193.47516692000000000000000,90970.000,296825.40,303,0.17334096109839817,14,0,0,0,0,"2,1",0.8,0.0,0.2,65.0,3.5,35.5,,,,,,,1,0,0,1,0,0,0,1,4,0,0,0,0,0,1,0,0,0,0,0,0.0,5,64.0,4,1.0,4,65.0,4,,0,4,,0
874,875,5,5,0,0,1,0,4,0,4,1,1,4,0,4,0.13714285714285715,0.7894736842105263,0.028469750889679714,2107.5,281,140.5,56200,8430,146970.000,112661.9248330800000000000000,0,112661.9248330800000000000000,37193.47516692000000000000000,90770.000,296825.40,304,0.1737142857142857,14,0,0,0,0,"1,2",0.8,0.0,0.2,65.0,3.5,35.5,,,,,,,1,0,0,1,0,0,0,1,4,0,0,0,0,0,1,0,0,0,0,0,0.0,5,64.0,4,1.0,4,65.0,4,,0,4,,0
875,876,5,5,0,0,1,0,4,0,4,1,1,4,0,4,0.136986301369863,0.7868852459016394,0.028368794326241134,2115.0,282,141.0,56400,8460,146970.000,112661.9248330800000000000000,0,112661.9248330800000000000000,37193.47516692000000000000000,90570.000,296825.40,305,0.1740867579908676,14,0,0,0,0,"2,1",0.8,0.0,0.2,65.0,3.5,35.5,,,,,,,1,0,0,1,0,0,0,1,4,0,0,0,0,0,1,0,0,0,0,0,0.0,5,64.0,4,1.0,4,65.0,4,,0,4,,0
876,877,5,5,0,0,1,0,4,0,4,1,1,4,0,4,0.13683010262257697,0.7843137254901962,0.028268551236749116,2122.5,283,141.5,56600,8490,146970.000,112661.9248330800000000000000,0,112661.9248330800000000000000,37193.47516692000000000000000,90370.000,296825.40,306,0.17445838084378562,14,0,0,0,0,"2,1",0.8,0.0,0.2,65.0,3.5,35.5,,,,,,,1,0,0,0,1,0,0,1,4,0,0,0,0,0,1,0,0,0,0,0,0.0,5,64.0,4,1.0,4,65.0,4,,0,4,,0
877,878,5,5,0,0,1,0,4,0,4,1,1,4,0,4,0.1366742596810934,0.7817589576547231,0.028268551236749116,2122.5,283,141.5,56600,8490,146970.000,112661.9248330800000000000000,0,112661.9248330800000000000000,37193.47516692000000000000000,90370.000,296825.40,307,0.17482915717539863,14,0,0,0,0,"1,2",0.8,0.0,0.2,65.0,2.8,35.5,,,,,,,1,0,0,0,0,1,0,0,5,0,0,0,0,0,0,0,0,0,0,0,0.0,5,64.0,4,1.0,4,65.0,4,,0,5,,0
878,879,5,5,0,0,1,0,4,0,4,1,1,4,0,4,0.13651877133105803,0.7792207792207791,0.028169014084507043,2130.0,284,142.0,56800,8520,146970.000,112661.9248330800000000000000,0,112661.9248330800000000000000,37193.47516692000000000000000,90170.000,296825.40,308,0.1751990898748578,14,0,0,0,0,"1,2",0.8,0.0,0.2,65.0,2.8,35.5,,,,,,,1,0,0,0,0,1,0,0,5,0,0,0,0,0,0,0,0,0,0,0,0.0,5,64.0,4,1.0,4,65.0,4,,0,5,,0
879,880,5,5,0,0,1,0,4,0,4,1,1,4,0,4,0.13636363636363638,0.7766990291262136,0.028070175438596492,2137.5,285,142.5,57000,8550,146970.000,112661.9248330800000000000000,0,112661.9248330800000000000000,37193.47516692000000000000000,89970.000,296825.40,309,0.17556818181818182,14,0,0,0,0,"2,1",0.8,0.0,0.2,65.0,2.8,35.5,,,,,,,1,0,0,0,0,1,0,0,5,0,0,0,0,0,0,0,0,0,0,0,0.0,5,64.0,4,1.0,4,65.0,4,,0,5,,0
880,881,6,6,0,0,2,0,4,0,4,2,2,4,0,4,0.1362088535754824,0.7717041800643086,0.027972027972027972,2145.0,286,143.0,57200,8580,146970.000,112661.9248330800000000000000,0,112661.9248330800000000000000,37193.47516692000000000000000,89770.000,296825.40,311,0.1765039727582293,14,0,0,0,0,"2,1",0.6666666666666666,0.0,0.3333333333333333,65.0,2.8,35.5,,,,,,,0,0,0,1,0,1,1,0,5,0,0,0,0,0,1,0,0,0,0,0,0.0,6,64.0,4,1.0,4,65.0,4,,0,5,,0
881,882,6,6,0,0,2,0,4,0,4,2,2,4,0,4,0.1360544217687075,0.7667731629392971,0.027777777777777776,2160.0,288,144.0,57600,8640,146970.000,112661.9248330800000000000000,0,112661.9248330800000000000000,37193.47516692000000000000000,89370.000,296825.40,313,0.17743764172335602,14,0,0,0,0,"1,2",0.6666666666666666,0.0,0.3333333333333333,65.0,2.8,35.5,,,,,,,0,0,0,1,0,1,1,0,5,0,0,0,0,0,1,0,0,0,0,0,0.0,6,64.0,4,1.0,4,65.0,4,,0,5,,0
882,883,6,6,0,0,2,0,4,0,4,2,2,4,0,4,0.13590033975084936,0.7619047619047619,0.027586206896551724,2175.0,290,145.0,58000,8700,146970.000,112661.9248330800000000000000,0,112661.9248330800000000000000,37193.47516692000000000000000,88970.000,296825.40,315,0.1783691959229898,14,0,0,0,0,"1,2",0.6666666666666666,0.0,0.3333333333333333,65.0,2.8,35.5,,,,,,,0,0,0,1,0,1,1,0,5,0,0,0,0,0,1,0,0,0,0,0,0.0,6,64.0,4,1.0,4,65.0,4,,0,5,,0
883,884,6,6,0,0,2,0,4,0,4,2,2,4,0,4,0.13574660633484165,0.7570977917981073,0.0273972602739726,2190.0,292,146.0,58400,8760,146970.000,112661.9248330800000000000000,0,112661.9248330800000000000000,37193.47516692000000000000000,88570.000,296825.40,317,0.17929864253393665,14,0,0,0,0,"1,2",0.6666666666666666,0.0,0.3333333333333333,65.0,2.8,35.5,,,,,,,0,0,0,1,0,1,1,0,5,0,0,0,0,0,1,0,0,0,0,0,0.0,6,64.0,4,1.0,4,65.0,4,,0,5,,0
884,885,6,6,0,0,2,0,4,0,4,2,2,4,0,4,0.13559322033898305,0.7523510971786834,0.027210884353741496,2205.0,294,147.0,58800,8820,146970.000,112661.9248330800000000000000,0,112661.9248330800000000000000,37193.47516692000000000000000,88170.000,296825.40,319,0.18022598870056497,14,0,0,0,0,"1,2",0.6666666666666666,0.0,0.3333333333333333,65.0,2.8,35.5,,,,,,,0,0,0,1,0,1,1,0,5,0,0,0,0,0,1,0,0,0,0,0,0.0,6,64.0,4,1.0,4,65.0,4,,0,5,,0
885,886,6,6,0,0,2,0,4,0,4,2,2,4,0,4,0.13544018058690743,0.7476635514018692,0.02702702702702703,2220.0,296,148.0,59200,8880,146970.000,112661.9248330800000000000000,0,112661.9248330800000000000000,37193.47516692000000000000000,87770.000,296825.40,321,0.1811512415349887,14,0,0,0,0,"1,2",0.6666666666666666,0.0,0.3333333333333333,65.0,2.8,35.5,,,,,,,0,0,0,1,0,1,1,0,5,0,0,0,0,0,1,0,0,0,0,0,0.0,6,64.0,4,1.0,4,65.0,4,,0,5,,0
886,887,6,6,0,0,2,0,4,0,4,2,2,4,0,4,0.13528748590755355,0.7430340557275541,0.026845637583892617,2235.0,298,149.0,59600,8940,146970.000,112661.9248330800000000000000,0,112661.9248330800000000000000,37193.47516692000000000000000,87370.000,296825.40,323,0.18207440811724915,14,0,0,0,0,"1,2",0.6666666666666666,0.0,0.3333333333333333,65.0,2.8,35.5,,,,,,,0,0,0,1,0,1,1,0,5,0,0,0,0,0,1,0,0,0,0,0,0.0,6,64.0,4,1.0,4,65.0,4,,0,5,,0
887,888,6,6,0,0,2,0,4,0,4,2,2,4,0,4,0.13513513513513511,0.7384615384615384,0.02666666666666667,2250.0,300,150.0,60000,9000,146970.000,112661.9248330800000000000000,0,112661.9248330800000000000000,37193.47516692000000000000000,86970.000,296825.40,325,0.18299549549549549,14,0,0,0,0,"2,1",0.6666666666666666,0.0,0.3333333333333333,65.0,2.8,35.5,,,,,,,0,0,0,1,0,1,1,0,5,0,0,0,0,0,1,0,0,0,0,0,0.0,6,64.0,4,1.0,4,65.0,4,,0,5,,0
888,889,6,6,0,0,2,0,4,0,4,2,2,4,0,4,0.13498312710911137,0.7339449541284403,0.026490066225165563,2265.0,302,151.0,60400,9060,146970.000,112661.9248330800000000000000,0,112661.9248330800000000000000,37193.47516692000000000000000,86570.000,296825.40,327,0.18391451068616424,14,0,0,0,0,"1,2",0.6666666666666666,0.0,0.3333333333333333,65.0,2.8,35.5,,,,,,,0,0,0,1,0,1,1,0,5,0,0,0,0,0,1,0,0,0,0,0,0.0,6,64.0,4,1.0,4,65.0,4,,0,5,,0
889,890,6,6,0,0,2,0,4,0,4,2,2,4,0,4,0.1348314606741573,0.729483282674772,0.02631578947368421,2280.0,304,152.0,60800,9120,146970.000,112661.9248330800000000000000,0,112661.9248330800000000000000,37193.47516692000000000000000,86170.000,296825.40,329,0.18483146067415732,14,0,0,0,0,"1,2",0.6666666666666666,0.0,0.3333333333333333,65.0,2.8,35.5,,,,,,,0,0,0,1,0,1,1,0,5,0,0,0,0,0,1,0,0,0,0,0,0.0,6,64.0,4,1.0,4,65.0,4,,0,5,,0
890,891,6,6,0,0,2,0,4,0,4,2,2,4,0,4,0.13468013468013468,0.7250755287009063,0.026143790849673203,2295.0,306,153.0,61200,9180,146970.000,112661.9248330800000000000000,0,112661.9248330800000000000000,37193.47516692000000000000000,85770.000,296825.40,331,0.18574635241301907,14,0,0,0,0,"2,1",0.6666666666666666,0.0,0.3333333333333333,65.0,2.8,35.5,,,,,,,0,0,0,1,0,1,1,0,5,0,0,0,0,0,1,0,0,0,0,0,0.0,6,64.0,4,1.0,4,65.0,4,,0,5,,0
891,892,6,6,0,0,2,0,4,0,4,2,2,4,0,4,0.13452914798206278,0.7207207207207208,0.025974025974025976,2310.0,308,154.0,61600,9240,146970.000,112661.9248330800000000000000,0,112661.9248330800000000000000,37193.47516692000000000000000,85370.000,296825.40,333,0.18665919282511212,14,0,0,0,0,"2,1",0.6666666666666666,0.0,0.3333333333333333,65.0,2.8,35.5,,,,,,,0,0,0,1,0,1,1,0,5,0,0,0,0,0,1,0,0,0,0,0,0.0,6,64.0,4,1.0,4,65.0,4,,0,5,,0
892,893,6,6,0,0,2,0,4,0,4,2,2,4,0,4,0.1343784994400896,0.7164179104477613,0.025806451612903226,2325.0,310,155.0,62000,9300,146970.000,112661.9248330800000000000000,0,112661.9248330800000000000000,37193.47516692000000000000000,84970.000,296825.40,335,0.1875699888017917,14,0,0,0,0,"2,1",0.6666666666666666,0.0,0.3333333333333333,65.0,2.8,35.5,,,,,,,0,0,0,0,1,1,1,0,5,0,0,0,0,0,1,0,0,0,0,0,0.0,6,64.0,4,1.0,4,65.0,4,,0,5,,0
893,894,6,6,0,0,2,0,4,0,4,2,2,4,0,4,0.1342281879194631,0.712166172106825,0.02572347266881029,2332.5,311,155.5,62200,9330,146970.000,112661.9248330800000000000000,0,112661.9248330800000000000000,37193.47516692000000000000000,84770.000,296825.40,337,0.1884787472035794,15,0,0,0,0,"2,1",0.6666666666666666,0.0,0.3333333333333333,65.0,2.8,35.5,,,,,,,0,0,0,0,1,1,1,0,5,0,0,0,0,0,1,0,0,0,0,0,0.0,6,64.0,4,1.0,4,65.0,4,,0,5,,0
894,895,6,6,0,0,2,0,4,0,4,2,2,4,0,4,0.1340782122905028,0.7079646017699115,0.02564102564102564,2340.0,312,156.0,62400,9360,146970.000,112661.9248330800000000000000,0,112661.9248330800000000000000,37193.47516692000000000000000,84570.000,296825.40,339,0.1893854748603352,16,0,0,0,0,"2,1",0.6666666666666666,0.0,0.3333333333333333,65.0,2.8,35.5,,,,,,,0,0,0,0,1,1,1,0,5,0,0,0,0,0,1,0,0,0,0,0,0.0,6,64.0,4,1.0,4,65.0,4,,0,5,,0
895,896,6,6,0,0,2,0,4,0,4,2,2,4,0,4,0.13392857142857142,0.7038123167155425,0.025559105431309903,2347.5,313,156.5,62600,9390,146970.000,112661.9248330800000000000000,0,112661.9248330800000000000000,37193.47516692000000000000000,84370.000,296825.40,341,0.19029017857142858,17,0,0,0,0,"2,1",0.6666666666666666,0.0,0.3333333333333333,65.0,2.8,35.5,,,,,,,0,0,0,0,1,1,1,0,5,0,0,0,0,0,1,0,0,0,0,0,0.0,6,64.0,4,1.0,4,65.0,4,,0,5,,0
896,897,6,6,0,0,2,0,4,0,4,2,2,4,0,4,0.13377926421404682,0.6997084548104956,0.025477707006369428,2355.0,314,157.0,62800,9420,146970.000,112661.9248330800000000000000,0,112661.9248330800000000000000,37193.47516692000000000000000,84170.000,296825.40,343,0.19119286510590858,18,0,0,0,0,"1,2",0.6666666666666666,0.0,0.3333333333333333,65.0,2.8,35.5,,,,,,,0,0,0,0,1,1,1,0,5,0,0,0,0,0,1,0,0,0,0,0,0.0,6,64.0,4,1.0,4,65.0,4,,0,5,,0
897,898,6,6,0,0,2,0,4,0,4,2,2,4,0,4,0.13363028953229397,0.6956521739130435,0.025396825396825397,2362.5,315,157.5,63000,9450,146970.000,112661.9248330800000000000000,0,112661.9248330800000000000000,37193.47516692000000000000000,83970.000,296825.40,345,0.1920935412026726,19,0,0,0,0,"2,1",0.6666666666666666,0.0,0.3333333333333333,65.0,2.8,35.5,,,,,,,0,0,0,0,1,1,1,0,5,0,0,0,0,0,1,0,0,0,0,0,0.0,6,64.0,4,1.0,4,65.0,4,,0,5,,0
898,899,6,6,0,0,2,0,4,0,4,2,2,4,0,4,0.13348164627363737,0.69164265129683,0.02531645569620253,2370.0,316,158.0,63200,9480,146970.000,112661.9248330800000000000000,0,112661.9248330800000000000000,37193.47516692000000000000000,83770.000,296825.40,347,0.19299221357063404,20,0,0,0,0,"1,2",0.6666666666666666,0.0,0.3333333333333333,65.0,2.8,35.5,,,,,,,0,0,0,0,1,1,1,0,5,0,0,0,0,0,1,0,0,0,0,0,0.0,6,64.0,4,1.0,4,65.0,4,,0,5,,0
899,900,6,6,0,0,2,0,4,0,4,2,2,4,0,4,0.13333333333333333,0.6876790830945559,0.025236593059936908,2377.5,317,158.5,63400,9510,146970.000,112661.9248330800000000000000,0,112661.9248330800000000000000,37193.47516692000000000000000,83570.000,296825.40,349,0.1938888888888889,21,0,0,0,0,"2,1",0.6666666666666666,0.0,0.3333333333333333,65.0,2.8,35.5,,,,,,,0,0,0,0,1,1,1,0,5,0,0,0,0,0,1,0,0,0,0,0,0.0,6,64.0,4,1.0,4,65.0,4,,0,5,,0
900,901,6,6,0,0,1,1,4,0,5,2,2,4,0,4,0.1331853496115427,0.6837606837606838,0.025157232704402517,2385.0,318,159.0,63600,9540,146970.000,112661.9248330800000000000000,0,112661.9248330800000000000000,37193.47516692000000000000000,83370.000,296825.40,351,0.19478357380688124,21,0,0,0,0,"2,1",0.6666666666666666,0.0,0.3333333333333333,65.0,3.5,35.5,,,,,,,1,0,0,0,0,1,0,0,6,0,0,0,0,0,0,0,0,0,0,0,0.0,6,65.0,5,1.0,4,65.0,4,,0,6,,0
901,902,6,6,0,0,1,0,5,0,5,1,1,5,0,5,0.1662971175166297,0.8522727272727273,0.03134796238244514,1914.0,319,159.5,63800,9570,170775.000,147177.2626310200000000000000,0,147177.2626310200000000000000,46742.83736898000000000000000,106975.000,364695.10,352,0.1951219512195122,21,0,0,0,0,"1,2",0.8333333333333334,0.0,0.16666666666666666,66.0,3.5,33.0,,,,,,,1,0,0,0,0,1,0,0,6,0,0,0,0,0,0,0,0,0,0,0,0.0,6,65.0,5,1.0,5,66.0,5,,0,6,,0
902,903,6,6,0,0,1,0,5,0,5,1,1,5,0,5,0.16611295681063123,0.8498583569405098,0.03125,1920.0,320,160.0,64000,9600,170775.000,147177.2626310200000000000000,0,147177.2626310200000000000000,46742.83736898000000000000000,106775.000,364695.10,353,0.1954595791805094,21,0,0,0,0,"1,2",0.8333333333333334,0.0,0.16666666666666666,66.0,3.5,33.0,,,,,,,1,0,0,0,0,1,0,0,6,0,0,0,0,0,0,0,0,0,0,0,0.0,6,65.0,5,1.0,5,66.0,5,,0,6,,0
903,904,6,6,0,0,1,0,5,0,5,1,1,5,0,5,0.16592920353982302,0.847457627118644,0.03115264797507788,1926.0,321,160.5,64200,9630,170775.000,147177.2626310200000000000000,0,147177.2626310200000000000000,46742.83736898000000000000000,106575.000,364695.10,354,0.19579646017699115,21,0,0,0,0,"1,2",0.8333333333333334,0.0,0.16666666666666666,66.0,3.5,33.0,,,,,,,1,0,0,0,0,1,0,0,6,0,0,0,0,0,0,0,0,0,0,0,0.0,6,65.0,5,1.0,5,66.0,5,,0,6,,0
904,905,6,6,0,0,1,0,5,0,5,1,1,5,0,5,0.16574585635359115,0.8450704225352113,0.031055900621118012,1932.0,322,161.0,64400,9660,170775.000,147177.2626310200000000000000,0,147177.2626310200000000000000,46742.83736898000000000000000,106375.000,364695.10,355,0.19613259668508287,21,0,0,0,0,"1,2",0.8333333333333334,0.0,0.16666666666666666,66.0,3.5,33.0,,,,,,,1,0,0,0,0,1,0,0,6,0,0,0,0,0,0,0,0,0,0,0,0.0,6,65.0,5,1.0,5,66.0,5,,0,6,,0
905,906,6,6,0,0,1,0,5,0,5,1,1,5,0,5,0.16556291390728478,0.8426966292134831,0.030959752321981424,1938.0,323,161.5,64600,9690,170775.000,147177.2626310200000000000000,0,147177.2626310200000000000000,46742.83736898000000000000000,106175.000,364695.10,356,0.19646799116997793,21,0,0,0,0,"1,2",0.8333333333333334,0.0,0.16666666666666666,66.0,3.5,33.0,,,,,,,1,0,0,0,0,1,0,0,6,0,0,0,0,0,0,0,0,0,0,0,0.0,6,65.0,5,1.0,5,66.0,5,,0,6,,0
906,907,6,6,0,0,1,0,5,0,5,1,1,5,0,5,0.16538037486218302,0.8403361344537815,0.030864197530864196,1944.0,324,162.0,64800,9720,170775.000,147177.2626310200000000000000,0,147177.2626310200000000000000,46742.83736898000000000000000,105975.000,364695.10,357,0.1968026460859978,21,0,0,0,0,"2,1",0.8333333333333334,0.0,0.16666666666666666,66.0,3.5,33.0,,,,,,,1,0,0,0,0,1,0,0,6,0,0,0,0,0,0,0,0,0,0,0,0.0,6,65.0,5,1.0,5,66.0,5,,0,6,,0
907,908,6,6,0,0,1,0,5,0,5,1,1,5,0,5,0.16519823788546256,0.8379888268156425,0.03076923076923077,1950.0,325,162.5,65000,9750,170775.000,147177.2626310200000000000000,0,147177.2626310200000000000000,46742.83736898000000000000000,105775.000,364695.10,358,0.197136563876652,21,0,0,0,0,"2,1",0.8333333333333334,0.0,0.16666666666666666,66.0,3.5,33.0,,,,,,,1,0,0,0,0,1,0,0,6,0,0,0,0,0,0,0,0,0,0,0,0.0,6,65.0,5,1.0,5,66.0,5,,0,6,,0
908,909,6,6,0,0,1,0,5,0,5,1,1,5,0,5,0.16501650165016502,0.8356545961002786,0.03067484662576687,1956.0,326,163.0,65200,9780,170775.000,147177.2626310200000000000000,0,147177.2626310200000000000000,46742.83736898000000000000000,105575.000,364695.10,359,0.19746974697469746,21,0,0,0,0,"1,2",0.8333333333333334,0.0,0.16666666666666666,66.0,3.5,33.0,,,,,,,1,0,0,0,0,1,0,0,6,0,0,0,0,0,0,0,0,0,0,0,0.0,6,65.0,5,1.0,5,66.0,5,,0,6,,0
909,910,6,6,0,0,1,0,5,0,5,1,1,5,0,5,0.16483516483516483,0.8333333333333334,0.03058103975535168,1962.0,327,163.5,65400,9810,170775.000,147177.2626310200000000000000,0,147177.2626310200000000000000,46742.83736898000000000000000,105375.000,364695.10,360,0.1978021978021978,21,0,0,0,0,"2,1",0.8333333333333334,0.0,0.16666666666666666,66.0,3.5,33.0,,,,,,,1,0,0,0,0,1,0,0,6,0,0,0,0,0,0,0,0,0,0,0,0.0,6,65.0,5,1.0,5,66.0,5,,0,6,,0
910,911,6,6,0,0,1,0,5,0,5,1,1,5,0,5,0.16465422612513722,0.8310249307479225,0.03048780487804878,1968.0,328,164.0,65600,9840,170775.000,147177.2626310200000000000000,0,147177.2626310200000000000000,46742.83736898000000000000000,105175.000,364695.10,361,0.19813391877058179,21,0,0,0,0,"2,1",0.8333333333333334,0.0,0.16666666666666666,66.0,3.5,33.0,,,,,,,1,0,0,0,0,1,0,0,6,0,0,0,0,0,0,0,0,0,0,0,0.0,6,65.0,5,1.0,5,66.0,5,,0,6,,0
911,912,6,6,0,0,1,0,5,0,5,1,1,5,0,5,0.16447368421052633,0.8287292817679558,0.030395136778115502,1974.0,329,164.5,65800,9870,170775.000,147177.2626310200000000000000,0,147177.2626310200000000000000,46742.83736898000000000000000,104975.000,364695.10,362,0.19846491228070176,21,0,0,0,0,"1,2",0.8333333333333334,0.0,0.16666666666666666,66.0,3.5,33.0,,,,,,,1,0,0,0,0,1,0,0,6,0,0,0,0,0,0,0,0,0,0,0,0.0,6,65.0,5,1.0,5,66.0,5,,0,6,,0
912,913,6,6,0,0,1,0,5,0,5,1,1,5,0,5,0.16429353778751368,0.8264462809917356,0.030303030303030304,1980.0,330,165.0,66000,9900,170775.000,147177.2626310200000000000000,0,147177.2626310200000000000000,46742.83736898000000000000000,104775.000,364695.10,363,0.19879518072289157,21,0,0,0,0,"1,2",0.8333333333333334,0.0,0.16666666666666666,66.0,3.5,33.0,,,,,,,1,0,0,0,0,1,0,0,6,0,0,0,0,0,0,0,0,0,0,0,0.0,6,65.0,5,1.0,5,66.0,5,,0,6,,0
913,914,6,6,0,0,1,0,5,0,5,1,1,5,0,5,0.1641137855579869,0.8241758241758242,0.030211480362537766,1986.0,331,165.5,66200,9930,170775.000,147177.2626310200000000000000,0,147177.2626310200000000000000,46742.83736898000000000000000,104575.000,364695.10,364,0.19912472647702406,21,0,0,0,0,"1,2",0.8333333333333334,0.0,0.16666666666666666,66.0,3.5,33.0,,,,,,,1,0,0,0,0,1,0,0,6,0,0,0,0,0,0,0,0,0,0,0,0.0,6,65.0,5,1.0,5,66.0,5,,0,6,,0
914,915,6,6,0,0,1,0,5,0,5,1,1,5,0,5,0.16393442622950818,0.8219178082191781,0.030120481927710843,1992.0,332,166.0,66400,9960,170775.000,147177.2626310200000000000000,0,147177.2626310200000000000000,46742.83736898000000000000000,104375.000,364695.10,365,0.1994535519125683,21,0,0,0,0,"2,1",0.8333333333333334,0.0,0.16666666666666666,66.0,3.5,33.0,,,,,,,1,0,0,0,0,1,0,0,6,0,0,0,0,0,0,0,0,0,0,0,0.0,6,65.0,5,1.0,5,66.0,5,,0,6,,0
915,916,6,6,0,0,1,0,5,0,5,1,1,5,0,5,0.16375545851528384,0.819672131147541,0.03003003003003003,1998.0,333,166.5,66600,9990,170775.000,147177.2626310200000000000000,0,147177.2626310200000000000000,46742.83736898000000000000000,104175.000,364695.10,366,0.19978165938864628,21,0,0,0,0,"1,2",0.8333333333333334,0.0,0.16666666666666666,66.0,3.5,33.0,,,,,,,1,0,0,0,0,1,0,0,6,0,0,0,0,0,0,0,0,0,0,0,0.0,6,65.0,5,1.0,5,66.0,5,,0,6,,0
916,917,6,6,0,0,1,0,5,0,5,1,1,5,0,5,0.16357688113413305,0.8174386920980927,0.029940119760479042,2004.0,334,167.0,66800,10020,170775.000,147177.2626310200000000000000,0,147177.2626310200000000000000,46742.83736898000000000000000,103975.000,364695.10,367,0.20010905125408943,21,0,0,0,0,"1,2",0.8333333333333334,0.0,0.16666666666666666,66.0,3.5,33.0,,,,,,,1,0,0,0,0,1,0,0,6,0,0,0,0,0,0,0,0,0,0,0,0.0,6,65.0,5,1.0,5,66.0,5,,0,6,,0
917,918,6,6,0,0,1,0,5,0,5,1,1,5,0,5,0.16339869281045752,0.8152173913043478,0.029850746268656716,2010.0,335,167.5,67000,10050,170775.000,147177.2626310200000000000000,0,147177.2626310200000000000000,46742.83736898000000000000000,103775.000,364695.10,368,0.20043572984749455,21,0,0,0,0,"1,2",0.8333333333333334,0.0,0.16666666666666666,66.0,3.5,33.0,,,,,,,1,0,0,0,0,1,0,0,6,0,0,0,0,0,0,0,0,0,0,0,0.0,6,65.0,5,1.0,5,66.0,5,,0,6,,0
918,919,6,6,0,0,1,0,5,0,5,1,1,5,0,5,0.1632208922742111,0.8130081300813008,0.02976190476190476,2016.0,336,168.0,67200,10080,170775.000,147177.2626310200000000000000,0,147177.2626310200000000000000,46742.83736898000000000000000,103575.000,364695.10,369,0.20076169749727965,21,0,0,0,0,"2,1",0.8333333333333334,0.0,0.16666666666666666,66.0,3.5,33.0,,,,,,,1,0,0,0,0,1,0,0,6,0,0,0,0,0,0,0,0,0,0,0,0.0,6,65.0,5,1.0,5,66.0,5,,0,6,,0
919,920,6,6,0,0,1,0,5,0,5,1,1,5,0,5,0.16304347826086957,0.8108108108108107,0.02967359050445104,2022.0,337,168.5,67400,10110,170775.000,147177.2626310200000000000000,0,147177.2626310200000000000000,46742.83736898000000000000000,103375.000,364695.10,370,0.20108695652173914,21,0,0,0,0,"1,2",0.8333333333333334,0.0,0.16666666666666666,66.0,3.5,33.0,,,,,,,1,0,0,0,0,1,0,0,6,0,0,0,0,0,0,0,0,0,0,0,0.0,6,65.0,5,1.0,5,66.0,5,,0,6,,0
920,921,6,6,0,0,1,0,5,0,5,1,1,5,0,5,0.16286644951140067,0.8086253369272237,0.029585798816568046,2028.0,338,169.0,67600,10140,170775.000,147177.2626310200000000000000,0,147177.2626310200000000000000,46742.83736898000000000000000,103175.000,364695.10,371,0.2014115092290988,21,0,0,0,0,"1,2",0.8333333333333334,0.0,0.16666666666666666,66.0,3.5,33.0,,,,,,,1,0,0,0,0,1,0,0,6,0,0,0,0,0,0,0,0,0,0,0,0.0,6,65.0,5,1.0,5,66.0,5,,0,6,,0
921,922,6,6,0,0,1,0,5,0,5,1,1,5,0,5,0.16268980477223427,0.8064516129032258,0.029498525073746312,2034.0,339,169.5,67800,10170,170775.000,147177.2626310200000000000000,0,147177.2626310200000000000000,46742.83736898000000000000000,102975.000,364695.10,372,0.2017353579175705,21,0,0,0,0,"1,2",0.8333333333333334,0.0,0.16666666666666666,66.0,3.5,33.0,,,,,,,1,0,0,0,0,1,0,0,6,0,0,0,0,0,0,0,0,0,0,0,0.0,6,65.0,5,1.0,5,66.0,5,,0,6,,0
922,923,6,6,0,0,1,0,5,0,5,1,1,5,0,5,0.16251354279523295,0.8042895442359249,0.029411764705882353,2040.0,340,170.0,68000,10200,170775.000,147177.2626310200000000000000,0,147177.2626310200000000000000,46742.83736898000000000000000,102775.000,364695.10,373,0.20205850487540628,21,0,0,0,0,"2,1",0.8333333333333334,0.0,0.16666666666666666,66.0,3.5,33.0,,,,,,,1,0,0,0,0,1,0,0,6,0,0,0,0,0,0,0,0,0,0,0,0.0,6,65.0,5,1.0,5,66.0,5,,0,6,,0
923,924,6,6,0,0,1,0,5,0,5,1,1,5,0,5,0.16233766233766234,0.8021390374331551,0.02932551319648094,2046.0,341,170.5,68200,10230,170775.000,147177.2626310200000000000000,0,147177.2626310200000000000000,46742.83736898000000000000000,102575.000,364695.10,374,0.20238095238095238,21,0,0,0,0,"2,1",0.8333333333333334,0.0,0.16666666666666666,66.0,3.5,33.0,,,,,,,1,0,0,0,0,1,0,0,6,0,0,0,0,0,0,0,0,0,0,0,0.0,6,65.0,5,1.0,5,66.0,5,,0,6,,0
924,925,6,6,0,0,0,1,5,0,6,1,1,5,0,5,0.16216216216216217,0.8,0.029239766081871343,2052.0,342,171.0,68400,10260,170775.000,147177.2626310200000000000000,0,147177.2626310200000000000000,46742.83736898000000000000000,102375.000,364695.10,375,0.20270270270270271,21,0,0,0,0,"1,2",0.8333333333333334,0.0,0.16666666666666666,66.0,3.5,33.0,,,,,,,2,0,0,0,0,0,0,0,6,0,0,0,0,0,0,0,0,0,0,0,0.0,6,61.5,6,1.0,5,66.0,5,,0,6,,0
925,926,6,6,0,0,0,0,6,0,6,0,0,6,0,6,0.19438444924406048,0.96,0.03508771929824561,1710.0,342,171.0,68400,10260,195615.000,172544.1418497800000000000000,0,172544.1418497800000000000000,54399.75815022000000000000000,127215.000,422558.90,375,0.20248380129589633,21,0,0,0,0,"2,1",1.0,0.0,0.0,62.5,3.5,31.5,,,,,,,2,0,0,0,0,0,0,0,6,0,0,0,0,0,0,0,0,0,0,0,0.0,6,61.5,6,1.0,6,62.5,6,,0,6,,0
926,927,6,6,0,0,0,0,6,0,6,0,0,6,0,6,0.1941747572815534,0.96,0.03508771929824561,1710.0,342,171.0,68400,10260,195615.000,172544.1418497800000000000000,0,172544.1418497800000000000000,54399.75815022000000000000000,127215.000,422558.90,375,0.2022653721682848,21,0,0,0,0,"2,1",1.0,0.0,0.0,62.5,3.5,31.5,,,,,,,2,0,0,0,0,0,0,0,6,0,0,0,0,0,0,0,0,0,0,0,0.0,6,61.5,6,1.0,6,62.5,6,,0,6,,0
927,928,6,6,0,0,0,0,6,0,6,0,0,6,0,6,0.1939655172413793,0.96,0.03508771929824561,1710.0,342,171.0,68400,10260,195615.000,172544.1418497800000000000000,0,172544.1418497800000000000000,54399.75815022000000000000000,127215.000,422558.90,375,0.20204741379310345,21,0,0,0,0,"1,2",1.0,0.0,0.0,62.5,3.5,31.5,,,,,,,2,0,0,0,0,0,0,0,6,0,0,0,0,0,0,0,0,0,0,0,0.0,6,61.5,6,1.0,6,62.5,6,,0,6,,0
928,929,6,6,0,0,0,0,6,0,6,0,0,6,0,6,0.19375672766415503,0.96,0.03508771929824561,1710.0,342,171.0,68400,10260,195615.000,172544.1418497800000000000000,0,172544.1418497800000000000000,54399.75815022000000000000000,127215.000,422558.90,375,0.20182992465016147,21,0,0,0,0,"1,2",1.0,0.0,0.0,62.5,3.5,31.5,,,,,,,2,0,0,0,0,0,0,0,6,0,0,0,0,0,0,0,0,0,0,0,0.0,6,61.5,6,1.0,6,62.5,6,,0,6,,0
929,930,6,6,0,0,0,0,6,0,6,0,0,6,0,6,0.1935483870967742,0.96,0.03508771929824561,1710.0,342,171.0,68400,10260,195615.000,172544.1418497800000000000000,0,172544.1418497800000000000000,54399.75815022000000000000000,127215.000,422558.90,375,0.20161290322580644,21,0,0,0,0,"1,2",1.0,0.0,0.0,62.5,3.5,31.5,,,,,,,2,0,0,0,0,0,0,0,6,0,0,0,0,0,0,0,0,0,0,0,0.0,6,61.5,6,1.0,6,62.5,6,,0,6,,0
930,931,6,6,0,0,0,0,6,0,6,0,0,6,0,6,0.19334049409237378,0.96,0.03508771929824561,1710.0,342,171.0,68400,10260,195615.000,172544.1418497800000000000000,0,172544.1418497800000000000000,54399.75815022000000000000000,127215.000,422558.90,375,0.20139634801288936,21,0,0,0,0,"1,2",1.0,0.0,0.0,62.5,3.5,31.5,,,,,,,2,0,0,0,0,0,0,0,6,0,0,0,0,0,0,0,0,0,0,0,0.0,6,61.5,6,1.0,6,62.5,6,,0,6,,0
931,932,6,6,0,0,0,0,6,0,6,0,0,6,0,6,0.19313304721030042,0.96,0.03508771929824561,1710.0,342,171.0,68400,10260,195615.000,172544.1418497800000000000000,0,172544.1418497800000000000000,54399.75815022000000000000000,127215.000,422558.90,375,0.20118025751072963,21,0,0,0,0,"2,1",1.0,0.0,0.0,62.5,3.5,31.5,,,,,,,2,0,0,0,0,0,0,0,6,0,0,0,0,0,0,0,0,0,0,0,0.0,6,61.5,6,1.0,6,62.5,6,,0,6,,0
932,933,6,6,0,0,0,0,6,0,6,0,0,6,0,6,0.19292604501607716,0.96,0.03508771929824561,1710.0,342,171.0,68400,10260,195615.000,172544.1418497800000000000000,0,172544.1418497800000000000000,54399.75815022000000000000000,127215.000,422558.90,375,0.20096463022508038,21,0,0,0,0,"2,1",1.0,0.0,0.0,62.5,3.5,31.5,,,,,,,2,0,0,0,0,0,0,0,6,0,0,0,0,0,0,0,0,0,0,0,0.0,6,61.5,6,1.0,6,62.5,6,,0,6,,0
933,934,6,6,0,0,0,0,6,0,6,0,0,6,0,6,0.19271948608137046,0.96,0.03508771929824561,1710.0,342,171.0,68400,10260,195615.000,172544.1418497800000000000000,0,172544.1418497800000000000000,54399.75815022000000000000000,127215.000,422558.90,375,0.2007494646680942,21,0,0,0,0,"2,1",1.0,0.0,0.0,62.5,3.5,31.5,,,,,,,2,0,0,0,0,0,0,0,6,0,0,0,0,0,0,0,0,0,0,0,0.0,6,61.5,6,1.0,6,62.5,6,,0,6,,0
934,935,6,6,0,0,0,0,6,0,6,0,0,6,0,6,0.1925133689839572,0.96,0.03508771929824561,1710.0,342,171.0,68400,10260,195615.000,172544.1418497800000000000000,0,172544.1418497800000000000000,54399.75815022000000000000000,127215.000,422558.90,375,0.20053475935828877,21,0,0,0,0,"1,2",1.0,0.0,0.0,62.5,3.5,31.5,,,,,,,2,0,0,0,0,0,0,0,6,0,0,0,0,0,0,0,0,0,0,0,0.0,6,61.5,6,1.0,6,62.5,6,,0,6,,0
935,936,6,6,0,0,0,0,6,0,6,0,0,6,0,6,0.19230769230769232,0.96,0.03508771929824561,1710.0,342,171.0,68400,10260,195615.000,172544.1418497800000000000000,0,172544.1418497800000000000000,54399.75815022000000000000000,127215.000,422558.90,375,0.20032051282051283,21,0,0,0,0,"1,2",1.0,0.0,0.0,62.5,3.5,31.5,,,,,,,2,0,0,0,0,0,0,0,6,0,0,0,0,0,0,0,0,0,0,0,0.0,6,61.5,6,1.0,6,62.5,6,,0,6,,0
936,937,6,6,0,0,0,0,6,0,6,0,0,6,0,6,0.192102454642476,0.96,0.03508771929824561,1710.0,342,171.0,68400,10260,195615.000,172544.1418497800000000000000,0,172544.1418497800000000000000,54399.75815022000000000000000,127215.000,422558.90,375,0.2001067235859125,21,0,0,0,0,"2,1",1.0,0.0,0.0,62.5,3.5,31.5,,,,,,,2,0,0,0,0,0,0,0,6,0,0,0,0,0,0,0,0,0,0,0,0.0,6,61.5,6,1.0,6,62.5,6,,0,6,,0
937,938,6,6,0,0,0,0,6,0,6,0,0,6,0,6,0.19189765458422176,0.96,0.03508771929824561,1710.0,342,171.0,68400,10260,195615.000,172544.1418497800000000000000,0,172544.1418497800000000000000,54399.75815022000000000000000,127215.000,422558.90,375,0.19989339019189764,21,0,0,0,0,"2,1",1.0,0.0,0.0,62.5,3.5,31.5,,,,,,,2,0,0,0,0,0,0,0,6,0,0,0,0,0,0,0,0,0,0,0,0.0,6,61.5,6,1.0,6,62.5,6,,0,6,,0
938,939,6,6,0,0,0,0,6,0,6,0,0,6,0,6,0.19169329073482427,0.96,0.03508771929824561,1710.0,342,171.0,68400,10260,195615.000,172544.1418497800000000000000,0,172544.1418497800000000000000,54399.75815022000000000000000,127215.000,422558.90,375,0.19968051118210864,21,0,0,0,0,"2,1",1.0,0.0,0.0,62.5,3.5,31.5,,,,,,,2,0,0,0,0,0,0,0,6,0,0,0,0,0,0,0,0,0,0,0,0.0,6,61.5,6,1.0,6,62.5,6,,0,6,,0
939,940,6,6,0,0,0,0,6,0,6,0,0,6,0,6,0.19148936170212766,0.96,0.03508771929824561,1710.0,342,171.0,68400,10260,195615.000,172544.1418497800000000000000,0,172544.1418497800000000000000,54399.75815022000000000000000,127215.000,422558.90,375,0.19946808510638298,21,0,0,0,0,"2,1",1.0,0.0,0.0,62.5,3.5,31.5,,,,,,,2,0,0,0,0,0,0,0,6,0,0,0,0,0,0,0,0,0,0,0,0.0,6,61.5,6,1.0,6,62.5,6,,0,6,,0
940,941,6,6,0,0,0,0,6,0,6,0,0,6,0,6,0.19128586609989373,0.96,0.03508771929824561,1710.0,342,171.0,68400,10260,195615.000,172544.1418497800000000000000,0,172544.1418497800000000000000,54399.75815022000000000000000,127215.000,422558.90,375,0.19925611052072265,21,0,0,0,0,"1,2",1.0,0.0,0.0,62.5,3.5,31.5,,,,,,,2,0,0,0,0,0,0,0,6,0,0,0,0,0,0,0,0,0,0,0,0.0,6,61.5,6,1.0,6,62.5,6,,0,6,,0
941,942,6,6,0,0,0,0,6,0,6,0,0,6,0,6,0.1910828025477707,0.96,0.03508771929824561,1710.0,342,171.0,68400,10260,195615.000,172544.1418497800000000000000,0,172544.1418497800000000000000,54399.75815022000000000000000,127215.000,422558.90,375,0.19904458598726116,21,0,0,0,0,"2,1",1.0,0.0,0.0,62.5,3.5,31.5,,,,,,,2,0,0,0,0,0,0,0,6,0,0,0,0,0,0,0,0,0,0,0,0.0,6,61.5,6,1.0,6,62.5,6,,0,6,,0
942,943,6,6,0,0,0,0,6,0,6,0,0,6,0,6,0.19088016967126192,0.96,0.03508771929824561,1710.0,342,171.0,68400,10260,195615.000,172544.1418497800000000000000,0,172544.1418497800000000000000,54399.75815022000000000000000,127215.000,422558.90,375,0.19883351007423117,21,0,0,0,0,"1,2",1.0,0.0,0.0,62.5,3.5,31.5,,,,,,,2,0,0,0,0,0,0,0,6,0,0,0,0,0,0,0,0,0,0,0,0.0,6,61.5,6,1.0,6,62.5,6,,0,6,,0
943,944,6,6,0,0,0,0,6,0,6,0,0,6,0,6,0.19067796610169493,0.96,0.03508771929824561,1710.0,342,171.0,68400,10260,195615.000,172544.1418497800000000000000,0,172544.1418497800000000000000,54399.75815022000000000000000,127215.000,422558.90,375,0.1986228813559322,21,0,0,0,0,"2,1",1.0,0.0,0.0,62.5,3.5,31.5,,,,,,,2,0,0,0,0,0,0,0,6,0,0,0,0,0,0,0,0,0,0,0,0.0,6,61.5,6,1.0,6,62.5,6,,0,6,,0
944,945,6,6,0,0,0,0,6,0,6,0,0,6,0,6,0.19047619047619047,0.96,0.03508771929824561,1710.0,342,171.0,68400,10260,195615.000,172544.1418497800000000000000,0,172544.1418497800000000000000,54399.75815022000000000000000,127215.000,422558.90,375,0.1984126984126984,21,0,0,0,0,"1,2",1.0,0.0,0.0,62.5,3.5,31.5,,,,,,,2,0,0,0,0,0,0,0,6,0,0,0,0,0,0,0,0,0,0,0,0.0,6,61.5,6,1.0,6,62.5,6,,0,6,,0
945,946,6,6,0,0,0,0,6,0,6,0,0,6,0,6,0.19027484143763213,0.96,0.03508771929824561,1710.0,342,171.0,68400,10260,195615.000,172544.1418497800000000000000,0,172544.1418497800000000000000,54399.75815022000000000000000,127215.000,422558.90,375,0.1982029598308668,21,0,0,0,0,"2,1",1.0,0.0,0.0,62.5,3.5,31.5,,,,,,,2,0,0,0,0,0,0,0,6,0,0,0,0,0,0,0,0,0,0,0,0.0,6,61.5,6,1.0,6,62.5,6,,0,6,,0
946,947,6,6,0,0,0,0,6,0,6,0,0,6,0,6,0.1900739176346357,0.96,0.03508771929824561,1710.0,342,171.0,68400,10260,195615.000,172544.1418497800000000000000,0,172544.1418497800000000000000,54399.75815022000000000000000,127215.000,422558.90,375,0.1979936642027455,21,0,0,0,0,"1,2",1.0,0.0,0.0,62.5,3.5,31.5,,,,,,,2,0,0,0,0,0,0,0,6,0,0,0,0,0,0,0,0,0,0,0,0.0,6,61.5,6,1.0,6,62.5,6,,0,6,,0
947,948,6,6,0,0,0,0,6,0,6,0,0,6,0,6,0.18987341772151897,0.96,0.03508771929824561,1710.0,342,171.0,68400,10260,195615.000,172544.1418497800000000000000,0,172544.1418497800000000000000,54399.75815022000000000000000,127215.000,422558.90,375,0.19778481012658228,21,0,0,0,0,"2,1",1.0,0.0,0.0,62.5,3.5,31.5,,,,,,,2,0,0,0,0,0,0,0,6,0,0,0,0,0,0,0,0,0,0,0,0.0,6,61.5,6,1.0,6,62.5,6,,0,6,,0
948,949,6,6,0,0,0,0,6,0,6,0,0,6,0,6,0.18967334035827188,0.96,0.03508771929824561,1710.0,342,171.0,68400,10260,195615.000,172544.1418497800000000000000,0,172544.1418497800000000000000,54399.75815022000000000000000,127215.000,422558.90,375,0.1975763962065332,21,0,0,0,0,"1,2",1.0,0.0,0.0,62.5,3.5,31.5,,,,,,,2,0,0,0,0,0,0,0,6,0,0,0,0,0,0,0,0,0,0,0,0.0,6,61.5,6,1.0,6,62.5,6,,0,6,,0
949,950,6,6,0,0,0,0,6,0,6,0,0,6,0,6,0.18947368421052632,0.96,0.03508771929824561,1710.0,342,171.0,68400,10260,195615.000,172544.1418497800000000000000,0,172544.1418497800000000000000,54399.75815022000000000000000,127215.000,422558.90,375,0.19736842105263158,21,0,0,0,0,"1,2",1.0,0.0,0.0,62.5,3.5,31.5,,,,,,,2,0,0,0,0,0,0,0,6,0,0,0,0,0,0,0,0,0,0,0,0.0,6,61.5,6,1.0,6,62.5,6,,0,6,,0
950,951,6,6,0,0,0,0,6,0,6,0,0,6,0,6,0.18927444794952683,0.96,0.03508771929824561,1710.0,342,171.0,68400,10260,195615.000,172544.1418497800000000000000,0,172544.1418497800000000000000,54399.75815022000000000000000,127215.000,422558.90,375,0.1971608832807571,21,0,0,0,0,"2,1",1.0,0.0,0.0,62.5,3.5,31.5,,,,,,,2,0,0,0,0,0,0,0,6,0,0,0,0,0,0,0,0,0,0,0,0.0,6,61.5,6,1.0,6,62.5,6,,0,6,,0
951,952,6,6,0,0,0,0,6,0,6,0,0,6,0,6,0.18907563025210083,0.96,0.03508771929824561,1710.0,342,171.0,68400,10260,195615.000,172544.1418497800000000000000,0,172544.1418497800000000000000,54399.75815022000000000000000,127215.000,422558.90,375,0.19695378151260504,21,0,0,0,0,"1,2",1.0,0.0,0.0,62.5,3.5,31.5,,,,,,,2,0,0,0,0,0,0,0,6,0,0,0,0,0,0,0,0,0,0,0,0.0,6,61.5,6,1.0,6,62.5,6,,0,6,,0
952,953,6,6,0,0,0,0,6,0,6,0,0,6,0,6,0.1888772298006296,0.96,0.03508771929824561,1710.0,342,171.0,68400,10260,195615.000,172544.1418497800000000000000,0,172544.1418497800000000000000,54399.75815022000000000000000,127215.000,422558.90,375,0.1967471143756558,21,0,0,0,0,"2,1",1.0,0.0,0.0,62.5,3.5,31.5,,,,,,,2,0,0,0,0,0,0,0,6,0,0,0,0,0,0,0,0,0,0,0,0.0,6,61.5,6,1.0,6,62.5,6,,0,6,,0
953,954,6,6,0,0,0,0,6,0,6,0,0,6,0,6,0.18867924528301885,0.96,0.03508771929824561,1710.0,342,171.0,68400,10260,195615.000,172544.1418497800000000000000,0,172544.1418497800000000000000,54399.75815022000000000000000,127215.000,422558.90,375,0.19654088050314467,21,0,0,0,0,"1,2",1.0,0.0,0.0,62.5,3.5,31.5,,,,,,,2,0,0,0,0,0,0,0,6,0,0,0,0,0,0,0,0,0,0,0,0.0,6,61.5,6,1.0,6,62.5,6,,0,6,,0
954,955,6,6,0,0,0,0,6,0,6,0,0,6,0,6,0.18848167539267016,0.96,0.03508771929824561,1710.0,342,171.0,68400,10260,195615.000,172544.1418497800000000000000,0,172544.1418497800000000000000,54399.75815022000000000000000,127215.000,422558.90,375,0.19633507853403143,21,0,0,0,0,"1,2",1.0,0.0,0.0,62.5,3.5,31.5,,,,,,,2,0,0,0,0,0,0,0,6,0,0,0,0,0,0,0,0,0,0,0,0.0,6,61.5,6,1.0,6,62.5,6,,0,6,,0
955,956,6,6,0,0,0,0,6,0,6,0,0,6,0,6,0.18828451882845187,0.96,0.03508771929824561,1710.0,342,171.0,68400,10260,195615.000,172544.1418497800000000000000,0,172544.1418497800000000000000,54399.75815022000000000000000,127215.000,422558.90,375,0.1961297071129707,21,0,0,0,0,"1,2",1.0,0.0,0.0,62.5,3.5,31.5,,,,,,,2,0,0,0,0,0,0,0,6,0,0,0,0,0,0,0,0,0,0,0,0.0,6,61.5,6,1.0,6,62.5,6,,0,6,,0
956,957,6,6,0,0,0,0,6,0,6,0,0,6,0,6,0.18808777429467086,0.96,0.03508771929824561,1710.0,342,171.0,68400,10260,195615.000,172544.1418497800000000000000,0,172544.1418497800000000000000,54399.75815022000000000000000,127215.000,422558.90,375,0.19592476489028213,21,0,0,0,0,"1,2",1.0,0.0,0.0,62.5,3.5,31.5,,,,,,,2,0,0,0,0,0,0,0,6,0,0,0,0,0,0,0,0,0,0,0,0.0,6,61.5,6,1.0,6,62.5,6,,0,6,,0
957,958,6,6,0,0,0,0,6,0,6,0,0,6,0,6,0.18789144050104384,0.96,0.03508771929824561,1710.0,342,171.0,68400,10260,195615.000,172544.1418497800000000000000,0,172544.1418497800000000000000,54399.75815022000000000000000,127215.000,422558.90,375,0.19572025052192066,21,0,0,0,0,"1,2",1.0,0.0,0.0,62.5,3.5,31.5,,,,,,,2,0,0,0,0,0,0,0,6,0,0,0,0,0,0,0,0,0,0,0,0.0,6,61.5,6,1.0,6,62.5,6,,0,6,,0
958,959,6,6,0,0,0,0,6,0,6,0,0,6,0,6,0.18769551616266947,0.96,0.03508771929824561,1710.0,342,171.0,68400,10260,195615.000,172544.1418497800000000000000,0,172544.1418497800000000000000,54399.75815022000000000000000,127215.000,422558.90,375,0.19551616266944735,21,0,0,0,0,"2,1",1.0,0.0,0.0,62.5,3.5,31.5,,,,,,,2,0,0,0,0,0,0,0,6,0,0,0,0,0,0,0,0,0,0,0,0.0,6,61.5,6,1.0,6,62.5,6,,0,6,,0
959,960,6,6,0,0,0,0,6,0,6,0,0,6,0,6,0.1875,0.96,0.03508771929824561,1710.0,342,171.0,68400,10260,195615.000,172544.1418497800000000000000,0,172544.1418497800000000000000,54399.75815022000000000000000,127215.000,422558.90,375,0.1953125,21,0,0,0,0,"1,2",1.0,0.0,0.0,62.5,3.5,31.5,,,,,,,2,0,0,0,0,0,0,0,6,0,0,0,0,0,0,0,0,0,0,0,0.0,6,61.5,6,1.0,6,62.5,6,,0,6,,0
960,961,6,6,0,0,0,0,6,0,6,0,0,6,0,6,0.18730489073881373,0.96,0.03508771929824561,1710.0,342,171.0,68400,10260,195615.000,172544.1418497800000000000000,0,172544.1418497800000000000000,54399.75815022000000000000000,127215.000,422558.90,375,0.19510926118626432,21,0,0,0,0,"1,2",1.0,0.0,0.0,62.5,3.5,31.5,,,,,,,2,0,0,0,0,0,0,0,6,0,0,0,0,0,0,0,0,0,0,0,0.0,6,61.5,6,1.0,6,62.5,6,,0,6,,0
961,962,6,6,0,0,0,0,6,0,6,0,0,6,0,6,0.1871101871101871,0.96,0.03508771929824561,1710.0,342,171.0,68400,10260,195615.000,172544.1418497800000000000000,0,172544.1418497800000000000000,54399.75815022000000000000000,127215.000,422558.90,375,0.1949064449064449,21,0,0,0,0,"1,2",1.0,0.0,0.0,62.5,3.5,31.5,,,,,,,2,0,0,0,0,0,0,0,6,0,0,0,0,0,0,0,0,0,0,0,0.0,6,61.5,6,1.0,6,62.5,6,,0,6,,0
962,963,6,6,0,0,0,0,6,0,6,0,0,6,0,6,0.18691588785046728,0.96,0.03508771929824561,1710.0,342,171.0,68400,10260,195615.000,172544.1418497800000000000000,0,172544.1418497800000000000000,54399.75815022000000000000000,127215.000,422558.90,375,0.19470404984423675,21,0,0,0,0,"1,2",1.0,0.0,0.0,62.5,3.5,31.5,,,,,,,2,0,0,0,0,0,0,0,6,0,0,0,0,0,0,0,0,0,0,0,0.0,6,61.5,6,1.0,6,62.5,6,,0,6,,0
963,964,6,6,0,0,0,0,6,0,6,0,0,6,0,6,0.18672199170124482,0.96,0.03508771929824561,1710.0,342,171.0,68400,10260,195615.000,172544.1418497800000000000000,0,172544.1418497800000000000000,54399.75815022000000000000000,127215.000,422558.90,375,0.19450207468879668,21,0,0,0,0,"2,1",1.0,0.0,0.0,62.5,3.5,31.5,,,,,,,2,0,0,0,0,0,0,0,6,0,0,0,0,0,0,0,0,0,0,0,0.0,6,61.5,6,1.0,6,62.5,6,,0,6,,0
964,965,6,6,0,0,0,0,6,0,6,0,0,6,0,6,0.18652849740932645,0.96,0.03508771929824561,1710.0,342,171.0,68400,10260,195615.000,172544.1418497800000000000000,0,172544.1418497800000000000000,54399.75815022000000000000000,127215.000,422558.90,375,0.19430051813471502,21,0,0,0,0,"2,1",1.0,0.0,0.0,62.5,3.5,31.5,,,,,,,2,0,0,0,0,0,0,0,6,0,0,0,0,0,0,0,0,0,0,0,0.0,6,61.5,6,1.0,6,62.5,6,,0,6,,0
965,966,6,6,0,0,0,0,6,0,6,0,0,6,0,6,0.18633540372670807,0.96,0.03508771929824561,1710.0,342,171.0,68400,10260,195615.000,172544.1418497800000000000000,0,172544.1418497800000000000000,54399.75815022000000000000000,127215.000,422558.90,375,0.19409937888198758,21,0,0,0,0,"1,2",1.0,0.0,0.0,62.5,3.5,31.5,,,,,,,2,0,0,0,0,0,0,0,6,0,0,0,0,0,0,0,0,0,0,0,0.0,6,61.5,6,1.0,6,62.5,6,,0,6,,0
966,967,6,6,0,0,0,0,6,0,6,0,0,6,0,6,0.18614270941054809,0.96,0.03508771929824561,1710.0,342,171.0,68400,10260,195615.000,172544.1418497800000000000000,0,172544.1418497800000000000000,54399.75815022000000000000000,127215.000,422558.90,375,0.1938986556359876,21,0,0,0,0,"2,1",1.0,0.0,0.0,62.5,3.5,31.5,,,,,,,2,0,0,0,0,0,0,0,6,0,0,0,0,0,0,0,0,0,0,0,0.0,6,61.5,6,1.0,6,62.5,6,,0,6,,0
967,968,6,6,0,0,0,0,6,0,6,0,0,6,0,6,0.18595041322314051,0.96,0.03508771929824561,1710.0,342,171.0,68400,10260,195615.000,172544.1418497800000000000000,0,172544.1418497800000000000000,54399.75815022000000000000000,127215.000,422558.90,375,0.19369834710743802,21,0,0,0,0,"2,1",1.0,0.0,0.0,62.5,3.5,31.5,,,,,,,2,0,0,0,0,0,0,0,6,0,0,0,0,0,0,0,0,0,0,0,0.0,6,61.5,6,1.0,6,62.5,6,,0,6,,0
968,969,6,6,0,0,0,0,6,0,6,0,0,6,0,6,0.18575851393188855,0.96,0.03508771929824561,1710.0,342,171.0,68400,10260,195615.000,172544.1418497800000000000000,0,172544.1418497800000000000000,54399.75815022000000000000000,127215.000,422558.90,375,0.19349845201238391,21,0,0,0,0,"1,2",1.0,0.0,0.0,62.5,3.5,31.5,,,,,,,2,0,0,0,0,0,0,0,6,0,0,0,0,0,0,0,0,0,0,0,0.0,6,61.5,6,1.0,6,62.5,6,,0,6,,0
969,970,6,6,0,0,0,0,6,0,6,0,0,6,0,6,0.18556701030927833,0.96,0.03508771929824561,1710.0,342,171.0,68400,10260,195615.000,172544.1418497800000000000000,0,172544.1418497800000000000000,54399.75815022000000000000000,127215.000,422558.90,375,0.19329896907216496,21,0,0,0,0,"1,2",1.0,0.0,0.0,62.5,3.5,31.5,,,,,,,2,0,0,0,0,0,0,0,6,0,0,0,0,0,0,0,0,0,0,0,0.0,6,61.5,6,1.0,6,62.5,6,,0,6,,0
970,971,6,6,0,0,0,0,6,0,6,0,0,6,0,6,0.18537590113285274,0.96,0.03508771929824561,1710.0,342,171.0,68400,10260,195615.000,172544.1418497800000000000000,0,172544.1418497800000000000000,54399.75815022000000000000000,127215.000,422558.90,375,0.19309989701338826,21,0,0,0,0,"2,1",1.0,0.0,0.0,62.5,3.5,31.5,,,,,,,2,0,0,0,0,0,0,0,6,0,0,0,0,0,0,0,0,0,0,0,0.0,6,61.5,6,1.0,6,62.5,6,,0,6,,0
971,972,6,6,0,0,0,0,6,0,6,0,0,6,0,6,0.1851851851851852,0.96,0.03508771929824561,1710.0,342,171.0,68400,10260,195615.000,172544.1418497800000000000000,0,172544.1418497800000000000000,54399.75815022000000000000000,127215.000,422558.90,375,0.19290123456790123,21,0,0,0,0,"2,1",1.0,0.0,0.0,62.5,3.5,31.5,,,,,,,2,0,0,0,0,0,0,0,6,0,0,0,0,0,0,0,0,0,0,0,0.0,6,61.5,6,1.0,6,62.5,6,,0,6,,0
972,973,6,6,0,0,0,0,6,0,6,0,0,6,0,6,0.1849948612538541,0.96,0.03508771929824561,1710.0,342,171.0,68400,10260,195615.000,172544.1418497800000000000000,0,172544.1418497800000000000000,54399.75815022000000000000000,127215.000,422558.90,375,0.19270298047276466,21,0,0,0,0,"1,2",1.0,0.0,0.0,62.5,3.5,31.5,,,,,,,2,0,0,0,0,0,0,0,6,0,0,0,0,0,0,0,0,0,0,0,0.0,6,61.5,6,1.0,6,62.5,6,,0,6,,0
973,974,6,6,0,0,0,0,6,0,6,0,0,6,0,6,0.18480492813141683,0.96,0.03508771929824561,1710.0,342,171.0,68400,10260,195615.000,172544.1418497800000000000000,0,172544.1418497800000000000000,54399.75815022000000000000000,127215.000,422558.90,375,0.19250513347022588,21,0,0,0,0,"2,1",1.0,0.0,0.0,62.5,3.5,31.5,,,,,,,2,0,0,0,0,0,0,0,6,0,0,0,0,0,0,0,0,0,0,0,0.0,6,61.5,6,1.0,6,62.5,6,,0,6,,0
974,975,6,6,0,0,0,0,6,0,6,0,0,6,0,6,0.18461538461538463,0.96,0.03508771929824561,1710.0,342,171.0,68400,10260,195615.000,172544.1418497800000000000000,0,172544.1418497800000000000000,54399.75815022000000000000000,127215.000,422558.90,375,0.19230769230769232,21,0,0,0,0,"1,2",1.0,0.0,0.0,62.5,3.5,31.5,,,,,,,2,0,0,0,0,0,0,0,6,0,0,0,0,0,0,0,0,0,0,0,0.0,6,61.5,6,1.0,6,62.5,6,,0,6,,0
975,976,6,6,0,0,0,0,6,0,6,0,0,6,0,6,0.18442622950819673,0.96,0.03508771929824561,1710.0,342,171.0,68400,10260,195615.000,172544.1418497800000000000000,0,172544.1418497800000000000000,54399.75815022000000000000000,127215.000,422558.90,375,0.19211065573770492,21,0,0,0,0,"2,1",1.0,0.0,0.0,62.5,3.5,31.5,,,,,,,2,0,0,0,0,0,0,0,6,0,0,0,0,0,0,0,0,0,0,0,0.0,6,61.5,6,1.0,6,62.5,6,,0,6,,0
976,977,6,6,0,0,0,0,6,0,6,0,0,6,0,6,0.18423746161719548,0.96,0.03508771929824561,1710.0,342,171.0,68400,10260,195615.000,172544.1418497800000000000000,0,172544.1418497800000000000000,54399.75815022000000000000000,127215.000,422558.90,375,0.19191402251791198,21,0,0,0,0,"1,2",1.0,0.0,0.0,62.5,3.5,31.5,,,,,,,2,0,0,0,0,0,0,0,6,0,0,0,0,0,0,0,0,0,0,0,0.0,6,61.5,6,1.0,6,62.5,6,,0,6,,0
977,978,6,6,0,0,0,0,6,0,6,0,0,6,0,6,0.18404907975460122,0.96,0.03508771929824561,1710.0,342,171.0,68400,10260,195615.000,172544.1418497800000000000000,0,172544.1418497800000000000000,54399.75815022000000000000000,127215.000,422558.90,375,0.19171779141104295,21,0,0,0,0,"2,1",1.0,0.0,0.0,62.5,3.5,31.5,,,,,,,2,0,0,0,0,0,0,0,6,0,0,0,0,0,0,0,0,0,0,0,0.0,6,61.5,6,1.0,6,62.5,6,,0,6,,0
978,979,6,6,0,0,0,0,6,0,6,0,0,6,0,6,0.18386108273748725,0.96,0.03508771929824561,1710.0,342,171.0,68400,10260,195615.000,172544.1418497800000000000000,0,172544.1418497800000000000000,54399.75815022000000000000000,127215.000,422558.90,375,0.19152196118488254,21,0,0,0,0,"1,2",1.0,0.0,0.0,62.5,3.5,31.5,,,,,,,2,0,0,0,0,0,0,0,6,0,0,0,0,0,0,0,0,0,0,0,0.0,6,61.5,6,1.0,6,62.5,6,,0,6,,0
979,980,6,6,0,0,0,0,6,0,6,0,0,6,0,6,0.1836734693877551,0.96,0.03508771929824561,1710.0,342,171.0,68400,10260,195615.000,172544.1418497800000000000000,0,172544.1418497800000000000000,54399.75815022000000000000000,127215.000,422558.90,375,0.1913265306122449,21,0,0,0,0,"1,2",1.0,0.0,0.0,62.5,3.5,31.5,,,,,,,2,0,0,0,0,0,0,0,6,0,0,0,0,0,0,0,0,0,0,0,0.0,6,61.5,6,1.0,6,62.5,6,,0,6,,0
980,981,6,6,0,0,0,0,6,0,6,0,0,6,0,6,0.18348623853211007,0.96,0.03508771929824561,1710.0,342,171.0,68400,10260,195615.000,172544.1418497800000000000000,0,172544.1418497800000000000000,54399.75815022000000000000000,127215.000,422558.90,375,0.191131498470948,21,0,0,0,0,"1,2",1.0,0.0,0.0,62.5,3.5,31.5,,,,,,,2,0,0,0,0,0,0,0,6,0,0,0,0,0,0,0,0,0,0,0,0.0,6,61.5,6,1.0,6,62.5,6,,0,6,,0
981,982,6,6,0,0,0,0,6,0,6,0,0,6,0,6,0.18329938900203666,0.96,0.03508771929824561,1710.0,342,171.0,68400,10260,195615.000,172544.1418497800000000000000,0,172544.1418497800000000000000,54399.75815022000000000000000,127215.000,422558.90,375,0.1909368635437882,21,0,0,0,0,"1,2",1.0,0.0,0.0,62.5,3.5,31.5,,,,,,,2,0,0,0,0,0,0,0,6,0,0,0,0,0,0,0,0,0,0,0,0.0,6,61.5,6,1.0,6,62.5,6,,0,6,,0
982,983,6,6,0,0,0,0,6,0,6,0,0,6,0,6,0.18311291963377416,0.96,0.03508771929824561,1710.0,342,171.0,68400,10260,195615.000,172544.1418497800000000000000,0,172544.1418497800000000000000,54399.75815022000000000000000,127215.000,422558.90,375,0.19074262461851474,21,0,0,0,0,"1,2",1.0,0.0,0.0,62.5,3.5,31.5,,,,,,,2,0,0,0,0,0,0,0,6,0,0,0,0,0,0,0,0,0,0,0,0.0,6,61.5,6,1.0,6,62.5,6,,0,6,,0
983,984,6,6,0,0,0,0,6,0,6,0,0,6,0,6,0.1829268292682927,0.96,0.03508771929824561,1710.0,342,171.0,68400,10260,195615.000,172544.1418497800000000000000,0,172544.1418497800000000000000,54399.75815022000000000000000,127215.000,422558.90,375,0.19054878048780488,21,0,0,0,0,"2,1",1.0,0.0,0.0,62.5,3.5,31.5,,,,,,,2,0,0,0,0,0,0,0,6,0,0,0,0,0,0,0,0,0,0,0,0.0,6,61.5,6,1.0,6,62.5,6,,0,6,,0
984,985,6,6,0,0,0,0,6,0,6,0,0,6,0,6,0.18274111675126903,0.96,0.03508771929824561,1710.0,342,171.0,68400,10260,195615.000,172544.1418497800000000000000,0,172544.1418497800000000000000,54399.75815022000000000000000,127215.000,422558.90,375,0.19035532994923857,21,0,0,0,0,"1,2",1.0,0.0,0.0,62.5,3.5,31.5,,,,,,,2,0,0,0,0,0,0,0,6,0,0,0,0,0,0,0,0,0,0,0,0.0,6,61.5,6,1.0,6,62.5,6,,0,6,,0
985,986,6,6,0,0,0,0,6,0,6,0,0,6,0,6,0.18255578093306288,0.96,0.03508771929824561,1710.0,342,171.0,68400,10260,195615.000,172544.1418497800000000000000,0,172544.1418497800000000000000,54399.75815022000000000000000,127215.000,422558.90,375,0.19016227180527384,21,0,0,0,0,"2,1",1.0,0.0,0.0,62.5,3.5,31.5,,,,,,,2,0,0,0,0,0,0,0,6,0,0,0,0,0,0,0,0,0,0,0,0.0,6,61.5,6,1.0,6,62.5,6,,0,6,,0
986,987,6,6,0,0,0,0,6,0,6,0,0,6,0,6,0.182370820668693,0.96,0.03508771929824561,1710.0,342,171.0,68400,10260,195615.000,172544.1418497800000000000000,0,172544.1418497800000000000000,54399.75815022000000000000000,127215.000,422558.90,375,0.1899696048632219,21,0,0,0,0,"1,2",1.0,0.0,0.0,62.5,3.5,31.5,,,,,,,2,0,0,0,0,0,0,0,6,0,0,0,0,0,0,0,0,0,0,0,0.0,6,61.5,6,1.0,6,62.5,6,,0,6,,0
987,988,6,6,0,0,0,0,6,0,6,0,0,6,0,6,0.1821862348178138,0.96,0.03508771929824561,1710.0,342,171.0,68400,10260,195615.000,172544.1418497800000000000000,0,172544.1418497800000000000000,54399.75815022000000000000000,127215.000,422558.90,375,0.18977732793522267,21,0,0,0,0,"2,1",1.0,0.0,0.0,62.5,3.5,31.5,,,,,,,2,0,0,0,0,0,0,0,6,0,0,0,0,0,0,0,0,0,0,0,0.0,6,61.5,6,1.0,6,62.5,6,,0,6,,0
988,989,6,6,0,0,0,0,6,0,6,0,0,6,0,6,0.18200202224469159,0.96,0.03508771929824561,1710.0,342,171.0,68400,10260,195615.000,172544.1418497800000000000000,0,172544.1418497800000000000000,54399.75815022000000000000000,127215.000,422558.90,375,0.18958543983822043,21,0,0,0,0,"1,2",1.0,0.0,0.0,62.5,3.5,31.5,,,,,,,2,0,0,0,0,0,0,0,6,0,0,0,0,0,0,0,0,0,0,0,0.0,6,61.5,6,1.0,6,62.5,6,,0,6,,0
989,990,6,6,0,0,0,0,6,0,6,0,0,6,0,6,0.18181818181818182,0.96,0.03508771929824561,1710.0,342,171.0,68400,10260,195615.000,172544.1418497800000000000000,0,172544.1418497800000000000000,54399.75815022000000000000000,127215.000,422558.90,375,0.1893939393939394,21,0,0,0,0,"1,2",1.0,0.0,0.0,62.5,3.5,31.5,,,,,,,2,0,0,0,0,0,0,0,6,0,0,0,0,0,0,0,0,0,0,0,0.0,6,61.5,6,1.0,6,62.5,6,,0,6,,0
990,991,6,6,0,0,0,0,6,0,6,0,0,6,0,6,0.18163471241170537,0.96,0.03508771929824561,1710.0,342,171.0,68400,10260,195615.000,172544.1418497800000000000000,0,172544.1418497800000000000000,54399.75815022000000000000000,127215.000,422558.90,375,0.18920282542885974,21,0,0,0,0,"2,1",1.0,0.0,0.0,62.5,3.5,31.5,,,,,,,2,0,0,0,0,0,0,0,6,0,0,0,0,0,0,0,0,0,0,0,0.0,6,61.5,6,1.0,6,62.5,6,,0,6,,0
991,992,6,6,0,0,0,0,6,0,6,0,0,6,0,6,0.18145161290322578,0.96,0.03508771929824561,1710.0,342,171.0,68400,10260,195615.000,172544.1418497800000000000000,0,172544.1418497800000000000000,54399.75815022000000000000000,127215.000,422558.90,375,0.18901209677419356,21,0,0,0,0,"1,2",1.0,0.0,0.0,62.5,3.5,31.5,,,,,,,2,0,0,0,0,0,0,0,6,0,0,0,0,0,0,0,0,0,0,0,0.0,6,61.5,6,1.0,6,62.5,6,,0,6,,0
992,993,6,6,0,0,0,0,6,0,6,0,0,6,0,6,0.18126888217522658,0.96,0.03508771929824561,1710.0,342,171.0,68400,10260,195615.000,172544.1418497800000000000000,0,172544.1418497800000000000000,54399.75815022000000000000000,127215.000,422558.90,375,0.18882175226586104,21,0,0,0,0,"1,2",1.0,0.0,0.0,62.5,3.5,31.5,,,,,,,2,0,0,0,0,0,0,0,6,0,0,0,0,0,0,0,0,0,0,0,0.0,6,61.5,6,1.0,6,62.5,6,,0,6,,0
993,994,6,6,0,0,0,0,6,0,6,0,0,6,0,6,0.18108651911468812,0.96,0.03508771929824561,1710.0,342,171.0,68400,10260,195615.000,172544.1418497800000000000000,0,172544.1418497800000000000000,54399.75815022000000000000000,127215.000,422558.90,375,0.1886317907444668,21,0,0,0,0,"1,2",1.0,0.0,0.0,62.5,3.5,31.5,,,,,,,2,0,0,0,0,0,0,0,6,0,0,0,0,0,0,0,0,0,0,0,0.0,6,61.5,6,1.0,6,62.5,6,,0,6,,0
994,995,6,6,0,0,0,0,6,0,6,0,0,6,0,6,0.18090452261306533,0.96,0.03508771929824561,1710.0,342,171.0,68400,10260,195615.000,172544.1418497800000000000000,0,172544.1418497800000000000000,54399.75815022000000000000000,127215.000,422558.90,375,0.1884422110552764,21,0,0,0,0,"2,1",1.0,0.0,0.0,62.5,3.5,31.5,,,,,,,2,0,0,0,0,0,0,0,6,0,0,0,0,0,0,0,0,0,0,0,0.0,6,61.5,6,1.0,6,62.5,6,,0,6,,0
995,996,6,6,0,0,0,0,6,0,6,0,0,6,0,6,0.18072289156626503,0.96,0.03508771929824561,1710.0,342,171.0,68400,10260,195615.000,172544.1418497800000000000000,0,172544.1418497800000000000000,54399.75815022000000000000000,127215.000,422558.90,375,0.18825301204819278,21,0,0,0,0,"2,1",1.0,0.0,0.0,62.5,3.5,31.5,,,,,,,2,0,0,0,0,0,0,0,6,0,0,0,0,0,0,0,0,0,0,0,0.0,6,61.5,6,1.0,6,62.5,6,,0,6,,0
996,997,6,6,0,0,0,0,6,0,6,0,0,6,0,6,0.18054162487462386,0.96,0.03508771929824561,1710.0,342,171.0,68400,10260,195615.000,172544.1418497800000000000000,0,172544.1418497800000000000000,54399.75815022000000000000000,127215.000,422558.90,375,0.18806419257773319,21,0,0,0,0,"1,2",1.0,0.0,0.0,62.5,3.5,31.5,,,,,,,2,0,0,0,0,0,0,0,6,0,0,0,0,0,0,0,0,0,0,0,0.0,6,61.5,6,1.0,6,62.5,6,,0,6,,0
997,998,6,6,0,0,0,0,6,0,6,0,0,6,0,6,0.18036072144288579,0.96,0.03508771929824561,1710.0,342,171.0,68400,10260,195615.000,172544.1418497800000000000000,0,172544.1418497800000000000000,54399.75815022000000000000000,127215.000,422558.90,375,0.187875751503006,21,0,0,0,0,"2,1",1.0,0.0,0.0,62.5,3.5,31.5,,,,,,,2,0,0,0,0,0,0,0,6,0,0,0,0,0,0,0,0,0,0,0,0.0,6,61.5,6,1.0,6,62.5,6,,0,6,,0
998,999,6,6,0,0,0,0,6,0,6,0,0,6,0,6,0.1801801801801802,0.96,0.03508771929824561,1710.0,342,171.0,68400,10260,195615.000,172544.1418497800000000000000,0,172544.1418497800000000000000,54399.75815022000000000000000,127215.000,422558.90,375,0.18768768768768768,21,0,0,0,0,"1,2",1.0,0.0,0.0,62.5,3.5,31.5,,,,,,,2,0,0,0,0,0,0,0,6,0,0,0,0,0,0,0,0,0,0,0,0.0,6,61.5,6,1.0,6,62.5,6,,0,6,,0
999,1000,6,6,0,0,0,0,6,0,6,0,0,6,0,6,0.18,0.96,0.03508771929824561,1710.0,342,171.0,68400,10260,195615.000,172544.1418497800000000000000,0,172544.1418497800000000000000,54399.75815022000000000000000,127215.000,422558.90,375,0.1875,21,0,0,0,0,"1,2",1.0,0.0,0.0,62.5,3.5,31.5,,,,,,,2,0,0,0,0,0,0,0,6,0,0,0,0,0,0,0,0,0,0,0,0.0,6,61.5,6,1.0,6,62.5,6,,0,6,,0
1000,1001,6,6,0,0,0,0,6,0,6,0,0,6,0,6,0.1798201798201798,0.96,0.03508771929824561,1710.0,342,171.0,68400,10260,195615.000,172544.1418497800000000000000,0,172544.1418497800000000000000,54399.75815022000000000000000,127215.000,422558.90,375,0.18731268731268733,21,0,0,0,0,"1,2",1.0,0.0,0.0,62.5,3.5,31.5,,,,,,,2,0,0,0,0,0,0,0,6,0,0,0,0,0,0,0,0,0,0,0,0.0,6,61.5,6,1.0,6,62.5,6,,0,6,,0
1001,1002,6,6,0,0,0,0,6,0,6,0,0,6,0,6,0.17964071856287425,0.96,0.03508771929824561,1710.0,342,171.0,68400,10260,195615.000,172544.1418497800000000000000,0,172544.1418497800000000000000,54399.75815022000000000000000,127215.000,422558.90,375,0.18712574850299402,21,0,0,0,0,"2,1",1.0,0.0,0.0,62.5,3.5,31.5,,,,,,,2,0,0,0,0,0,0,0,6,0,0,0,0,0,0,0,0,0,0,0,0.0,6,61.5,6,1.0,6,62.5,6,,0,6,,0
1002,1003,6,6,0,0,0,0,6,0,6,0,0,6,0,6,0.1794616151545364,0.96,0.03508771929824561,1710.0,342,171.0,68400,10260,195615.000,172544.1418497800000000000000,0,172544.1418497800000000000000,54399.75815022000000000000000,127215.000,422558.90,375,0.18693918245264207,21,0,0,0,0,"1,2",1.0,0.0,0.0,62.5,3.5,31.5,,,,,,,2,0,0,0,0,0,0,0,6,0,0,0,0,0,0,0,0,0,0,0,0.0,6,61.5,6,1.0,6,62.5,6,,0,6,,0
1003,1004,6,6,0,0,0,0,6,0,6,0,0,6,0,6,0.1792828685258964,0.96,0.03508771929824561,1710.0,342,171.0,68400,10260,195615.000,172544.1418497800000000000000,0,172544.1418497800000000000000,54399.75815022000000000000000,127215.000,422558.90,375,0.18675298804780877,21,0,0,0,0,"2,1",1.0,0.0,0.0,62.5,3.5,31.5,,,,,,,2,0,0,0,0,0,0,0,6,0,0,0,0,0,0,0,0,0,0,0,0.0,6,61.5,6,1.0,6,62.5,6,,0,6,,0
1004,1005,6,6,0,0,0,0,6,0,6,0,0,6,0,6,0.1791044776119403,0.96,0.03508771929824561,1710.0,342,171.0,68400,10260,195615.000,172544.1418497800000000000000,0,172544.1418497800000000000000,54399.75815022000000000000000,127215.000,422558.90,375,0.1865671641791045,21,0,0,0,0,"1,2",1.0,0.0,0.0,62.5,3.5,31.5,,,,,,,2,0,0,0,0,0,0,0,6,0,0,0,0,0,0,0,0,0,0,0,0.0,6,61.5,6,1.0,6,62.5,6,,0,6,,0
1005,1006,6,6,0,0,0,0,6,0,6,0,0,6,0,6,0.17892644135188868,0.96,0.03508771929824561,1710.0,342,171.0,68400,10260,195615.000,172544.1418497800000000000000,0,172544.1418497800000000000000,54399.75815022000000000000000,127215.000,422558.90,375,0.1863817097415507,21,0,0,0,0,"2,1",1.0,0.0,0.0,62.5,3.5,31.5,,,,,,,2,0,0,0,0,0,0,0,6,0,0,0,0,0,0,0,0,0,0,0,0.0,6,61.5,6,1.0,6,62.5,6,,0,6,,0
1006,1007,6,6,0,0,0,0,6,0,6,0,0,6,0,6,0.17874875868917575,0.96,0.03508771929824561,1710.0,342,171.0,68400,10260,195615.000,172544.1418497800000000000000,0,172544.1418497800000000000000,54399.75815022000000000000000,127215.000,422558.90,375,0.1861966236345581,21,0,0,0,0,"1,2",1.0,0.0,0.0,62.5,3.5,31.5,,,,,,,2,0,0,0,0,0,0,0,6,0,0,0,0,0,0,0,0,0,0,0,0.0,6,61.5,6,1.0,6,62.5,6,,0,6,,0
1007,1008,6,6,0,0,0,0,6,0,6,0,0,6,0,6,0.17857142857142858,0.96,0.03508771929824561,1710.0,342,171.0,68400,10260,195615.000,172544.1418497800000000000000,0,172544.1418497800000000000000,54399.75815022000000000000000,127215.000,422558.90,375,0.18601190476190477,21,0,0,0,0,"2,1",1.0,0.0,0.0,62.5,3.5,31.5,,,,,,,2,0,0,0,0,0,0,0,6,0,0,0,0,0,0,0,0,0,0,0,0.0,6,61.5,6,1.0,6,62.5,6,,0,6,,0
1008,1009,6,6,0,0,0,0,6,0,6,0,0,6,0,6,0.17839444995044598,0.96,0.03508771929824561,1710.0,342,171.0,68400,10260,195615.000,172544.1418497800000000000000,0,172544.1418497800000000000000,54399.75815022000000000000000,127215.000,422558.90,375,0.18582755203171458,21,0,0,0,0,"1,2",1.0,0.0,0.0,62.5,3.5,31.5,,,,,,,2,0,0,0,0,0,0,0,6,0,0,0,0,0,0,0,0,0,0,0,0.0,6,61.5,6,1.0,6,62.5,6,,0,6,,0
1009,1010,6,6,0,0,0,0,6,0,6,0,0,6,0,6,0.17821782178217824,0.96,0.03508771929824561,1710.0,342,171.0,68400,10260,195615.000,172544.1418497800000000000000,0,172544.1418497800000000000000,54399.75815022000000000000000,127215.000,422558.90,375,0.18564356435643564,21,0,0,0,0,"1,2",1.0,0.0,0.0,62.5,3.5,31.5,,,,,,,2,0,0,0,0,0,0,0,6,0,0,0,0,0,0,0,0,0,0,0,0.0,6,61.5,6,1.0,6,62.5,6,,0,6,,0
1010,1011,6,6,0,0,0,0,6,0,6,0,0,6,0,6,0.17804154302670622,0.96,0.03508771929824561,1710.0,342,171.0,68400,10260,195615.000,172544.1418497800000000000000,0,172544.1418497800000000000000,54399.75815022000000000000000,127215.000,422558.90,375,0.18545994065281898,21,0,0,0,0,"2,1",1.0,0.0,0.0,62.5,3.5,31.5,,,,,,,2,0,0,0,0,0,0,0,6,0,0,0,0,0,0,0,0,0,0,0,0.0,6,61.5,6,1.0,6,62.5,6,,0,6,,0
1011,1012,6,6,0,0,0,0,6,0,6,0,0,6,0,6,0.17786561264822134,0.96,0.03508771929824561,1710.0,342,171.0,68400,10260,195615.000,172544.1418497800000000000000,0,172544.1418497800000000000000,54399.75815022000000000000000,127215.000,422558.90,375,0.18527667984189725,21,0,0,0,0,"1,2",1.0,0.0,0.0,62.5,3.5,31.5,,,,,,,2,0,0,0,0,0,0,0,6,0,0,0,0,0,0,0,0,0,0,0,0.0,6,61.5,6,1.0,6,62.5,6,,0,6,,0
1012,1013,6,6,0,0,0,0,6,0,6,0,0,6,0,6,0.17769002961500494,0.96,0.03508771929824561,1710.0,342,171.0,68400,10260,195615.000,172544.1418497800000000000000,0,172544.1418497800000000000000,54399.75815022000000000000000,127215.000,422558.90,375,0.18509378084896347,21,0,0,0,0,"2,1",1.0,0.0,0.0,62.5,3.5,31.5,,,,,,,2,0,0,0,0,0,0,0,6,0,0,0,0,0,0,0,0,0,0,0,0.0,6,61.5,6,1.0,6,62.5,6,,0,6,,0
1013,1014,6,6,0,0,0,0,6,0,6,0,0,6,0,6,0.1775147928994083,0.96,0.03508771929824561,1710.0,342,171.0,68400,10260,195615.000,172544.1418497800000000000000,0,172544.1418497800000000000000,54399.75815022000000000000000,127215.000,422558.90,375,0.1849112426035503,21,0,0,0,0,"2,1",1.0,0.0,0.0,62.5,3.5,31.5,,,,,,,2,0,0,0,0,0,0,0,6,0,0,0,0,0,0,0,0,0,0,0,0.0,6,61.5,6,1.0,6,62.5,6,,0,6,,0
1014,1015,6,6,0,0,0,0,6,0,6,0,0,6,0,6,0.1773399014778325,0.96,0.03508771929824561,1710.0,342,171.0,68400,10260,195615.000,172544.1418497800000000000000,0,172544.1418497800000000000000,54399.75815022000000000000000,127215.000,422558.90,375,0.18472906403940886,21,0,0,0,0,"1,2",1.0,0.0,0.0,62.5,3.5,31.5,,,,,,,2,0,0,0,0,0,0,0,6,0,0,0,0,0,0,0,0,0,0,0,0.0,6,61.5,6,1.0,6,62.5,6,,0,6,,0
1015,1016,6,6,0,0,0,0,6,0,6,0,0,6,0,6,0.17716535433070865,0.96,0.03508771929824561,1710.0,342,171.0,68400,10260,195615.000,172544.1418497800000000000000,0,172544.1418497800000000000000,54399.75815022000000000000000,127215.000,422558.90,375,0.1845472440944882,21,0,0,0,0,"2,1",1.0,0.0,0.0,62.5,3.5,31.5,,,,,,,2,0,0,0,0,0,0,0,6,0,0,0,0,0,0,0,0,0,0,0,0.0,6,61.5,6,1.0,6,62.5,6,,0,6,,0
1016,1017,6,6,0,0,0,0,6,0,6,0,0,6,0,6,0.17699115044247787,0.96,0.03508771929824561,1710.0,342,171.0,68400,10260,195615.000,172544.1418497800000000000000,0,172544.1418497800000000000000,54399.75815022000000000000000,127215.000,422558.90,375,0.18436578171091444,21,0,0,0,0,"2,1",1.0,0.0,0.0,62.5,3.5,31.5,,,,,,,2,0,0,0,0,0,0,0,6,0,0,0,0,0,0,0,0,0,0,0,0.0,6,61.5,6,1.0,6,62.5,6,,0,6,,0
1017,1018,6,6,0,0,0,0,6,0,6,0,0,6,0,6,0.17681728880157171,0.96,0.03508771929824561,1710.0,342,171.0,68400,10260,195615.000,172544.1418497800000000000000,0,172544.1418497800000000000000,54399.75815022000000000000000,127215.000,422558.90,375,0.18418467583497053,21,0,0,0,0,"1,2",1.0,0.0,0.0,62.5,3.5,31.5,,,,,,,2,0,0,0,0,0,0,0,6,0,0,0,0,0,0,0,0,0,0,0,0.0,6,61.5,6,1.0,6,62.5,6,,0,6,,0
1018,1019,6,6,0,0,0,0,6,0,6,0,0,6,0,6,0.17664376840039253,0.96,0.03508771929824561,1710.0,342,171.0,68400,10260,195615.000,172544.1418497800000000000000,0,172544.1418497800000000000000,54399.75815022000000000000000,127215.000,422558.90,375,0.18400392541707555,21,0,0,0,0,"2,1",1.0,0.0,0.0,62.5,3.5,31.5,,,,,,,2,0,0,0,0,0,0,0,6,0,0,0,0,0,0,0,0,0,0,0,0.0,6,61.5,6,1.0,6,62.5,6,,0,6,,0
1019,1020,6,6,0,0,0,0,6,0,6,0,0,6,0,6,0.17647058823529413,0.96,0.03508771929824561,1710.0,342,171.0,68400,10260,195615.000,172544.1418497800000000000000,0,172544.1418497800000000000000,54399.75815022000000000000000,127215.000,422558.90,375,0.18382352941176472,21,0,0,0,0,"1,2",1.0,0.0,0.0,62.5,3.5,31.5,,,,,,,2,0,0,0,0,0,0,0,6,0,0,0,0,0,0,0,0,0,0,0,0.0,6,61.5,6,1.0,6,62.5,6,,0,6,,0
1020,1021,6,6,0,0,0,0,6,0,6,0,0,6,0,6,0.1762977473065622,0.96,0.03508771929824561,1710.0,342,171.0,68400,10260,195615.000,172544.1418497800000000000000,0,172544.1418497800000000000000,54399.75815022000000000000000,127215.000,422558.90,375,0.18364348677766895,21,0,0,0,0,"2,1",1.0,0.0,0.0,62.5,3.5,31.5,,,,,,,2,0,0,0,0,0,0,0,6,0,0,0,0,0,0,0,0,0,0,0,0.0,6,61.5,6,1.0,6,62.5,6,,0,6,,0
1021,1022,6,6,0,0,0,0,6,0,6,0,0,6,0,6,0.1761252446183953,0.96,0.03508771929824561,1710.0,342,171.0,68400,10260,195615.000,172544.1418497800000000000000,0,172544.1418497800000000000000,54399.75815022000000000000000,127215.000,422558.90,375,0.1834637964774951,21,0,0,0,0,"2,1",1.0,0.0,0.0,62.5,3.5,31.5,,,,,,,2,0,0,0,0,0,0,0,6,0,0,0,0,0,0,0,0,0,0,0,0.0,6,61.5,6,1.0,6,62.5,6,,0,6,,0
1022,1023,6,6,0,0,0,0,6,0,6,0,0,6,0,6,0.1759530791788856,0.96,0.03508771929824561,1710.0,342,171.0,68400,10260,195615.000,172544.1418497800000000000000,0,172544.1418497800000000000000,54399.75815022000000000000000,127215.000,422558.90,375,0.18328445747800587,21,0,0,0,0,"2,1",1.0,0.0,0.0,62.5,3.5,31.5,,,,,,,2,0,0,0,0,0,0,0,6,0,0,0,0,0,0,0,0,0,0,0,0.0,6,61.5,6,1.0,6,62.5,6,,0,6,,0
1023,1024,6,6,0,0,0,0,6,0,6,0,0,6,0,6,0.17578125,0.96,0.03508771929824561,1710.0,342,171.0,68400,10260,195615.000,172544.1418497800000000000000,0,172544.1418497800000000000000,54399.75815022000000000000000,127215.000,422558.90,375,0.18310546875,21,0,0,0,0,"1,2",1.0,0.0,0.0,62.5,3.5,31.5,,,,,,,2,0,0,0,0,0,0,0,6,0,0,0,0,0,0,0,0,0,0,0,0.0,6,61.5,6,1.0,6,62.5,6,,0,6,,0
1024,1025,6,6,0,0,0,0,6,0,6,0,0,6,0,6,0.175609756097561,0.96,0.03508771929824561,1710.0,342,171.0,68400,10260,195615.000,172544.1418497800000000000000,0,172544.1418497800000000000000,54399.75815022000000000000000,127215.000,422558.90,375,0.18292682926829268,21,0,0,0,0,"2,1",1.0,0.0,0.0,62.5,3.5,31.5,,,,,,,2,0,0,0,0,0,0,0,6,0,0,0,0,0,0,0,0,0,0,0,0.0,6,61.5,6,1.0,6,62.5,6,,0,6,,0
1025,1026,6,6,0,0,0,0,6,0,6,0,0,6,0,6,0.17543859649122806,0.96,0.03508771929824561,1710.0,342,171.0,68400,10260,195615.000,172544.1418497800000000000000,0,172544.1418497800000000000000,54399.75815022000000000000000,127215.000,422558.90,375,0.1827485380116959,21,0,0,0,0,"2,1",1.0,0.0,0.0,62.5,3.5,31.5,,,,,,,2,0,0,0,0,0,0,0,6,0,0,0,0,0,0,0,0,0,0,0,0.0,6,61.5,6,1.0,6,62.5,6,,0,6,,0
1026,1027,6,6,0,0,0,0,6,0,6,0,0,6,0,6,0.17526777020447906,0.96,0.03508771929824561,1710.0,342,171.0,68400,10260,195615.000,172544.1418497800000000000000,0,172544.1418497800000000000000,54399.75815022000000000000000,127215.000,422558.90,375,0.18257059396299902,21,0,0,0,0,"2,1",1.0,0.0,0.0,62.5,3.5,31.5,,,,,,,2,0,0,0,0,0,0,0,6,0,0,0,0,0,0,0,0,0,0,0,0.0,6,61.5,6,1.0,6,62.5,6,,0,6,,0
1027,1028,6,6,0,0,0,0,6,0,6,0,0,6,0,6,0.17509727626459146,0.96,0.03508771929824561,1710.0,342,171.0,68400,10260,195615.000,172544.1418497800000000000000,0,172544.1418497800000000000000,54399.75815022000000000000000,127215.000,422558.90,375,0.1823929961089494,21,0,0,0,0,"1,2",1.0,0.0,0.0,62.5,3.5,31.5,,,,,,,2,0,0,0,0,0,0,0,6,0,0,0,0,0,0,0,0,0,0,0,0.0,6,61.5,6,1.0,6,62.5,6,,0,6,,0
1028,1029,6,6,0,0,0,0,6,0,6,0,0,6,0,6,0.17492711370262393,0.96,0.03508771929824561,1710.0,342,171.0,68400,10260,195615.000,172544.1418497800000000000000,0,172544.1418497800000000000000,54399.75815022000000000000000,127215.000,422558.90,375,0.18221574344023322,21,0,0,0,0,"1,2",1.0,0.0,0.0,62.5,3.5,31.5,,,,,,,2,0,0,0,0,0,0,0,6,0,0,0,0,0,0,0,0,0,0,0,0.0,6,61.5,6,1.0,6,62.5,6,,0,6,,0
1029,1030,6,6,0,0,0,0,6,0,6,0,0,6,0,6,0.17475728155339804,0.96,0.03508771929824561,1710.0,342,171.0,68400,10260,195615.000,172544.1418497800000000000000,0,172544.1418497800000000000000,54399.75815022000000000000000,127215.000,422558.90,375,0.1820388349514563,21,0,0,0,0,"2,1",1.0,0.0,0.0,62.5,3.5,31.5,,,,,,,2,0,0,0,0,0,0,0,6,0,0,0,0,0,0,0,0,0,0,0,0.0,6,61.5,6,1.0,6,62.5,6,,0,6,,0
1030,1031,6,6,0,0,0,0,6,0,6,0,0,6,0,6,0.1745877788554801,0.96,0.03508771929824561,1710.0,342,171.0,68400,10260,195615.000,172544.1418497800000000000000,0,172544.1418497800000000000000,54399.75815022000000000000000,127215.000,422558.90,375,0.18186226964112512,21,0,0,0,0,"2,1",1.0,0.0,0.0,62.5,3.5,31.5,,,,,,,2,0,0,0,0,0,0,0,6,0,0,0,0,0,0,0,0,0,0,0,0.0,6,61.5,6,1.0,6,62.5,6,,0,6,,0
1031,1032,6,6,0,0,0,0,6,0,6,0,0,6,0,6,0.1744186046511628,0.96,0.03508771929824561,1710.0,342,171.0,68400,10260,195615.000,172544.1418497800000000000000,0,172544.1418497800000000000000,54399.75815022000000000000000,127215.000,422558.90,375,0.1816860465116279,21,0,0,0,0,"2,1",1.0,0.0,0.0,62.5,3.5,31.5,,,,,,,2,0,0,0,0,0,0,0,6,0,0,0,0,0,0,0,0,0,0,0,0.0,6,61.5,6,1.0,6,62.5,6,,0,6,,0
1032,1033,6,6,0,0,0,0,6,0,6,0,0,6,0,6,0.17424975798644726,0.96,0.03508771929824561,1710.0,342,171.0,68400,10260,195615.000,172544.1418497800000000000000,0,172544.1418497800000000000000,54399.75815022000000000000000,127215.000,422558.90,375,0.18151016456921587,21,0,0,0,0,"1,2",1.0,0.0,0.0,62.5,3.5,31.5,,,,,,,2,0,0,0,0,0,0,0,6,0,0,0,0,0,0,0,0,0,0,0,0.0,6,61.5,6,1.0,6,62.5,6,,0,6,,0
1033,1034,6,6,0,0,0,0,6,0,6,0,0,6,0,6,0.17408123791102514,0.96,0.03508771929824561,1710.0,342,171.0,68400,10260,195615.000,172544.1418497800000000000000,0,172544.1418497800000000000000,54399.75815022000000000000000,127215.000,422558.90,375,0.18133462282398452,21,0,0,0,0,"1,2",1.0,0.0,0.0,62.5,3.5,31.5,,,,,,,2,0,0,0,0,0,0,0,6,0,0,0,0,0,0,0,0,0,0,0,0.0,6,61.5,6,1.0,6,62.5,6,,0,6,,0
1034,1035,6,6,0,0,0,0,6,0,6,0,0,6,0,6,0.17391304347826086,0.96,0.03508771929824561,1710.0,342,171.0,68400,10260,195615.000,172544.1418497800000000000000,0,172544.1418497800000000000000,54399.75815022000000000000000,127215.000,422558.90,375,0.18115942028985507,21,0,0,0,0,"2,1",1.0,0.0,0.0,62.5,3.5,31.5,,,,,,,2,0,0,0,0,0,0,0,6,0,0,0,0,0,0,0,0,0,0,0,0.0,6,61.5,6,1.0,6,62.5,6,,0,6,,0
1035,1036,6,6,0,0,0,0,6,0,6,0,0,6,0,6,0.17374517374517376,0.96,0.03508771929824561,1710.0,342,171.0,68400,10260,195615.000,172544.1418497800000000000000,0,172544.1418497800000000000000,54399.75815022000000000000000,127215.000,422558.90,375,0.18098455598455598,21,0,0,0,0,"2,1",1.0,0.0,0.0,62.5,3.5,31.5,,,,,,,2,0,0,0,0,0,0,0,6,0,0,0,0,0,0,0,0,0,0,0,0.0,6,61.5,6,1.0,6,62.5,6,,0,6,,0
1036,1037,6,6,0,0,0,0,6,0,6,0,0,6,0,6,0.17357762777242042,0.96,0.03508771929824561,1710.0,342,171.0,68400,10260,195615.000,172544.1418497800000000000000,0,172544.1418497800000000000000,54399.75815022000000000000000,127215.000,422558.90,375,0.18081002892960463,21,0,0,0,0,"2,1",1.0,0.0,0.0,62.5,3.5,31.5,,,,,,,2,0,0,0,0,0,0,0,6,0,0,0,0,0,0,0,0,0,0,0,0.0,6,61.5,6,1.0,6,62.5,6,,0,6,,0
1037,1038,6,6,0,0,0,0,6,0,6,0,0,6,0,6,0.17341040462427745,0.96,0.03508771929824561,1710.0,342,171.0,68400,10260,195615.000,172544.1418497800000000000000,0,172544.1418497800000000000000,54399.75815022000000000000000,127215.000,422558.90,375,0.18063583815028902,21,0,0,0,0,"1,2",1.0,0.0,0.0,62.5,3.5,31.5,,,,,,,2,0,0,0,0,0,0,0,6,0,0,0,0,0,0,0,0,0,0,0,0.0,6,61.5,6,1.0,6,62.5,6,,0,6,,0
1038,1039,6,6,0,0,0,0,6,0,6,0,0,6,0,6,0.17324350336862368,0.96,0.03508771929824561,1710.0,342,171.0,68400,10260,195615.000,172544.1418497800000000000000,0,172544.1418497800000000000000,54399.75815022000000000000000,127215.000,422558.90,375,0.18046198267564967,21,0,0,0,0,"2,1",1.0,0.0,0.0,62.5,3.5,31.5,,,,,,,2,0,0,0,0,0,0,0,6,0,0,0,0,0,0,0,0,0,0,0,0.0,6,61.5,6,1.0,6,62.5,6,,0,6,,0
1039,1040,6,6,0,0,0,0,6,0,6,0,0,6,0,6,0.1730769230769231,0.96,0.03508771929824561,1710.0,342,171.0,68400,10260,195615.000,172544.1418497800000000000000,0,172544.1418497800000000000000,54399.75815022000000000000000,127215.000,422558.90,375,0.18028846153846154,21,0,0,0,0,"2,1",1.0,0.0,0.0,62.5,3.5,31.5,,,,,,,2,0,0,0,0,0,0,0,6,0,0,0,0,0,0,0,0,0,0,0,0.0,6,61.5,6,1.0,6,62.5,6,,0,6,,0
1040,1041,6,6,0,0,0,0,6,0,6,0,0,6,0,6,0.17291066282420747,0.96,0.03508771929824561,1710.0,342,171.0,68400,10260,195615.000,172544.1418497800000000000000,0,172544.1418497800000000000000,54399.75815022000000000000000,127215.000,422558.90,375,0.18011527377521613,21,0,0,0,0,"1,2",1.0,0.0,0.0,62.5,3.5,31.5,,,,,,,2,0,0,0,0,0,0,0,6,0,0,0,0,0,0,0,0,0,0,0,0.0,6,61.5,6,1.0,6,62.5,6,,0,6,,0
1041,1042,6,6,0,0,0,0,6,0,6,0,0,6,0,6,0.1727447216890595,0.96,0.03508771929824561,1710.0,342,171.0,68400,10260,195615.000,172544.1418497800000000000000,0,172544.1418497800000000000000,54399.75815022000000000000000,127215.000,422558.90,375,0.17994241842610365,21,0,0,0,0,"1,2",1.0,0.0,0.0,62.5,3.5,31.5,,,,,,,2,0,0,0,0,0,0,0,6,0,0,0,0,0,0,0,0,0,0,0,0.0,6,61.5,6,1.0,6,62.5,6,,0,6,,0
1042,1043,6,6,0,0,0,0,6,0,6,0,0,6,0,6,0.1725790987535954,0.96,0.03508771929824561,1710.0,342,171.0,68400,10260,195615.000,172544.1418497800000000000000,0,172544.1418497800000000000000,54399.75815022000000000000000,127215.000,422558.90,375,0.1797698945349952,21,0,0,0,0,"2,1",1.0,0.0,0.0,62.5,3.5,31.5,,,,,,,2,0,0,0,0,0,0,0,6,0,0,0,0,0,0,0,0,0,0,0,0.0,6,61.5,6,1.0,6,62.5,6,,0,6,,0
1043,1044,6,6,0,0,0,0,6,0,6,0,0,6,0,6,0.1724137931034483,0.96,0.03508771929824561,1710.0,342,171.0,68400,10260,195615.000,172544.1418497800000000000000,0,172544.1418497800000000000000,54399.75815022000000000000000,127215.000,422558.90,375,0.17959770114942528,21,0,0,0,0,"1,2",1.0,0.0,0.0,62.5,3.5,31.5,,,,,,,2,0,0,0,0,0,0,0,6,0,0,0,0,0,0,0,0,0,0,0,0.0,6,61.5,6,1.0,6,62.5,6,,0,6,,0
1044,1045,6,6,0,0,0,0,6,0,6,0,0,6,0,6,0.17224880382775118,0.96,0.03508771929824561,1710.0,342,171.0,68400,10260,195615.000,172544.1418497800000000000000,0,172544.1418497800000000000000,54399.75815022000000000000000,127215.000,422558.90,375,0.17942583732057416,21,0,0,0,0,"1,2",1.0,0.0,0.0,62.5,3.5,31.5,,,,,,,2,0,0,0,0,0,0,0,6,0,0,0,0,0,0,0,0,0,0,0,0.0,6,61.5,6,1.0,6,62.5,6,,0,6,,0
1045,1046,6,6,0,0,0,0,6,0,6,0,0,6,0,6,0.17208413001912046,0.96,0.03508771929824561,1710.0,342,171.0,68400,10260,195615.000,172544.1418497800000000000000,0,172544.1418497800000000000000,54399.75815022000000000000000,127215.000,422558.90,375,0.17925430210325047,21,0,0,0,0,"2,1",1.0,0.0,0.0,62.5,3.5,31.5,,,,,,,2,0,0,0,0,0,0,0,6,0,0,0,0,0,0,0,0,0,0,0,0.0,6,61.5,6,1.0,6,62.5,6,,0,6,,0
1046,1047,6,6,0,0,0,0,6,0,6,0,0,6,0,6,0.17191977077363899,0.96,0.03508771929824561,1710.0,342,171.0,68400,10260,195615.000,172544.1418497800000000000000,0,172544.1418497800000000000000,54399.75815022000000000000000,127215.000,422558.90,375,0.17908309455587393,21,0,0,0,0,"1,2",1.0,0.0,0.0,62.5,3.5,31.5,,,,,,,2,0,0,0,0,0,0,0,6,0,0,0,0,0,0,0,0,0,0,0,0.0,6,61.5,6,1.0,6,62.5,6,,0,6,,0
1047,1048,6,6,0,0,0,0,6,0,6,0,0,6,0,6,0.1717557251908397,0.96,0.03508771929824561,1710.0,342,171.0,68400,10260,195615.000,172544.1418497800000000000000,0,172544.1418497800000000000000,54399.75815022000000000000000,127215.000,422558.90,375,0.17891221374045801,21,0,0,0,0,"1,2",1.0,0.0,0.0,62.5,3.5,31.5,,,,,,,2,0,0,0,0,0,0,0,6,0,0,0,0,0,0,0,0,0,0,0,0.0,6,61.5,6,1.0,6,62.5,6,,0,6,,0
1048,1049,6,6,0,0,0,0,6,0,6,0,0,6,0,6,0.17159199237368922,0.96,0.03508771929824561,1710.0,342,171.0,68400,10260,195615.000,172544.1418497800000000000000,0,172544.1418497800000000000000,54399.75815022000000000000000,127215.000,422558.90,375,0.17874165872259296,21,0,0,0,0,"2,1",1.0,0.0,0.0,62.5,3.5,31.5,,,,,,,2,0,0,0,0,0,0,0,6,0,0,0,0,0,0,0,0,0,0,0,0.0,6,61.5,6,1.0,6,62.5,6,,0,6,,0
1049,1050,6,6,0,0,0,0,6,0,6,0,0,6,0,6,0.17142857142857143,0.96,0.03508771929824561,1710.0,342,171.0,68400,10260,195615.000,172544.1418497800000000000000,0,172544.1418497800000000000000,54399.75815022000000000000000,127215.000,422558.90,375,0.17857142857142858,21,0,0,0,0,"2,1",1.0,0.0,0.0,62.5,3.5,31.5,,,,,,,2,0,0,0,0,0,0,0,6,0,0,0,0,0,0,0,0,0,0,0,0.0,6,61.5,6,1.0,6,62.5,6,,0,6,,0
1050,1051,6,6,0,0,0,0,6,0,6,0,0,6,0,6,0.1712654614652712,0.96,0.03508771929824561,1710.0,342,171.0,68400,10260,195615.000,172544.1418497800000000000000,0,172544.1418497800000000000000,54399.75815022000000000000000,127215.000,422558.90,375,0.17840152235965748,21,0,0,0,0,"1,2",1.0,0.0,0.0,62.5,3.5,31.5,,,,,,,2,0,0,0,0,0,0,0,6,0,0,0,0,0,0,0,0,0,0,0,0.0,6,61.5,6,1.0,6,62.5,6,,0,6,,0
1051,1052,6,6,0,0,0,0,6,0,6,0,0,6,0,6,0.17110266159695817,0.96,0.03508771929824561,1710.0,342,171.0,68400,10260,195615.000,172544.1418497800000000000000,0,172544.1418497800000000000000,54399.75815022000000000000000,127215.000,422558.90,375,0.1782319391634981,21,0,0,0,0,"1,2",1.0,0.0,0.0,62.5,3.5,31.5,,,,,,,2,0,0,0,0,0,0,0,6,0,0,0,0,0,0,0,0,0,0,0,0.0,6,61.5,6,1.0,6,62.5,6,,0,6,,0
1052,1053,6,6,0,0,0,0,6,0,6,0,0,6,0,6,0.17094017094017094,0.96,0.03508771929824561,1710.0,342,171.0,68400,10260,195615.000,172544.1418497800000000000000,0,172544.1418497800000000000000,54399.75815022000000000000000,127215.000,422558.90,375,0.17806267806267806,21,0,0,0,0,"1,2",1.0,0.0,0.0,62.5,3.5,31.5,,,,,,,2,0,0,0,0,0,0,0,6,0,0,0,0,0,0,0,0,0,0,0,0.0,6,61.5,6,1.0,6,62.5,6,,0,6,,0
1053,1054,6,6,0,0,0,0,6,0,6,0,0,6,0,6,0.17077798861480076,0.96,0.03508771929824561,1710.0,342,171.0,68400,10260,195615.000,172544.1418497800000000000000,0,172544.1418497800000000000000,54399.75815022000000000000000,127215.000,422558.90,375,0.17789373814041745,21,0,0,0,0,"2,1",1.0,0.0,0.0,62.5,3.5,31.5,,,,,,,2,0,0,0,0,0,0,0,6,0,0,0,0,0,0,0,0,0,0,0,0.0,6,61.5,6,1.0,6,62.5,6,,0,6,,0
1054,1055,6,6,0,0,0,0,6,0,6,0,0,6,0,6,0.17061611374407584,0.96,0.03508771929824561,1710.0,342,171.0,68400,10260,195615.000,172544.1418497800000000000000,0,172544.1418497800000000000000,54399.75815022000000000000000,127215.000,422558.90,375,0.17772511848341233,21,0,0,0,0,"2,1",1.0,0.0,0.0,62.5,3.5,31.5,,,,,,,2,0,0,0,0,0,0,0,6,0,0,0,0,0,0,0,0,0,0,0,0.0,6,61.5,6,1.0,6,62.5,6,,0,6,,0
1055,1056,6,6,0,0,0,0,6,0,6,0,0,6,0,6,0.17045454545454544,0.96,0.03508771929824561,1710.0,342,171.0,68400,10260,195615.000,172544.1418497800000000000000,0,172544.1418497800000000000000,54399.75815022000000000000000,127215.000,422558.90,375,0.17755681818181818,21,0,0,0,0,"1,2",1.0,0.0,0.0,62.5,3.5,31.5,,,,,,,2,0,0,0,0,0,0,0,6,0,0,0,0,0,0,0,0,0,0,0,0.0,6,61.5,6,1.0,6,62.5,6,,0,6,,0
1056,1057,6,6,0,0,0,0,6,0,6,0,0,6,0,6,0.17029328287606432,0.96,0.03508771929824561,1710.0,342,171.0,68400,10260,195615.000,172544.1418497800000000000000,0,172544.1418497800000000000000,54399.75815022000000000000000,127215.000,422558.90,375,0.1773888363292337,21,0,0,0,0,"2,1",1.0,0.0,0.0,62.5,3.5,31.5,,,,,,,2,0,0,0,0,0,0,0,6,0,0,0,0,0,0,0,0,0,0,0,0.0,6,61.5,6,1.0,6,62.5,6,,0,6,,0
1057,1058,6,6,0,0,0,0,6,0,6,0,0,6,0,6,0.17013232514177695,0.96,0.03508771929824561,1710.0,342,171.0,68400,10260,195615.000,172544.1418497800000000000000,0,172544.1418497800000000000000,54399.75815022000000000000000,127215.000,422558.90,375,0.1772211720226843,21,0,0,0,0,"1,2",1.0,0.0,0.0,62.5,3.5,31.5,,,,,,,2,0,0,0,0,0,0,0,6,0,0,0,0,0,0,0,0,0,0,0,0.0,6,61.5,6,1.0,6,62.5,6,,0,6,,0
1058,1059,6,6,0,0,0,0,6,0,6,0,0,6,0,6,0.16997167138810199,0.96,0.03508771929824561,1710.0,342,171.0,68400,10260,195615.000,172544.1418497800000000000000,0,172544.1418497800000000000000,54399.75815022000000000000000,127215.000,422558.90,375,0.17705382436260622,21,0,0,0,0,"2,1",1.0,0.0,0.0,62.5,3.5,31.5,,,,,,,2,0,0,0,0,0,0,0,6,0,0,0,0,0,0,0,0,0,0,0,0.0,6,61.5,6,1.0,6,62.5,6,,0,6,,0
1059,1060,6,6,0,0,0,0,6,0,6,0,0,6,0,6,0.16981132075471697,0.96,0.03508771929824561,1710.0,342,171.0,68400,10260,195615.000,172544.1418497800000000000000,0,172544.1418497800000000000000,54399.75815022000000000000000,127215.000,422558.90,375,0.17688679245283018,21,0,0,0,0,"1,2",1.0,0.0,0.0,62.5,3.5,31.5,,,,,,,2,0,0,0,0,0,0,0,6,0,0,0,0,0,0,0,0,0,0,0,0.0,6,61.5,6,1.0,6,62.5,6,,0,6,,0
1060,1061,6,6,0,0,0,0,6,0,6,0,0,6,0,6,0.1696512723845429,0.96,0.03508771929824561,1710.0,342,171.0,68400,10260,195615.000,172544.1418497800000000000000,0,172544.1418497800000000000000,54399.75815022000000000000000,127215.000,422558.90,375,0.1767200754005655,21,0,0,0,0,"1,2",1.0,0.0,0.0,62.5,3.5,31.5,,,,,,,2,0,0,0,0,0,0,0,6,0,0,0,0,0,0,0,0,0,0,0,0.0,6,61.5,6,1.0,6,62.5,6,,0,6,,0
1061,1062,6,6,0,0,0,0,6,0,6,0,0,6,0,6,0.16949152542372883,0.96,0.03508771929824561,1710.0,342,171.0,68400,10260,195615.000,172544.1418497800000000000000,0,172544.1418497800000000000000,54399.75815022000000000000000,127215.000,422558.90,375,0.1765536723163842,21,0,0,0,0,"1,2",1.0,0.0,0.0,62.5,3.5,31.5,,,,,,,2,0,0,0,0,0,0,0,6,0,0,0,0,0,0,0,0,0,0,0,0.0,6,61.5,6,1.0,6,62.5,6,,0,6,,0
1062,1063,6,6,0,0,0,0,6,0,6,0,0,6,0,6,0.16933207902163688,0.96,0.03508771929824561,1710.0,342,171.0,68400,10260,195615.000,172544.1418497800000000000000,0,172544.1418497800000000000000,54399.75815022000000000000000,127215.000,422558.90,375,0.1763875823142051,21,0,0,0,0,"2,1",1.0,0.0,0.0,62.5,3.5,31.5,,,,,,,2,0,0,0,0,0,0,0,6,0,0,0,0,0,0,0,0,0,0,0,0.0,6,61.5,6,1.0,6,62.5,6,,0,6,,0
1063,1064,6,6,0,0,0,0,6,0,6,0,0,6,0,6,0.16917293233082706,0.96,0.03508771929824561,1710.0,342,171.0,68400,10260,195615.000,172544.1418497800000000000000,0,172544.1418497800000000000000,54399.75815022000000000000000,127215.000,422558.90,375,0.1762218045112782,21,0,0,0,0,"2,1",1.0,0.0,0.0,62.5,3.5,31.5,,,,,,,2,0,0,0,0,0,0,0,6,0,0,0,0,0,0,0,0,0,0,0,0.0,6,61.5,6,1.0,6,62.5,6,,0,6,,0
1064,1065,6,6,0,0,0,0,6,0,6,0,0,6,0,6,0.16901408450704225,0.96,0.03508771929824561,1710.0,342,171.0,68400,10260,195615.000,172544.1418497800000000000000,0,172544.1418497800000000000000,54399.75815022000000000000000,127215.000,422558.90,375,0.176056338028169,21,0,0,0,0,"2,1",1.0,0.0,0.0,62.5,3.5,31.5,,,,,,,2,0,0,0,0,0,0,0,6,0,0,0,0,0,0,0,0,0,0,0,0.0,6,61.5,6,1.0,6,62.5,6,,0,6,,0
1065,1066,6,6,0,0,0,0,6,0,6,0,0,6,0,6,0.16885553470919326,0.96,0.03508771929824561,1710.0,342,171.0,68400,10260,195615.000,172544.1418497800000000000000,0,172544.1418497800000000000000,54399.75815022000000000000000,127215.000,422558.90,375,0.17589118198874296,21,0,0,0,0,"2,1",1.0,0.0,0.0,62.5,3.5,31.5,,,,,,,2,0,0,0,0,0,0,0,6,0,0,0,0,0,0,0,0,0,0,0,0.0,6,61.5,6,1.0,6,62.5,6,,0,6,,0
1066,1067,6,6,0,0,0,0,6,0,6,0,0,6,0,6,0.16869728209934393,0.96,0.03508771929824561,1710.0,342,171.0,68400,10260,195615.000,172544.1418497800000000000000,0,172544.1418497800000000000000,54399.75815022000000000000000,127215.000,422558.90,375,0.17572633552014996,21,0,0,0,0,"1,2",1.0,0.0,0.0,62.5,3.5,31.5,,,,,,,2,0,0,0,0,0,0,0,6,0,0,0,0,0,0,0,0,0,0,0,0.0,6,61.5,6,1.0,6,62.5,6,,0,6,,0
1067,1068,6,6,0,0,0,0,6,0,6,0,0,6,0,6,0.16853932584269662,0.96,0.03508771929824561,1710.0,342,171.0,68400,10260,195615.000,172544.1418497800000000000000,0,172544.1418497800000000000000,54399.75815022000000000000000,127215.000,422558.90,375,0.175561797752809,21,0,0,0,0,"1,2",1.0,0.0,0.0,62.5,3.5,31.5,,,,,,,2,0,0,0,0,0,0,0,6,0,0,0,0,0,0,0,0,0,0,0,0.0,6,61.5,6,1.0,6,62.5,6,,0,6,,0
1068,1069,6,6,0,0,0,0,6,0,6,0,0,6,0,6,0.16838166510757718,0.96,0.03508771929824561,1710.0,342,171.0,68400,10260,195615.000,172544.1418497800000000000000,0,172544.1418497800000000000000,54399.75815022000000000000000,127215.000,422558.90,375,0.1753975678203929,21,0,0,0,0,"1,2",1.0,0.0,0.0,62.5,3.5,31.5,,,,,,,2,0,0,0,0,0,0,0,6,0,0,0,0,0,0,0,0,0,0,0,0.0,6,61.5,6,1.0,6,62.5,6,,0,6,,0
1069,1070,6,6,0,0,0,0,6,0,6,0,0,6,0,6,0.16822429906542058,0.96,0.03508771929824561,1710.0,342,171.0,68400,10260,195615.000,172544.1418497800000000000000,0,172544.1418497800000000000000,54399.75815022000000000000000,127215.000,422558.90,375,0.17523364485981308,21,0,0,0,0,"1,2",1.0,0.0,0.0,62.5,3.5,31.5,,,,,,,2,0,0,0,0,0,0,0,6,0,0,0,0,0,0,0,0,0,0,0,0.0,6,61.5,6,1.0,6,62.5,6,,0,6,,0
1070,1071,6,6,0,0,0,0,6,0,6,0,0,6,0,6,0.1680672268907563,0.96,0.03508771929824561,1710.0,342,171.0,68400,10260,195615.000,172544.1418497800000000000000,0,172544.1418497800000000000000,54399.75815022000000000000000,127215.000,422558.90,375,0.17507002801120447,21,0,0,0,0,"2,1",1.0,0.0,0.0,62.5,3.5,31.5,,,,,,,2,0,0,0,0,0,0,0,6,0,0,0,0,0,0,0,0,0,0,0,0.0,6,61.5,6,1.0,6,62.5,6,,0,6,,0
1071,1072,7,7,0,0,1,0,6,0,6,1,1,6,0,6,0.16791044776119401,0.9574468085106383,0.03508771929824561,1710.0,342,171.0,68400,10260,195615.000,172544.1418497800000000000000,0,172544.1418497800000000000000,54399.75815022000000000000000,127215.000,422558.90,376,0.17537313432835822,21,0,0,0,0,"2,1",0.8571428571428571,0.0,0.14285714285714285,62.5,3.5,31.5,,,,,,,1,0,0,1,0,0,1,0,6,0,0,0,0,0,1,0,0,0,0,0,0.0,7,61.5,6,1.0,6,62.5,6,,0,6,,0
1072,1073,7,7,0,0,1,0,6,0,6,1,1,6,0,6,0.16775396085740915,0.9549071618037136,0.03498542274052478,1715.0,343,171.5,68600,10290,195615.000,172544.1418497800000000000000,0,172544.1418497800000000000000,54399.75815022000000000000000,127015.000,422558.90,377,0.17567567567567569,21,0,0,0,0,"2,1",0.8571428571428571,0.0,0.14285714285714285,62.5,3.5,31.5,,,,,,,1,0,0,1,0,0,1,0,6,0,0,0,0,0,1,0,0,0,0,0,0.0,7,61.5,6,1.0,6,62.5,6,,0,6,,0
1073,1074,7,7,0,0,1,0,6,0,6,1,1,6,0,6,0.1675977653631285,0.9523809523809524,0.03488372093023256,1720.0,344,172.0,68800,10320,195615.000,172544.1418497800000000000000,0,172544.1418497800000000000000,54399.75815022000000000000000,126815.000,422558.90,378,0.17597765363128492,21,0,0,0,0,"1,2",0.8571428571428571,0.0,0.14285714285714285,62.5,3.5,31.5,,,,,,,1,0,0,1,0,0,1,0,6,0,0,0,0,0,1,0,0,0,0,0,0.0,7,61.5,6,1.0,6,62.5,6,,0,6,,0
1074,1075,7,7,0,0,1,0,6,0,6,1,1,6,0,6,0.16744186046511628,0.949868073878628,0.034782608695652174,1725.0,345,172.5,69000,10350,195615.000,172544.1418497800000000000000,0,172544.1418497800000000000000,54399.75815022000000000000000,126615.000,422558.90,379,0.17627906976744187,21,0,0,0,0,"2,1",0.8571428571428571,0.0,0.14285714285714285,62.5,3.5,31.5,,,,,,,1,0,0,1,0,0,1,0,6,0,0,0,0,0,1,0,0,0,0,0,0.0,7,61.5,6,1.0,6,62.5,6,,0,6,,0
1075,1076,7,7,0,0,1,0,6,0,6,1,1,6,0,6,0.16728624535315986,0.9473684210526316,0.03468208092485549,1730.0,346,173.0,69200,10380,195615.000,172544.1418497800000000000000,0,172544.1418497800000000000000,54399.75815022000000000000000,126415.000,422558.90,380,0.17657992565055763,21,0,0,0,0,"1,2",0.8571428571428571,0.0,0.14285714285714285,62.5,3.5,31.5,,,,,,,1,0,0,1,0,0,1,0,6,0,0,0,0,0,1,0,0,0,0,0,0.0,7,61.5,6,1.0,6,62.5,6,,0,6,,0
1076,1077,7,7,0,0,1,0,6,0,6,1,1,6,0,6,0.1671309192200557,0.9448818897637796,0.0345821325648415,1735.0,347,173.5,69400,10410,195615.000,172544.1418497800000000000000,0,172544.1418497800000000000000,54399.75815022000000000000000,126215.000,422558.90,381,0.17688022284122562,21,0,0,0,0,"2,1",0.8571428571428571,0.0,0.14285714285714285,62.5,3.5,31.5,,,,,,,1,0,0,1,0,0,1,0,6,0,0,0,0,0,1,0,0,0,0,0,0.0,7,61.5,6,1.0,6,62.5,6,,0,6,,0
1077,1078,7,7,0,0,1,0,6,0,6,1,1,6,0,6,0.16697588126159557,0.9424083769633509,0.034482758620689655,1740.0,348,174.0,69600,10440,195615.000,172544.1418497800000000000000,0,172544.1418497800000000000000,54399.75815022000000000000000,126015.000,422558.90,382,0.17717996289424862,21,0,0,0,0,"1,2",0.8571428571428571,0.0,0.14285714285714285,62.5,3.5,31.5,,,,,,,1,0,0,1,0,0,1,0,6,0,0,0,0,0,1,0,0,0,0,0,0.0,7,61.5,6,1.0,6,62.5,6,,0,6,,0
1078,1079,7,7,0,0,1,0,6,0,6,1,1,6,0,6,0.16682113067655235,0.9399477806788511,0.034383954154727794,1745.0,349,174.5,69800,10470,195615.000,172544.1418497800000000000000,0,172544.1418497800000000000000,54399.75815022000000000000000,125815.000,422558.90,383,0.17747914735866543,21,0,0,0,0,"1,2",0.8571428571428571,0.0,0.14285714285714285,62.5,3.5,31.5,,,,,,,1,0,0,1,0,0,1,0,6,0,0,0,0,0,1,0,0,0,0,0,0.0,7,61.5,6,1.0,6,62.5,6,,0,6,,0
1079,1080,7,7,0,0,1,0,6,0,6,1,1,6,0,6,0.16666666666666666,0.9375,0.03428571428571429,1750.0,350,175.0,70000,10500,195615.000,172544.1418497800000000000000,0,172544.1418497800000000000000,54399.75815022000000000000000,125615.000,422558.90,384,0.17777777777777778,21,0,0,0,0,"1,2",0.8571428571428571,0.0,0.14285714285714285,62.5,3.5,31.5,,,,,,,1,0,0,1,0,0,0,1,6,0,0,0,0,0,1,0,0,0,0,0,0.0,7,61.5,6,1.0,6,62.5,6,,0,6,,0
1080,1081,7,7,0,0,1,0,6,0,6,1,1,6,0,6,0.16651248843663274,0.935064935064935,0.03418803418803419,1755.0,351,175.5,70200,10530,195615.000,172544.1418497800000000000000,0,172544.1418497800000000000000,54399.75815022000000000000000,125415.000,422558.90,385,0.1780758556891767,21,0,0,0,0,"1,2",0.8571428571428571,0.0,0.14285714285714285,62.5,3.5,31.5,,,,,,,1,0,0,1,0,0,0,1,6,0,0,0,0,0,1,0,0,0,0,0,0.0,7,61.5,6,1.0,6,62.5,6,,0,6,,0
1081,1082,7,7,0,0,1,0,6,0,6,1,1,6,0,6,0.16635859519408502,0.9326424870466321,0.03409090909090909,1760.0,352,176.0,70400,10560,195615.000,172544.1418497800000000000000,0,172544.1418497800000000000000,54399.75815022000000000000000,125215.000,422558.90,386,0.17837338262476896,21,0,0,0,0,"2,1",0.8571428571428571,0.0,0.14285714285714285,62.5,3.5,31.5,,,,,,,1,0,0,1,0,0,0,1,6,0,0,0,0,0,1,0,0,0,0,0,0.0,7,61.5,6,1.0,6,62.5,6,,0,6,,0
1082,1083,7,7,0,0,1,0,6,0,6,1,1,6,0,6,0.16620498614958448,0.9302325581395349,0.0339943342776204,1765.0,353,176.5,70600,10590,195615.000,172544.1418497800000000000000,0,172544.1418497800000000000000,54399.75815022000000000000000,125015.000,422558.90,387,0.1786703601108033,21,0,0,0,0,"1,2",0.8571428571428571,0.0,0.14285714285714285,62.5,3.5,31.5,,,,,,,1,0,0,1,0,0,0,1,6,0,0,0,0,0,1,0,0,0,0,0,0.0,7,61.5,6,1.0,6,62.5,6,,0,6,,0
1083,1084,7,7,0,0,1,0,6,0,6,1,1,6,0,6,0.16605166051660517,0.9278350515463918,0.03389830508474576,1770.0,354,177.0,70800,10620,195615.000,172544.1418497800000000000000,0,172544.1418497800000000000000,54399.75815022000000000000000,124815.000,422558.90,388,0.17896678966789667,21,0,0,0,0,"1,2",0.8571428571428571,0.0,0.14285714285714285,62.5,3.5,31.5,,,,,,,1,0,0,1,0,0,0,1,6,0,0,0,0,0,1,0,0,0,0,0,0.0,7,61.5,6,1.0,6,62.5,6,,0,6,,0
1084,1085,7,7,0,0,1,0,6,0,6,1,1,6,0,6,0.16589861751152074,0.9254498714652957,0.03380281690140845,1775.0,355,177.5,71000,10650,195615.000,172544.1418497800000000000000,0,172544.1418497800000000000000,54399.75815022000000000000000,124615.000,422558.90,389,0.1792626728110599,21,0,0,0,0,"1,2",0.8571428571428571,0.0,0.14285714285714285,62.5,3.5,31.5,,,,,,,1,0,0,1,0,0,0,1,6,0,0,0,0,0,1,0,0,0,0,0,0.0,7,61.5,6,1.0,6,62.5,6,,0,6,,0
1085,1086,7,7,0,0,1,0,6,0,6,1,1,6,0,6,0.16574585635359115,0.9230769230769231,0.033707865168539325,1780.0,356,178.0,71200,10680,195615.000,172544.1418497800000000000000,0,172544.1418497800000000000000,54399.75815022000000000000000,124415.000,422558.90,390,0.17955801104972377,21,0,0,0,0,"2,1",0.8571428571428571,0.0,0.14285714285714285,62.5,3.5,31.5,,,,,,,1,0,0,1,0,0,0,1,6,0,0,0,0,0,1,0,0,0,0,0,0.0,7,61.5,6,1.0,6,62.5,6,,0,6,,0
1086,1087,7,7,0,0,1,0,6,0,6,1,1,6,0,6,0.1655933762649494,0.9207161125319693,0.03361344537815126,1785.0,357,178.5,71400,10710,195615.000,172544.1418497800000000000000,0,172544.1418497800000000000000,54399.75815022000000000000000,124215.000,422558.90,391,0.17985280588776448,21,0,0,0,0,"2,1",0.8571428571428571,0.0,0.14285714285714285,62.5,3.5,31.5,,,,,,,1,0,0,1,0,0,0,1,6,0,0,0,0,0,1,0,0,0,0,0,0.0,7,61.5,6,1.0,6,62.5,6,,0,6,,0
1087,1088,7,7,0,0,1,0,6,0,6,1,1,6,0,6,0.16544117647058823,0.9183673469387755,0.0335195530726257,1790.0,358,179.0,71600,10740,195615.000,172544.1418497800000000000000,0,172544.1418497800000000000000,54399.75815022000000000000000,124015.000,422558.90,392,0.1801470588235294,21,0,0,0,0,"1,2",0.8571428571428571,0.0,0.14285714285714285,62.5,3.5,31.5,,,,,,,1,0,0,1,0,0,0,1,6,0,0,0,0,0,1,0,0,0,0,0,0.0,7,61.5,6,1.0,6,62.5,6,,0,6,,0
1088,1089,7,7,0,0,1,0,6,0,6,1,1,6,0,6,0.1652892561983471,0.916030534351145,0.033426183844011144,1795.0,359,179.5,71800,10770,195615.000,172544.1418497800000000000000,0,172544.1418497800000000000000,54399.75815022000000000000000,123815.000,422558.90,393,0.18044077134986225,21,0,0,0,0,"2,1",0.8571428571428571,0.0,0.14285714285714285,62.5,3.5,31.5,,,,,,,1,0,0,1,0,0,0,1,6,0,0,0,0,0,1,0,0,0,0,0,0.0,7,61.5,6,1.0,6,62.5,6,,0,6,,0
1089,1090,7,7,0,0,1,0,6,0,6,1,1,6,0,6,0.16513761467889906,0.9137055837563453,0.03333333333333333,1800.0,360,180.0,72000,10800,195615.000,172544.1418497800000000000000,0,172544.1418497800000000000000,54399.75815022000000000000000,123615.000,422558.90,394,0.18073394495412845,21,0,0,0,0,"2,1",0.8571428571428571,0.0,0.14285714285714285,62.5,3.5,31.5,,,,,,,1,0,0,1,0,0,0,1,6,0,0,0,0,0,1,0,0,0,0,0,0.0,7,61.5,6,1.0,6,62.5,6,,0,6,,0
1090,1091,7,7,0,0,1,0,6,0,6,1,1,6,0,6,0.16498625114573787,0.9113924050632912,0.0332409972299169,1805.0,361,180.5,72200,10830,195615.000,172544.1418497800000000000000,0,172544.1418497800000000000000,54399.75815022000000000000000,123415.000,422558.90,395,0.18102658111824016,21,0,0,0,0,"1,2",0.8571428571428571,0.0,0.14285714285714285,62.5,3.5,31.5,,,,,,,1,0,0,1,0,0,0,1,6,0,0,0,0,0,1,0,0,0,0,0,0.0,7,61.5,6,1.0,6,62.5,6,,0,6,,0
1091,1092,7,7,0,0,1,0,6,0,6,1,1,6,0,6,0.16483516483516483,0.9090909090909092,0.03314917127071823,1810.0,362,181.0,72400,10860,195615.000,172544.1418497800000000000000,0,172544.1418497800000000000000,54399.75815022000000000000000,123215.000,422558.90,396,0.1813186813186813,21,0,0,0,0,"1,2",0.8571428571428571,0.0,0.14285714285714285,62.5,3.5,31.5,,,,,,,1,0,0,1,0,0,0,1,6,0,0,0,0,0,1,0,0,0,0,0,0.0,7,61.5,6,1.0,6,62.5,6,,0,6,,0
1092,1093,7,7,0,0,1,0,6,0,6,1,1,6,0,6,0.16468435498627632,0.9068010075566751,0.03305785123966942,1815.0,363,181.5,72600,10890,195615.000,172544.1418497800000000000000,0,172544.1418497800000000000000,54399.75815022000000000000000,123015.000,422558.90,397,0.18161024702653247,21,0,0,0,0,"2,1",0.8571428571428571,0.0,0.14285714285714285,62.5,3.5,31.5,,,,,,,1,0,0,1,0,0,0,1,6,0,0,0,0,0,1,0,0,0,0,0,0.0,7,61.5,6,1.0,6,62.5,6,,0,6,,0
1093,1094,7,7,0,0,1,0,6,0,6,1,1,6,0,6,0.16453382084095064,0.9045226130653266,0.03296703296703297,1820.0,364,182.0,72800,10920,195615.000,172544.1418497800000000000000,0,172544.1418497800000000000000,54399.75815022000000000000000,122815.000,422558.90,398,0.18190127970749542,21,0,0,0,0,"2,1",0.8571428571428571,0.0,0.14285714285714285,62.5,3.5,31.5,,,,,,,1,0,0,1,0,0,0,1,6,0,0,0,0,0,1,0,0,0,0,0,0.0,7,61.5,6,1.0,6,62.5,6,,0,6,,0
1094,1095,7,7,0,0,1,0,6,0,6,1,1,6,0,6,0.1643835616438356,0.9022556390977443,0.03287671232876712,1825.0,365,182.5,73000,10950,195615.000,172544.1418497800000000000000,0,172544.1418497800000000000000,54399.75815022000000000000000,122615.000,422558.90,399,0.1821917808219178,21,0,0,0,0,"1,2",0.8571428571428571,0.0,0.14285714285714285,62.5,3.5,31.5,,,,,,,1,0,0,1,0,0,0,1,6,0,0,0,0,0,1,0,0,0,0,0,0.0,7,61.5,6,1.0,6,62.5,6,,0,6,,0
1095,1096,7,7,0,0,1,0,6,0,6,1,1,6,0,6,0.1642335766423358,0.8999999999999999,0.03278688524590164,1830.0,366,183.0,73200,10980,195615.000,172544.1418497800000000000000,0,172544.1418497800000000000000,54399.75815022000000000000000,122415.000,422558.90,400,0.18248175182481752,21,0,0,0,0,"2,1",0.8571428571428571,0.0,0.14285714285714285,62.5,3.5,31.5,,,,,,,1,0,0,1,0,0,0,1,6,0,0,0,0,0,1,0,0,0,0,0,0.0,7,61.5,6,1.0,6,62.5,6,,0,6,,0
1096,1097,7,7,0,0,1,0,6,0,6,1,1,6,0,6,0.1640838650865998,0.8977556109725685,0.0326975476839237,1835.0,367,183.5,73400,11010,195615.000,172544.1418497800000000000000,0,172544.1418497800000000000000,54399.75815022000000000000000,122215.000,422558.90,401,0.182771194165907,21,0,0,0,0,"1,2",0.8571428571428571,0.0,0.14285714285714285,62.5,3.5,31.5,,,,,,,1,0,0,1,0,0,0,1,6,0,0,0,0,0,1,0,0,0,0,0,0.0,7,61.5,6,1.0,6,62.5,6,,0,6,,0
1097,1098,7,7,0,0,1,0,6,0,6,1,1,6,0,6,0.16393442622950818,0.8955223880597015,0.03260869565217391,1840.0,368,184.0,73600,11040,195615.000,172544.1418497800000000000000,0,172544.1418497800000000000000,54399.75815022000000000000000,122015.000,422558.90,402,0.1830601092896175,21,0,0,0,0,"2,1",0.8571428571428571,0.0,0.14285714285714285,62.5,3.5,31.5,,,,,,,1,0,0,1,0,0,0,1,6,0,0,0,0,0,1,0,0,0,0,0,0.0,7,61.5,6,1.0,6,62.5,6,,0,6,,0
1098,1099,7,7,0,0,1,0,6,0,6,1,1,6,0,6,0.1637852593266606,0.8933002481389578,0.032520325203252036,1845.0,369,184.5,73800,11070,195615.000,172544.1418497800000000000000,0,172544.1418497800000000000000,54399.75815022000000000000000,121815.000,422558.90,403,0.18334849863512284,21,0,0,0,0,"1,2",0.8571428571428571,0.0,0.14285714285714285,62.5,3.5,31.5,,,,,,,1,0,0,1,0,0,0,1,6,0,0,0,0,0,1,0,0,0,0,0,0.0,7,61.5,6,1.0,6,62.5,6,,0,6,,0
1099,1100,7,7,0,0,1,0,6,0,6,1,1,6,0,6,0.16363636363636364,0.8910891089108911,0.032432432432432434,1850.0,370,185.0,74000,11100,195615.000,172544.1418497800000000000000,0,172544.1418497800000000000000,54399.75815022000000000000000,121615.000,422558.90,404,0.18363636363636363,21,0,0,0,0,"1,2",0.8571428571428571,0.0,0.14285714285714285,62.5,3.5,31.5,,,,,,,1,0,0,1,0,0,0,1,6,0,0,0,0,0,1,0,0,0,0,0,0.0,7,61.5,6,1.0,6,62.5,6,,0,6,,0
1100,1101,7,7,0,0,1,0,6,0,6,1,1,6,0,6,0.16348773841961853,0.8888888888888888,0.03234501347708895,1855.0,371,185.5,74200,11130,195615.000,172544.1418497800000000000000,0,172544.1418497800000000000000,54399.75815022000000000000000,121415.000,422558.90,405,0.18392370572207084,21,0,0,0,0,"1,2",0.8571428571428571,0.0,0.14285714285714285,62.5,3.5,31.5,,,,,,,1,0,0,1,0,0,0,1,6,0,0,0,0,0,1,0,0,0,0,0,0.0,7,61.5,6,1.0,6,62.5,6,,0,6,,0
1101,1102,7,7,0,0,1,0,6,0,6,1,1,6,0,6,0.16333938294010888,0.8866995073891626,0.03225806451612903,1860.0,372,186.0,74400,11160,195615.000,172544.1418497800000000000000,0,172544.1418497800000000000000,54399.75815022000000000000000,121215.000,422558.90,406,0.18421052631578946,21,0,0,0,0,"1,2",0.8571428571428571,0.0,0.14285714285714285,62.5,3.5,31.5,,,,,,,1,0,0,1,0,0,0,1,6,0,0,0,0,0,1,0,0,0,0,0,0.0,7,61.5,6,1.0,6,62.5,6,,0,6,,0
1102,1103,7,7,0,0,1,0,6,0,6,1,1,6,0,6,0.1631912964641886,0.8845208845208845,0.032171581769437,1865.0,373,186.5,74600,11190,195615.000,172544.1418497800000000000000,0,172544.1418497800000000000000,54399.75815022000000000000000,121015.000,422558.90,407,0.18449682683590207,21,0,0,0,0,"1,2",0.8571428571428571,0.0,0.14285714285714285,62.5,3.5,31.5,,,,,,,1,0,0,1,0,0,0,1,6,0,0,0,0,0,1,0,0,0,0,0,0.0,7,61.5,6,1.0,6,62.5,6,,0,6,,0
1103,1104,7,7,0,0,1,0,6,0,6,1,1,6,0,6,0.16304347826086957,0.8823529411764706,0.03208556149732621,1870.0,374,187.0,74800,11220,195615.000,172544.1418497800000000000000,0,172544.1418497800000000000000,54399.75815022000000000000000,120815.000,422558.90,408,0.18478260869565216,21,0,0,0,0,"1,2",0.8571428571428571,0.0,0.14285714285714285,62.5,3.5,31.5,,,,,,,1,0,0,1,0,0,0,1,6,0,0,0,0,0,1,0,0,0,0,0,0.0,7,61.5,6,1.0,6,62.5,6,,0,6,,0
1104,1105,7,7,0,0,1,0,6,0,6,1,1,6,0,6,0.16289592760180993,0.880195599022005,0.032,1875.0,375,187.5,75000,11250,195615.000,172544.1418497800000000000000,0,172544.1418497800000000000000,54399.75815022000000000000000,120615.000,422558.90,409,0.18506787330316743,21,0,0,0,0,"2,1",0.8571428571428571,0.0,0.14285714285714285,62.5,3.5,31.5,,,,,,,1,0,0,1,0,0,0,1,6,0,0,0,0,0,1,0,0,0,0,0,0.0,7,61.5,6,1.0,6,62.5,6,,0,6,,0
1105,1106,7,7,0,0,1,0,6,0,6,1,1,6,0,6,0.162748643761302,0.8780487804878049,0.031914893617021274,1880.0,376,188.0,75200,11280,195615.000,172544.1418497800000000000000,0,172544.1418497800000000000000,54399.75815022000000000000000,120415.000,422558.90,410,0.1853526220614828,21,0,0,0,0,"2,1",0.8571428571428571,0.0,0.14285714285714285,62.5,3.5,31.5,,,,,,,1,0,0,1,0,0,0,1,6,0,0,0,0,0,1,0,0,0,0,0,0.0,7,61.5,6,1.0,6,62.5,6,,0,6,,0
1106,1107,7,7,0,0,1,0,6,0,6,1,1,6,0,6,0.16260162601626016,0.8759124087591241,0.03183023872679045,1885.0,377,188.5,75400,11310,195615.000,172544.1418497800000000000000,0,172544.1418497800000000000000,54399.75815022000000000000000,120215.000,422558.90,411,0.1856368563685637,21,0,0,0,0,"1,2",0.8571428571428571,0.0,0.14285714285714285,62.5,3.5,31.5,,,,,,,1,0,0,1,0,0,0,1,6,0,0,0,0,0,1,0,0,0,0,0,0.0,7,61.5,6,1.0,6,62.5,6,,0,6,,0
1107,1108,7,7,0,0,1,0,6,0,6,1,1,6,0,6,0.1624548736462094,0.8737864077669903,0.031746031746031744,1890.0,378,189.0,75600,11340,195615.000,172544.1418497800000000000000,0,172544.1418497800000000000000,54399.75815022000000000000000,120015.000,422558.90,412,0.18592057761732853,21,0,0,0,0,"2,1",0.8571428571428571,0.0,0.14285714285714285,62.5,3.5,31.5,,,,,,,1,0,0,1,0,0,0,1,6,0,0,0,0,0,1,0,0,0,0,0,0.0,7,61.5,6,1.0,6,62.5,6,,0,6,,0
1108,1109,7,7,0,0,1,0,6,0,6,1,1,6,0,6,0.1623083859332732,0.8716707021791767,0.0316622691292876,1895.0,379,189.5,75800,11370,195615.000,172544.1418497800000000000000,0,172544.1418497800000000000000,54399.75815022000000000000000,119815.000,422558.90,413,0.18620378719567177,21,0,0,0,0,"1,2",0.8571428571428571,0.0,0.14285714285714285,62.5,3.5,31.5,,,,,,,1,0,0,1,0,0,0,1,6,0,0,0,0,0,1,0,0,0,0,0,0.0,7,61.5,6,1.0,6,62.5,6,,0,6,,0
1109,1110,7,7,0,0,1,0,6,0,6,1,1,6,0,6,0.16216216216216217,0.8695652173913043,0.031578947368421054,1900.0,380,190.0,76000,11400,195615.000,172544.1418497800000000000000,0,172544.1418497800000000000000,54399.75815022000000000000000,119615.000,422558.90,414,0.1864864864864865,21,0,0,0,0,"1,2",0.8571428571428571,0.0,0.14285714285714285,62.5,3.5,31.5,,,,,,,1,0,0,1,0,0,0,1,6,0,0,0,0,0,1,0,0,0,0,0,0.0,7,61.5,6,1.0,6,62.5,6,,0,6,,0
1110,1111,7,7,0,0,1,0,6,0,6,1,1,6,0,6,0.16201620162016203,0.8674698795180723,0.031496062992125984,1905.0,381,190.5,76200,11430,195615.000,172544.1418497800000000000000,0,172544.1418497800000000000000,54399.75815022000000000000000,119415.000,422558.90,415,0.18676867686768678,21,0,0,0,0,"2,1",0.8571428571428571,0.0,0.14285714285714285,62.5,3.5,31.5,,,,,,,1,0,0,1,0,0,0,1,6,0,0,0,0,0,1,0,0,0,0,0,0.0,7,61.5,6,1.0,6,62.5,6,,0,6,,0
1111,1112,7,7,0,0,1,0,6,0,6,1,1,6,0,6,0.1618705035971223,0.8653846153846153,0.031413612565445025,1910.0,382,191.0,76400,11460,195615.000,172544.1418497800000000000000,0,172544.1418497800000000000000,54399.75815022000000000000000,119215.000,422558.90,416,0.18705035971223022,21,0,0,0,0,"2,1",0.8571428571428571,0.0,0.14285714285714285,62.5,3.5,31.5,,,,,,,1,0,0,1,0,0,0,1,6,0,0,0,0,0,1,0,0,0,0,0,0.0,7,61.5,6,1.0,6,62.5,6,,0,6,,0
1112,1113,7,7,0,0,1,0,6,0,6,1,1,6,0,6,0.16172506738544473,0.8633093525179856,0.031331592689295036,1915.0,383,191.5,76600,11490,195615.000,172544.1418497800000000000000,0,172544.1418497800000000000000,54399.75815022000000000000000,119015.000,422558.90,417,0.18733153638814015,21,0,0,0,0,"2,1",0.8571428571428571,0.0,0.14285714285714285,62.5,3.5,31.5,,,,,,,1,0,0,1,0,0,0,1,6,0,0,0,0,0,1,0,0,0,0,0,0.0,7,61.5,6,1.0,6,62.5,6,,0,6,,0
1113,1114,7,7,0,0,1,0,6,0,6,1,1,6,0,6,0.1615798922800718,0.8612440191387559,0.03125,1920.0,384,192.0,76800,11520,195615.000,172544.1418497800000000000000,0,172544.1418497800000000000000,54399.75815022000000000000000,118815.000,422558.90,418,0.18761220825852784,21,0,0,0,0,"2,1",0.8571428571428571,0.0,0.14285714285714285,62.5,3.5,31.5,,,,,,,1,0,0,1,0,0,0,1,6,0,0,0,0,0,1,0,0,0,0,0,0.0,7,61.5,6,1.0,6,62.5,6,,0,6,,0
1114,1115,7,7,0,0,1,0,6,0,6,1,1,6,0,6,0.16143497757847536,0.8591885441527446,0.03116883116883117,1925.0,385,192.5,77000,11550,195615.000,172544.1418497800000000000000,0,172544.1418497800000000000000,54399.75815022000000000000000,118615.000,422558.90,419,0.18789237668161435,21,0,0,0,0,"1,2",0.8571428571428571,0.0,0.14285714285714285,62.5,3.5,31.5,,,,,,,1,0,0,1,0,0,0,1,6,0,0,0,0,0,1,0,0,0,0,0,0.0,7,61.5,6,1.0,6,62.5,6,,0,6,,0
1115,1116,7,7,0,0,1,0,6,0,6,1,1,6,0,6,0.16129032258064516,0.8571428571428571,0.031088082901554404,1930.0,386,193.0,77200,11580,195615.000,172544.1418497800000000000000,0,172544.1418497800000000000000,54399.75815022000000000000000,118415.000,422558.90,420,0.1881720430107527,21,0,0,0,0,"2,1",0.8571428571428571,0.0,0.14285714285714285,62.5,3.5,31.5,,,,,,,1,0,0,1,0,0,0,1,6,0,0,0,0,0,1,0,0,0,0,0,0.0,7,61.5,6,1.0,6,62.5,6,,0,6,,0
1116,1117,7,7,0,0,1,0,6,0,6,1,1,6,0,6,0.1611459265890779,0.8551068883610451,0.031007751937984496,1935.0,387,193.5,77400,11610,195615.000,172544.1418497800000000000000,0,172544.1418497800000000000000,54399.75815022000000000000000,118215.000,422558.90,421,0.18845120859444942,21,0,0,0,0,"2,1",0.8571428571428571,0.0,0.14285714285714285,62.5,3.5,31.5,,,,,,,1,0,0,1,0,0,0,1,6,0,0,0,0,0,1,0,0,0,0,0,0.0,7,61.5,6,1.0,6,62.5,6,,0,6,,0
1117,1118,7,7,0,0,1,0,6,0,6,1,1,6,0,6,0.16100178890876565,0.8530805687203792,0.030927835051546393,1940.0,388,194.0,77600,11640,195615.000,172544.1418497800000000000000,0,172544.1418497800000000000000,54399.75815022000000000000000,118015.000,422558.90,422,0.1887298747763864,21,0,0,0,0,"2,1",0.8571428571428571,0.0,0.14285714285714285,62.5,3.5,31.5,,,,,,,1,0,0,1,0,0,0,1,6,0,0,0,0,0,1,0,0,0,0,0,0.0,7,61.5,6,1.0,6,62.5,6,,0,6,,0
1118,1119,7,7,0,0,1,0,6,0,6,1,1,6,0,6,0.160857908847185,0.851063829787234,0.030848329048843187,1945.0,389,194.5,77800,11670,195615.000,172544.1418497800000000000000,0,172544.1418497800000000000000,54399.75815022000000000000000,117815.000,422558.90,423,0.18900804289544235,21,0,0,0,0,"2,1",0.8571428571428571,0.0,0.14285714285714285,62.5,3.5,31.5,,,,,,,1,0,0,0,1,0,0,1,6,0,0,0,0,0,1,0,0,0,0,0,0.0,7,61.5,6,1.0,6,62.5,6,,0,6,,0
1119,1120,7,7,0,0,1,0,6,0,6,1,1,6,0,6,0.1607142857142857,0.8490566037735849,0.030848329048843187,1945.0,389,194.5,77800,11670,195615.000,172544.1418497800000000000000,0,172544.1418497800000000000000,54399.75815022000000000000000,117815.000,422558.90,424,0.18928571428571428,21,0,0,0,0,"1,2",0.8571428571428571,0.0,0.14285714285714285,62.5,3.0,31.5,,,,,,,1,0,0,0,0,1,0,0,7,0,0,0,0,0,0,0,0,0,0,0,0.0,7,61.5,6,1.0,6,62.5,6,,0,7,,0
1120,1121,7,7,0,0,1,0,6,0,6,1,1,6,0,6,0.16057091882247992,0.8470588235294118,0.03076923076923077,1950.0,390,195.0,78000,11700,195615.000,172544.1418497800000000000000,0,172544.1418497800000000000000,54399.75815022000000000000000,117615.000,422558.90,425,0.1895628902765388,21,0,0,0,0,"2,1",0.8571428571428571,0.0,0.14285714285714285,62.5,3.0,31.5,,,,,,,1,0,0,0,0,1,0,0,7,0,0,0,0,0,0,0,0,0,0,0,0.0,7,61.5,6,1.0,6,62.5,6,,0,7,,0
1121,1122,7,7,0,0,1,0,6,0,6,1,1,6,0,6,0.16042780748663102,0.8450704225352114,0.030690537084398978,1955.0,391,195.5,78200,11730,195615.000,172544.1418497800000000000000,0,172544.1418497800000000000000,54399.75815022000000000000000,117415.000,422558.90,426,0.18983957219251338,21,0,0,0,0,"2,1",0.8571428571428571,0.0,0.14285714285714285,62.5,3.0,31.5,,,,,,,1,0,0,0,0,1,0,0,7,0,0,0,0,0,0,0,0,0,0,0,0.0,7,61.5,6,1.0,6,62.5,6,,0,7,,0
1122,1123,7,7,0,0,1,0,6,0,6,1,1,6,0,6,0.16028495102404275,0.8430913348946136,0.030612244897959183,1960.0,392,196.0,78400,11760,195615.000,172544.1418497800000000000000,0,172544.1418497800000000000000,54399.75815022000000000000000,117215.000,422558.90,427,0.19011576135351738,21,0,0,0,0,"2,1",0.8571428571428571,0.0,0.14285714285714285,62.5,3.0,31.5,,,,,,,1,0,0,0,0,1,0,0,7,0,0,0,0,0,0,0,0,0,0,0,0.0,7,61.5,6,1.0,6,62.5,6,,0,7,,0
1123,1124,7,7,0,0,1,0,6,0,6,1,1,6,0,6,0.16014234875444838,0.8411214953271028,0.030534351145038167,1965.0,393,196.5,78600,11790,195615.000,172544.1418497800000000000000,0,172544.1418497800000000000000,54399.75815022000000000000000,117015.000,422558.90,428,0.1903914590747331,21,0,0,0,0,"1,2",0.8571428571428571,0.0,0.14285714285714285,62.5,3.0,31.5,,,,,,,1,0,0,0,0,1,0,0,7,0,0,0,0,0,0,0,0,0,0,0,0.0,7,61.5,6,1.0,6,62.5,6,,0,7,,0
1124,1125,7,7,0,0,1,0,6,0,6,1,1,6,0,6,0.16,0.8391608391608392,0.030456852791878174,1970.0,394,197.0,78800,11820,195615.000,172544.1418497800000000000000,0,172544.1418497800000000000000,54399.75815022000000000000000,116815.000,422558.90,429,0.19066666666666668,21,0,0,0,0,"1,2",0.8571428571428571,0.0,0.14285714285714285,62.5,3.0,31.5,,,,,,,1,0,0,0,0,1,0,0,7,0,0,0,0,0,0,0,0,0,0,0,0.0,7,61.5,6,1.0,6,62.5,6,,0,7,,0
1125,1126,7,7,0,0,1,0,6,0,6,1,1,6,0,6,0.15985790408525755,0.8372093023255813,0.030379746835443037,1975.0,395,197.5,79000,11850,195615.000,172544.1418497800000000000000,0,172544.1418497800000000000000,54399.75815022000000000000000,116615.000,422558.90,430,0.19094138543516873,21,0,0,0,0,"2,1",0.8571428571428571,0.0,0.14285714285714285,62.5,3.0,31.5,,,,,,,1,0,0,0,0,1,0,0,7,0,0,0,0,0,0,0,0,0,0,0,0.0,7,61.5,6,1.0,6,62.5,6,,0,7,,0
1126,1127,7,7,0,0,1,0,6,0,6,1,1,6,0,6,0.15971606033717833,0.8352668213457076,0.030303030303030304,1980.0,396,198.0,79200,11880,195615.000,172544.1418497800000000000000,0,172544.1418497800000000000000,54399.75815022000000000000000,116415.000,422558.90,431,0.1912156166814552,21,0,0,0,0,"2,1",0.8571428571428571,0.0,0.14285714285714285,62.5,3.0,31.5,,,,,,,1,0,0,0,0,1,0,0,7,0,0,0,0,0,0,0,0,0,0,0,0.0,7,61.5,6,1.0,6,62.5,6,,0,7,,0
1127,1128,7,7,0,0,1,0,6,0,6,1,1,6,0,6,0.15957446808510636,0.8333333333333333,0.030226700251889168,1985.0,397,198.5,79400,11910,195615.000,172544.1418497800000000000000,0,172544.1418497800000000000000,54399.75815022000000000000000,116215.000,422558.90,432,0.19148936170212766,21,0,0,0,0,"1,2",0.8571428571428571,0.0,0.14285714285714285,62.5,3.0,31.5,,,,,,,1,0,0,0,0,1,0,0,7,0,0,0,0,0,0,0,0,0,0,0,0.0,7,61.5,6,1.0,6,62.5,6,,0,7,,0
1128,1129,7,7,0,0,1,0,6,0,6,1,1,6,0,6,0.15943312666076173,0.8314087759815242,0.03015075376884422,1990.0,398,199.0,79600,11940,195615.000,172544.1418497800000000000000,0,172544.1418497800000000000000,54399.75815022000000000000000,116015.000,422558.90,433,0.19176262178919398,21,0,0,0,0,"1,2",0.8571428571428571,0.0,0.14285714285714285,62.5,3.0,31.5,,,,,,,1,0,0,0,0,1,0,0,7,0,0,0,0,0,0,0,0,0,0,0,0.0,7,61.5,6,1.0,6,62.5,6,,0,7,,0
1129,1130,7,7,0,0,1,0,6,0,6,1,1,6,0,6,0.1592920353982301,0.8294930875576036,0.03007518796992481,1995.0,399,199.5,79800,11970,195615.000,172544.1418497800000000000000,0,172544.1418497800000000000000,54399.75815022000000000000000,115815.000,422558.90,434,0.1920353982300885,21,0,0,0,0,"1,2",0.8571428571428571,0.0,0.14285714285714285,62.5,3.0,31.5,,,,,,,1,0,0,0,0,1,0,0,7,0,0,0,0,0,0,0,0,0,0,0,0.0,7,61.5,6,1.0,6,62.5,6,,0,7,,0
1130,1131,8,8,0,0,2,0,6,0,6,2,2,6,0,6,0.15915119363395225,0.8256880733944955,0.03,2000.0,400,200.0,80000,12000,195615.000,172544.1418497800000000000000,0,172544.1418497800000000000000,54399.75815022000000000000000,115615.000,422558.90,436,0.1927497789566755,21,0,0,0,0,"1,2",0.75,0.0,0.25,62.5,3.0,31.5,,,,,,,0,0,0,1,0,1,1,0,7,0,0,0,0,0,1,0,0,0,0,0,0.0,8,61.5,6,1.0,6,62.5,6,,0,7,,0
1131,1132,8,8,0,0,2,0,6,0,6,2,2,6,0,6,0.15901060070671377,0.8219178082191781,0.029850746268656716,2010.0,402,201.0,80400,12060,195615.000,172544.1418497800000000000000,0,172544.1418497800000000000000,54399.75815022000000000000000,115215.000,422558.90,438,0.19346289752650175,21,0,0,0,0,"2,1",0.75,0.0,0.25,62.5,3.0,31.5,,,,,,,0,0,0,1,0,1,1,0,7,0,0,0,0,0,1,0,0,0,0,0,0.0,8,61.5,6,1.0,6,62.5,6,,0,7,,0
1132,1133,8,8,0,0,2,0,6,0,6,2,2,6,0,6,0.1588702559576346,0.8181818181818182,0.0297029702970297,2020.0,404,202.0,80800,12120,195615.000,172544.1418497800000000000000,0,172544.1418497800000000000000,54399.75815022000000000000000,114815.000,422558.90,440,0.1941747572815534,21,0,0,0,0,"2,1",0.75,0.0,0.25,62.5,3.0,31.5,,,,,,,0,0,0,1,0,1,1,0,7,0,0,0,0,0,1,0,0,0,0,0,0.0,8,61.5,6,1.0,6,62.5,6,,0,7,,0
1133,1134,8,8,0,0,2,0,6,0,6,2,2,6,0,6,0.15873015873015875,0.8144796380090498,0.029556650246305417,2030.0,406,203.0,81200,12180,195615.000,172544.1418497800000000000000,0,172544.1418497800000000000000,54399.75815022000000000000000,114415.000,422558.90,442,0.1948853615520282,21,0,0,0,0,"1,2",0.75,0.0,0.25,62.5,3.0,31.5,,,,,,,0,0,0,1,0,1,1,0,7,0,0,0,0,0,1,0,0,0,0,0,0.0,8,61.5,6,1.0,6,62.5,6,,0,7,,0
1134,1135,8,8,0,0,2,0,6,0,6,2,2,6,0,6,0.15859030837004404,0.8108108108108107,0.029411764705882353,2040.0,408,204.0,81600,12240,195615.000,172544.1418497800000000000000,0,172544.1418497800000000000000,54399.75815022000000000000000,114015.000,422558.90,444,0.19559471365638767,21,0,0,0,0,"2,1",0.75,0.0,0.25,62.5,3.0,31.5,,,,,,,0,0,0,1,0,1,1,0,7,0,0,0,0,0,1,0,0,0,0,0,0.0,8,61.5,6,1.0,6,62.5,6,,0,7,,0
1135,1136,8,8,0,0,2,0,6,0,6,2,2,6,0,6,0.15845070422535212,0.8071748878923767,0.02926829268292683,2050.0,410,205.0,82000,12300,195615.000,172544.1418497800000000000000,0,172544.1418497800000000000000,54399.75815022000000000000000,113615.000,422558.90,446,0.19630281690140844,21,0,0,0,0,"1,2",0.75,0.0,0.25,62.5,3.0,31.5,,,,,,,0,0,0,1,0,1,1,0,7,0,0,0,0,0,1,0,0,0,0,0,0.0,8,61.5,6,1.0,6,62.5,6,,0,7,,0
1136,1137,8,8,0,0,2,0,6,0,6,2,2,6,0,6,0.158311345646438,0.8035714285714286,0.02912621359223301,2060.0,412,206.0,82400,12360,195615.000,172544.1418497800000000000000,0,172544.1418497800000000000000,54399.75815022000000000000000,113215.000,422558.90,448,0.19700967458223395,21,0,0,0,0,"2,1",0.75,0.0,0.25,62.5,3.0,31.5,,,,,,,0,0,0,1,0,1,1,0,7,0,0,0,0,0,1,0,0,0,0,0,0.0,8,61.5,6,1.0,6,62.5,6,,0,7,,0
1137,1138,8,8,0,0,2,0,6,0,6,2,2,6,0,6,0.15817223198594027,0.8,0.028985507246376812,2070.0,414,207.0,82800,12420,195615.000,172544.1418497800000000000000,0,172544.1418497800000000000000,54399.75815022000000000000000,112815.000,422558.90,450,0.1977152899824253,21,0,0,0,0,"2,1",0.75,0.0,0.25,62.5,3.0,31.5,,,,,,,0,0,0,1,0,1,1,0,7,0,0,0,0,0,1,0,0,0,0,0,0.0,8,61.5,6,1.0,6,62.5,6,,0,7,,0
1138,1139,8,8,0,0,2,0,6,0,6,2,2,6,0,6,0.15803336259877085,0.7964601769911505,0.028846153846153848,2080.0,416,208.0,83200,12480,195615.000,172544.1418497800000000000000,0,172544.1418497800000000000000,54399.75815022000000000000000,112415.000,422558.90,452,0.1984196663740123,21,0,0,0,0,"1,2",0.75,0.0,0.25,62.5,3.0,31.5,,,,,,,0,0,0,1,0,1,1,0,7,0,0,0,0,0,1,0,0,0,0,0,0.0,8,61.5,6,1.0,6,62.5,6,,0,7,,0
1139,1140,8,8,0,0,2,0,6,0,6,2,2,6,0,6,0.15789473684210525,0.7929515418502203,0.028708133971291867,2090.0,418,209.0,83600,12540,195615.000,172544.1418497800000000000000,0,172544.1418497800000000000000,54399.75815022000000000000000,112015.000,422558.90,454,0.19912280701754387,21,0,0,0,0,"1,2",0.75,0.0,0.25,62.5,3.0,31.5,,,,,,,0,0,0,1,0,1,1,0,7,0,0,0,0,0,1,0,0,0,0,0,0.0,8,61.5,6,1.0,6,62.5,6,,0,7,,0
1140,1141,8,8,0,0,2,0,6,0,6,2,2,6,0,6,0.1577563540753725,0.7894736842105263,0.02857142857142857,2100.0,420,210.0,84000,12600,195615.000,172544.1418497800000000000000,0,172544.1418497800000000000000,54399.75815022000000000000000,111615.000,422558.90,456,0.19982471516213848,21,0,0,0,0,"2,1",0.75,0.0,0.25,62.5,3.0,31.5,,,,,,,0,0,0,1,0,1,1,0,7,0,0,0,0,0,1,0,0,0,0,0,0.0,8,61.5,6,1.0,6,62.5,6,,0,7,,0
1141,1142,8,8,0,0,2,0,6,0,6,2,2,6,0,6,0.15761821366024517,0.7860262008733624,0.02843601895734597,2110.0,422,211.0,84400,12660,195615.000,172544.1418497800000000000000,0,172544.1418497800000000000000,54399.75815022000000000000000,111215.000,422558.90,458,0.20052539404553416,21,0,0,0,0,"1,2",0.75,0.0,0.25,62.5,3.0,31.5,,,,,,,0,0,0,1,0,1,1,0,7,0,0,0,0,0,1,0,0,0,0,0,0.0,8,61.5,6,1.0,6,62.5,6,,0,7,,0
1142,1143,8,8,0,0,2,0,6,0,6,2,2,6,0,6,0.15748031496062992,0.7826086956521738,0.02830188679245283,2120.0,424,212.0,84800,12720,195615.000,172544.1418497800000000000000,0,172544.1418497800000000000000,54399.75815022000000000000000,110815.000,422558.90,460,0.20122484689413822,21,0,0,0,0,"2,1",0.75,0.0,0.25,62.5,3.0,31.5,,,,,,,0,0,0,0,1,1,1,0,7,0,0,0,0,0,1,0,0,0,0,0,0.0,8,61.5,6,1.0,6,62.5,6,,0,7,,0
1143,1144,8,8,0,0,2,0,6,0,6,2,2,6,0,6,0.15734265734265734,0.7792207792207793,0.02823529411764706,2125.0,425,212.5,85000,12750,195615.000,172544.1418497800000000000000,0,172544.1418497800000000000000,54399.75815022000000000000000,110615.000,422558.90,462,0.20192307692307693,22,0,0,0,0,"1,2",0.75,0.0,0.25,62.5,3.0,31.5,,,,,,,0,0,0,0,1,1,1,0,7,0,0,0,0,0,1,0,0,0,0,0,0.0,8,61.5,6,1.0,6,62.5,6,,0,7,,0
1144,1145,8,8,0,0,2,0,6,0,6,2,2,6,0,6,0.1572052401746725,0.7758620689655172,0.028169014084507043,2130.0,426,213.0,85200,12780,195615.000,172544.1418497800000000000000,0,172544.1418497800000000000000,54399.75815022000000000000000,110415.000,422558.90,464,0.20262008733624454,23,0,0,0,0,"2,1",0.75,0.0,0.25,62.5,3.0,31.5,,,,,,,0,0,0,0,1,1,1,0,7,0,0,0,0,0,1,0,0,0,0,0,0.0,8,61.5,6,1.0,6,62.5,6,,0,7,,0
1145,1146,8,8,0,0,2,0,6,0,6,2,2,6,0,6,0.15706806282722513,0.7725321888412017,0.02810304449648712,2135.0,427,213.5,85400,12810,195615.000,172544.1418497800000000000000,0,172544.1418497800000000000000,54399.75815022000000000000000,110215.000,422558.90,466,0.20331588132635253,24,0,0,0,0,"2,1",0.75,0.0,0.25,62.5,3.0,31.5,,,,,,,0,0,0,0,1,1,1,0,7,0,0,0,0,0,1,0,0,0,0,0,0.0,8,61.5,6,1.0,6,62.5,6,,0,7,,0
1146,1147,8,8,0,0,2,0,6,0,6,2,2,6,0,6,0.15693112467306014,0.7692307692307693,0.028037383177570093,2140.0,428,214.0,85600,12840,195615.000,172544.1418497800000000000000,0,172544.1418497800000000000000,54399.75815022000000000000000,110015.000,422558.90,468,0.2040104620749782,24,0,0,0,0,"1,2",0.75,0.0,0.25,62.5,3.0,31.5,,,,,,,0,0,0,0,0,2,0,0,8,0,0,0,0,0,0,0,0,0,0,0,0.0,8,61.5,6,1.0,6,62.5,6,,0,8,,0
1147,1148,8,8,0,0,2,0,6,0,6,2,2,6,0,6,0.15679442508710803,0.7659574468085106,0.027906976744186046,2150.0,430,215.0,86000,12900,195615.000,172544.1418497800000000000000,0,172544.1418497800000000000000,54399.75815022000000000000000,109615.000,422558.90,470,0.20470383275261325,24,0,0,0,0,"1,2",0.75,0.0,0.25,62.5,3.0,31.5,,,,,,,0,0,0,0,0,2,0,0,8,0,0,0,0,0,0,0,0,0,0,0,0.0,8,61.5,6,1.0,6,62.5,6,,0,8,,0
1148,1149,8,8,0,0,2,0,6,0,6,2,2,6,0,6,0.1566579634464752,0.7627118644067797,0.027777777777777776,2160.0,432,216.0,86400,12960,195615.000,172544.1418497800000000000000,0,172544.1418497800000000000000,54399.75815022000000000000000,109215.000,422558.90,472,0.20539599651871193,24,0,0,0,0,"1,2",0.75,0.0,0.25,62.5,3.0,31.5,,,,,,,0,0,0,0,0,2,0,0,8,0,0,0,0,0,0,0,0,0,0,0,0.0,8,61.5,6,1.0,6,62.5,6,,0,8,,0
1149,1150,8,8,0,0,2,0,6,0,6,2,2,6,0,6,0.15652173913043477,0.7594936708860759,0.027649769585253458,2170.0,434,217.0,86800,13020,195615.000,172544.1418497800000000000000,0,172544.1418497800000000000000,54399.75815022000000000000000,108815.000,422558.90,474,0.20608695652173914,24,0,0,0,0,"2,1",0.75,0.0,0.25,62.5,3.0,31.5,,,,,,,0,0,0,0,0,2,0,0,8,0,0,0,0,0,0,0,0,0,0,0,0.0,8,61.5,6,1.0,6,62.5,6,,0,8,,0
1150,1151,8,8,0,0,0,2,6,0,8,2,2,6,0,6,0.15638575152041703,0.7563025210084033,0.027522935779816515,2180.0,436,218.0,87200,13080,195615.000,172544.1418497800000000000000,0,172544.1418497800000000000000,54399.75815022000000000000000,108415.000,422558.90,476,0.20677671589921806,24,0,0,0,0,"1,2",0.75,0.0,0.25,62.5,3.0,31.5,,,,,,,2,0,0,0,0,0,0,0,8,0,0,0,0,0,0,0,0,0,0,0,0.0,8,58.5,8,1.0,6,62.5,6,,0,8,,0
1151,1152,8,8,0,0,0,0,8,0,8,0,0,8,0,8,0.20833333333333334,1.0084033613445378,0.03669724770642202,1635.0,436,218.0,87200,13080,235980.000,231659.6929039200000000000000,0,231659.6929039200000000000000,70719.90709608000000000000000,148780.000,538359.60,476,0.2065972222222222,24,0,0,0,0,"2,1",1.0,0.0,0.0,59.5,3.0,28.0,,,,,,,2,0,0,0,0,0,0,0,8,0,0,0,0,0,0,0,0,0,0,0,0.0,8,58.5,8,1.0,8,59.5,8,,0,8,,0
1152,1153,8,8,0,0,0,0,8,0,8,0,0,8,0,8,0.20815264527320038,1.0084033613445378,0.03669724770642202,1635.0,436,218.0,87200,13080,235980.000,231659.6929039200000000000000,0,231659.6929039200000000000000,70719.90709608000000000000000,148780.000,538359.60,476,0.20641803989592367,24,0,0,0,0,"1,2",1.0,0.0,0.0,59.5,3.0,28.0,,,,,,,2,0,0,0,0,0,0,0,8,0,0,0,0,0,0,0,0,0,0,0,0.0,8,58.5,8,1.0,8,59.5,8,,0,8,,0
1153,1154,8,8,0,0,0,0,8,0,8,0,0,8,0,8,0.20797227036395147,1.0084033613445378,0.03669724770642202,1635.0,436,218.0,87200,13080,235980.000,231659.6929039200000000000000,0,231659.6929039200000000000000,70719.90709608000000000000000,148780.000,538359.60,476,0.20623916811091855,24,0,0,0,0,"1,2",1.0,0.0,0.0,59.5,3.0,28.0,,,,,,,2,0,0,0,0,0,0,0,8,0,0,0,0,0,0,0,0,0,0,0,0.0,8,58.5,8,1.0,8,59.5,8,,0,8,,0
1154,1155,8,8,0,0,0,0,8,0,8,0,0,8,0,8,0.2077922077922078,1.0084033613445378,0.03669724770642202,1635.0,436,218.0,87200,13080,235980.000,231659.6929039200000000000000,0,231659.6929039200000000000000,70719.90709608000000000000000,148780.000,538359.60,476,0.20606060606060606,24,0,0,0,0,"1,2",1.0,0.0,0.0,59.5,3.0,28.0,,,,,,,2,0,0,0,0,0,0,0,8,0,0,0,0,0,0,0,0,0,0,0,0.0,8,58.5,8,1.0,8,59.5,8,,0,8,,0
1155,1156,8,8,0,0,0,0,8,0,8,0,0,8,0,8,0.20761245674740486,1.0084033613445378,0.03669724770642202,1635.0,436,218.0,87200,13080,235980.000,231659.6929039200000000000000,0,231659.6929039200000000000000,70719.90709608000000000000000,148780.000,538359.60,476,0.20588235294117646,24,0,0,0,0,"1,2",1.0,0.0,0.0,59.5,3.0,28.0,,,,,,,2,0,0,0,0,0,0,0,8,0,0,0,0,0,0,0,0,0,0,0,0.0,8,58.5,8,1.0,8,59.5,8,,0,8,,0
1156,1157,8,8,0,0,0,0,8,0,8,0,0,8,0,8,0.20743301642178044,1.0084033613445378,0.03669724770642202,1635.0,436,218.0,87200,13080,235980.000,231659.6929039200000000000000,0,231659.6929039200000000000000,70719.90709608000000000000000,148780.000,538359.60,476,0.20570440795159897,24,0,0,0,0,"2,1",1.0,0.0,0.0,59.5,3.0,28.0,,,,,,,2,0,0,0,0,0,0,0,8,0,0,0,0,0,0,0,0,0,0,0,0.0,8,58.5,8,1.0,8,59.5,8,,0,8,,0
1157,1158,8,8,0,0,0,0,8,0,8,0,0,8,0,8,0.20725388601036268,1.0084033613445378,0.03669724770642202,1635.0,436,218.0,87200,13080,235980.000,231659.6929039200000000000000,0,231659.6929039200000000000000,70719.90709608000000000000000,148780.000,538359.60,476,0.20552677029360966,24,0,0,0,0,"2,1",1.0,0.0,0.0,59.5,3.0,28.0,,,,,,,2,0,0,0,0,0,0,0,8,0,0,0,0,0,0,0,0,0,0,0,0.0,8,58.5,8,1.0,8,59.5,8,,0,8,,0
1158,1159,8,8,0,0,0,0,8,0,8,0,0,8,0,8,0.2070750647109577,1.0084033613445378,0.03669724770642202,1635.0,436,218.0,87200,13080,235980.000,231659.6929039200000000000000,0,231659.6929039200000000000000,70719.90709608000000000000000,148780.000,538359.60,476,0.20534943917169973,24,0,0,0,0,"1,2",1.0,0.0,0.0,59.5,3.0,28.0,,,,,,,2,0,0,0,0,0,0,0,8,0,0,0,0,0,0,0,0,0,0,0,0.0,8,58.5,8,1.0,8,59.5,8,,0,8,,0
1159,1160,8,8,0,0,0,0,8,0,8,0,0,8,0,8,0.20689655172413796,1.0084033613445378,0.03669724770642202,1635.0,436,218.0,87200,13080,235980.000,231659.6929039200000000000000,0,231659.6929039200000000000000,70719.90709608000000000000000,148780.000,538359.60,476,0.20517241379310344,24,0,0,0,0,"2,1",1.0,0.0,0.0,59.5,3.0,28.0,,,,,,,2,0,0,0,0,0,0,0,8,0,0,0,0,0,0,0,0,0,0,0,0.0,8,58.5,8,1.0,8,59.5,8,,0,8,,0
1160,1161,8,8,0,0,0,0,8,0,8,0,0,8,0,8,0.20671834625322996,1.0084033613445378,0.03669724770642202,1635.0,436,218.0,87200,13080,235980.000,231659.6929039200000000000000,0,231659.6929039200000000000000,70719.90709608000000000000000,148780.000,538359.60,476,0.2049956933677864,24,0,0,0,0,"2,1",1.0,0.0,0.0,59.5,3.0,28.0,,,,,,,2,0,0,0,0,0,0,0,8,0,0,0,0,0,0,0,0,0,0,0,0.0,8,58.5,8,1.0,8,59.5,8,,0,8,,0
1161,1162,8,8,0,0,0,0,8,0,8,0,0,8,0,8,0.20654044750430292,1.0084033613445378,0.03669724770642202,1635.0,436,218.0,87200,13080,235980.000,231659.6929039200000000000000,0,231659.6929039200000000000000,70719.90709608000000000000000,148780.000,538359.60,476,0.20481927710843373,24,0,0,0,0,"2,1",1.0,0.0,0.0,59.5,3.0,28.0,,,,,,,2,0,0,0,0,0,0,0,8,0,0,0,0,0,0,0,0,0,0,0,0.0,8,58.5,8,1.0,8,59.5,8,,0,8,,0
1162,1163,8,8,0,0,0,0,8,0,8,0,0,8,0,8,0.2063628546861565,1.0084033613445378,0.03669724770642202,1635.0,436,218.0,87200,13080,235980.000,231659.6929039200000000000000,0,231659.6929039200000000000000,70719.90709608000000000000000,148780.000,538359.60,476,0.20464316423043852,24,0,0,0,0,"2,1",1.0,0.0,0.0,59.5,3.0,28.0,,,,,,,2,0,0,0,0,0,0,0,8,0,0,0,0,0,0,0,0,0,0,0,0.0,8,58.5,8,1.0,8,59.5,8,,0,8,,0
1163,1164,8,8,0,0,0,0,8,0,8,0,0,8,0,8,0.2061855670103093,1.0084033613445378,0.03669724770642202,1635.0,436,218.0,87200,13080,235980.000,231659.6929039200000000000000,0,231659.6929039200000000000000,70719.90709608000000000000000,148780.000,538359.60,476,0.20446735395189003,24,0,0,0,0,"2,1",1.0,0.0,0.0,59.5,3.0,28.0,,,,,,,2,0,0,0,0,0,0,0,8,0,0,0,0,0,0,0,0,0,0,0,0.0,8,58.5,8,1.0,8,59.5,8,,0,8,,0
1164,1165,8,8,0,0,0,0,8,0,8,0,0,8,0,8,0.20600858369098712,1.0084033613445378,0.03669724770642202,1635.0,436,218.0,87200,13080,235980.000,231659.6929039200000000000000,0,231659.6929039200000000000000,70719.90709608000000000000000,148780.000,538359.60,476,0.20429184549356222,24,0,0,0,0,"1,2",1.0,0.0,0.0,59.5,3.0,28.0,,,,,,,2,0,0,0,0,0,0,0,8,0,0,0,0,0,0,0,0,0,0,0,0.0,8,58.5,8,1.0,8,59.5,8,,0,8,,0
1165,1166,8,8,0,0,0,0,8,0,8,0,0,8,0,8,0.2058319039451115,1.0084033613445378,0.03669724770642202,1635.0,436,218.0,87200,13080,235980.000,231659.6929039200000000000000,0,231659.6929039200000000000000,70719.90709608000000000000000,148780.000,538359.60,476,0.20411663807890223,24,0,0,0,0,"1,2",1.0,0.0,0.0,59.5,3.0,28.0,,,,,,,2,0,0,0,0,0,0,0,8,0,0,0,0,0,0,0,0,0,0,0,0.0,8,58.5,8,1.0,8,59.5,8,,0,8,,0
1166,1167,8,8,0,0,0,0,8,0,8,0,0,8,0,8,0.20565552699228792,1.0084033613445378,0.03669724770642202,1635.0,436,218.0,87200,13080,235980.000,231659.6929039200000000000000,0,231659.6929039200000000000000,70719.90709608000000000000000,148780.000,538359.60,476,0.20394173093401885,24,0,0,0,0,"1,2",1.0,0.0,0.0,59.5,3.0,28.0,,,,,,,2,0,0,0,0,0,0,0,8,0,0,0,0,0,0,0,0,0,0,0,0.0,8,58.5,8,1.0,8,59.5,8,,0,8,,0
1167,1168,8,8,0,0,0,0,8,0,8,0,0,8,0,8,0.20547945205479454,1.0084033613445378,0.03669724770642202,1635.0,436,218.0,87200,13080,235980.000,231659.6929039200000000000000,0,231659.6929039200000000000000,70719.90709608000000000000000,148780.000,538359.60,476,0.20376712328767124,24,0,0,0,0,"1,2",1.0,0.0,0.0,59.5,3.0,28.0,,,,,,,2,0,0,0,0,0,0,0,8,0,0,0,0,0,0,0,0,0,0,0,0.0,8,58.5,8,1.0,8,59.5,8,,0,8,,0
1168,1169,8,8,0,0,0,0,8,0,8,0,0,8,0,8,0.20530367835757057,1.0084033613445378,0.03669724770642202,1635.0,436,218.0,87200,13080,235980.000,231659.6929039200000000000000,0,231659.6929039200000000000000,70719.90709608000000000000000,148780.000,538359.60,476,0.20359281437125748,24,0,0,0,0,"1,2",1.0,0.0,0.0,59.5,3.0,28.0,,,,,,,2,0,0,0,0,0,0,0,8,0,0,0,0,0,0,0,0,0,0,0,0.0,8,58.5,8,1.0,8,59.5,8,,0,8,,0
1169,1170,8,8,0,0,0,0,8,0,8,0,0,8,0,8,0.20512820512820512,1.0084033613445378,0.03669724770642202,1635.0,436,218.0,87200,13080,235980.000,231659.6929039200000000000000,0,231659.6929039200000000000000,70719.90709608000000000000000,148780.000,538359.60,476,0.20341880341880342,24,0,0,0,0,"2,1",1.0,0.0,0.0,59.5,3.0,28.0,,,,,,,2,0,0,0,0,0,0,0,8,0,0,0,0,0,0,0,0,0,0,0,0.0,8,58.5,8,1.0,8,59.5,8,,0,8,,0
1170,1171,8,8,0,0,0,0,8,0,8,0,0,8,0,8,0.2049530315969257,1.0084033613445378,0.03669724770642202,1635.0,436,218.0,87200,13080,235980.000,231659.6929039200000000000000,0,231659.6929039200000000000000,70719.90709608000000000000000,148780.000,538359.60,476,0.20324508966695132,24,0,0,0,0,"2,1",1.0,0.0,0.0,59.5,3.0,28.0,,,,,,,2,0,0,0,0,0,0,0,8,0,0,0,0,0,0,0,0,0,0,0,0.0,8,58.5,8,1.0,8,59.5,8,,0,8,,0
1171,1172,8,8,0,0,0,0,8,0,8,0,0,8,0,8,0.20477815699658702,1.0084033613445378,0.03669724770642202,1635.0,436,218.0,87200,13080,235980.000,231659.6929039200000000000000,0,231659.6929039200000000000000,70719.90709608000000000000000,148780.000,538359.60,476,0.2030716723549488,24,0,0,0,0,"2,1",1.0,0.0,0.0,59.5,3.0,28.0,,,,,,,2,0,0,0,0,0,0,0,8,0,0,0,0,0,0,0,0,0,0,0,0.0,8,58.5,8,1.0,8,59.5,8,,0,8,,0
1172,1173,8,8,0,0,0,0,8,0,8,0,0,8,0,8,0.20460358056265984,1.0084033613445378,0.03669724770642202,1635.0,436,218.0,87200,13080,235980.000,231659.6929039200000000000000,0,231659.6929039200000000000000,70719.90709608000000000000000,148780.000,538359.60,476,0.2028985507246377,24,0,0,0,0,"1,2",1.0,0.0,0.0,59.5,3.0,28.0,,,,,,,2,0,0,0,0,0,0,0,8,0,0,0,0,0,0,0,0,0,0,0,0.0,8,58.5,8,1.0,8,59.5,8,,0,8,,0
1173,1174,8,8,0,0,0,0,8,0,8,0,0,8,0,8,0.20442930153321975,1.0084033613445378,0.03669724770642202,1635.0,436,218.0,87200,13080,235980.000,231659.6929039200000000000000,0,231659.6929039200000000000000,70719.90709608000000000000000,148780.000,538359.60,476,0.20272572402044292,24,0,0,0,0,"1,2",1.0,0.0,0.0,59.5,3.0,28.0,,,,,,,2,0,0,0,0,0,0,0,8,0,0,0,0,0,0,0,0,0,0,0,0.0,8,58.5,8,1.0,8,59.5,8,,0,8,,0
1174,1175,8,8,0,0,0,0,8,0,8,0,0,8,0,8,0.2042553191489362,1.0084033613445378,0.03669724770642202,1635.0,436,218.0,87200,13080,235980.000,231659.6929039200000000000000,0,231659.6929039200000000000000,70719.90709608000000000000000,148780.000,538359.60,476,0.2025531914893617,24,0,0,0,0,"2,1",1.0,0.0,0.0,59.5,3.0,28.0,,,,,,,2,0,0,0,0,0,0,0,8,0,0,0,0,0,0,0,0,0,0,0,0.0,8,58.5,8,1.0,8,59.5,8,,0,8,,0
1175,1176,8,8,0,0,0,0,8,0,8,0,0,8,0,8,0.2040816326530612,1.0084033613445378,0.03669724770642202,1635.0,436,218.0,87200,13080,235980.000,231659.6929039200000000000000,0,231659.6929039200000000000000,70719.90709608000000000000000,148780.000,538359.60,476,0.20238095238095238,24,0,0,0,0,"2,1",1.0,0.0,0.0,59.5,3.0,28.0,,,,,,,2,0,0,0,0,0,0,0,8,0,0,0,0,0,0,0,0,0,0,0,0.0,8,58.5,8,1.0,8,59.5,8,,0,8,,0
1176,1177,8,8,0,0,0,0,8,0,8,0,0,8,0,8,0.20390824129141885,1.0084033613445378,0.03669724770642202,1635.0,436,218.0,87200,13080,235980.000,231659.6929039200000000000000,0,231659.6929039200000000000000,70719.90709608000000000000000,148780.000,538359.60,476,0.20220900594732372,24,0,0,0,0,"2,1",1.0,0.0,0.0,59.5,3.0,28.0,,,,,,,2,0,0,0,0,0,0,0,8,0,0,0,0,0,0,0,0,0,0,0,0.0,8,58.5,8,1.0,8,59.5,8,,0,8,,0
1177,1178,8,8,0,0,0,0,8,0,8,0,0,8,0,8,0.2037351443123939,1.0084033613445378,0.03669724770642202,1635.0,436,218.0,87200,13080,235980.000,231659.6929039200000000000000,0,231659.6929039200000000000000,70719.90709608000000000000000,148780.000,538359.60,476,0.20203735144312393,24,0,0,0,0,"1,2",1.0,0.0,0.0,59.5,3.0,28.0,,,,,,,2,0,0,0,0,0,0,0,8,0,0,0,0,0,0,0,0,0,0,0,0.0,8,58.5,8,1.0,8,59.5,8,,0,8,,0
1178,1179,8,8,0,0,0,0,8,0,8,0,0,8,0,8,0.20356234096692113,1.0084033613445378,0.03669724770642202,1635.0,436,218.0,87200,13080,235980.000,231659.6929039200000000000000,0,231659.6929039200000000000000,70719.90709608000000000000000,148780.000,538359.60,476,0.2018659881255301,24,0,0,0,0,"1,2",1.0,0.0,0.0,59.5,3.0,28.0,,,,,,,2,0,0,0,0,0,0,0,8,0,0,0,0,0,0,0,0,0,0,0,0.0,8,58.5,8,1.0,8,59.5,8,,0,8,,0
1179,1180,8,8,0,0,0,0,8,0,8,0,0,8,0,8,0.20338983050847456,1.0084033613445378,0.03669724770642202,1635.0,436,218.0,87200,13080,235980.000,231659.6929039200000000000000,0,231659.6929039200000000000000,70719.90709608000000000000000,148780.000,538359.60,476,0.2016949152542373,24,0,0,0,0,"2,1",1.0,0.0,0.0,59.5,3.0,28.0,,,,,,,2,0,0,0,0,0,0,0,8,0,0,0,0,0,0,0,0,0,0,0,0.0,8,58.5,8,1.0,8,59.5,8,,0,8,,0
1180,1181,8,8,0,0,0,0,8,0,8,0,0,8,0,8,0.20321761219305673,1.0084033613445378,0.03669724770642202,1635.0,436,218.0,87200,13080,235980.000,231659.6929039200000000000000,0,231659.6929039200000000000000,70719.90709608000000000000000,148780.000,538359.60,476,0.20152413209144793,24,0,0,0,0,"2,1",1.0,0.0,0.0,59.5,3.0,28.0,,,,,,,2,0,0,0,0,0,0,0,8,0,0,0,0,0,0,0,0,0,0,0,0.0,8,58.5,8,1.0,8,59.5,8,,0,8,,0
1181,1182,8,8,0,0,0,0,8,0,8,0,0,8,0,8,0.20304568527918782,1.0084033613445378,0.03669724770642202,1635.0,436,218.0,87200,13080,235980.000,231659.6929039200000000000000,0,231659.6929039200000000000000,70719.90709608000000000000000,148780.000,538359.60,476,0.20135363790186125,24,0,0,0,0,"2,1",1.0,0.0,0.0,59.5,3.0,28.0,,,,,,,2,0,0,0,0,0,0,0,8,0,0,0,0,0,0,0,0,0,0,0,0.0,8,58.5,8,1.0,8,59.5,8,,0,8,,0
1182,1183,8,8,0,0,0,0,8,0,8,0,0,8,0,8,0.2028740490278952,1.0084033613445378,0.03669724770642202,1635.0,436,218.0,87200,13080,235980.000,231659.6929039200000000000000,0,231659.6929039200000000000000,70719.90709608000000000000000,148780.000,538359.60,476,0.20118343195266272,24,0,0,0,0,"1,2",1.0,0.0,0.0,59.5,3.0,28.0,,,,,,,2,0,0,0,0,0,0,0,8,0,0,0,0,0,0,0,0,0,0,0,0.0,8,58.5,8,1.0,8,59.5,8,,0,8,,0
1183,1184,8,8,0,0,0,0,8,0,8,0,0,8,0,8,0.2027027027027027,1.0084033613445378,0.03669724770642202,1635.0,436,218.0,87200,13080,235980.000,231659.6929039200000000000000,0,231659.6929039200000000000000,70719.90709608000000000000000,148780.000,538359.60,476,0.20101351351351351,24,0,0,0,0,"1,2",1.0,0.0,0.0,59.5,3.0,28.0,,,,,,,2,0,0,0,0,0,0,0,8,0,0,0,0,0,0,0,0,0,0,0,0.0,8,58.5,8,1.0,8,59.5,8,,0,8,,0
1184,1185,8,8,0,0,0,0,8,0,8,0,0,8,0,8,0.20253164556962025,1.0084033613445378,0.03669724770642202,1635.0,436,218.0,87200,13080,235980.000,231659.6929039200000000000000,0,231659.6929039200000000000000,70719.90709608000000000000000,148780.000,538359.60,476,0.2008438818565401,24,0,0,0,0,"1,2",1.0,0.0,0.0,59.5,3.0,28.0,,,,,,,2,0,0,0,0,0,0,0,8,0,0,0,0,0,0,0,0,0,0,0,0.0,8,58.5,8,1.0,8,59.5,8,,0,8,,0
1185,1186,8,8,0,0,0,0,8,0,8,0,0,8,0,8,0.20236087689713322,1.0084033613445378,0.03669724770642202,1635.0,436,218.0,87200,13080,235980.000,231659.6929039200000000000000,0,231659.6929039200000000000000,70719.90709608000000000000000,148780.000,538359.60,476,0.20067453625632378,24,0,0,0,0,"1,2",1.0,0.0,0.0,59.5,3.0,28.0,,,,,,,2,0,0,0,0,0,0,0,8,0,0,0,0,0,0,0,0,0,0,0,0.0,8,58.5,8,1.0,8,59.5,8,,0,8,,0
1186,1187,8,8,0,0,0,0,8,0,8,0,0,8,0,8,0.20219039595619206,1.0084033613445378,0.03669724770642202,1635.0,436,218.0,87200,13080,235980.000,231659.6929039200000000000000,0,231659.6929039200000000000000,70719.90709608000000000000000,148780.000,538359.60,476,0.2005054759898905,24,0,0,0,0,"2,1",1.0,0.0,0.0,59.5,3.0,28.0,,,,,,,2,0,0,0,0,0,0,0,8,0,0,0,0,0,0,0,0,0,0,0,0.0,8,58.5,8,1.0,8,59.5,8,,0,8,,0
1187,1188,8,8,0,0,0,0,8,0,8,0,0,8,0,8,0.20202020202020202,1.0084033613445378,0.03669724770642202,1635.0,436,218.0,87200,13080,235980.000,231659.6929039200000000000000,0,231659.6929039200000000000000,70719.90709608000000000000000,148780.000,538359.60,476,0.20033670033670034,24,0,0,0,0,"2,1",1.0,0.0,0.0,59.5,3.0,28.0,,,,,,,2,0,0,0,0,0,0,0,8,0,0,0,0,0,0,0,0,0,0,0,0.0,8,58.5,8,1.0,8,59.5,8,,0,8,,0
1188,1189,8,8,0,0,0,0,8,0,8,0,0,8,0,8,0.20185029436501262,1.0084033613445378,0.03669724770642202,1635.0,436,218.0,87200,13080,235980.000,231659.6929039200000000000000,0,231659.6929039200000000000000,70719.90709608000000000000000,148780.000,538359.60,476,0.2001682085786375,24,0,0,0,0,"1,2",1.0,0.0,0.0,59.5,3.0,28.0,,,,,,,2,0,0,0,0,0,0,0,8,0,0,0,0,0,0,0,0,0,0,0,0.0,8,58.5,8,1.0,8,59.5,8,,0,8,,0
1189,1190,8,8,0,0,0,0,8,0,8,0,0,8,0,8,0.20168067226890757,1.0084033613445378,0.03669724770642202,1635.0,436,218.0,87200,13080,235980.000,231659.6929039200000000000000,0,231659.6929039200000000000000,70719.90709608000000000000000,148780.000,538359.60,476,0.2,24,0,0,0,0,"2,1",1.0,0.0,0.0,59.5,3.0,28.0,,,,,,,2,0,0,0,0,0,0,0,8,0,0,0,0,0,0,0,0,0,0,0,0.0,8,58.5,8,1.0,8,59.5,8,,0,8,,0
1190,1191,8,8,0,0,0,0,8,0,8,0,0,8,0,8,0.20151133501259444,1.0084033613445378,0.03669724770642202,1635.0,436,218.0,87200,13080,235980.000,231659.6929039200000000000000,0,231659.6929039200000000000000,70719.90709608000000000000000,148780.000,538359.60,476,0.1998320738874895,24,0,0,0,0,"1,2",1.0,0.0,0.0,59.5,3.0,28.0,,,,,,,2,0,0,0,0,0,0,0,8,0,0,0,0,0,0,0,0,0,0,0,0.0,8,58.5,8,1.0,8,59.5,8,,0,8,,0
1191,1192,8,8,0,0,0,0,8,0,8,0,0,8,0,8,0.20134228187919462,1.0084033613445378,0.03669724770642202,1635.0,436,218.0,87200,13080,235980.000,231659.6929039200000000000000,0,231659.6929039200000000000000,70719.90709608000000000000000,148780.000,538359.60,476,0.19966442953020133,24,0,0,0,0,"1,2",1.0,0.0,0.0,59.5,3.0,28.0,,,,,,,2,0,0,0,0,0,0,0,8,0,0,0,0,0,0,0,0,0,0,0,0.0,8,58.5,8,1.0,8,59.5,8,,0,8,,0
1192,1193,9,9,0,0,1,0,8,0,8,1,1,8,0,8,0.20117351215423304,1.0062893081761006,0.03669724770642202,1635.0,436,218.0,87200,13080,235980.000,231659.6929039200000000000000,0,231659.6929039200000000000000,70719.90709608000000000000000,148780.000,538359.60,477,0.19991617770326908,24,0,0,0,0,"1,2",0.8888888888888888,0.0,0.1111111111111111,59.5,3.0,28.0,,,,,,,1,0,0,1,0,0,1,0,8,0,0,0,0,0,1,0,0,0,0,0,0.0,9,58.5,8,1.0,8,59.5,8,,0,8,,0
1193,1194,9,9,0,0,1,0,8,0,8,1,1,8,0,8,0.20100502512562815,1.00418410041841,0.036613272311212815,1638.75,437,218.5,87400,13110,235980.000,231659.6929039200000000000000,0,231659.6929039200000000000000,70719.90709608000000000000000,148580.000,538359.60,478,0.20016750418760468,24,0,0,0,0,"1,2",0.8888888888888888,0.0,0.1111111111111111,59.5,3.0,28.0,,,,,,,1,0,0,1,0,0,1,0,8,0,0,0,0,0,1,0,0,0,0,0,0.0,9,58.5,8,1.0,8,59.5,8,,0,8,,0
1194,1195,9,9,0,0,1,0,8,0,8,1,1,8,0,8,0.200836820083682,1.0020876826722338,0.0365296803652968,1642.5,438,219.0,87600,13140,235980.000,231659.6929039200000000000000,0,231659.6929039200000000000000,70719.90709608000000000000000,148380.000,538359.60,479,0.200418410041841,24,0,0,0,0,"2,1",0.8888888888888888,0.0,0.1111111111111111,59.5,3.0,28.0,,,,,,,1,0,0,1,0,0,1,0,8,0,0,0,0,0,1,0,0,0,0,0,0.0,9,58.5,8,1.0,8,59.5,8,,0,8,,0
1195,1196,9,9,0,0,1,0,8,0,8,1,1,8,0,8,0.20066889632107024,1.0,0.03644646924829157,1646.25,439,219.5,87800,13170,235980.000,231659.6929039200000000000000,0,231659.6929039200000000000000,70719.90709608000000000000000,148180.000,538359.60,480,0.20066889632107024,24,0,0,0,0,"2,1",0.8888888888888888,0.0,0.1111111111111111,59.5,3.0,28.0,,,,,,,1,0,0,1,0,0,1,0,8,0,0,0,0,0,1,0,0,0,0,0,0.0,9,58.5,8,1.0,8,59.5,8,,0,8,,0
1196,1197,9,9,0,0,1,0,8,0,8,1,1,8,0,8,0.2005012531328321,0.9979209979209979,0.03636363636363636,1650.0,440,220.0,88000,13200,235980.000,231659.6929039200000000000000,0,231659.6929039200000000000000,70719.90709608000000000000000,147980.000,538359.60,481,0.2009189640768588,24,0,0,0,0,"2,1",0.8888888888888888,0.0,0.1111111111111111,59.5,3.0,28.0,,,,,,,1,0,0,1,0,0,1,0,8,0,0,0,0,0,1,0,0,0,0,0,0.0,9,58.5,8,1.0,8,59.5,8,,0,8,,0
1197,1198,9,9,0,0,1,0,8,0,8,1,1,8,0,8,0.2003338898163606,0.995850622406639,0.036281179138321996,1653.75,441,220.5,88200,13230,235980.000,231659.6929039200000000000000,0,231659.6929039200000000000000,70719.90709608000000000000000,147780.000,538359.60,482,0.2011686143572621,24,0,0,0,0,"1,2",0.8888888888888888,0.0,0.1111111111111111,59.5,3.0,28.0,,,,,,,1,0,0,1,0,0,1,0,8,0,0,0,0,0,1,0,0,0,0,0,0.0,9,58.5,8,1.0,8,59.5,8,,0,8,,0
1198,1199,9,9,0,0,1,0,8,0,8,1,1,8,0,8,0.2001668056713928,0.9937888198757763,0.03619909502262444,1657.5,442,221.0,88400,13260,235980.000,231659.6929039200000000000000,0,231659.6929039200000000000000,70719.90709608000000000000000,147580.000,538359.60,483,0.20141784820683903,24,0,0,0,0,"2,1",0.8888888888888888,0.0,0.1111111111111111,59.5,3.0,28.0,,,,,,,1,0,0,1,0,0,1,0,8,0,0,0,0,0,1,0,0,0,0,0,0.0,9,58.5,8,1.0,8,59.5,8,,0,8,,0
1199,1200,9,9,0,0,1,0,8,0,8,1,1,8,0,8,0.2,0.9917355371900827,0.03611738148984198,1661.25,443,221.5,88600,13290,235980.000,231659.6929039200000000000000,0,231659.6929039200000000000000,70719.90709608000000000000000,147380.000,538359.60,484,0.20166666666666666,24,0,0,0,0,"1,2",0.8888888888888888,0.0,0.1111111111111111,59.5,3.0,28.0,,,,,,,1,0,0,1,0,0,1,0,8,0,0,0,0,0,1,0,0,0,0,0,0.0,9,58.5,8,1.0,8,59.5,8,,0,8,,0
1200,1201,9,9,0,0,1,0,8,0,8,1,1,8,0,8,0.19983347210657787,0.9896907216494845,0.036036036036036036,1665.0,444,222.0,88800,13320,235980.000,231659.6929039200000000000000,0,231659.6929039200000000000000,70719.90709608000000000000000,147180.000,538359.60,485,0.2019150707743547,24,0,0,0,0,"2,1",0.8888888888888888,0.0,0.1111111111111111,59.5,3.0,28.0,,,,,,,1,0,0,1,0,0,1,0,8,0,0,0,0,0,1,0,0,0,0,0,0.0,9,58.5,8,1.0,8,59.5,8,,0,8,,0
1201,1202,9,9,0,0,1,0,8,0,8,1,1,8,0,8,0.19966722129783693,0.9876543209876544,0.035955056179775284,1668.75,445,222.5,89000,13350,235980.000,231659.6929039200000000000000,0,231659.6929039200000000000000,70719.90709608000000000000000,146980.000,538359.60,486,0.2021630615640599,24,0,0,0,0,"1,2",0.8888888888888888,0.0,0.1111111111111111,59.5,3.0,28.0,,,,,,,1,0,0,1,0,0,1,0,8,0,0,0,0,0,1,0,0,0,0,0,0.0,9,58.5,8,1.0,8,59.5,8,,0,8,,0
1202,1203,9,9,0,0,1,0,8,0,8,1,1,8,0,8,0.199501246882793,0.9856262833675564,0.03587443946188341,1672.5,446,223.0,89200,13380,235980.000,231659.6929039200000000000000,0,231659.6929039200000000000000,70719.90709608000000000000000,146780.000,538359.60,487,0.20241064006650042,24,0,0,0,0,"2,1",0.8888888888888888,0.0,0.1111111111111111,59.5,3.0,28.0,,,,,,,1,0,0,1,0,0,1,0,8,0,0,0,0,0,1,0,0,0,0,0,0.0,9,58.5,8,1.0,8,59.5,8,,0,8,,0
1203,1204,9,9,0,0,1,0,8,0,8,1,1,8,0,8,0.19933554817275748,0.9836065573770493,0.035794183445190156,1676.25,447,223.5,89400,13410,235980.000,231659.6929039200000000000000,0,231659.6929039200000000000000,70719.90709608000000000000000,146580.000,538359.60,488,0.2026578073089701,24,0,0,0,0,"2,1",0.8888888888888888,0.0,0.1111111111111111,59.5,3.0,28.0,,,,,,,1,0,0,1,0,0,1,0,8,0,0,0,0,0,1,0,0,0,0,0,0.0,9,58.5,8,1.0,8,59.5,8,,0,8,,0
1204,1205,9,9,0,0,1,0,8,0,8,1,1,8,0,8,0.19917012448132781,0.9815950920245399,0.03571428571428571,1680.0,448,224.0,89600,13440,235980.000,231659.6929039200000000000000,0,231659.6929039200000000000000,70719.90709608000000000000000,146380.000,538359.60,489,0.2029045643153527,24,0,0,0,0,"1,2",0.8888888888888888,0.0,0.1111111111111111,59.5,3.0,28.0,,,,,,,1,0,0,1,0,0,1,0,8,0,0,0,0,0,1,0,0,0,0,0,0.0,9,58.5,8,1.0,8,59.5,8,,0,8,,0
1205,1206,9,9,0,0,1,0,8,0,8,1,1,8,0,8,0.1990049751243781,0.979591836734694,0.035634743875278395,1683.75,449,224.5,89800,13470,235980.000,231659.6929039200000000000000,0,231659.6929039200000000000000,70719.90709608000000000000000,146180.000,538359.60,490,0.20315091210613598,24,0,0,0,0,"2,1",0.8888888888888888,0.0,0.1111111111111111,59.5,3.0,28.0,,,,,,,1,0,0,1,0,0,1,0,8,0,0,0,0,0,1,0,0,0,0,0,0.0,9,58.5,8,1.0,8,59.5,8,,0,8,,0
1206,1207,9,9,0,0,1,0,8,0,8,1,1,8,0,8,0.1988400994200497,0.9775967413441955,0.035555555555555556,1687.5,450,225.0,90000,13500,235980.000,231659.6929039200000000000000,0,231659.6929039200000000000000,70719.90709608000000000000000,145980.000,538359.60,491,0.20339685169842586,24,0,0,0,0,"1,2",0.8888888888888888,0.0,0.1111111111111111,59.5,3.0,28.0,,,,,,,1,0,0,1,0,0,1,0,8,0,0,0,0,0,1,0,0,0,0,0,0.0,9,58.5,8,1.0,8,59.5,8,,0,8,,0
1207,1208,9,9,0,0,1,0,8,0,8,1,1,8,0,8,0.19867549668874174,0.9756097560975611,0.03547671840354767,1691.25,451,225.5,90200,13530,235980.000,231659.6929039200000000000000,0,231659.6929039200000000000000,70719.90709608000000000000000,145780.000,538359.60,492,0.20364238410596028,24,0,0,0,0,"2,1",0.8888888888888888,0.0,0.1111111111111111,59.5,3.0,28.0,,,,,,,1,0,0,1,0,0,0,1,8,0,0,0,0,0,1,0,0,0,0,0,0.0,9,58.5,8,1.0,8,59.5,8,,0,8,,0
1208,1209,9,9,0,0,1,0,8,0,8,1,1,8,0,8,0.19851116625310175,0.973630831643002,0.035398230088495575,1695.0,452,226.0,90400,13560,235980.000,231659.6929039200000000000000,0,231659.6929039200000000000000,70719.90709608000000000000000,145580.000,538359.60,493,0.20388751033912325,24,0,0,0,0,"2,1",0.8888888888888888,0.0,0.1111111111111111,59.5,3.0,28.0,,,,,,,1,0,0,1,0,0,0,1,8,0,0,0,0,0,1,0,0,0,0,0,0.0,9,58.5,8,1.0,8,59.5,8,,0,8,,0
1209,1210,9,9,0,0,1,0,8,0,8,1,1,8,0,8,0.1983471074380165,0.9716599190283401,0.03532008830022075,1698.75,453,226.5,90600,13590,235980.000,231659.6929039200000000000000,0,231659.6929039200000000000000,70719.90709608000000000000000,145380.000,538359.60,494,0.20413223140495868,24,0,0,0,0,"2,1",0.8888888888888888,0.0,0.1111111111111111,59.5,3.0,28.0,,,,,,,1,0,0,1,0,0,0,1,8,0,0,0,0,0,1,0,0,0,0,0,0.0,9,58.5,8,1.0,8,59.5,8,,0,8,,0
1210,1211,9,9,0,0,1,0,8,0,8,1,1,8,0,8,0.1981833195706028,0.9696969696969697,0.03524229074889868,1702.5,454,227.0,90800,13620,235980.000,231659.6929039200000000000000,0,231659.6929039200000000000000,70719.90709608000000000000000,145180.000,538359.60,495,0.20437654830718416,24,0,0,0,0,"1,2",0.8888888888888888,0.0,0.1111111111111111,59.5,3.0,28.0,,,,,,,1,0,0,1,0,0,0,1,8,0,0,0,0,0,1,0,0,0,0,0,0.0,9,58.5,8,1.0,8,59.5,8,,0,8,,0
1211,1212,9,9,0,0,1,0,8,0,8,1,1,8,0,8,0.19801980198019803,0.9677419354838709,0.035164835164835165,1706.25,455,227.5,91000,13650,235980.000,231659.6929039200000000000000,0,231659.6929039200000000000000,70719.90709608000000000000000,144980.000,538359.60,496,0.20462046204620463,24,0,0,0,0,"2,1",0.8888888888888888,0.0,0.1111111111111111,59.5,3.0,28.0,,,,,,,1,0,0,1,0,0,0,1,8,0,0,0,0,0,1,0,0,0,0,0,0.0,9,58.5,8,1.0,8,59.5,8,,0,8,,0
1212,1213,9,9,0,0,1,0,8,0,8,1,1,8,0,8,0.1978565539983512,0.96579476861167,0.03508771929824561,1710.0,456,228.0,91200,13680,235980.000,231659.6929039200000000000000,0,231659.6929039200000000000000,70719.90709608000000000000000,144780.000,538359.60,497,0.20486397361912614,24,0,0,0,0,"1,2",0.8888888888888888,0.0,0.1111111111111111,59.5,3.0,28.0,,,,,,,1,0,0,1,0,0,0,1,8,0,0,0,0,0,1,0,0,0,0,0,0.0,9,58.5,8,1.0,8,59.5,8,,0,8,,0
1213,1214,9,9,0,0,1,0,8,0,8,1,1,8,0,8,0.19769357495881382,0.9638554216867469,0.0350109409190372,1713.75,457,228.5,91400,13710,235980.000,231659.6929039200000000000000,0,231659.6929039200000000000000,70719.90709608000000000000000,144580.000,538359.60,498,0.20510708401976935,24,0,0,0,0,"2,1",0.8888888888888888,0.0,0.1111111111111111,59.5,3.0,28.0,,,,,,,1,0,0,1,0,0,0,1,8,0,0,0,0,0,1,0,0,0,0,0,0.0,9,58.5,8,1.0,8,59.5,8,,0,8,,0
1214,1215,9,9,0,0,1,0,8,0,8,1,1,8,0,8,0.19753086419753085,0.9619238476953909,0.034934497816593885,1717.5,458,229.0,91600,13740,235980.000,231659.6929039200000000000000,0,231659.6929039200000000000000,70719.90709608000000000000000,144380.000,538359.60,499,0.20534979423868313,24,0,0,0,0,"2,1",0.8888888888888888,0.0,0.1111111111111111,59.5,3.0,28.0,,,,,,,1,0,0,1,0,0,0,1,8,0,0,0,0,0,1,0,0,0,0,0,0.0,9,58.5,8,1.0,8,59.5,8,,0,8,,0
1215,1216,9,9,0,0,1,0,8,0,8,1,1,8,0,8,0.19736842105263158,0.96,0.034858387799564274,1721.25,459,229.5,91800,13770,235980.000,231659.6929039200000000000000,0,231659.6929039200000000000000,70719.90709608000000000000000,144180.000,538359.60,500,0.20559210526315788,24,0,0,0,0,"1,2",0.8888888888888888,0.0,0.1111111111111111,59.5,3.0,28.0,,,,,,,1,0,0,1,0,0,0,1,8,0,0,0,0,0,1,0,0,0,0,0,0.0,9,58.5,8,1.0,8,59.5,8,,0,8,,0
1216,1217,9,9,0,0,1,0,8,0,8,1,1,8,0,8,0.19720624486442068,0.9580838323353293,0.034782608695652174,1725.0,460,230.0,92000,13800,235980.000,231659.6929039200000000000000,0,231659.6929039200000000000000,70719.90709608000000000000000,143980.000,538359.60,501,0.2058340180772391,24,0,0,0,0,"2,1",0.8888888888888888,0.0,0.1111111111111111,59.5,3.0,28.0,,,,,,,1,0,0,1,0,0,0,1,8,0,0,0,0,0,1,0,0,0,0,0,0.0,9,58.5,8,1.0,8,59.5,8,,0,8,,0
1217,1218,9,9,0,0,1,0,8,0,8,1,1,8,0,8,0.19704433497536944,0.9561752988047808,0.03470715835140998,1728.75,461,230.5,92200,13830,235980.000,231659.6929039200000000000000,0,231659.6929039200000000000000,70719.90709608000000000000000,143780.000,538359.60,502,0.20607553366174056,24,0,0,0,0,"2,1",0.8888888888888888,0.0,0.1111111111111111,59.5,3.0,28.0,,,,,,,1,0,0,1,0,0,0,1,8,0,0,0,0,0,1,0,0,0,0,0,0.0,9,58.5,8,1.0,8,59.5,8,,0,8,,0
1218,1219,10,10,0,0,2,0,8,0,8,2,2,8,0,8,0.19688269073010664,0.9523809523809523,0.03463203463203463,1732.5,462,231.0,92400,13860,235980.000,231659.6929039200000000000000,0,231659.6929039200000000000000,70719.90709608000000000000000,143580.000,538359.60,504,0.20672682526661199,24,0,0,0,0,"1,2",0.8,0.0,0.2,59.5,3.0,28.0,,,,,,,0,0,0,2,0,0,1,1,8,0,0,0,0,0,2,0,0,0,0,0,0.0,10,58.5,8,1.0,8,59.5,8,,0,8,,0
1219,1220,10,10,0,0,2,0,8,0,8,2,2,8,0,8,0.19672131147540986,0.9486166007905138,0.034482758620689655,1740.0,464,232.0,92800,13920,235980.000,231659.6929039200000000000000,0,231659.6929039200000000000000,70719.90709608000000000000000,143180.000,538359.60,506,0.20737704918032787,24,0,0,0,0,"2,1",0.8,0.0,0.2,59.5,3.0,28.0,,,,,,,0,0,0,2,0,0,1,1,8,0,0,0,0,0,2,0,0,0,0,0,0.0,10,58.5,8,1.0,8,59.5,8,,0,8,,0
1220,1221,10,10,0,0,2,0,8,0,8,2,2,8,0,8,0.19656019656019655,0.9448818897637795,0.034334763948497854,1747.5,466,233.0,93200,13980,235980.000,231659.6929039200000000000000,0,231659.6929039200000000000000,70719.90709608000000000000000,142780.000,538359.60,508,0.20802620802620803,24,0,0,0,0,"2,1",0.8,0.0,0.2,59.5,3.0,28.0,,,,,,,0,0,0,2,0,0,1,1,8,0,0,0,0,0,2,0,0,0,0,0,0.0,10,58.5,8,1.0,8,59.5,8,,0,8,,0
1221,1222,10,10,0,0,2,0,8,0,8,2,2,8,0,8,0.19639934533551553,0.9411764705882353,0.03418803418803419,1755.0,468,234.0,93600,14040,235980.000,231659.6929039200000000000000,0,231659.6929039200000000000000,70719.90709608000000000000000,142380.000,538359.60,510,0.20867430441898527,24,0,0,0,0,"1,2",0.8,0.0,0.2,59.5,3.0,28.0,,,,,,,0,0,0,2,0,0,1,1,8,0,0,0,0,0,2,0,0,0,0,0,0.0,10,58.5,8,1.0,8,59.5,8,,0,8,,0
1222,1223,10,10,0,0,2,0,8,0,8,2,2,8,0,8,0.19623875715453803,0.9375,0.03404255319148936,1762.5,470,235.0,94000,14100,235980.000,231659.6929039200000000000000,0,231659.6929039200000000000000,70719.90709608000000000000000,141980.000,538359.60,512,0.20932134096484056,24,0,0,0,0,"2,1",0.8,0.0,0.2,59.5,3.0,28.0,,,,,,,0,0,0,2,0,0,1,1,8,0,0,0,0,0,2,0,0,0,0,0,0.0,10,58.5,8,1.0,8,59.5,8,,0,8,,0
1223,1224,10,10,0,0,2,0,8,0,8,2,2,8,0,8,0.19607843137254904,0.933852140077821,0.03389830508474576,1770.0,472,236.0,94400,14160,235980.000,231659.6929039200000000000000,0,231659.6929039200000000000000,70719.90709608000000000000000,141580.000,538359.60,514,0.2099673202614379,24,0,0,0,0,"1,2",0.8,0.0,0.2,59.5,3.0,28.0,,,,,,,0,0,0,2,0,0,1,1,8,0,0,0,0,0,2,0,0,0,0,0,0.0,10,58.5,8,1.0,8,59.5,8,,0,8,,0
1224,1225,10,10,0,0,2,0,8,0,8,2,2,8,0,8,0.19591836734693877,0.9302325581395349,0.03375527426160337,1777.5,474,237.0,94800,14220,235980.000,231659.6929039200000000000000,0,231659.6929039200000000000000,70719.90709608000000000000000,141180.000,538359.60,516,0.21061224489795918,24,0,0,0,0,"2,1",0.8,0.0,0.2,59.5,3.0,28.0,,,,,,,0,0,0,2,0,0,1,1,8,0,0,0,0,0,2,0,0,0,0,0,0.0,10,58.5,8,1.0,8,59.5,8,,0,8,,0
1225,1226,10,10,0,0,2,0,8,0,8,2,2,8,0,8,0.19575856443719414,0.9266409266409267,0.03361344537815126,1785.0,476,238.0,95200,14280,235980.000,231659.6929039200000000000000,0,231659.6929039200000000000000,70719.90709608000000000000000,140780.000,538359.60,518,0.21125611745513867,24,0,0,0,0,"1,2",0.8,0.0,0.2,59.5,3.0,28.0,,,,,,,0,0,0,2,0,0,1,1,8,0,0,0,0,0,2,0,0,0,0,0,0.0,10,58.5,8,1.0,8,59.5,8,,0,8,,0
1226,1227,10,10,0,0,2,0,8,0,8,2,2,8,0,8,0.19559902200489,0.9230769230769231,0.03347280334728033,1792.5,478,239.0,95600,14340,235980.000,231659.6929039200000000000000,0,231659.6929039200000000000000,70719.90709608000000000000000,140380.000,538359.60,520,0.21189894050529748,24,0,0,0,0,"1,2",0.8,0.0,0.2,59.5,3.0,28.0,,,,,,,0,0,0,2,0,0,1,1,8,0,0,0,0,0,2,0,0,0,0,0,0.0,10,58.5,8,1.0,8,59.5,8,,0,8,,0
1227,1228,10,10,0,0,2,0,8,0,8,2,2,8,0,8,0.19543973941368079,0.9195402298850576,0.03333333333333333,1800.0,480,240.0,96000,14400,235980.000,231659.6929039200000000000000,0,231659.6929039200000000000000,70719.90709608000000000000000,139980.000,538359.60,522,0.21254071661237786,24,0,0,0,0,"2,1",0.8,0.0,0.2,59.5,3.0,28.0,,,,,,,0,0,0,2,0,0,1,1,8,0,0,0,0,0,2,0,0,0,0,0,0.0,10,58.5,8,1.0,8,59.5,8,,0,8,,0
1228,1229,10,10,0,0,2,0,8,0,8,2,2,8,0,8,0.1952807160292921,0.9160305343511451,0.03319502074688797,1807.5,482,241.0,96400,14460,235980.000,231659.6929039200000000000000,0,231659.6929039200000000000000,70719.90709608000000000000000,139580.000,538359.60,524,0.21318144833197722,24,0,0,0,0,"1,2",0.8,0.0,0.2,59.5,3.0,28.0,,,,,,,0,0,0,2,0,0,1,1,8,0,0,0,0,0,2,0,0,0,0,0,0.0,10,58.5,8,1.0,8,59.5,8,,0,8,,0
1229,1230,10,10,0,0,2,0,8,0,8,2,2,8,0,8,0.1951219512195122,0.9125475285171102,0.03305785123966942,1815.0,484,242.0,96800,14520,235980.000,231659.6929039200000000000000,0,231659.6929039200000000000000,70719.90709608000000000000000,139180.000,538359.60,526,0.2138211382113821,24,0,0,0,0,"2,1",0.8,0.0,0.2,59.5,3.0,28.0,,,,,,,0,0,0,2,0,0,1,1,8,0,0,0,0,0,2,0,0,0,0,0,0.0,10,58.5,8,1.0,8,59.5,8,,0,8,,0
1230,1231,10,10,0,0,2,0,8,0,8,2,2,8,0,8,0.1949634443541836,0.9090909090909091,0.03292181069958848,1822.5,486,243.0,97200,14580,235980.000,231659.6929039200000000000000,0,231659.6929039200000000000000,70719.90709608000000000000000,138780.000,538359.60,528,0.21445978878960195,24,0,0,0,0,"1,2",0.8,0.0,0.2,59.5,3.0,28.0,,,,,,,0,0,0,2,0,0,1,1,8,0,0,0,0,0,2,0,0,0,0,0,0.0,10,58.5,8,1.0,8,59.5,8,,0,8,,0
1231,1232,10,10,0,0,2,0,8,0,8,2,2,8,0,8,0.1948051948051948,0.9056603773584905,0.03278688524590164,1830.0,488,244.0,97600,14640,235980.000,231659.6929039200000000000000,0,231659.6929039200000000000000,70719.90709608000000000000000,138380.000,538359.60,530,0.2150974025974026,24,0,0,0,0,"1,2",0.8,0.0,0.2,59.5,3.0,28.0,,,,,,,0,0,0,2,0,0,1,1,8,0,0,0,0,0,2,0,0,0,0,0,0.0,10,58.5,8,1.0,8,59.5,8,,0,8,,0
1232,1233,10,10,0,0,2,0,8,0,8,2,2,8,0,8,0.194647201946472,0.9022556390977443,0.0326530612244898,1837.5,490,245.0,98000,14700,235980.000,231659.6929039200000000000000,0,231659.6929039200000000000000,70719.90709608000000000000000,137980.000,538359.60,532,0.21573398215733983,24,0,0,0,0,"1,2",0.8,0.0,0.2,59.5,3.0,28.0,,,,,,,0,0,0,2,0,0,1,1,8,0,0,0,0,0,2,0,0,0,0,0,0.0,10,58.5,8,1.0,8,59.5,8,,0,8,,0
1233,1234,10,10,0,0,2,0,8,0,8,2,2,8,0,8,0.19448946515397084,0.898876404494382,0.032520325203252036,1845.0,492,246.0,98400,14760,235980.000,231659.6929039200000000000000,0,231659.6929039200000000000000,70719.90709608000000000000000,137580.000,538359.60,534,0.21636952998379255,24,0,0,0,0,"1,2",0.8,0.0,0.2,59.5,3.0,28.0,,,,,,,0,0,0,2,0,0,0,2,8,0,0,0,0,0,2,0,0,0,0,0,0.0,10,58.5,8,1.0,8,59.5,8,,0,8,,0
1234,1235,10,10,0,0,2,0,8,0,8,2,2,8,0,8,0.19433198380566802,0.8955223880597015,0.032388663967611336,1852.5,494,247.0,98800,14820,235980.000,231659.6929039200000000000000,0,231659.6929039200000000000000,70719.90709608000000000000000,137180.000,538359.60,536,0.21700404858299596,24,0,0,0,0,"1,2",0.8,0.0,0.2,59.5,3.0,28.0,,,,,,,0,0,0,1,1,0,0,2,8,0,0,0,0,0,2,0,0,0,0,0,0.0,10,58.5,8,1.0,8,59.5,8,,0,8,,0
1235,1236,10,10,0,0,2,0,8,0,8,2,2,8,0,8,0.1941747572815534,0.8921933085501859,0.03232323232323232,1856.25,495,247.5,99000,14850,235980.000,231659.6929039200000000000000,0,231659.6929039200000000000000,70719.90709608000000000000000,136980.000,538359.60,538,0.21763754045307443,24,0,0,0,0,"2,1",0.8,0.0,0.2,59.5,2.6666666666666665,28.0,,,,,,,0,0,0,1,0,1,0,1,9,0,0,0,0,0,1,0,0,0,0,0,0.0,10,58.5,8,1.0,8,59.5,8,,0,9,,0
1236,1237,10,10,0,0,2,0,8,0,8,2,2,8,0,8,0.19401778496362165,0.8888888888888888,0.03219315895372234,1863.75,497,248.5,99400,14910,235980.000,231659.6929039200000000000000,0,231659.6929039200000000000000,70719.90709608000000000000000,136580.000,538359.60,540,0.21827000808407437,24,0,0,0,0,"1,2",0.8,0.0,0.2,59.5,2.6666666666666665,28.0,,,,,,,0,0,0,1,0,1,0,1,9,0,0,0,0,0,1,0,0,0,0,0,0.0,10,58.5,8,1.0,8,59.5,8,,0,9,,0
1237,1238,10,10,0,0,2,0,8,0,8,2,2,8,0,8,0.1938610662358643,0.8856088560885609,0.03206412825651302,1871.25,499,249.5,99800,14970,235980.000,231659.6929039200000000000000,0,231659.6929039200000000000000,70719.90709608000000000000000,136180.000,538359.60,542,0.21890145395799676,24,0,0,0,0,"1,2",0.8,0.0,0.2,59.5,2.6666666666666665,28.0,,,,,,,0,0,0,1,0,1,0,1,9,0,0,0,0,0,1,0,0,0,0,0,0.0,10,58.5,8,1.0,8,59.5,8,,0,9,,0
1238,1239,10,10,0,0,2,0,8,0,8,2,2,8,0,8,0.19370460048426152,0.8823529411764706,0.031936127744510975,1878.75,501,250.5,100200,15030,235980.000,231659.6929039200000000000000,0,231659.6929039200000000000000,70719.90709608000000000000000,135780.000,538359.60,544,0.2195318805488297,24,0,0,0,0,"1,2",0.8,0.0,0.2,59.5,2.6666666666666665,28.0,,,,,,,0,0,0,1,0,1,0,1,9,0,0,0,0,0,1,0,0,0,0,0,0.0,10,58.5,8,1.0,8,59.5,8,,0,9,,0
1239,1240,10,10,0,0,2,0,8,0,8,2,2,8,0,8,0.1935483870967742,0.8791208791208791,0.03180914512922465,1886.25,503,251.5,100600,15090,235980.000,231659.6929039200000000000000,0,231659.6929039200000000000000,70719.90709608000000000000000,135380.000,538359.60,546,0.22016129032258064,24,0,0,0,0,"2,1",0.8,0.0,0.2,59.5,2.6666666666666665,28.0,,,,,,,0,0,0,1,0,1,0,1,9,0,0,0,0,0,1,0,0,0,0,0,0.0,10,58.5,8,1.0,8,59.5,8,,0,9,,0
1240,1241,10,10,0,0,2,0,8,0,8,2,2,8,0,8,0.19339242546333602,0.8759124087591241,0.031683168316831684,1893.75,505,252.5,101000,15150,235980.000,231659.6929039200000000000000,0,231659.6929039200000000000000,70719.90709608000000000000000,134980.000,538359.60,548,0.22078968573730862,24,0,0,0,0,"2,1",0.8,0.0,0.2,59.5,2.6666666666666665,28.0,,,,,,,0,0,0,1,0,1,0,1,9,0,0,0,0,0,1,0,0,0,0,0,0.0,10,58.5,8,1.0,8,59.5,8,,0,9,,0
1241,1242,10,10,0,0,2,0,8,0,8,2,2,8,0,8,0.1932367149758454,0.8727272727272728,0.03155818540433925,1901.25,507,253.5,101400,15210,235980.000,231659.6929039200000000000000,0,231659.6929039200000000000000,70719.90709608000000000000000,134580.000,538359.60,550,0.2214170692431562,24,0,0,0,0,"1,2",0.8,0.0,0.2,59.5,2.6666666666666665,28.0,,,,,,,0,0,0,1,0,1,0,1,9,0,0,0,0,0,1,0,0,0,0,0,0.0,10,58.5,8,1.0,8,59.5,8,,0,9,,0
1242,1243,10,10,0,0,2,0,8,0,8,2,2,8,0,8,0.1930812550281577,0.8695652173913044,0.03143418467583497,1908.75,509,254.5,101800,15270,235980.000,231659.6929039200000000000000,0,231659.6929039200000000000000,70719.90709608000000000000000,134180.000,538359.60,552,0.22204344328238135,24,0,0,0,0,"1,2",0.8,0.0,0.2,59.5,2.6666666666666665,28.0,,,,,,,0,0,0,1,0,1,0,1,9,0,0,0,0,0,1,0,0,0,0,0,0.0,10,58.5,8,1.0,8,59.5,8,,0,9,,0
1243,1244,10,10,0,0,2,0,8,0,8,2,2,8,0,8,0.19292604501607716,0.8664259927797835,0.03131115459882583,1916.25,511,255.5,102200,15330,235980.000,231659.6929039200000000000000,0,231659.6929039200000000000000,70719.90709608000000000000000,133780.000,538359.60,554,0.22266881028938906,24,0,0,0,0,"1,2",0.8,0.0,0.2,59.5,2.6666666666666665,28.0,,,,,,,0,0,0,1,0,1,0,1,9,0,0,0,0,0,1,0,0,0,0,0,0.0,10,58.5,8,1.0,8,59.5,8,,0,9,,0
1244,1245,10,10,0,0,2,0,8,0,8,2,2,8,0,8,0.1927710843373494,0.8633093525179856,0.031189083820662766,1923.75,513,256.5,102600,15390,235980.000,231659.6929039200000000000000,0,231659.6929039200000000000000,70719.90709608000000000000000,133380.000,538359.60,556,0.22329317269076304,24,0,0,0,0,"1,2",0.8,0.0,0.2,59.5,2.6666666666666665,28.0,,,,,,,0,0,0,1,0,1,0,1,9,0,0,0,0,0,1,0,0,0,0,0,0.0,10,58.5,8,1.0,8,59.5,8,,0,9,,0
1245,1246,10,10,0,0,2,0,8,0,8,2,2,8,0,8,0.1926163723916533,0.8602150537634408,0.031067961165048542,1931.25,515,257.5,103000,15450,235980.000,231659.6929039200000000000000,0,231659.6929039200000000000000,70719.90709608000000000000000,132980.000,538359.60,558,0.22391653290529695,24,0,0,0,0,"1,2",0.8,0.0,0.2,59.5,2.6666666666666665,28.0,,,,,,,0,0,0,1,0,1,0,1,9,0,0,0,0,0,1,0,0,0,0,0,0.0,10,58.5,8,1.0,8,59.5,8,,0,9,,0
1246,1247,10,10,0,0,2,0,8,0,8,2,2,8,0,8,0.19246190858059342,0.8571428571428571,0.030947775628626693,1938.75,517,258.5,103400,15510,235980.000,231659.6929039200000000000000,0,231659.6929039200000000000000,70719.90709608000000000000000,132580.000,538359.60,560,0.22453889334402566,24,0,0,0,0,"2,1",0.8,0.0,0.2,59.5,2.6666666666666665,28.0,,,,,,,0,0,0,1,0,1,0,1,9,0,0,0,0,0,1,0,0,0,0,0,0.0,10,58.5,8,1.0,8,59.5,8,,0,9,,0
1247,1248,10,10,0,0,2,0,8,0,8,2,2,8,0,8,0.1923076923076923,0.8540925266903914,0.030828516377649325,1946.25,519,259.5,103800,15570,235980.000,231659.6929039200000000000000,0,231659.6929039200000000000000,70719.90709608000000000000000,132180.000,538359.60,562,0.22516025641025642,24,0,0,0,0,"1,2",0.8,0.0,0.2,59.5,2.6666666666666665,28.0,,,,,,,0,0,0,1,0,1,0,1,9,0,0,0,0,0,1,0,0,0,0,0,0.0,10,58.5,8,1.0,8,59.5,8,,0,9,,0
1248,1249,10,10,0,0,2,0,8,0,8,2,2,8,0,8,0.1921537229783827,0.851063829787234,0.030710172744721688,1953.75,521,260.5,104200,15630,235980.000,231659.6929039200000000000000,0,231659.6929039200000000000000,70719.90709608000000000000000,131780.000,538359.60,564,0.22578062449959968,24,0,0,0,0,"2,1",0.8,0.0,0.2,59.5,2.6666666666666665,28.0,,,,,,,0,0,0,1,0,1,0,1,9,0,0,0,0,0,1,0,0,0,0,0,0.0,10,58.5,8,1.0,8,59.5,8,,0,9,,0
1249,1250,10,10,0,0,2,0,8,0,8,2,2,8,0,8,0.192,0.8480565371024735,0.030592734225621414,1961.25,523,261.5,104600,15690,235980.000,231659.6929039200000000000000,0,231659.6929039200000000000000,70719.90709608000000000000000,131380.000,538359.60,566,0.2264,24,0,0,0,0,"1,2",0.8,0.0,0.2,59.5,2.6666666666666665,28.0,,,,,,,0,0,0,1,0,1,0,1,9,0,0,0,0,0,1,0,0,0,0,0,0.0,10,58.5,8,1.0,8,59.5,8,,0,9,,0
1250,1251,10,10,0,0,2,0,8,0,8,2,2,8,0,8,0.19184652278177458,0.8450704225352113,0.030476190476190476,1968.75,525,262.5,105000,15750,235980.000,231659.6929039200000000000000,0,231659.6929039200000000000000,70719.90709608000000000000000,130980.000,538359.60,568,0.2270183852917666,24,0,0,0,0,"1,2",0.8,0.0,0.2,59.5,2.6666666666666665,28.0,,,,,,,0,0,0,1,0,1,0,1,9,0,0,0,0,0,1,0,0,0,0,0,0.0,10,58.5,8,1.0,8,59.5,8,,0,9,,0
1251,1252,10,10,0,0,2,0,8,0,8,2,2,8,0,8,0.19169329073482427,0.8421052631578947,0.030360531309297913,1976.25,527,263.5,105400,15810,235980.000,231659.6929039200000000000000,0,231659.6929039200000000000000,70719.90709608000000000000000,130580.000,538359.60,570,0.22763578274760382,24,0,0,0,0,"2,1",0.8,0.0,0.2,59.5,2.6666666666666665,28.0,,,,,,,0,0,0,1,0,1,0,1,9,0,0,0,0,0,1,0,0,0,0,0,0.0,10,58.5,8,1.0,8,59.5,8,,0,9,,0
1252,1253,10,10,0,0,2,0,8,0,8,2,2,8,0,8,0.19154030327214686,0.8391608391608392,0.030245746691871456,1983.75,529,264.5,105800,15870,235980.000,231659.6929039200000000000000,0,231659.6929039200000000000000,70719.90709608000000000000000,130180.000,538359.60,572,0.22825219473264166,24,0,0,0,0,"2,1",0.8,0.0,0.2,59.5,2.6666666666666665,28.0,,,,,,,0,0,0,0,1,1,0,1,9,0,0,0,0,0,1,0,0,0,0,0,0.0,10,58.5,8,1.0,8,59.5,8,,0,9,,0
1253,1254,10,10,0,0,2,0,8,0,8,2,2,8,0,8,0.19138755980861244,0.8362369337979094,0.03018867924528302,1987.5,530,265.0,106000,15900,235980.000,231659.6929039200000000000000,0,231659.6929039200000000000000,70719.90709608000000000000000,129980.000,538359.60,574,0.22886762360446572,24,0,0,0,0,"1,2",0.8,0.0,0.2,59.5,2.4,28.0,,,,,,,0,0,0,0,0,2,0,0,10,0,0,0,0,0,0,0,0,0,0,0,0.0,10,58.5,8,1.0,8,59.5,8,,0,10,,0
1254,1255,10,10,0,0,2,0,8,0,8,2,2,8,0,8,0.19123505976095617,0.8333333333333334,0.03007518796992481,1995.0,532,266.0,106400,15960,235980.000,231659.6929039200000000000000,0,231659.6929039200000000000000,70719.90709608000000000000000,129580.000,538359.60,576,0.2294820717131474,24,0,0,0,0,"2,1",0.8,0.0,0.2,59.5,2.4,28.0,,,,,,,0,0,0,0,0,2,0,0,10,0,0,0,0,0,0,0,0,0,0,0,0.0,10,58.5,8,1.0,8,59.5,8,,0,10,,0
1255,1256,10,10,0,0,2,0,8,0,8,2,2,8,0,8,0.19108280254777069,0.8304498269896194,0.0299625468164794,2002.5,534,267.0,106800,16020,235980.000,231659.6929039200000000000000,0,231659.6929039200000000000000,70719.90709608000000000000000,129180.000,538359.60,578,0.2300955414012739,24,0,0,0,0,"2,1",0.8,0.0,0.2,59.5,2.4,28.0,,,,,,,0,0,0,0,0,2,0,0,10,0,0,0,0,0,0,0,0,0,0,0,0.0,10,58.5,8,1.0,8,59.5,8,,0,10,,0
1256,1257,10,10,0,0,2,0,8,0,8,2,2,8,0,8,0.1909307875894988,0.8275862068965518,0.029850746268656716,2010.0,536,268.0,107200,16080,235980.000,231659.6929039200000000000000,0,231659.6929039200000000000000,70719.90709608000000000000000,128780.000,538359.60,580,0.2307080350039777,24,0,0,0,0,"1,2",0.8,0.0,0.2,59.5,2.4,28.0,,,,,,,0,0,0,0,0,2,0,0,10,0,0,0,0,0,0,0,0,0,0,0,0.0,10,58.5,8,1.0,8,59.5,8,,0,10,,0
1257,1258,10,10,0,0,2,0,8,0,8,2,2,8,0,8,0.1907790143084261,0.8247422680412372,0.02973977695167286,2017.5,538,269.0,107600,16140,235980.000,231659.6929039200000000000000,0,231659.6929039200000000000000,70719.90709608000000000000000,128380.000,538359.60,582,0.2313195548489666,24,0,0,0,0,"1,2",0.8,0.0,0.2,59.5,2.4,28.0,,,,,,,0,0,0,0,0,2,0,0,10,0,0,0,0,0,0,0,0,0,0,0,0.0,10,58.5,8,1.0,8,59.5,8,,0,10,,0
1258,1259,10,10,0,0,2,0,8,0,8,2,2,8,0,8,0.19062748212867353,0.8219178082191781,0.02962962962962963,2025.0,540,270.0,108000,16200,235980.000,231659.6929039200000000000000,0,231659.6929039200000000000000,70719.90709608000000000000000,127980.000,538359.60,584,0.23193010325655283,24,0,0,0,0,"1,2",0.8,0.0,0.2,59.5,2.4,28.0,,,,,,,0,0,0,0,0,2,0,0,10,0,0,0,0,0,0,0,0,0,0,0,0.0,10,58.5,8,1.0,8,59.5,8,,0,10,,0
1259,1260,10,10,0,0,2,0,8,0,8,2,2,8,0,8,0.19047619047619047,0.8191126279863481,0.02952029520295203,2032.5,542,271.0,108400,16260,235980.000,231659.6929039200000000000000,0,231659.6929039200000000000000,70719.90709608000000000000000,127580.000,538359.60,586,0.23253968253968255,24,0,0,0,0,"2,1",0.8,0.0,0.2,59.5,2.4,28.0,,,,,,,0,0,0,0,0,2,0,0,10,0,0,0,0,0,0,0,0,0,0,0,0.0,10,58.5,8,1.0,8,59.5,8,,0,10,,0
1260,1261,10,10,0,0,2,0,8,0,8,2,2,8,0,8,0.19032513877874704,0.8163265306122448,0.029411764705882353,2040.0,544,272.0,108800,16320,235980.000,231659.6929039200000000000000,0,231659.6929039200000000000000,70719.90709608000000000000000,127180.000,538359.60,588,0.2331482950039651,24,0,0,0,0,"1,2",0.8,0.0,0.2,59.5,2.4,28.0,,,,,,,0,0,0,0,0,2,0,0,10,0,0,0,0,0,0,0,0,0,0,0,0.0,10,58.5,8,1.0,8,59.5,8,,0,10,,0
1261,1262,10,10,0,0,2,0,8,0,8,2,2,8,0,8,0.19017432646592708,0.8135593220338982,0.029304029304029304,2047.5,546,273.0,109200,16380,235980.000,231659.6929039200000000000000,0,231659.6929039200000000000000,70719.90709608000000000000000,126780.000,538359.60,590,0.23375594294770205,24,0,0,0,0,"2,1",0.8,0.0,0.2,59.5,2.4,28.0,,,,,,,0,0,0,0,0,2,0,0,10,0,0,0,0,0,0,0,0,0,0,0,0.0,10,58.5,8,1.0,8,59.5,8,,0,10,,0
1262,1263,10,10,0,0,2,0,8,0,8,2,2,8,0,8,0.19002375296912113,0.8108108108108107,0.029197080291970802,2055.0,548,274.0,109600,16440,235980.000,231659.6929039200000000000000,0,231659.6929039200000000000000,70719.90709608000000000000000,126380.000,538359.60,592,0.23436262866191607,24,0,0,0,0,"2,1",0.8,0.0,0.2,59.5,2.4,28.0,,,,,,,0,0,0,0,0,2,0,0,10,0,0,0,0,0,0,0,0,0,0,0,0.0,10,58.5,8,1.0,8,59.5,8,,0,10,,0
1263,1264,10,10,0,0,2,0,8,0,8,2,2,8,0,8,0.189873417721519,0.8080808080808081,0.02909090909090909,2062.5,550,275.0,110000,16500,235980.000,231659.6929039200000000000000,0,231659.6929039200000000000000,70719.90709608000000000000000,125980.000,538359.60,594,0.23496835443037975,24,0,0,0,0,"1,2",0.8,0.0,0.2,59.5,2.4,28.0,,,,,,,0,0,0,0,0,2,0,0,10,0,0,0,0,0,0,0,0,0,0,0,0.0,10,58.5,8,1.0,8,59.5,8,,0,10,,0
1264,1265,10,10,0,0,2,0,8,0,8,2,2,8,0,8,0.18972332015810278,0.8053691275167785,0.028985507246376812,2070.0,552,276.0,110400,16560,235980.000,231659.6929039200000000000000,0,231659.6929039200000000000000,70719.90709608000000000000000,125580.000,538359.60,596,0.23557312252964427,24,0,0,0,0,"2,1",0.8,0.0,0.2,59.5,2.4,28.0,,,,,,,0,0,0,0,0,2,0,0,10,0,0,0,0,0,0,0,0,0,0,0,0.0,10,58.5,8,1.0,8,59.5,8,,0,10,,0
1265,1266,10,10,0,0,2,0,8,0,8,2,2,8,0,8,0.1895734597156398,0.802675585284281,0.02888086642599278,2077.5,554,277.0,110800,16620,235980.000,231659.6929039200000000000000,0,231659.6929039200000000000000,70719.90709608000000000000000,125180.000,538359.60,598,0.23617693522906794,24,0,0,0,0,"1,2",0.8,0.0,0.2,59.5,2.4,28.0,,,,,,,0,0,0,0,0,2,0,0,10,0,0,0,0,0,0,0,0,0,0,0,0.0,10,58.5,8,1.0,8,59.5,8,,0,10,,0
1266,1267,10,10,0,0,2,0,8,0,8,2,2,8,0,8,0.1894238358326756,0.8,0.02877697841726619,2085.0,556,278.0,111200,16680,235980.000,231659.6929039200000000000000,0,231659.6929039200000000000000,70719.90709608000000000000000,124780.000,538359.60,600,0.23677979479084452,24,0,0,0,0,"2,1",0.8,0.0,0.2,59.5,2.4,28.0,,,,,,,0,0,0,0,0,2,0,0,10,0,0,0,0,0,0,0,0,0,0,0,0.0,10,58.5,8,1.0,8,59.5,8,,0,10,,0
1267,1268,10,10,0,0,2,0,8,0,8,2,2,8,0,8,0.18927444794952683,0.7973421926910299,0.02867383512544803,2092.5,558,279.0,111600,16740,235980.000,231659.6929039200000000000000,0,231659.6929039200000000000000,70719.90709608000000000000000,124380.000,538359.60,602,0.23738170347003154,24,0,0,0,0,"1,2",0.8,0.0,0.2,59.5,2.4,28.0,,,,,,,0,0,0,0,0,2,0,0,10,0,0,0,0,0,0,0,0,0,0,0,0.0,10,58.5,8,1.0,8,59.5,8,,0,10,,0
1268,1269,10,10,0,0,2,0,8,0,8,2,2,8,0,8,0.18912529550827425,0.794701986754967,0.02857142857142857,2100.0,560,280.0,112000,16800,235980.000,231659.6929039200000000000000,0,231659.6929039200000000000000,70719.90709608000000000000000,123980.000,538359.60,604,0.23798266351457842,24,0,0,0,0,"1,2",0.8,0.0,0.2,59.5,2.4,28.0,,,,,,,0,0,0,0,0,2,0,0,10,0,0,0,0,0,0,0,0,0,0,0,0.0,10,58.5,8,1.0,8,59.5,8,,0,10,,0
1269,1270,10,10,0,0,2,0,8,0,8,2,2,8,0,8,0.1889763779527559,0.7920792079207921,0.028469750889679714,2107.5,562,281.0,112400,16860,235980.000,231659.6929039200000000000000,0,231659.6929039200000000000000,70719.90709608000000000000000,123580.000,538359.60,606,0.23858267716535433,24,0,0,0,0,"2,1",0.8,0.0,0.2,59.5,2.4,28.0,,,,,,,0,0,0,0,0,2,0,0,10,0,0,0,0,0,0,0,0,0,0,0,0.0,10,58.5,8,1.0,8,59.5,8,,0,10,,0
1270,1271,10,10,0,0,2,0,8,0,8,2,2,8,0,8,0.18882769472856017,0.7894736842105263,0.028368794326241134,2115.0,564,282.0,112800,16920,235980.000,231659.6929039200000000000000,0,231659.6929039200000000000000,70719.90709608000000000000000,123180.000,538359.60,608,0.23918174665617625,24,0,0,0,0,"2,1",0.8,0.0,0.2,59.5,2.4,28.0,,,,,,,0,0,0,0,0,2,0,0,10,0,0,0,0,0,0,0,0,0,0,0,0.0,10,58.5,8,1.0,8,59.5,8,,0,10,,0
1271,1272,10,10,0,0,2,0,8,0,8,2,2,8,0,8,0.18867924528301888,0.7868852459016394,0.028268551236749116,2122.5,566,283.0,113200,16980,235980.000,231659.6929039200000000000000,0,231659.6929039200000000000000,70719.90709608000000000000000,122780.000,538359.60,610,0.23977987421383648,24,0,0,0,0,"2,1",0.8,0.0,0.2,59.5,2.4,28.0,,,,,,,0,0,0,0,0,2,0,0,10,0,0,0,0,0,0,0,0,0,0,0,0.0,10,58.5,8,1.0,8,59.5,8,,0,10,,0
1272,1273,10,10,0,0,2,0,8,0,8,2,2,8,0,8,0.18853102906520033,0.7843137254901962,0.028169014084507043,2130.0,568,284.0,113600,17040,235980.000,231659.6929039200000000000000,0,231659.6929039200000000000000,70719.90709608000000000000000,122380.000,538359.60,612,0.2403770620581304,24,0,0,0,0,"2,1",0.8,0.0,0.2,59.5,2.4,28.0,,,,,,,0,0,0,0,0,2,0,0,10,0,0,0,0,0,0,0,0,0,0,0,0.0,10,58.5,8,1.0,8,59.5,8,,0,10,,0
1273,1274,10,10,0,0,2,0,8,0,8,2,2,8,0,8,0.18838304552590265,0.7817589576547231,0.028070175438596492,2137.5,570,285.0,114000,17100,235980.000,231659.6929039200000000000000,0,231659.6929039200000000000000,70719.90709608000000000000000,121980.000,538359.60,614,0.24097331240188383,24,0,0,0,0,"2,1",0.8,0.0,0.2,59.5,2.4,28.0,,,,,,,0,0,0,0,0,2,0,0,10,0,0,0,0,0,0,0,0,0,0,0,0.0,10,58.5,8,1.0,8,59.5,8,,0,10,,0
1274,1275,10,10,0,0,2,0,8,0,8,2,2,8,0,8,0.18823529411764706,0.7792207792207791,0.027972027972027972,2145.0,572,286.0,114400,17160,235980.000,231659.6929039200000000000000,0,231659.6929039200000000000000,70719.90709608000000000000000,121580.000,538359.60,616,0.2415686274509804,24,0,0,0,0,"1,2",0.8,0.0,0.2,59.5,2.4,28.0,,,,,,,0,0,0,0,0,2,0,0,10,0,0,0,0,0,0,0,0,0,0,0,0.0,10,58.5,8,1.0,8,59.5,8,,0,10,,0
1275,1276,10,10,0,0,2,0,8,0,8,2,2,8,0,8,0.18808777429467086,0.7766990291262136,0.027874564459930314,2152.5,574,287.0,114800,17220,235980.000,231659.6929039200000000000000,0,231659.6929039200000000000000,70719.90709608000000000000000,121180.000,538359.60,618,0.2421630094043887,24,0,0,0,0,"2,1",0.8,0.0,0.2,59.5,2.4,28.0,,,,,,,0,0,0,0,0,2,0,0,10,0,0,0,0,0,0,0,0,0,0,0,0.0,10,58.5,8,1.0,8,59.5,8,,0,10,,0
1276,1277,10,10,0,0,2,0,8,0,8,2,2,8,0,8,0.1879404855129209,0.7741935483870968,0.027777777777777776,2160.0,576,288.0,115200,17280,235980.000,231659.6929039200000000000000,0,231659.6929039200000000000000,70719.90709608000000000000000,120780.000,538359.60,620,0.2427564604541895,24,0,0,0,0,"2,1",0.8,0.0,0.2,59.5,2.4,28.0,,,,,,,0,0,0,0,0,2,0,0,10,0,0,0,0,0,0,0,0,0,0,0,0.0,10,58.5,8,1.0,8,59.5,8,,0,10,,0
1277,1278,10,10,0,0,1,1,8,0,9,2,2,8,0,8,0.18779342723004694,0.7717041800643086,0.02768166089965398,2167.5,578,289.0,115600,17340,235980.000,231659.6929039200000000000000,0,231659.6929039200000000000000,70719.90709608000000000000000,120380.000,538359.60,622,0.2433489827856025,24,0,0,0,0,"2,1",0.8,0.0,0.2,59.5,2.4,28.0,,,,,,,1,0,0,0,0,1,0,0,10,0,0,0,0,0,0,0,0,0,0,0,0.0,10,61.44444444444444,9,1.0,8,59.5,8,,0,10,,0
1278,1279,10,10,0,0,1,0,9,0,9,1,1,9,0,9,0.2111024237685692,0.8667736757624398,0.031088082901554404,1930.0,579,289.5,115800,17370,279450.000,260083.2910135000000000000000,0,260083.2910135000000000000000,80659.20898650000000000000000,163650.000,620192.50,623,0.24354964816262706,24,0,0,0,0,"1,2",0.9,0.0,0.1,62.44444444444444,2.4,29.555555555555557,,,,,,,1,0,0,0,0,1,0,0,10,0,0,0,0,0,0,0,0,0,0,0,0.0,10,61.44444444444444,9,1.0,9,62.44444444444444,9,,0,10,,0
1279,1280,10,10,0,0,1,0,9,0,9,1,1,9,0,9,0.2109375,0.8653846153846153,0.03103448275862069,1933.3333333333333,580,290.0,116000,17400,279450.000,260083.2910135000000000000000,0,260083.2910135000000000000000,80659.20898650000000000000000,163450.000,620192.50,624,0.24375,24,0,0,0,0,"2,1",0.9,0.0,0.1,62.44444444444444,2.4,29.555555555555557,,,,,,,1,0,0,0,0,1,0,0,10,0,0,0,0,0,0,0,0,0,0,0,0.0,10,61.44444444444444,9,1.0,9,62.44444444444444,9,,0,10,,0
1280,1281,10,10,0,0,1,0,9,0,9,1,1,9,0,9,0.21077283372365338,0.8640000000000001,0.03098106712564544,1936.6666666666667,581,290.5,116200,17430,279450.000,260083.2910135000000000000000,0,260083.2910135000000000000000,80659.20898650000000000000000,163250.000,620192.50,625,0.24395003903200624,24,0,0,0,0,"1,2",0.9,0.0,0.1,62.44444444444444,2.4,29.555555555555557,,,,,,,1,0,0,0,0,1,0,0,10,0,0,0,0,0,0,0,0,0,0,0,0.0,10,61.44444444444444,9,1.0,9,62.44444444444444,9,,0,10,,0
1281,1282,10,10,0,0,1,0,9,0,9,1,1,9,0,9,0.21060842433697347,0.8626198083067093,0.030927835051546393,1940.0,582,291.0,116400,17460,279450.000,260083.2910135000000000000000,0,260083.2910135000000000000000,80659.20898650000000000000000,163050.000,620192.50,626,0.24414976599063962,24,0,0,0,0,"1,2",0.9,0.0,0.1,62.44444444444444,2.4,29.555555555555557,,,,,,,1,0,0,0,0,1,0,0,10,0,0,0,0,0,0,0,0,0,0,0,0.0,10,61.44444444444444,9,1.0,9,62.44444444444444,9,,0,10,,0
1282,1283,10,10,0,0,0,1,9,0,10,1,1,9,0,9,0.21044427123928294,0.861244019138756,0.030874785591766724,1943.3333333333333,583,291.5,116600,17490,279450.000,260083.2910135000000000000000,0,260083.2910135000000000000000,80659.20898650000000000000000,162850.000,620192.50,627,0.24434918160561184,24,0,0,0,0,"1,2",0.9,0.0,0.1,62.44444444444444,2.4,29.555555555555557,,,,,,,2,0,0,0,0,0,0,0,10,0,0,0,0,0,0,0,0,0,0,0,0.0,10,61.7,10,1.0,9,62.44444444444444,9,,0,10,,0
1283,1284,10,10,0,0,0,0,10,0,10,0,0,10,0,10,0.23364485981308414,0.9569377990430623,0.03430531732418525,1749.0,583,291.5,116600,17490,309465.000,294515.4527872000000000000000,0,294515.4527872000000000000000,90730.54721280000000000000000,192865.000,694711.00,627,0.2441588785046729,24,0,0,0,0,"2,1",1.0,0.0,0.0,62.7,2.4,29.5,,,,,,,2,0,0,0,0,0,0,0,10,0,0,0,0,0,0,0,0,0,0,0,0.0,10,61.7,10,1.0,10,62.7,10,,0,10,,0
1284,1285,10,10,0,0,0,0,10,0,10,0,0,10,0,10,0.23346303501945523,0.9569377990430623,0.03430531732418525,1749.0,583,291.5,116600,17490,309465.000,294515.4527872000000000000000,0,294515.4527872000000000000000,90730.54721280000000000000000,192865.000,694711.00,627,0.24396887159533073,24,0,0,0,0,"1,2",1.0,0.0,0.0,62.7,2.4,29.5,,,,,,,2,0,0,0,0,0,0,0,10,0,0,0,0,0,0,0,0,0,0,0,0.0,10,61.7,10,1.0,10,62.7,10,,0,10,,0
1285,1286,10,10,0,0,0,0,10,0,10,0,0,10,0,10,0.2332814930015552,0.9569377990430623,0.03430531732418525,1749.0,583,291.5,116600,17490,309465.000,294515.4527872000000000000000,0,294515.4527872000000000000000,90730.54721280000000000000000,192865.000,694711.00,627,0.24377916018662518,24,0,0,0,0,"1,2",1.0,0.0,0.0,62.7,2.4,29.5,,,,,,,2,0,0,0,0,0,0,0,10,0,0,0,0,0,0,0,0,0,0,0,0.0,10,61.7,10,1.0,10,62.7,10,,0,10,,0
1286,1287,10,10,0,0,0,0,10,0,10,0,0,10,0,10,0.23310023310023312,0.9569377990430623,0.03430531732418525,1749.0,583,291.5,116600,17490,309465.000,294515.4527872000000000000000,0,294515.4527872000000000000000,90730.54721280000000000000000,192865.000,694711.00,627,0.24358974358974358,24,0,0,0,0,"2,1",1.0,0.0,0.0,62.7,2.4,29.5,,,,,,,2,0,0,0,0,0,0,0,10,0,0,0,0,0,0,0,0,0,0,0,0.0,10,61.7,10,1.0,10,62.7,10,,0,10,,0
1287,1288,10,10,0,0,0,0,10,0,10,0,0,10,0,10,0.23291925465838512,0.9569377990430623,0.03430531732418525,1749.0,583,291.5,116600,17490,309465.000,294515.4527872000000000000000,0,294515.4527872000000000000000,90730.54721280000000000000000,192865.000,694711.00,627,0.24340062111801242,24,0,0,0,0,"2,1",1.0,0.0,0.0,62.7,2.4,29.5,,,,,,,2,0,0,0,0,0,0,0,10,0,0,0,0,0,0,0,0,0,0,0,0.0,10,61.7,10,1.0,10,62.7,10,,0,10,,0
1288,1289,10,10,0,0,0,0,10,0,10,0,0,10,0,10,0.23273855702094645,0.9569377990430623,0.03430531732418525,1749.0,583,291.5,116600,17490,309465.000,294515.4527872000000000000000,0,294515.4527872000000000000000,90730.54721280000000000000000,192865.000,694711.00,627,0.24321179208688906,24,0,0,0,0,"2,1",1.0,0.0,0.0,62.7,2.4,29.5,,,,,,,2,0,0,0,0,0,0,0,10,0,0,0,0,0,0,0,0,0,0,0,0.0,10,61.7,10,1.0,10,62.7,10,,0,10,,0
1289,1290,10,10,0,0,0,0,10,0,10,0,0,10,0,10,0.23255813953488372,0.9569377990430623,0.03430531732418525,1749.0,583,291.5,116600,17490,309465.000,294515.4527872000000000000000,0,294515.4527872000000000000000,90730.54721280000000000000000,192865.000,694711.00,627,0.24302325581395348,24,0,0,0,0,"1,2",1.0,0.0,0.0,62.7,2.4,29.5,,,,,,,2,0,0,0,0,0,0,0,10,0,0,0,0,0,0,0,0,0,0,0,0.0,10,61.7,10,1.0,10,62.7,10,,0,10,,0
1290,1291,10,10,0,0,0,0,10,0,10,0,0,10,0,10,0.2323780015491867,0.9569377990430623,0.03430531732418525,1749.0,583,291.5,116600,17490,309465.000,294515.4527872000000000000000,0,294515.4527872000000000000000,90730.54721280000000000000000,192865.000,694711.00,627,0.2428350116189001,24,0,0,0,0,"1,2",1.0,0.0,0.0,62.7,2.4,29.5,,,,,,,2,0,0,0,0,0,0,0,10,0,0,0,0,0,0,0,0,0,0,0,0.0,10,61.7,10,1.0,10,62.7,10,,0,10,,0
1291,1292,10,10,0,0,0,0,10,0,10,0,0,10,0,10,0.23219814241486067,0.9569377990430623,0.03430531732418525,1749.0,583,291.5,116600,17490,309465.000,294515.4527872000000000000000,0,294515.4527872000000000000000,90730.54721280000000000000000,192865.000,694711.00,627,0.2426470588235294,24,0,0,0,0,"2,1",1.0,0.0,0.0,62.7,2.4,29.5,,,,,,,2,0,0,0,0,0,0,0,10,0,0,0,0,0,0,0,0,0,0,0,0.0,10,61.7,10,1.0,10,62.7,10,,0,10,,0
1292,1293,10,10,0,0,0,0,10,0,10,0,0,10,0,10,0.23201856148491878,0.9569377990430623,0.03430531732418525,1749.0,583,291.5,116600,17490,309465.000,294515.4527872000000000000000,0,294515.4527872000000000000000,90730.54721280000000000000000,192865.000,694711.00,627,0.24245939675174014,24,0,0,0,0,"2,1",1.0,0.0,0.0,62.7,2.4,29.5,,,,,,,2,0,0,0,0,0,0,0,10,0,0,0,0,0,0,0,0,0,0,0,0.0,10,61.7,10,1.0,10,62.7,10,,0,10,,0
1293,1294,10,10,0,0,0,0,10,0,10,0,0,10,0,10,0.23183925811437403,0.9569377990430623,0.03430531732418525,1749.0,583,291.5,116600,17490,309465.000,294515.4527872000000000000000,0,294515.4527872000000000000000,90730.54721280000000000000000,192865.000,694711.00,627,0.24227202472952086,24,0,0,0,0,"1,2",1.0,0.0,0.0,62.7,2.4,29.5,,,,,,,2,0,0,0,0,0,0,0,10,0,0,0,0,0,0,0,0,0,0,0,0.0,10,61.7,10,1.0,10,62.7,10,,0,10,,0
1294,1295,10,10,0,0,0,0,10,0,10,0,0,10,0,10,0.23166023166023167,0.9569377990430623,0.03430531732418525,1749.0,583,291.5,116600,17490,309465.000,294515.4527872000000000000000,0,294515.4527872000000000000000,90730.54721280000000000000000,192865.000,694711.00,627,0.24208494208494208,24,0,0,0,0,"2,1",1.0,0.0,0.0,62.7,2.4,29.5,,,,,,,2,0,0,0,0,0,0,0,10,0,0,0,0,0,0,0,0,0,0,0,0.0,10,61.7,10,1.0,10,62.7,10,,0,10,,0
1295,1296,10,10,0,0,0,0,10,0,10,0,0,10,0,10,0.23148148148148145,0.9569377990430623,0.03430531732418525,1749.0,583,291.5,116600,17490,309465.000,294515.4527872000000000000000,0,294515.4527872000000000000000,90730.54721280000000000000000,192865.000,694711.00,627,0.24189814814814814,24,0,0,0,0,"2,1",1.0,0.0,0.0,62.7,2.4,29.5,,,,,,,2,0,0,0,0,0,0,0,10,0,0,0,0,0,0,0,0,0,0,0,0.0,10,61.7,10,1.0,10,62.7,10,,0,10,,0
1296,1297,10,10,0,0,0,0,10,0,10,0,0,10,0,10,0.2313030069390902,0.9569377990430623,0.03430531732418525,1749.0,583,291.5,116600,17490,309465.000,294515.4527872000000000000000,0,294515.4527872000000000000000,90730.54721280000000000000000,192865.000,694711.00,627,0.24171164225134928,24,0,0,0,0,"2,1",1.0,0.0,0.0,62.7,2.4,29.5,,,,,,,2,0,0,0,0,0,0,0,10,0,0,0,0,0,0,0,0,0,0,0,0.0,10,61.7,10,1.0,10,62.7,10,,0,10,,0
1297,1298,10,10,0,0,0,0,10,0,10,0,0,10,0,10,0.23112480739599384,0.9569377990430623,0.03430531732418525,1749.0,583,291.5,116600,17490,309465.000,294515.4527872000000000000000,0,294515.4527872000000000000000,90730.54721280000000000000000,192865.000,694711.00,627,0.24152542372881355,24,0,0,0,0,"2,1",1.0,0.0,0.0,62.7,2.4,29.5,,,,,,,2,0,0,0,0,0,0,0,10,0,0,0,0,0,0,0,0,0,0,0,0.0,10,61.7,10,1.0,10,62.7,10,,0,10,,0
1298,1299,10,10,0,0,0,0,10,0,10,0,0,10,0,10,0.2309468822170901,0.9569377990430623,0.03430531732418525,1749.0,583,291.5,116600,17490,309465.000,294515.4527872000000000000000,0,294515.4527872000000000000000,90730.54721280000000000000000,192865.000,694711.00,627,0.24133949191685913,24,0,0,0,0,"2,1",1.0,0.0,0.0,62.7,2.4,29.5,,,,,,,2,0,0,0,0,0,0,0,10,0,0,0,0,0,0,0,0,0,0,0,0.0,10,61.7,10,1.0,10,62.7,10,,0,10,,0
1299,1300,10,10,0,0,0,0,10,0,10,0,0,10,0,10,0.23076923076923075,0.9569377990430623,0.03430531732418525,1749.0,583,291.5,116600,17490,309465.000,294515.4527872000000000000000,0,294515.4527872000000000000000,90730.54721280000000000000000,192865.000,694711.00,627,0.24115384615384616,24,0,0,0,0,"1,2",1.0,0.0,0.0,62.7,2.4,29.5,,,,,,,2,0,0,0,0,0,0,0,10,0,0,0,0,0,0,0,0,0,0,0,0.0,10,61.7,10,1.0,10,62.7,10,,0,10,,0
1300,1301,10,10,0,0,0,0,10,0,10,0,0,10,0,10,0.23059185242121444,0.9569377990430623,0.03430531732418525,1749.0,583,291.5,116600,17490,309465.000,294515.4527872000000000000000,0,294515.4527872000000000000000,90730.54721280000000000000000,192865.000,694711.00,627,0.2409684857801691,24,0,0,0,0,"2,1",1.0,0.0,0.0,62.7,2.4,29.5,,,,,,,2,0,0,0,0,0,0,0,10,0,0,0,0,0,0,0,0,0,0,0,0.0,10,61.7,10,1.0,10,62.7,10,,0,10,,0
1301,1302,10,10,0,0,0,0,10,0,10,0,0,10,0,10,0.2304147465437788,0.9569377990430623,0.03430531732418525,1749.0,583,291.5,116600,17490,309465.000,294515.4527872000000000000000,0,294515.4527872000000000000000,90730.54721280000000000000000,192865.000,694711.00,627,0.24078341013824886,24,0,0,0,0,"2,1",1.0,0.0,0.0,62.7,2.4,29.5,,,,,,,2,0,0,0,0,0,0,0,10,0,0,0,0,0,0,0,0,0,0,0,0.0,10,61.7,10,1.0,10,62.7,10,,0,10,,0
1302,1303,10,10,0,0,0,0,10,0,10,0,0,10,0,10,0.23023791250959327,0.9569377990430623,0.03430531732418525,1749.0,583,291.5,116600,17490,309465.000,294515.4527872000000000000000,0,294515.4527872000000000000000,90730.54721280000000000000000,192865.000,694711.00,627,0.24059861857252493,24,0,0,0,0,"2,1",1.0,0.0,0.0,62.7,2.4,29.5,,,,,,,2,0,0,0,0,0,0,0,10,0,0,0,0,0,0,0,0,0,0,0,0.0,10,61.7,10,1.0,10,62.7,10,,0,10,,0
1303,1304,10,10,0,0,0,0,10,0,10,0,0,10,0,10,0.2300613496932515,0.9569377990430623,0.03430531732418525,1749.0,583,291.5,116600,17490,309465.000,294515.4527872000000000000000,0,294515.4527872000000000000000,90730.54721280000000000000000,192865.000,694711.00,627,0.24041411042944785,24,0,0,0,0,"2,1",1.0,0.0,0.0,62.7,2.4,29.5,,,,,,,2,0,0,0,0,0,0,0,10,0,0,0,0,0,0,0,0,0,0,0,0.0,10,61.7,10,1.0,10,62.7,10,,0,10,,0
1304,1305,10,10,0,0,0,0,10,0,10,0,0,10,0,10,0.22988505747126436,0.9569377990430623,0.03430531732418525,1749.0,583,291.5,116600,17490,309465.000,294515.4527872000000000000000,0,294515.4527872000000000000000,90730.54721280000000000000000,192865.000,694711.00,627,0.24022988505747125,24,0,0,0,0,"1,2",1.0,0.0,0.0,62.7,2.4,29.5,,,,,,,2,0,0,0,0,0,0,0,10,0,0,0,0,0,0,0,0,0,0,0,0.0,10,61.7,10,1.0,10,62.7,10,,0,10,,0
1305,1306,10,10,0,0,0,0,10,0,10,0,0,10,0,10,0.22970903522205208,0.9569377990430623,0.03430531732418525,1749.0,583,291.5,116600,17490,309465.000,294515.4527872000000000000000,0,294515.4527872000000000000000,90730.54721280000000000000000,192865.000,694711.00,627,0.24004594180704442,24,0,0,0,0,"1,2",1.0,0.0,0.0,62.7,2.4,29.5,,,,,,,2,0,0,0,0,0,0,0,10,0,0,0,0,0,0,0,0,0,0,0,0.0,10,61.7,10,1.0,10,62.7,10,,0,10,,0
1306,1307,10,10,0,0,0,0,10,0,10,0,0,10,0,10,0.22953328232593725,0.9569377990430623,0.03430531732418525,1749.0,583,291.5,116600,17490,309465.000,294515.4527872000000000000000,0,294515.4527872000000000000000,90730.54721280000000000000000,192865.000,694711.00,627,0.23986228003060445,24,0,0,0,0,"2,1",1.0,0.0,0.0,62.7,2.4,29.5,,,,,,,2,0,0,0,0,0,0,0,10,0,0,0,0,0,0,0,0,0,0,0,0.0,10,61.7,10,1.0,10,62.7,10,,0,10,,0
1307,1308,10,10,0,0,0,0,10,0,10,0,0,10,0,10,0.2293577981651376,0.9569377990430623,0.03430531732418525,1749.0,583,291.5,116600,17490,309465.000,294515.4527872000000000000000,0,294515.4527872000000000000000,90730.54721280000000000000000,192865.000,694711.00,627,0.2396788990825688,24,0,0,0,0,"1,2",1.0,0.0,0.0,62.7,2.4,29.5,,,,,,,2,0,0,0,0,0,0,0,10,0,0,0,0,0,0,0,0,0,0,0,0.0,10,61.7,10,1.0,10,62.7,10,,0,10,,0
1308,1309,10,10,0,0,0,0,10,0,10,0,0,10,0,10,0.2291825821237586,0.9569377990430623,0.03430531732418525,1749.0,583,291.5,116600,17490,309465.000,294515.4527872000000000000000,0,294515.4527872000000000000000,90730.54721280000000000000000,192865.000,694711.00,627,0.23949579831932774,24,0,0,0,0,"2,1",1.0,0.0,0.0,62.7,2.4,29.5,,,,,,,2,0,0,0,0,0,0,0,10,0,0,0,0,0,0,0,0,0,0,0,0.0,10,61.7,10,1.0,10,62.7,10,,0,10,,0
1309,1310,10,10,0,0,0,0,10,0,10,0,0,10,0,10,0.22900763358778628,0.9569377990430623,0.03430531732418525,1749.0,583,291.5,116600,17490,309465.000,294515.4527872000000000000000,0,294515.4527872000000000000000,90730.54721280000000000000000,192865.000,694711.00,627,0.23931297709923663,24,0,0,0,0,"2,1",1.0,0.0,0.0,62.7,2.4,29.5,,,,,,,2,0,0,0,0,0,0,0,10,0,0,0,0,0,0,0,0,0,0,0,0.0,10,61.7,10,1.0,10,62.7,10,,0,10,,0
1310,1311,10,10,0,0,0,0,10,0,10,0,0,10,0,10,0.22883295194508008,0.9569377990430623,0.03430531732418525,1749.0,583,291.5,116600,17490,309465.000,294515.4527872000000000000000,0,294515.4527872000000000000000,90730.54721280000000000000000,192865.000,694711.00,627,0.2391304347826087,24,0,0,0,0,"2,1",1.0,0.0,0.0,62.7,2.4,29.5,,,,,,,2,0,0,0,0,0,0,0,10,0,0,0,0,0,0,0,0,0,0,0,0.0,10,61.7,10,1.0,10,62.7,10,,0,10,,0
1311,1312,10,10,0,0,0,0,10,0,10,0,0,10,0,10,0.22865853658536586,0.9569377990430623,0.03430531732418525,1749.0,583,291.5,116600,17490,309465.000,294515.4527872000000000000000,0,294515.4527872000000000000000,90730.54721280000000000000000,192865.000,694711.00,627,0.23894817073170732,24,0,0,0,0,"2,1",1.0,0.0,0.0,62.7,2.4,29.5,,,,,,,2,0,0,0,0,0,0,0,10,0,0,0,0,0,0,0,0,0,0,0,0.0,10,61.7,10,1.0,10,62.7,10,,0,10,,0
1312,1313,10,10,0,0,0,0,10,0,10,0,0,10,0,10,0.2284843869002285,0.9569377990430623,0.03430531732418525,1749.0,583,291.5,116600,17490,309465.000,294515.4527872000000000000000,0,294515.4527872000000000000000,90730.54721280000000000000000,192865.000,694711.00,627,0.23876618431073876,24,0,0,0,0,"1,2",1.0,0.0,0.0,62.7,2.4,29.5,,,,,,,2,0,0,0,0,0,0,0,10,0,0,0,0,0,0,0,0,0,0,0,0.0,10,61.7,10,1.0,10,62.7,10,,0,10,,0
1313,1314,10,10,0,0,0,0,10,0,10,0,0,10,0,10,0.22831050228310504,0.9569377990430623,0.03430531732418525,1749.0,583,291.5,116600,17490,309465.000,294515.4527872000000000000000,0,294515.4527872000000000000000,90730.54721280000000000000000,192865.000,694711.00,627,0.23858447488584475,24,0,0,0,0,"1,2",1.0,0.0,0.0,62.7,2.4,29.5,,,,,,,2,0,0,0,0,0,0,0,10,0,0,0,0,0,0,0,0,0,0,0,0.0,10,61.7,10,1.0,10,62.7,10,,0,10,,0
1314,1315,10,10,0,0,0,0,10,0,10,0,0,10,0,10,0.22813688212927755,0.9569377990430623,0.03430531732418525,1749.0,583,291.5,116600,17490,309465.000,294515.4527872000000000000000,0,294515.4527872000000000000000,90730.54721280000000000000000,192865.000,694711.00,627,0.23840304182509506,24,0,0,0,0,"2,1",1.0,0.0,0.0,62.7,2.4,29.5,,,,,,,2,0,0,0,0,0,0,0,10,0,0,0,0,0,0,0,0,0,0,0,0.0,10,61.7,10,1.0,10,62.7,10,,0,10,,0
1315,1316,10,10,0,0,0,0,10,0,10,0,0,10,0,10,0.22796352583586627,0.9569377990430623,0.03430531732418525,1749.0,583,291.5,116600,17490,309465.000,294515.4527872000000000000000,0,294515.4527872000000000000000,90730.54721280000000000000000,192865.000,694711.00,627,0.23822188449848025,24,0,0,0,0,"1,2",1.0,0.0,0.0,62.7,2.4,29.5,,,,,,,2,0,0,0,0,0,0,0,10,0,0,0,0,0,0,0,0,0,0,0,0.0,10,61.7,10,1.0,10,62.7,10,,0,10,,0
1316,1317,10,10,0,0,0,0,10,0,10,0,0,10,0,10,0.22779043280182232,0.9569377990430623,0.03430531732418525,1749.0,583,291.5,116600,17490,309465.000,294515.4527872000000000000000,0,294515.4527872000000000000000,90730.54721280000000000000000,192865.000,694711.00,627,0.23804100227790434,24,0,0,0,0,"2,1",1.0,0.0,0.0,62.7,2.4,29.5,,,,,,,2,0,0,0,0,0,0,0,10,0,0,0,0,0,0,0,0,0,0,0,0.0,10,61.7,10,1.0,10,62.7,10,,0,10,,0
1317,1318,10,10,0,0,0,0,10,0,10,0,0,10,0,10,0.22761760242792112,0.9569377990430623,0.03430531732418525,1749.0,583,291.5,116600,17490,309465.000,294515.4527872000000000000000,0,294515.4527872000000000000000,90730.54721280000000000000000,192865.000,694711.00,627,0.23786039453717756,24,0,0,0,0,"2,1",1.0,0.0,0.0,62.7,2.4,29.5,,,,,,,2,0,0,0,0,0,0,0,10,0,0,0,0,0,0,0,0,0,0,0,0.0,10,61.7,10,1.0,10,62.7,10,,0,10,,0
1318,1319,10,10,0,0,0,0,10,0,10,0,0,10,0,10,0.2274450341167551,0.9569377990430623,0.03430531732418525,1749.0,583,291.5,116600,17490,309465.000,294515.4527872000000000000000,0,294515.4527872000000000000000,90730.54721280000000000000000,192865.000,694711.00,627,0.23768006065200908,24,0,0,0,0,"1,2",1.0,0.0,0.0,62.7,2.4,29.5,,,,,,,2,0,0,0,0,0,0,0,10,0,0,0,0,0,0,0,0,0,0,0,0.0,10,61.7,10,1.0,10,62.7,10,,0,10,,0
1319,1320,10,10,0,0,0,0,10,0,10,0,0,10,0,10,0.22727272727272727,0.9569377990430623,0.03430531732418525,1749.0,583,291.5,116600,17490,309465.000,294515.4527872000000000000000,0,294515.4527872000000000000000,90730.54721280000000000000000,192865.000,694711.00,627,0.2375,24,0,0,0,0,"2,1",1.0,0.0,0.0,62.7,2.4,29.5,,,,,,,2,0,0,0,0,0,0,0,10,0,0,0,0,0,0,0,0,0,0,0,0.0,10,61.7,10,1.0,10,62.7,10,,0,10,,0
1320,1321,10,10,0,0,0,0,10,0,10,0,0,10,0,10,0.22710068130204392,0.9569377990430623,0.03430531732418525,1749.0,583,291.5,116600,17490,309465.000,294515.4527872000000000000000,0,294515.4527872000000000000000,90730.54721280000000000000000,192865.000,694711.00,627,0.23732021196063588,24,0,0,0,0,"2,1",1.0,0.0,0.0,62.7,2.4,29.5,,,,,,,2,0,0,0,0,0,0,0,10,0,0,0,0,0,0,0,0,0,0,0,0.0,10,61.7,10,1.0,10,62.7,10,,0,10,,0
1321,1322,10,10,0,0,0,0,10,0,10,0,0,10,0,10,0.22692889561270801,0.9569377990430623,0.03430531732418525,1749.0,583,291.5,116600,17490,309465.000,294515.4527872000000000000000,0,294515.4527872000000000000000,90730.54721280000000000000000,192865.000,694711.00,627,0.2371406959152799,24,0,0,0,0,"1,2",1.0,0.0,0.0,62.7,2.4,29.5,,,,,,,2,0,0,0,0,0,0,0,10,0,0,0,0,0,0,0,0,0,0,0,0.0,10,61.7,10,1.0,10,62.7,10,,0,10,,0
1322,1323,10,10,0,0,0,0,10,0,10,0,0,10,0,10,0.22675736961451246,0.9569377990430623,0.03430531732418525,1749.0,583,291.5,116600,17490,309465.000,294515.4527872000000000000000,0,294515.4527872000000000000000,90730.54721280000000000000000,192865.000,694711.00,627,0.23696145124716553,24,0,0,0,0,"1,2",1.0,0.0,0.0,62.7,2.4,29.5,,,,,,,2,0,0,0,0,0,0,0,10,0,0,0,0,0,0,0,0,0,0,0,0.0,10,61.7,10,1.0,10,62.7,10,,0,10,,0
1323,1324,10,10,0,0,0,0,10,0,10,0,0,10,0,10,0.22658610271903323,0.9569377990430623,0.03430531732418525,1749.0,583,291.5,116600,17490,309465.000,294515.4527872000000000000000,0,294515.4527872000000000000000,90730.54721280000000000000000,192865.000,694711.00,627,0.23678247734138974,24,0,0,0,0,"1,2",1.0,0.0,0.0,62.7,2.4,29.5,,,,,,,2,0,0,0,0,0,0,0,10,0,0,0,0,0,0,0,0,0,0,0,0.0,10,61.7,10,1.0,10,62.7,10,,0,10,,0
1324,1325,10,10,0,0,0,0,10,0,10,0,0,10,0,10,0.22641509433962265,0.9569377990430623,0.03430531732418525,1749.0,583,291.5,116600,17490,309465.000,294515.4527872000000000000000,0,294515.4527872000000000000000,90730.54721280000000000000000,192865.000,694711.00,627,0.23660377358490567,24,0,0,0,0,"1,2",1.0,0.0,0.0,62.7,2.4,29.5,,,,,,,2,0,0,0,0,0,0,0,10,0,0,0,0,0,0,0,0,0,0,0,0.0,10,61.7,10,1.0,10,62.7,10,,0,10,,0
1325,1326,10,10,0,0,0,0,10,0,10,0,0,10,0,10,0.2262443438914027,0.9569377990430623,0.03430531732418525,1749.0,583,291.5,116600,17490,309465.000,294515.4527872000000000000000,0,294515.4527872000000000000000,90730.54721280000000000000000,192865.000,694711.00,627,0.23642533936651583,24,0,0,0,0,"2,1",1.0,0.0,0.0,62.7,2.4,29.5,,,,,,,2,0,0,0,0,0,0,0,10,0,0,0,0,0,0,0,0,0,0,0,0.0,10,61.7,10,1.0,10,62.7,10,,0,10,,0
1326,1327,10,10,0,0,0,0,10,0,10,0,0,10,0,10,0.22607385079125847,0.9569377990430623,0.03430531732418525,1749.0,583,291.5,116600,17490,309465.000,294515.4527872000000000000000,0,294515.4527872000000000000000,90730.54721280000000000000000,192865.000,694711.00,627,0.2362471740768651,24,0,0,0,0,"2,1",1.0,0.0,0.0,62.7,2.4,29.5,,,,,,,2,0,0,0,0,0,0,0,10,0,0,0,0,0,0,0,0,0,0,0,0.0,10,61.7,10,1.0,10,62.7,10,,0,10,,0
1327,1328,10,10,0,0,0,0,10,0,10,0,0,10,0,10,0.22590361445783133,0.9569377990430623,0.03430531732418525,1749.0,583,291.5,116600,17490,309465.000,294515.4527872000000000000000,0,294515.4527872000000000000000,90730.54721280000000000000000,192865.000,694711.00,627,0.23606927710843373,24,0,0,0,0,"2,1",1.0,0.0,0.0,62.7,2.4,29.5,,,,,,,2,0,0,0,0,0,0,0,10,0,0,0,0,0,0,0,0,0,0,0,0.0,10,61.7,10,1.0,10,62.7,10,,0,10,,0
1328,1329,10,10,0,0,0,0,10,0,10,0,0,10,0,10,0.22573363431151244,0.9569377990430623,0.03430531732418525,1749.0,583,291.5,116600,17490,309465.000,294515.4527872000000000000000,0,294515.4527872000000000000000,90730.54721280000000000000000,192865.000,694711.00,627,0.23589164785553046,24,0,0,0,0,"2,1",1.0,0.0,0.0,62.7,2.4,29.5,,,,,,,2,0,0,0,0,0,0,0,10,0,0,0,0,0,0,0,0,0,0,0,0.0,10,61.7,10,1.0,10,62.7,10,,0,10,,0
1329,1330,10,10,0,0,0,0,10,0,10,0,0,10,0,10,0.22556390977443608,0.9569377990430623,0.03430531732418525,1749.0,583,291.5,116600,17490,309465.000,294515.4527872000000000000000,0,294515.4527872000000000000000,90730.54721280000000000000000,192865.000,694711.00,627,0.2357142857142857,24,0,0,0,0,"2,1",1.0,0.0,0.0,62.7,2.4,29.5,,,,,,,2,0,0,0,0,0,0,0,10,0,0,0,0,0,0,0,0,0,0,0,0.0,10,61.7,10,1.0,10,62.7,10,,0,10,,0
1330,1331,10,10,0,0,0,0,10,0,10,0,0,10,0,10,0.22539444027047334,0.9569377990430623,0.03430531732418525,1749.0,583,291.5,116600,17490,309465.000,294515.4527872000000000000000,0,294515.4527872000000000000000,90730.54721280000000000000000,192865.000,694711.00,627,0.23553719008264462,24,0,0,0,0,"1,2",1.0,0.0,0.0,62.7,2.4,29.5,,,,,,,2,0,0,0,0,0,0,0,10,0,0,0,0,0,0,0,0,0,0,0,0.0,10,61.7,10,1.0,10,62.7,10,,0,10,,0
1331,1332,10,10,0,0,0,0,10,0,10,0,0,10,0,10,0.22522522522522523,0.9569377990430623,0.03430531732418525,1749.0,583,291.5,116600,17490,309465.000,294515.4527872000000000000000,0,294515.4527872000000000000000,90730.54721280000000000000000,192865.000,694711.00,627,0.23536036036036037,24,0,0,0,0,"1,2",1.0,0.0,0.0,62.7,2.4,29.5,,,,,,,2,0,0,0,0,0,0,0,10,0,0,0,0,0,0,0,0,0,0,0,0.0,10,61.7,10,1.0,10,62.7,10,,0,10,,0
1332,1333,10,10,0,0,0,0,10,0,10,0,0,10,0,10,0.22505626406601653,0.9569377990430623,0.03430531732418525,1749.0,583,291.5,116600,17490,309465.000,294515.4527872000000000000000,0,294515.4527872000000000000000,90730.54721280000000000000000,192865.000,694711.00,627,0.23518379594898725,24,0,0,0,0,"2,1",1.0,0.0,0.0,62.7,2.4,29.5,,,,,,,2,0,0,0,0,0,0,0,10,0,0,0,0,0,0,0,0,0,0,0,0.0,10,61.7,10,1.0,10,62.7,10,,0,10,,0
1333,1334,10,10,0,0,0,0,10,0,10,0,0,10,0,10,0.22488755622188905,0.9569377990430623,0.03430531732418525,1749.0,583,291.5,116600,17490,309465.000,294515.4527872000000000000000,0,294515.4527872000000000000000,90730.54721280000000000000000,192865.000,694711.00,627,0.23500749625187406,24,0,0,0,0,"2,1",1.0,0.0,0.0,62.7,2.4,29.5,,,,,,,2,0,0,0,0,0,0,0,10,0,0,0,0,0,0,0,0,0,0,0,0.0,10,61.7,10,1.0,10,62.7,10,,0,10,,0
1334,1335,10,10,0,0,0,0,10,0,10,0,0,10,0,10,0.2247191011235955,0.9569377990430623,0.03430531732418525,1749.0,583,291.5,116600,17490,309465.000,294515.4527872000000000000000,0,294515.4527872000000000000000,90730.54721280000000000000000,192865.000,694711.00,627,0.2348314606741573,24,0,0,0,0,"2,1",1.0,0.0,0.0,62.7,2.4,29.5,,,,,,,2,0,0,0,0,0,0,0,10,0,0,0,0,0,0,0,0,0,0,0,0.0,10,61.7,10,1.0,10,62.7,10,,0,10,,0
1335,1336,10,10,0,0,0,0,10,0,10,0,0,10,0,10,0.22455089820359284,0.9569377990430623,0.03430531732418525,1749.0,583,291.5,116600,17490,309465.000,294515.4527872000000000000000,0,294515.4527872000000000000000,90730.54721280000000000000000,192865.000,694711.00,627,0.2346556886227545,24,0,0,0,0,"1,2",1.0,0.0,0.0,62.7,2.4,29.5,,,,,,,2,0,0,0,0,0,0,0,10,0,0,0,0,0,0,0,0,0,0,0,0.0,10,61.7,10,1.0,10,62.7,10,,0,10,,0
1336,1337,10,10,0,0,0,0,10,0,10,0,0,10,0,10,0.22438294689603588,0.9569377990430623,0.03430531732418525,1749.0,583,291.5,116600,17490,309465.000,294515.4527872000000000000000,0,294515.4527872000000000000000,90730.54721280000000000000000,192865.000,694711.00,627,0.23448017950635752,24,0,0,0,0,"2,1",1.0,0.0,0.0,62.7,2.4,29.5,,,,,,,2,0,0,0,0,0,0,0,10,0,0,0,0,0,0,0,0,0,0,0,0.0,10,61.7,10,1.0,10,62.7,10,,0,10,,0
1337,1338,10,10,0,0,0,0,10,0,10,0,0,10,0,10,0.22421524663677128,0.9569377990430623,0.03430531732418525,1749.0,583,291.5,116600,17490,309465.000,294515.4527872000000000000000,0,294515.4527872000000000000000,90730.54721280000000000000000,192865.000,694711.00,627,0.23430493273542602,24,0,0,0,0,"1,2",1.0,0.0,0.0,62.7,2.4,29.5,,,,,,,2,0,0,0,0,0,0,0,10,0,0,0,0,0,0,0,0,0,0,0,0.0,10,61.7,10,1.0,10,62.7,10,,0,10,,0
1338,1339,10,10,0,0,0,0,10,0,10,0,0,10,0,10,0.22404779686333084,0.9569377990430623,0.03430531732418525,1749.0,583,291.5,116600,17490,309465.000,294515.4527872000000000000000,0,294515.4527872000000000000000,90730.54721280000000000000000,192865.000,694711.00,627,0.23412994772218074,24,0,0,0,0,"1,2",1.0,0.0,0.0,62.7,2.4,29.5,,,,,,,2,0,0,0,0,0,0,0,10,0,0,0,0,0,0,0,0,0,0,0,0.0,10,61.7,10,1.0,10,62.7,10,,0,10,,0
1339,1340,10,10,0,0,0,0,10,0,10,0,0,10,0,10,0.22388059701492538,0.9569377990430623,0.03430531732418525,1749.0,583,291.5,116600,17490,309465.000,294515.4527872000000000000000,0,294515.4527872000000000000000,90730.54721280000000000000000,192865.000,694711.00,627,0.233955223880597,24,0,0,0,0,"2,1",1.0,0.0,0.0,62.7,2.4,29.5,,,,,,,2,0,0,0,0,0,0,0,10,0,0,0,0,0,0,0,0,0,0,0,0.0,10,61.7,10,1.0,10,62.7,10,,0,10,,0
1340,1341,10,10,0,0,0,0,10,0,10,0,0,10,0,10,0.22371364653243847,0.9569377990430623,0.03430531732418525,1749.0,583,291.5,116600,17490,309465.000,294515.4527872000000000000000,0,294515.4527872000000000000000,90730.54721280000000000000000,192865.000,694711.00,627,0.23378076062639822,24,0,0,0,0,"2,1",1.0,0.0,0.0,62.7,2.4,29.5,,,,,,,2,0,0,0,0,0,0,0,10,0,0,0,0,0,0,0,0,0,0,0,0.0,10,61.7,10,1.0,10,62.7,10,,0,10,,0
1341,1342,10,10,0,0,0,0,10,0,10,0,0,10,0,10,0.22354694485842028,0.9569377990430623,0.03430531732418525,1749.0,583,291.5,116600,17490,309465.000,294515.4527872000000000000000,0,294515.4527872000000000000000,90730.54721280000000000000000,192865.000,694711.00,627,0.2336065573770492,24,0,0,0,0,"2,1",1.0,0.0,0.0,62.7,2.4,29.5,,,,,,,2,0,0,0,0,0,0,0,10,0,0,0,0,0,0,0,0,0,0,0,0.0,10,61.7,10,1.0,10,62.7,10,,0,10,,0
1342,1343,10,10,0,0,0,0,10,0,10,0,0,10,0,10,0.22338049143708116,0.9569377990430623,0.03430531732418525,1749.0,583,291.5,116600,17490,309465.000,294515.4527872000000000000000,0,294515.4527872000000000000000,90730.54721280000000000000000,192865.000,694711.00,627,0.23343261355174982,24,0,0,0,0,"1,2",1.0,0.0,0.0,62.7,2.4,29.5,,,,,,,2,0,0,0,0,0,0,0,10,0,0,0,0,0,0,0,0,0,0,0,0.0,10,61.7,10,1.0,10,62.7,10,,0,10,,0
1343,1344,10,10,0,0,0,0,10,0,10,0,0,10,0,10,0.22321428571428573,0.9569377990430623,0.03430531732418525,1749.0,583,291.5,116600,17490,309465.000,294515.4527872000000000000000,0,294515.4527872000000000000000,90730.54721280000000000000000,192865.000,694711.00,627,0.23325892857142858,24,0,0,0,0,"2,1",1.0,0.0,0.0,62.7,2.4,29.5,,,,,,,2,0,0,0,0,0,0,0,10,0,0,0,0,0,0,0,0,0,0,0,0.0,10,61.7,10,1.0,10,62.7,10,,0,10,,0
1344,1345,10,10,0,0,0,0,10,0,10,0,0,10,0,10,0.22304832713754646,0.9569377990430623,0.03430531732418525,1749.0,583,291.5,116600,17490,309465.000,294515.4527872000000000000000,0,294515.4527872000000000000000,90730.54721280000000000000000,192865.000,694711.00,627,0.23308550185873605,24,0,0,0,0,"1,2",1.0,0.0,0.0,62.7,2.4,29.5,,,,,,,2,0,0,0,0,0,0,0,10,0,0,0,0,0,0,0,0,0,0,0,0.0,10,61.7,10,1.0,10,62.7,10,,0,10,,0
1345,1346,10,10,0,0,0,0,10,0,10,0,0,10,0,10,0.22288261515601782,0.9569377990430623,0.03430531732418525,1749.0,583,291.5,116600,17490,309465.000,294515.4527872000000000000000,0,294515.4527872000000000000000,90730.54721280000000000000000,192865.000,694711.00,627,0.23291233283803864,24,0,0,0,0,"2,1",1.0,0.0,0.0,62.7,2.4,29.5,,,,,,,2,0,0,0,0,0,0,0,10,0,0,0,0,0,0,0,0,0,0,0,0.0,10,61.7,10,1.0,10,62.7,10,,0,10,,0
1346,1347,10,10,0,0,0,0,10,0,10,0,0,10,0,10,0.22271714922049,0.9569377990430623,0.03430531732418525,1749.0,583,291.5,116600,17490,309465.000,294515.4527872000000000000000,0,294515.4527872000000000000000,90730.54721280000000000000000,192865.000,694711.00,627,0.23273942093541203,24,0,0,0,0,"1,2",1.0,0.0,0.0,62.7,2.4,29.5,,,,,,,2,0,0,0,0,0,0,0,10,0,0,0,0,0,0,0,0,0,0,0,0.0,10,61.7,10,1.0,10,62.7,10,,0,10,,0
1347,1348,10,10,0,0,0,0,10,0,10,0,0,10,0,10,0.2225519287833828,0.9569377990430623,0.03430531732418525,1749.0,583,291.5,116600,17490,309465.000,294515.4527872000000000000000,0,294515.4527872000000000000000,90730.54721280000000000000000,192865.000,694711.00,627,0.232566765578635,24,0,0,0,0,"1,2",1.0,0.0,0.0,62.7,2.4,29.5,,,,,,,2,0,0,0,0,0,0,0,10,0,0,0,0,0,0,0,0,0,0,0,0.0,10,61.7,10,1.0,10,62.7,10,,0,10,,0
1348,1349,10,10,0,0,0,0,10,0,10,0,0,10,0,10,0.2223869532987398,0.9569377990430623,0.03430531732418525,1749.0,583,291.5,116600,17490,309465.000,294515.4527872000000000000000,0,294515.4527872000000000000000,90730.54721280000000000000000,192865.000,694711.00,627,0.2323943661971831,24,0,0,0,0,"1,2",1.0,0.0,0.0,62.7,2.4,29.5,,,,,,,2,0,0,0,0,0,0,0,10,0,0,0,0,0,0,0,0,0,0,0,0.0,10,61.7,10,1.0,10,62.7,10,,0,10,,0
1349,1350,10,10,0,0,0,0,10,0,10,0,0,10,0,10,0.2222222222222222,0.9569377990430623,0.03430531732418525,1749.0,583,291.5,116600,17490,309465.000,294515.4527872000000000000000,0,294515.4527872000000000000000,90730.54721280000000000000000,192865.000,694711.00,627,0.23222222222222222,24,0,0,0,0,"2,1",1.0,0.0,0.0,62.7,2.4,29.5,,,,,,,2,0,0,0,0,0,0,0,10,0,0,0,0,0,0,0,0,0,0,0,0.0,10,61.7,10,1.0,10,62.7,10,,0,10,,0
1350,1351,10,10,0,0,0,0,10,0,10,0,0,10,0,10,0.2220577350111029,0.9569377990430623,0.03430531732418525,1749.0,583,291.5,116600,17490,309465.000,294515.4527872000000000000000,0,294515.4527872000000000000000,90730.54721280000000000000000,192865.000,694711.00,627,0.23205033308660253,24,0,0,0,0,"1,2",1.0,0.0,0.0,62.7,2.4,29.5,,,,,,,2,0,0,0,0,0,0,0,10,0,0,0,0,0,0,0,0,0,0,0,0.0,10,61.7,10,1.0,10,62.7,10,,0,10,,0
1351,1352,10,10,0,0,0,0,10,0,10,0,0,10,0,10,0.22189349112426035,0.9569377990430623,0.03430531732418525,1749.0,583,291.5,116600,17490,309465.000,294515.4527872000000000000000,0,294515.4527872000000000000000,90730.54721280000000000000000,192865.000,694711.00,627,0.23187869822485208,24,0,0,0,0,"1,2",1.0,0.0,0.0,62.7,2.4,29.5,,,,,,,2,0,0,0,0,0,0,0,10,0,0,0,0,0,0,0,0,0,0,0,0.0,10,61.7,10,1.0,10,62.7,10,,0,10,,0
1352,1353,10,10,0,0,0,0,10,0,10,0,0,10,0,10,0.22172949002217293,0.9569377990430623,0.03430531732418525,1749.0,583,291.5,116600,17490,309465.000,294515.4527872000000000000000,0,294515.4527872000000000000000,90730.54721280000000000000000,192865.000,694711.00,627,0.23170731707317074,24,0,0,0,0,"2,1",1.0,0.0,0.0,62.7,2.4,29.5,,,,,,,2,0,0,0,0,0,0,0,10,0,0,0,0,0,0,0,0,0,0,0,0.0,10,61.7,10,1.0,10,62.7,10,,0,10,,0
1353,1354,10,10,0,0,0,0,10,0,10,0,0,10,0,10,0.22156573116691286,0.9569377990430623,0.03430531732418525,1749.0,583,291.5,116600,17490,309465.000,294515.4527872000000000000000,0,294515.4527872000000000000000,90730.54721280000000000000000,192865.000,694711.00,627,0.23153618906942394,24,0,0,0,0,"1,2",1.0,0.0,0.0,62.7,2.4,29.5,,,,,,,2,0,0,0,0,0,0,0,10,0,0,0,0,0,0,0,0,0,0,0,0.0,10,61.7,10,1.0,10,62.7,10,,0,10,,0
1354,1355,10,10,0,0,0,0,10,0,10,0,0,10,0,10,0.22140221402214022,0.9569377990430623,0.03430531732418525,1749.0,583,291.5,116600,17490,309465.000,294515.4527872000000000000000,0,294515.4527872000000000000000,90730.54721280000000000000000,192865.000,694711.00,627,0.23136531365313653,24,0,0,0,0,"1,2",1.0,0.0,0.0,62.7,2.4,29.5,,,,,,,2,0,0,0,0,0,0,0,10,0,0,0,0,0,0,0,0,0,0,0,0.0,10,61.7,10,1.0,10,62.7,10,,0,10,,0
1355,1356,10,10,0,0,0,0,10,0,10,0,0,10,0,10,0.22123893805309733,0.9569377990430623,0.03430531732418525,1749.0,583,291.5,116600,17490,309465.000,294515.4527872000000000000000,0,294515.4527872000000000000000,90730.54721280000000000000000,192865.000,694711.00,627,0.23119469026548672,24,0,0,0,0,"1,2",1.0,0.0,0.0,62.7,2.4,29.5,,,,,,,2,0,0,0,0,0,0,0,10,0,0,0,0,0,0,0,0,0,0,0,0.0,10,61.7,10,1.0,10,62.7,10,,0,10,,0
1356,1357,10,10,0,0,0,0,10,0,10,0,0,10,0,10,0.2210759027266028,0.9569377990430623,0.03430531732418525,1749.0,583,291.5,116600,17490,309465.000,294515.4527872000000000000000,0,294515.4527872000000000000000,90730.54721280000000000000000,192865.000,694711.00,627,0.23102431834929993,24,0,0,0,0,"2,1",1.0,0.0,0.0,62.7,2.4,29.5,,,,,,,2,0,0,0,0,0,0,0,10,0,0,0,0,0,0,0,0,0,0,0,0.0,10,61.7,10,1.0,10,62.7,10,,0,10,,0
1357,1358,10,10,0,0,0,0,10,0,10,0,0,10,0,10,0.22091310751104565,0.9569377990430623,0.03430531732418525,1749.0,583,291.5,116600,17490,309465.000,294515.4527872000000000000000,0,294515.4527872000000000000000,90730.54721280000000000000000,192865.000,694711.00,627,0.23085419734904272,24,0,0,0,0,"2,1",1.0,0.0,0.0,62.7,2.4,29.5,,,,,,,2,0,0,0,0,0,0,0,10,0,0,0,0,0,0,0,0,0,0,0,0.0,10,61.7,10,1.0,10,62.7,10,,0,10,,0
1358,1359,10,10,0,0,0,0,10,0,10,0,0,10,0,10,0.2207505518763797,0.9569377990430623,0.03430531732418525,1749.0,583,291.5,116600,17490,309465.000,294515.4527872000000000000000,0,294515.4527872000000000000000,90730.54721280000000000000000,192865.000,694711.00,627,0.2306843267108168,24,0,0,0,0,"1,2",1.0,0.0,0.0,62.7,2.4,29.5,,,,,,,2,0,0,0,0,0,0,0,10,0,0,0,0,0,0,0,0,0,0,0,0.0,10,61.7,10,1.0,10,62.7,10,,0,10,,0
1359,1360,10,10,0,0,0,0,10,0,10,0,0,10,0,10,0.22058823529411764,0.9569377990430623,0.03430531732418525,1749.0,583,291.5,116600,17490,309465.000,294515.4527872000000000000000,0,294515.4527872000000000000000,90730.54721280000000000000000,192865.000,694711.00,627,0.23051470588235295,24,0,0,0,0,"1,2",1.0,0.0,0.0,62.7,2.4,29.5,,,,,,,2,0,0,0,0,0,0,0,10,0,0,0,0,0,0,0,0,0,0,0,0.0,10,61.7,10,1.0,10,62.7,10,,0,10,,0
1360,1361,10,10,0,0,0,0,10,0,10,0,0,10,0,10,0.2204261572373255,0.9569377990430623,0.03430531732418525,1749.0,583,291.5,116600,17490,309465.000,294515.4527872000000000000000,0,294515.4527872000000000000000,90730.54721280000000000000000,192865.000,694711.00,627,0.23034533431300513,24,0,0,0,0,"2,1",1.0,0.0,0.0,62.7,2.4,29.5,,,,,,,2,0,0,0,0,0,0,0,10,0,0,0,0,0,0,0,0,0,0,0,0.0,10,61.7,10,1.0,10,62.7,10,,0,10,,0
1361,1362,10,10,0,0,0,0,10,0,10,0,0,10,0,10,0.22026431718061676,0.9569377990430623,0.03430531732418525,1749.0,583,291.5,116600,17490,309465.000,294515.4527872000000000000000,0,294515.4527872000000000000000,90730.54721280000000000000000,192865.000,694711.00,627,0.2301762114537445,24,0,0,0,0,"2,1",1.0,0.0,0.0,62.7,2.4,29.5,,,,,,,2,0,0,0,0,0,0,0,10,0,0,0,0,0,0,0,0,0,0,0,0.0,10,61.7,10,1.0,10,62.7,10,,0,10,,0
1362,1363,10,10,0,0,0,0,10,0,10,0,0,10,0,10,0.22010271460014674,0.9569377990430623,0.03430531732418525,1749.0,583,291.5,116600,17490,309465.000,294515.4527872000000000000000,0,294515.4527872000000000000000,90730.54721280000000000000000,192865.000,694711.00,627,0.23000733675715335,24,0,0,0,0,"1,2",1.0,0.0,0.0,62.7,2.4,29.5,,,,,,,2,0,0,0,0,0,0,0,10,0,0,0,0,0,0,0,0,0,0,0,0.0,10,61.7,10,1.0,10,62.7,10,,0,10,,0
1363,1364,10,10,0,0,0,0,10,0,10,0,0,10,0,10,0.21994134897360704,0.9569377990430623,0.03430531732418525,1749.0,583,291.5,116600,17490,309465.000,294515.4527872000000000000000,0,294515.4527872000000000000000,90730.54721280000000000000000,192865.000,694711.00,627,0.22983870967741934,24,0,0,0,0,"2,1",1.0,0.0,0.0,62.7,2.4,29.5,,,,,,,2,0,0,0,0,0,0,0,10,0,0,0,0,0,0,0,0,0,0,0,0.0,10,61.7,10,1.0,10,62.7,10,,0,10,,0
1364,1365,10,10,0,0,0,0,10,0,10,0,0,10,0,10,0.21978021978021978,0.9569377990430623,0.03430531732418525,1749.0,583,291.5,116600,17490,309465.000,294515.4527872000000000000000,0,294515.4527872000000000000000,90730.54721280000000000000000,192865.000,694711.00,627,0.22967032967032966,24,0,0,0,0,"2,1",1.0,0.0,0.0,62.7,2.4,29.5,,,,,,,2,0,0,0,0,0,0,0,10,0,0,0,0,0,0,0,0,0,0,0,0.0,10,61.7,10,1.0,10,62.7,10,,0,10,,0
1365,1366,10,10,0,0,0,0,10,0,10,0,0,10,0,10,0.21961932650073207,0.9569377990430623,0.03430531732418525,1749.0,583,291.5,116600,17490,309465.000,294515.4527872000000000000000,0,294515.4527872000000000000000,90730.54721280000000000000000,192865.000,694711.00,627,0.229502196193265,24,0,0,0,0,"1,2",1.0,0.0,0.0,62.7,2.4,29.5,,,,,,,2,0,0,0,0,0,0,0,10,0,0,0,0,0,0,0,0,0,0,0,0.0,10,61.7,10,1.0,10,62.7,10,,0,10,,0
1366,1367,10,10,0,0,0,0,10,0,10,0,0,10,0,10,0.21945866861741037,0.9569377990430623,0.03430531732418525,1749.0,583,291.5,116600,17490,309465.000,294515.4527872000000000000000,0,294515.4527872000000000000000,90730.54721280000000000000000,192865.000,694711.00,627,0.22933430870519386,24,0,0,0,0,"1,2",1.0,0.0,0.0,62.7,2.4,29.5,,,,,,,2,0,0,0,0,0,0,0,10,0,0,0,0,0,0,0,0,0,0,0,0.0,10,61.7,10,1.0,10,62.7,10,,0,10,,0
1367,1368,10,10,0,0,0,0,10,0,10,0,0,10,0,10,0.21929824561403508,0.9569377990430623,0.03430531732418525,1749.0,583,291.5,116600,17490,309465.000,294515.4527872000000000000000,0,294515.4527872000000000000000,90730.54721280000000000000000,192865.000,694711.00,627,0.22916666666666666,24,0,0,0,0,"2,1",1.0,0.0,0.0,62.7,2.4,29.5,,,,,,,2,0,0,0,0,0,0,0,10,0,0,0,0,0,0,0,0,0,0,0,0.0,10,61.7,10,1.0,10,62.7,10,,0,10,,0
1368,1369,10,10,0,0,0,0,10,0,10,0,0,10,0,10,0.2191380569758948,0.9569377990430623,0.03430531732418525,1749.0,583,291.5,116600,17490,309465.000,294515.4527872000000000000000,0,294515.4527872000000000000000,90730.54721280000000000000000,192865.000,694711.00,627,0.2289992695398101,24,0,0,0,0,"2,1",1.0,0.0,0.0,62.7,2.4,29.5,,,,,,,2,0,0,0,0,0,0,0,10,0,0,0,0,0,0,0,0,0,0,0,0.0,10,61.7,10,1.0,10,62.7,10,,0,10,,0
1369,1370,10,10,0,0,0,0,10,0,10,0,0,10,0,10,0.21897810218978103,0.9569377990430623,0.03430531732418525,1749.0,583,291.5,116600,17490,309465.000,294515.4527872000000000000000,0,294515.4527872000000000000000,90730.54721280000000000000000,192865.000,694711.00,627,0.22883211678832116,24,0,0,0,0,"2,1",1.0,0.0,0.0,62.7,2.4,29.5,,,,,,,2,0,0,0,0,0,0,0,10,0,0,0,0,0,0,0,0,0,0,0,0.0,10,61.7,10,1.0,10,62.7,10,,0,10,,0
1370,1371,10,10,0,0,0,0,10,0,10,0,0,10,0,10,0.2188183807439825,0.9569377990430623,0.03430531732418525,1749.0,583,291.5,116600,17490,309465.000,294515.4527872000000000000000,0,294515.4527872000000000000000,90730.54721280000000000000000,192865.000,694711.00,627,0.2286652078774617,24,0,0,0,0,"2,1",1.0,0.0,0.0,62.7,2.4,29.5,,,,,,,2,0,0,0,0,0,0,0,10,0,0,0,0,0,0,0,0,0,0,0,0.0,10,61.7,10,1.0,10,62.7,10,,0,10,,0
1371,1372,10,10,0,0,0,0,10,0,10,0,0,10,0,10,0.21865889212827988,0.9569377990430623,0.03430531732418525,1749.0,583,291.5,116600,17490,309465.000,294515.4527872000000000000000,0,294515.4527872000000000000000,90730.54721280000000000000000,192865.000,694711.00,627,0.22849854227405247,24,0,0,0,0,"2,1",1.0,0.0,0.0,62.7,2.4,29.5,,,,,,,2,0,0,0,0,0,0,0,10,0,0,0,0,0,0,0,0,0,0,0,0.0,10,61.7,10,1.0,10,62.7,10,,0,10,,0
1372,1373,10,10,0,0,0,0,10,0,10,0,0,10,0,10,0.21849963583394028,0.9569377990430623,0.03430531732418525,1749.0,583,291.5,116600,17490,309465.000,294515.4527872000000000000000,0,294515.4527872000000000000000,90730.54721280000000000000000,192865.000,694711.00,627,0.22833211944646759,24,0,0,0,0,"2,1",1.0,0.0,0.0,62.7,2.4,29.5,,,,,,,2,0,0,0,0,0,0,0,10,0,0,0,0,0,0,0,0,0,0,0,0.0,10,61.7,10,1.0,10,62.7,10,,0,10,,0
1373,1374,10,10,0,0,0,0,10,0,10,0,0,10,0,10,0.2183406113537118,0.9569377990430623,0.03430531732418525,1749.0,583,291.5,116600,17490,309465.000,294515.4527872000000000000000,0,294515.4527872000000000000000,90730.54721280000000000000000,192865.000,694711.00,627,0.22816593886462883,24,0,0,0,0,"2,1",1.0,0.0,0.0,62.7,2.4,29.5,,,,,,,2,0,0,0,0,0,0,0,10,0,0,0,0,0,0,0,0,0,0,0,0.0,10,61.7,10,1.0,10,62.7,10,,0,10,,0
1374,1375,10,10,0,0,0,0,10,0,10,0,0,10,0,10,0.21818181818181817,0.9569377990430623,0.03430531732418525,1749.0,583,291.5,116600,17490,309465.000,294515.4527872000000000000000,0,294515.4527872000000000000000,90730.54721280000000000000000,192865.000,694711.00,627,0.228,24,0,0,0,0,"2,1",1.0,0.0,0.0,62.7,2.4,29.5,,,,,,,2,0,0,0,0,0,0,0,10,0,0,0,0,0,0,0,0,0,0,0,0.0,10,61.7,10,1.0,10,62.7,10,,0,10,,0
1375,1376,10,10,0,0,0,0,10,0,10,0,0,10,0,10,0.2180232558139535,0.9569377990430623,0.03430531732418525,1749.0,583,291.5,116600,17490,309465.000,294515.4527872000000000000000,0,294515.4527872000000000000000,90730.54721280000000000000000,192865.000,694711.00,627,0.22783430232558138,24,0,0,0,0,"1,2",1.0,0.0,0.0,62.7,2.4,29.5,,,,,,,2,0,0,0,0,0,0,0,10,0,0,0,0,0,0,0,0,0,0,0,0.0,10,61.7,10,1.0,10,62.7,10,,0,10,,0
1376,1377,10,10,0,0,0,0,10,0,10,0,0,10,0,10,0.2178649237472767,0.9569377990430623,0.03430531732418525,1749.0,583,291.5,116600,17490,309465.000,294515.4527872000000000000000,0,294515.4527872000000000000000,90730.54721280000000000000000,192865.000,694711.00,627,0.22766884531590414,24,0,0,0,0,"2,1",1.0,0.0,0.0,62.7,2.4,29.5,,,,,,,2,0,0,0,0,0,0,0,10,0,0,0,0,0,0,0,0,0,0,0,0.0,10,61.7,10,1.0,10,62.7,10,,0,10,,0
1377,1378,10,10,0,0,0,0,10,0,10,0,0,10,0,10,0.2177068214804064,0.9569377990430623,0.03430531732418525,1749.0,583,291.5,116600,17490,309465.000,294515.4527872000000000000000,0,294515.4527872000000000000000,90730.54721280000000000000000,192865.000,694711.00,627,0.22750362844702468,24,0,0,0,0,"1,2",1.0,0.0,0.0,62.7,2.4,29.5,,,,,,,2,0,0,0,0,0,0,0,10,0,0,0,0,0,0,0,0,0,0,0,0.0,10,61.7,10,1.0,10,62.7,10,,0,10,,0
1378,1379,10,10,0,0,0,0,10,0,10,0,0,10,0,10,0.2175489485134155,0.9569377990430623,0.03430531732418525,1749.0,583,291.5,116600,17490,309465.000,294515.4527872000000000000000,0,294515.4527872000000000000000,90730.54721280000000000000000,192865.000,694711.00,627,0.22733865119651922,24,0,0,0,0,"2,1",1.0,0.0,0.0,62.7,2.4,29.5,,,,,,,2,0,0,0,0,0,0,0,10,0,0,0,0,0,0,0,0,0,0,0,0.0,10,61.7,10,1.0,10,62.7,10,,0,10,,0
1379,1380,10,10,0,0,0,0,10,0,10,0,0,10,0,10,0.21739130434782608,0.9569377990430623,0.03430531732418525,1749.0,583,291.5,116600,17490,309465.000,294515.4527872000000000000000,0,294515.4527872000000000000000,90730.54721280000000000000000,192865.000,694711.00,627,0.22717391304347825,24,0,0,0,0,"2,1",1.0,0.0,0.0,62.7,2.4,29.5,,,,,,,2,0,0,0,0,0,0,0,10,0,0,0,0,0,0,0,0,0,0,0,0.0,10,61.7,10,1.0,10,62.7,10,,0,10,,0
1380,1381,10,10,0,0,0,0,10,0,10,0,0,10,0,10,0.2172338884866039,0.9569377990430623,0.03430531732418525,1749.0,583,291.5,116600,17490,309465.000,294515.4527872000000000000000,0,294515.4527872000000000000000,90730.54721280000000000000000,192865.000,694711.00,627,0.2270094134685011,24,0,0,0,0,"1,2",1.0,0.0,0.0,62.7,2.4,29.5,,,,,,,2,0,0,0,0,0,0,0,10,0,0,0,0,0,0,0,0,0,0,0,0.0,10,61.7,10,1.0,10,62.7,10,,0,10,,0
1381,1382,10,10,0,0,0,0,10,0,10,0,0,10,0,10,0.2170767004341534,0.9569377990430623,0.03430531732418525,1749.0,583,291.5,116600,17490,309465.000,294515.4527872000000000000000,0,294515.4527872000000000000000,90730.54721280000000000000000,192865.000,694711.00,627,0.22684515195369032,24,0,0,0,0,"1,2",1.0,0.0,0.0,62.7,2.4,29.5,,,,,,,2,0,0,0,0,0,0,0,10,0,0,0,0,0,0,0,0,0,0,0,0.0,10,61.7,10,1.0,10,62.7,10,,0,10,,0
1382,1383,10,10,0,0,0,0,10,0,10,0,0,10,0,10,0.21691973969631237,0.9569377990430623,0.03430531732418525,1749.0,583,291.5,116600,17490,309465.000,294515.4527872000000000000000,0,294515.4527872000000000000000,90730.54721280000000000000000,192865.000,694711.00,627,0.22668112798264642,24,0,0,0,0,"2,1",1.0,0.0,0.0,62.7,2.4,29.5,,,,,,,2,0,0,0,0,0,0,0,10,0,0,0,0,0,0,0,0,0,0,0,0.0,10,61.7,10,1.0,10,62.7,10,,0,10,,0
1383,1384,10,10,0,0,0,0,10,0,10,0,0,10,0,10,0.21676300578034682,0.9569377990430623,0.03430531732418525,1749.0,583,291.5,116600,17490,309465.000,294515.4527872000000000000000,0,294515.4527872000000000000000,90730.54721280000000000000000,192865.000,694711.00,627,0.22651734104046242,24,0,0,0,0,"2,1",1.0,0.0,0.0,62.7,2.4,29.5,,,,,,,2,0,0,0,0,0,0,0,10,0,0,0,0,0,0,0,0,0,0,0,0.0,10,61.7,10,1.0,10,62.7,10,,0,10,,0
1384,1385,10,10,0,0,0,0,10,0,10,0,0,10,0,10,0.21660649819494585,0.9569377990430623,0.03430531732418525,1749.0,583,291.5,116600,17490,309465.000,294515.4527872000000000000000,0,294515.4527872000000000000000,90730.54721280000000000000000,192865.000,694711.00,627,0.2263537906137184,24,0,0,0,0,"1,2",1.0,0.0,0.0,62.7,2.4,29.5,,,,,,,2,0,0,0,0,0,0,0,10,0,0,0,0,0,0,0,0,0,0,0,0.0,10,61.7,10,1.0,10,62.7,10,,0,10,,0
1385,1386,10,10,0,0,0,0,10,0,10,0,0,10,0,10,0.21645021645021645,0.9569377990430623,0.03430531732418525,1749.0,583,291.5,116600,17490,309465.000,294515.4527872000000000000000,0,294515.4527872000000000000000,90730.54721280000000000000000,192865.000,694711.00,627,0.2261904761904762,24,0,0,0,0,"1,2",1.0,0.0,0.0,62.7,2.4,29.5,,,,,,,2,0,0,0,0,0,0,0,10,0,0,0,0,0,0,0,0,0,0,0,0.0,10,61.7,10,1.0,10,62.7,10,,0,10,,0
1386,1387,10,10,0,0,0,0,10,0,10,0,0,10,0,10,0.21629416005767843,0.9569377990430623,0.03430531732418525,1749.0,583,291.5,116600,17490,309465.000,294515.4527872000000000000000,0,294515.4527872000000000000000,90730.54721280000000000000000,192865.000,694711.00,627,0.22602739726027396,24,0,0,0,0,"2,1",1.0,0.0,0.0,62.7,2.4,29.5,,,,,,,2,0,0,0,0,0,0,0,10,0,0,0,0,0,0,0,0,0,0,0,0.0,10,61.7,10,1.0,10,62.7,10,,0,10,,0
1387,1388,10,10,0,0,0,0,10,0,10,0,0,10,0,10,0.21613832853025938,0.9569377990430623,0.03430531732418525,1749.0,583,291.5,116600,17490,309465.000,294515.4527872000000000000000,0,294515.4527872000000000000000,90730.54721280000000000000000,192865.000,694711.00,627,0.22586455331412103,24,0,0,0,0,"1,2",1.0,0.0,0.0,62.7,2.4,29.5,,,,,,,2,0,0,0,0,0,0,0,10,0,0,0,0,0,0,0,0,0,0,0,0.0,10,61.7,10,1.0,10,62.7,10,,0,10,,0
1388,1389,10,10,0,0,0,0,10,0,10,0,0,10,0,10,0.21598272138228944,0.9569377990430623,0.03430531732418525,1749.0,583,291.5,116600,17490,309465.000,294515.4527872000000000000000,0,294515.4527872000000000000000,90730.54721280000000000000000,192865.000,694711.00,627,0.22570194384449244,24,0,0,0,0,"2,1",1.0,0.0,0.0,62.7,2.4,29.5,,,,,,,2,0,0,0,0,0,0,0,10,0,0,0,0,0,0,0,0,0,0,0,0.0,10,61.7,10,1.0,10,62.7,10,,0,10,,0
1389,1390,10,10,0,0,0,0,10,0,10,0,0,10,0,10,0.2158273381294964,0.9569377990430623,0.03430531732418525,1749.0,583,291.5,116600,17490,309465.000,294515.4527872000000000000000,0,294515.4527872000000000000000,90730.54721280000000000000000,192865.000,694711.00,627,0.22553956834532374,24,0,0,0,0,"2,1",1.0,0.0,0.0,62.7,2.4,29.5,,,,,,,2,0,0,0,0,0,0,0,10,0,0,0,0,0,0,0,0,0,0,0,0.0,10,61.7,10,1.0,10,62.7,10,,0,10,,0
1390,1391,10,10,0,0,0,0,10,0,10,0,0,10,0,10,0.2156721782890007,0.9569377990430623,0.03430531732418525,1749.0,583,291.5,116600,17490,309465.000,294515.4527872000000000000000,0,294515.4527872000000000000000,90730.54721280000000000000000,192865.000,694711.00,627,0.22537742631200575,24,0,0,0,0,"2,1",1.0,0.0,0.0,62.7,2.4,29.5,,,,,,,2,0,0,0,0,0,0,0,10,0,0,0,0,0,0,0,0,0,0,0,0.0,10,61.7,10,1.0,10,62.7,10,,0,10,,0
1391,1392,10,10,0,0,0,0,10,0,10,0,0,10,0,10,0.21551724137931036,0.9569377990430623,0.03430531732418525,1749.0,583,291.5,116600,17490,309465.000,294515.4527872000000000000000,0,294515.4527872000000000000000,90730.54721280000000000000000,192865.000,694711.00,627,0.2252155172413793,24,0,0,0,0,"1,2",1.0,0.0,0.0,62.7,2.4,29.5,,,,,,,2,0,0,0,0,0,0,0,10,0,0,0,0,0,0,0,0,0,0,0,0.0,10,61.7,10,1.0,10,62.7,10,,0,10,,0
1392,1393,10,10,0,0,0,0,10,0,10,0,0,10,0,10,0.21536252692031588,0.9569377990430623,0.03430531732418525,1749.0,583,291.5,116600,17490,309465.000,294515.4527872000000000000000,0,294515.4527872000000000000000,90730.54721280000000000000000,192865.000,694711.00,627,0.2250538406317301,24,0,0,0,0,"2,1",1.0,0.0,0.0,62.7,2.4,29.5,,,,,,,2,0,0,0,0,0,0,0,10,0,0,0,0,0,0,0,0,0,0,0,0.0,10,61.7,10,1.0,10,62.7,10,,0,10,,0
1393,1394,10,10,0,0,0,0,10,0,10,0,0,10,0,10,0.2152080344332855,0.9569377990430623,0.03430531732418525,1749.0,583,291.5,116600,17490,309465.000,294515.4527872000000000000000,0,294515.4527872000000000000000,90730.54721280000000000000000,192865.000,694711.00,627,0.22489239598278335,24,0,0,0,0,"1,2",1.0,0.0,0.0,62.7,2.4,29.5,,,,,,,2,0,0,0,0,0,0,0,10,0,0,0,0,0,0,0,0,0,0,0,0.0,10,61.7,10,1.0,10,62.7,10,,0,10,,0
1394,1395,10,10,0,0,0,0,10,0,10,0,0,10,0,10,0.21505376344086022,0.9569377990430623,0.03430531732418525,1749.0,583,291.5,116600,17490,309465.000,294515.4527872000000000000000,0,294515.4527872000000000000000,90730.54721280000000000000000,192865.000,694711.00,627,0.22473118279569892,24,0,0,0,0,"1,2",1.0,0.0,0.0,62.7,2.4,29.5,,,,,,,2,0,0,0,0,0,0,0,10,0,0,0,0,0,0,0,0,0,0,0,0.0,10,61.7,10,1.0,10,62.7,10,,0,10,,0
1395,1396,10,10,0,0,0,0,10,0,10,0,0,10,0,10,0.21489971346704873,0.9569377990430623,0.03430531732418525,1749.0,583,291.5,116600,17490,309465.000,294515.4527872000000000000000,0,294515.4527872000000000000000,90730.54721280000000000000000,192865.000,694711.00,627,0.2245702005730659,24,0,0,0,0,"1,2",1.0,0.0,0.0,62.7,2.4,29.5,,,,,,,2,0,0,0,0,0,0,0,10,0,0,0,0,0,0,0,0,0,0,0,0.0,10,61.7,10,1.0,10,62.7,10,,0,10,,0
1396,1397,10,10,0,0,0,0,10,0,10,0,0,10,0,10,0.2147458840372226,0.9569377990430623,0.03430531732418525,1749.0,583,291.5,116600,17490,309465.000,294515.4527872000000000000000,0,294515.4527872000000000000000,90730.54721280000000000000000,192865.000,694711.00,627,0.22440944881889763,24,0,0,0,0,"1,2",1.0,0.0,0.0,62.7,2.4,29.5,,,,,,,2,0,0,0,0,0,0,0,10,0,0,0,0,0,0,0,0,0,0,0,0.0,10,61.7,10,1.0,10,62.7,10,,0,10,,0
1397,1398,10,10,0,0,0,0,10,0,10,0,0,10,0,10,0.2145922746781116,0.9569377990430623,0.03430531732418525,1749.0,583,291.5,116600,17490,309465.000,294515.4527872000000000000000,0,294515.4527872000000000000000,90730.54721280000000000000000,192865.000,694711.00,627,0.22424892703862662,24,0,0,0,0,"2,1",1.0,0.0,0.0,62.7,2.4,29.5,,,,,,,2,0,0,0,0,0,0,0,10,0,0,0,0,0,0,0,0,0,0,0,0.0,10,61.7,10,1.0,10,62.7,10,,0,10,,0
1398,1399,10,10,0,0,0,0,10,0,10,0,0,10,0,10,0.21443888491779842,0.9569377990430623,0.03430531732418525,1749.0,583,291.5,116600,17490,309465.000,294515.4527872000000000000000,0,294515.4527872000000000000000,90730.54721280000000000000000,192865.000,694711.00,627,0.22408863473909935,24,0,0,0,0,"2,1",1.0,0.0,0.0,62.7,2.4,29.5,,,,,,,2,0,0,0,0,0,0,0,10,0,0,0,0,0,0,0,0,0,0,0,0.0,10,61.7,10,1.0,10,62.7,10,,0,10,,0
1399,1400,10,10,0,0,0,0,10,0,10,0,0,10,0,10,0.2142857142857143,0.9569377990430623,0.03430531732418525,1749.0,583,291.5,116600,17490,309465.000,294515.4527872000000000000000,0,294515.4527872000000000000000,90730.54721280000000000000000,192865.000,694711.00,627,0.22392857142857142,24,0,0,0,0,"2,1",1.0,0.0,0.0,62.7,2.4,29.5,,,,,,,2,0,0,0,0,0,0,0,10,0,0,0,0,0,0,0,0,0,0,0,0.0,10,61.7,10,1.0,10,62.7,10,,0,10,,0
1400,1401,10,10,0,0,0,0,10,0,10,0,0,10,0,10,0.2141327623126338,0.9569377990430623,0.03430531732418525,1749.0,583,291.5,116600,17490,309465.000,294515.4527872000000000000000,0,294515.4527872000000000000000,90730.54721280000000000000000,192865.000,694711.00,627,0.22376873661670235,24,0,0,0,0,"2,1",1.0,0.0,0.0,62.7,2.4,29.5,,,,,,,2,0,0,0,0,0,0,0,10,0,0,0,0,0,0,0,0,0,0,0,0.0,10,61.7,10,1.0,10,62.7,10,,0,10,,0
1401,1402,10,10,0,0,0,0,10,0,10,0,0,10,0,10,0.21398002853067047,0.9569377990430623,0.03430531732418525,1749.0,583,291.5,116600,17490,309465.000,294515.4527872000000000000000,0,294515.4527872000000000000000,90730.54721280000000000000000,192865.000,694711.00,627,0.22360912981455064,24,0,0,0,0,"2,1",1.0,0.0,0.0,62.7,2.4,29.5,,,,,,,2,0,0,0,0,0,0,0,10,0,0,0,0,0,0,0,0,0,0,0,0.0,10,61.7,10,1.0,10,62.7,10,,0,10,,0
1402,1403,10,10,0,0,0,0,10,0,10,0,0,10,0,10,0.21382751247327156,0.9569377990430623,0.03430531732418525,1749.0,583,291.5,116600,17490,309465.000,294515.4527872000000000000000,0,294515.4527872000000000000000,90730.54721280000000000000000,192865.000,694711.00,627,0.22344975053456878,24,0,0,0,0,"1,2",1.0,0.0,0.0,62.7,2.4,29.5,,,,,,,2,0,0,0,0,0,0,0,10,0,0,0,0,0,0,0,0,0,0,0,0.0,10,61.7,10,1.0,10,62.7,10,,0,10,,0
1403,1404,10,10,0,0,0,0,10,0,10,0,0,10,0,10,0.2136752136752137,0.9569377990430623,0.03430531732418525,1749.0,583,291.5,116600,17490,309465.000,294515.4527872000000000000000,0,294515.4527872000000000000000,90730.54721280000000000000000,192865.000,694711.00,627,0.2232905982905983,24,0,0,0,0,"1,2",1.0,0.0,0.0,62.7,2.4,29.5,,,,,,,2,0,0,0,0,0,0,0,10,0,0,0,0,0,0,0,0,0,0,0,0.0,10,61.7,10,1.0,10,62.7,10,,0,10,,0
1404,1405,10,10,0,0,0,0,10,0,10,0,0,10,0,10,0.21352313167259784,0.9569377990430623,0.03430531732418525,1749.0,583,291.5,116600,17490,309465.000,294515.4527872000000000000000,0,294515.4527872000000000000000,90730.54721280000000000000000,192865.000,694711.00,627,0.22313167259786476,24,0,0,0,0,"2,1",1.0,0.0,0.0,62.7,2.4,29.5,,,,,,,2,0,0,0,0,0,0,0,10,0,0,0,0,0,0,0,0,0,0,0,0.0,10,61.7,10,1.0,10,62.7,10,,0,10,,0
1405,1406,10,10,0,0,0,0,10,0,10,0,0,10,0,10,0.21337126600284495,0.9569377990430623,0.03430531732418525,1749.0,583,291.5,116600,17490,309465.000,294515.4527872000000000000000,0,294515.4527872000000000000000,90730.54721280000000000000000,192865.000,694711.00,627,0.22297297297297297,24,0,0,0,0,"1,2",1.0,0.0,0.0,62.7,2.4,29.5,,,,,,,2,0,0,0,0,0,0,0,10,0,0,0,0,0,0,0,0,0,0,0,0.0,10,61.7,10,1.0,10,62.7,10,,0,10,,0
1406,1407,10,10,0,0,0,0,10,0,10,0,0,10,0,10,0.21321961620469085,0.9569377990430623,0.03430531732418525,1749.0,583,291.5,116600,17490,309465.000,294515.4527872000000000000000,0,294515.4527872000000000000000,90730.54721280000000000000000,192865.000,694711.00,627,0.22281449893390193,24,0,0,0,0,"2,1",1.0,0.0,0.0,62.7,2.4,29.5,,,,,,,2,0,0,0,0,0,0,0,10,0,0,0,0,0,0,0,0,0,0,0,0.0,10,61.7,10,1.0,10,62.7,10,,0,10,,0
1407,1408,10,10,0,0,0,0,10,0,10,0,0,10,0,10,0.21306818181818182,0.9569377990430623,0.03430531732418525,1749.0,583,291.5,116600,17490,309465.000,294515.4527872000000000000000,0,294515.4527872000000000000000,90730.54721280000000000000000,192865.000,694711.00,627,0.22265625,24,0,0,0,0,"1,2",1.0,0.0,0.0,62.7,2.4,29.5,,,,,,,2,0,0,0,0,0,0,0,10,0,0,0,0,0,0,0,0,0,0,0,0.0,10,61.7,10,1.0,10,62.7,10,,0,10,,0
1408,1409,10,10,0,0,0,0,10,0,10,0,0,10,0,10,0.21291696238466998,0.9569377990430623,0.03430531732418525,1749.0,583,291.5,116600,17490,309465.000,294515.4527872000000000000000,0,294515.4527872000000000000000,90730.54721280000000000000000,192865.000,694711.00,627,0.22249822569198013,24,0,0,0,0,"2,1",1.0,0.0,0.0,62.7,2.4,29.5,,,,,,,2,0,0,0,0,0,0,0,10,0,0,0,0,0,0,0,0,0,0,0,0.0,10,61.7,10,1.0,10,62.7,10,,0,10,,0
1409,1410,10,10,0,0,0,0,10,0,10,0,0,10,0,10,0.2127659574468085,0.9569377990430623,0.03430531732418525,1749.0,583,291.5,116600,17490,309465.000,294515.4527872000000000000000,0,294515.4527872000000000000000,90730.54721280000000000000000,192865.000,694711.00,627,0.22234042553191488,24,0,0,0,0,"2,1",1.0,0.0,0.0,62.7,2.4,29.5,,,,,,,2,0,0,0,0,0,0,0,10,0,0,0,0,0,0,0,0,0,0,0,0.0,10,61.7,10,1.0,10,62.7,10,,0,10,,0
1410,1411,10,10,0,0,0,0,10,0,10,0,0,10,0,10,0.21261516654854715,0.9569377990430623,0.03430531732418525,1749.0,583,291.5,116600,17490,309465.000,294515.4527872000000000000000,0,294515.4527872000000000000000,90730.54721280000000000000000,192865.000,694711.00,627,0.22218284904323174,24,0,0,0,0,"1,2",1.0,0.0,0.0,62.7,2.4,29.5,,,,,,,2,0,0,0,0,0,0,0,10,0,0,0,0,0,0,0,0,0,0,0,0.0,10,61.7,10,1.0,10,62.7,10,,0,10,,0
1411,1412,10,10,0,0,0,0,10,0,10,0,0,10,0,10,0.21246458923512745,0.9569377990430623,0.03430531732418525,1749.0,583,291.5,116600,17490,309465.000,294515.4527872000000000000000,0,294515.4527872000000000000000,90730.54721280000000000000000,192865.000,694711.00,627,0.2220254957507082,24,0,0,0,0,"2,1",1.0,0.0,0.0,62.7,2.4,29.5,,,,,,,2,0,0,0,0,0,0,0,10,0,0,0,0,0,0,0,0,0,0,0,0.0,10,61.7,10,1.0,10,62.7,10,,0,10,,0
1412,1413,10,10,0,0,0,0,10,0,10,0,0,10,0,10,0.21231422505307854,0.9569377990430623,0.03430531732418525,1749.0,583,291.5,116600,17490,309465.000,294515.4527872000000000000000,0,294515.4527872000000000000000,90730.54721280000000000000000,192865.000,694711.00,627,0.2218683651804671,24,0,0,0,0,"2,1",1.0,0.0,0.0,62.7,2.4,29.5,,,,,,,2,0,0,0,0,0,0,0,10,0,0,0,0,0,0,0,0,0,0,0,0.0,10,61.7,10,1.0,10,62.7,10,,0,10,,0
1413,1414,10,10,0,0,0,0,10,0,10,0,0,10,0,10,0.21216407355021216,0.9569377990430623,0.03430531732418525,1749.0,583,291.5,116600,17490,309465.000,294515.4527872000000000000000,0,294515.4527872000000000000000,90730.54721280000000000000000,192865.000,694711.00,627,0.2217114568599717,24,0,0,0,0,"1,2",1.0,0.0,0.0,62.7,2.4,29.5,,,,,,,2,0,0,0,0,0,0,0,10,0,0,0,0,0,0,0,0,0,0,0,0.0,10,61.7,10,1.0,10,62.7,10,,0,10,,0
1414,1415,10,10,0,0,0,0,10,0,10,0,0,10,0,10,0.21201413427561838,0.9569377990430623,0.03430531732418525,1749.0,583,291.5,116600,17490,309465.000,294515.4527872000000000000000,0,294515.4527872000000000000000,90730.54721280000000000000000,192865.000,694711.00,627,0.2215547703180212,24,0,0,0,0,"2,1",1.0,0.0,0.0,62.7,2.4,29.5,,,,,,,2,0,0,0,0,0,0,0,10,0,0,0,0,0,0,0,0,0,0,0,0.0,10,61.7,10,1.0,10,62.7,10,,0,10,,0
1415,1416,10,10,0,0,0,0,10,0,10,0,0,10,0,10,0.211864406779661,0.9569377990430623,0.03430531732418525,1749.0,583,291.5,116600,17490,309465.000,294515.4527872000000000000000,0,294515.4527872000000000000000,90730.54721280000000000000000,192865.000,694711.00,627,0.22139830508474576,24,0,0,0,0,"1,2",1.0,0.0,0.0,62.7,2.4,29.5,,,,,,,2,0,0,0,0,0,0,0,10,0,0,0,0,0,0,0,0,0,0,0,0.0,10,61.7,10,1.0,10,62.7,10,,0,10,,0
1416,1417,10,10,0,0,0,0,10,0,10,0,0,10,0,10,0.21171489061397317,0.9569377990430623,0.03430531732418525,1749.0,583,291.5,116600,17490,309465.000,294515.4527872000000000000000,0,294515.4527872000000000000000,90730.54721280000000000000000,192865.000,694711.00,627,0.221242060691602,24,0,0,0,0,"2,1",1.0,0.0,0.0,62.7,2.4,29.5,,,,,,,2,0,0,0,0,0,0,0,10,0,0,0,0,0,0,0,0,0,0,0,0.0,10,61.7,10,1.0,10,62.7,10,,0,10,,0
1417,1418,10,10,0,0,0,0,10,0,10,0,0,10,0,10,0.21156558533145275,0.9569377990430623,0.03430531732418525,1749.0,583,291.5,116600,17490,309465.000,294515.4527872000000000000000,0,294515.4527872000000000000000,90730.54721280000000000000000,192865.000,694711.00,627,0.2210860366713681,24,0,0,0,0,"1,2",1.0,0.0,0.0,62.7,2.4,29.5,,,,,,,2,0,0,0,0,0,0,0,10,0,0,0,0,0,0,0,0,0,0,0,0.0,10,61.7,10,1.0,10,62.7,10,,0,10,,0
1418,1419,10,10,0,0,0,0,10,0,10,0,0,10,0,10,0.21141649048625794,0.9569377990430623,0.03430531732418525,1749.0,583,291.5,116600,17490,309465.000,294515.4527872000000000000000,0,294515.4527872000000000000000,90730.54721280000000000000000,192865.000,694711.00,627,0.22093023255813954,24,0,0,0,0,"2,1",1.0,0.0,0.0,62.7,2.4,29.5,,,,,,,2,0,0,0,0,0,0,0,10,0,0,0,0,0,0,0,0,0,0,0,0.0,10,61.7,10,1.0,10,62.7,10,,0,10,,0
1419,1420,10,10,0,0,0,0,10,0,10,0,0,10,0,10,0.2112676056338028,0.9569377990430623,0.03430531732418525,1749.0,583,291.5,116600,17490,309465.000,294515.4527872000000000000000,0,294515.4527872000000000000000,90730.54721280000000000000000,192865.000,694711.00,627,0.22077464788732395,24,0,0,0,0,"1,2",1.0,0.0,0.0,62.7,2.4,29.5,,,,,,,2,0,0,0,0,0,0,0,10,0,0,0,0,0,0,0,0,0,0,0,0.0,10,61.7,10,1.0,10,62.7,10,,0,10,,0
1420,1421,10,10,0,0,0,0,10,0,10,0,0,10,0,10,0.211118930330753,0.9569377990430623,0.03430531732418525,1749.0,583,291.5,116600,17490,309465.000,294515.4527872000000000000000,0,294515.4527872000000000000000,90730.54721280000000000000000,192865.000,694711.00,627,0.22061928219563687,24,0,0,0,0,"2,1",1.0,0.0,0.0,62.7,2.4,29.5,,,,,,,2,0,0,0,0,0,0,0,10,0,0,0,0,0,0,0,0,0,0,0,0.0,10,61.7,10,1.0,10,62.7,10,,0,10,,0
1421,1422,10,10,0,0,0,0,10,0,10,0,0,10,0,10,0.2109704641350211,0.9569377990430623,0.03430531732418525,1749.0,583,291.5,116600,17490,309465.000,294515.4527872000000000000000,0,294515.4527872000000000000000,90730.54721280000000000000000,192865.000,694711.00,627,0.22046413502109705,24,0,0,0,0,"2,1",1.0,0.0,0.0,62.7,2.4,29.5,,,,,,,2,0,0,0,0,0,0,0,10,0,0,0,0,0,0,0,0,0,0,0,0.0,10,61.7,10,1.0,10,62.7,10,,0,10,,0
1422,1423,10,10,0,0,0,0,10,0,10,0,0,10,0,10,0.21082220660576248,0.9569377990430623,0.03430531732418525,1749.0,583,291.5,116600,17490,309465.000,294515.4527872000000000000000,0,294515.4527872000000000000000,90730.54721280000000000000000,192865.000,694711.00,627,0.22030920590302178,24,0,0,0,0,"2,1",1.0,0.0,0.0,62.7,2.4,29.5,,,,,,,2,0,0,0,0,0,0,0,10,0,0,0,0,0,0,0,0,0,0,0,0.0,10,61.7,10,1.0,10,62.7,10,,0,10,,0
1423,1424,10,10,0,0,0,0,10,0,10,0,0,10,0,10,0.21067415730337077,0.9569377990430623,0.03430531732418525,1749.0,583,291.5,116600,17490,309465.000,294515.4527872000000000000000,0,294515.4527872000000000000000,90730.54721280000000000000000,192865.000,694711.00,627,0.22015449438202248,24,0,0,0,0,"1,2",1.0,0.0,0.0,62.7,2.4,29.5,,,,,,,2,0,0,0,0,0,0,0,10,0,0,0,0,0,0,0,0,0,0,0,0.0,10,61.7,10,1.0,10,62.7,10,,0,10,,0
1424,1425,10,10,0,0,0,0,10,0,10,0,0,10,0,10,0.21052631578947367,0.9569377990430623,0.03430531732418525,1749.0,583,291.5,116600,17490,309465.000,294515.4527872000000000000000,0,294515.4527872000000000000000,90730.54721280000000000000000,192865.000,694711.00,627,0.22,24,0,0,0,0,"2,1",1.0,0.0,0.0,62.7,2.4,29.5,,,,,,,2,0,0,0,0,0,0,0,10,0,0,0,0,0,0,0,0,0,0,0,0.0,10,61.7,10,1.0,10,62.7,10,,0,10,,0
1425,1426,10,10,0,0,0,0,10,0,10,0,0,10,0,10,0.2103786816269285,0.9569377990430623,0.03430531732418525,1749.0,583,291.5,116600,17490,309465.000,294515.4527872000000000000000,0,294515.4527872000000000000000,90730.54721280000000000000000,192865.000,694711.00,627,0.21984572230014024,24,0,0,0,0,"2,1",1.0,0.0,0.0,62.7,2.4,29.5,,,,,,,2,0,0,0,0,0,0,0,10,0,0,0,0,0,0,0,0,0,0,0,0.0,10,61.7,10,1.0,10,62.7,10,,0,10,,0
1426,1427,10,10,0,0,0,0,10,0,10,0,0,10,0,10,0.2102312543798178,0.9569377990430623,0.03430531732418525,1749.0,583,291.5,116600,17490,309465.000,294515.4527872000000000000000,0,294515.4527872000000000000000,90730.54721280000000000000000,192865.000,694711.00,627,0.2196916608269096,24,0,0,0,0,"2,1",1.0,0.0,0.0,62.7,2.4,29.5,,,,,,,2,0,0,0,0,0,0,0,10,0,0,0,0,0,0,0,0,0,0,0,0.0,10,61.7,10,1.0,10,62.7,10,,0,10,,0
1427,1428,10,10,0,0,0,0,10,0,10,0,0,10,0,10,0.21008403361344538,0.9569377990430623,0.03430531732418525,1749.0,583,291.5,116600,17490,309465.000,294515.4527872000000000000000,0,294515.4527872000000000000000,90730.54721280000000000000000,192865.000,694711.00,627,0.21953781512605042,24,0,0,0,0,"1,2",1.0,0.0,0.0,62.7,2.4,29.5,,,,,,,2,0,0,0,0,0,0,0,10,0,0,0,0,0,0,0,0,0,0,0,0.0,10,61.7,10,1.0,10,62.7,10,,0,10,,0
1428,1429,10,10,0,0,0,0,10,0,10,0,0,10,0,10,0.2099370188943317,0.9569377990430623,0.03430531732418525,1749.0,583,291.5,116600,17490,309465.000,294515.4527872000000000000000,0,294515.4527872000000000000000,90730.54721280000000000000000,192865.000,694711.00,627,0.21938418474457663,24,0,0,0,0,"2,1",1.0,0.0,0.0,62.7,2.4,29.5,,,,,,,2,0,0,0,0,0,0,0,10,0,0,0,0,0,0,0,0,0,0,0,0.0,10,61.7,10,1.0,10,62.7,10,,0,10,,0
1429,1430,10,10,0,0,0,0,10,0,10,0,0,10,0,10,0.2097902097902098,0.9569377990430623,0.03430531732418525,1749.0,583,291.5,116600,17490,309465.000,294515.4527872000000000000000,0,294515.4527872000000000000000,90730.54721280000000000000000,192865.000,694711.00,627,0.21923076923076923,24,0,0,0,0,"1,2",1.0,0.0,0.0,62.7,2.4,29.5,,,,,,,2,0,0,0,0,0,0,0,10,0,0,0,0,0,0,0,0,0,0,0,0.0,10,61.7,10,1.0,10,62.7,10,,0,10,,0
1430,1431,10,10,0,0,0,0,10,0,10,0,0,10,0,10,0.20964360587002095,0.9569377990430623,0.03430531732418525,1749.0,583,291.5,116600,17490,309465.000,294515.4527872000000000000000,0,294515.4527872000000000000000,90730.54721280000000000000000,192865.000,694711.00,627,0.2190775681341719,24,0,0,0,0,"1,2",1.0,0.0,0.0,62.7,2.4,29.5,,,,,,,2,0,0,0,0,0,0,0,10,0,0,0,0,0,0,0,0,0,0,0,0.0,10,61.7,10,1.0,10,62.7,10,,0,10,,0
1431,1432,10,10,0,0,0,0,10,0,10,0,0,10,0,10,0.20949720670391062,0.9569377990430623,0.03430531732418525,1749.0,583,291.5,116600,17490,309465.000,294515.4527872000000000000000,0,294515.4527872000000000000000,90730.54721280000000000000000,192865.000,694711.00,627,0.2189245810055866,24,0,0,0,0,"2,1",1.0,0.0,0.0,62.7,2.4,29.5,,,,,,,2,0,0,0,0,0,0,0,10,0,0,0,0,0,0,0,0,0,0,0,0.0,10,61.7,10,1.0,10,62.7,10,,0,10,,0
1432,1433,10,10,0,0,0,0,10,0,10,0,0,10,0,10,0.20935101186322402,0.9569377990430623,0.03430531732418525,1749.0,583,291.5,116600,17490,309465.000,294515.4527872000000000000000,0,294515.4527872000000000000000,90730.54721280000000000000000,192865.000,694711.00,627,0.21877180739706908,24,0,0,0,0,"1,2",1.0,0.0,0.0,62.7,2.4,29.5,,,,,,,2,0,0,0,0,0,0,0,10,0,0,0,0,0,0,0,0,0,0,0,0.0,10,61.7,10,1.0,10,62.7,10,,0,10,,0
1433,1434,10,10,0,0,0,0,10,0,10,0,0,10,0,10,0.2092050209205021,0.9569377990430623,0.03430531732418525,1749.0,583,291.5,116600,17490,309465.000,294515.4527872000000000000000,0,294515.4527872000000000000000,90730.54721280000000000000000,192865.000,694711.00,627,0.2186192468619247,24,0,0,0,0,"1,2",1.0,0.0,0.0,62.7,2.4,29.5,,,,,,,2,0,0,0,0,0,0,0,10,0,0,0,0,0,0,0,0,0,0,0,0.0,10,61.7,10,1.0,10,62.7,10,,0,10,,0
1434,1435,10,10,0,0,0,0,10,0,10,0,0,10,0,10,0.20905923344947736,0.9569377990430623,0.03430531732418525,1749.0,583,291.5,116600,17490,309465.000,294515.4527872000000000000000,0,294515.4527872000000000000000,90730.54721280000000000000000,192865.000,694711.00,627,0.21846689895470384,24,0,0,0,0,"1,2",1.0,0.0,0.0,62.7,2.4,29.5,,,,,,,2,0,0,0,0,0,0,0,10,0,0,0,0,0,0,0,0,0,0,0,0.0,10,61.7,10,1.0,10,62.7,10,,0,10,,0
1435,1436,10,10,0,0,0,0,10,0,10,0,0,10,0,10,0.20891364902506965,0.9569377990430623,0.03430531732418525,1749.0,583,291.5,116600,17490,309465.000,294515.4527872000000000000000,0,294515.4527872000000000000000,90730.54721280000000000000000,192865.000,694711.00,627,0.21831476323119778,24,0,0,0,0,"2,1",1.0,0.0,0.0,62.7,2.4,29.5,,,,,,,2,0,0,0,0,0,0,0,10,0,0,0,0,0,0,0,0,0,0,0,0.0,10,61.7,10,1.0,10,62.7,10,,0,10,,0
1436,1437,10,10,0,0,0,0,10,0,10,0,0,10,0,10,0.20876826722338204,0.9569377990430623,0.03430531732418525,1749.0,583,291.5,116600,17490,309465.000,294515.4527872000000000000000,0,294515.4527872000000000000000,90730.54721280000000000000000,192865.000,694711.00,627,0.21816283924843424,24,0,0,0,0,"1,2",1.0,0.0,0.0,62.7,2.4,29.5,,,,,,,2,0,0,0,0,0,0,0,10,0,0,0,0,0,0,0,0,0,0,0,0.0,10,61.7,10,1.0,10,62.7,10,,0,10,,0
1437,1438,10,10,0,0,0,0,10,0,10,0,0,10,0,10,0.20862308762169682,0.9569377990430623,0.03430531732418525,1749.0,583,291.5,116600,17490,309465.000,294515.4527872000000000000000,0,294515.4527872000000000000000,90730.54721280000000000000000,192865.000,694711.00,627,0.21801112656467317,24,0,0,0,0,"1,2",1.0,0.0,0.0,62.7,2.4,29.5,,,,,,,2,0,0,0,0,0,0,0,10,0,0,0,0,0,0,0,0,0,0,0,0.0,10,61.7,10,1.0,10,62.7,10,,0,10,,0
1438,1439,10,10,0,0,0,0,10,0,10,0,0,10,0,10,0.20847810979847115,0.9569377990430623,0.03430531732418525,1749.0,583,291.5,116600,17490,309465.000,294515.4527872000000000000000,0,294515.4527872000000000000000,90730.54721280000000000000000,192865.000,694711.00,627,0.21785962473940237,24,0,0,0,0,"2,1",1.0,0.0,0.0,62.7,2.4,29.5,,,,,,,2,0,0,0,0,0,0,0,10,0,0,0,0,0,0,0,0,0,0,0,0.0,10,61.7,10,1.0,10,62.7,10,,0,10,,0
1439,1440,10,10,0,0,0,0,10,0,10,0,0,10,0,10,0.20833333333333334,0.9569377990430623,0.03430531732418525,1749.0,583,291.5,116600,17490,309465.000,294515.4527872000000000000000,0,294515.4527872000000000000000,90730.54721280000000000000000,192865.000,694711.00,627,0.21770833333333334,24,0,0,0,0,"2,1",1.0,0.0,0.0,62.7,2.4,29.5,,,,,,,2,0,0,0,0,0,0,0,10,0,0,0,0,0,0,0,0,0,0,0,0.0,10,61.7,10,1.0,10,62.7,10,,0,10,,0
