tick,elapsed_ticks,generated_orders,food_only_orders,integrated_orders,available_orders,assigned_orders,delivered_orders,completed_orders,cancelled_orders,delivered_cumulative,active_orders,active_customers,completed_food_service_units,completed_grocery_service_units,completed_service_units,service_units_per_driver_hour,service_units_per_busy_driver_hour,service_units_per_km,emission_intensity_per_service_unit,movement_count,travel_distance_km,driver_operating_cost,emission_units,driver_revenue,restaurant_revenue,store_revenue,merchant_revenue,platform_revenue,driver_profit,settled_customer_payment,driver_busy_ticks,driver_utilization,food_pickup_wait_ticks_so_far,grocery_pickup_wait_ticks_so_far,food_disposal_events,grocery_return_events,preparation_stopped_events,driver_activation_order,food_completion_rate,food_cancellation_rate,food_unfinished_rate,mean_food_completion_ticks,mean_food_pickup_wait_ticks,mean_food_post_pickup_delivery_ticks,integrated_completion_rate,integrated_cancellation_rate,integrated_unfinished_rate,mean_integrated_completion_ticks,mean_integrated_food_pickup_wait_ticks,mean_integrated_grocery_pickup_wait_ticks,drivers_idle,drivers_grocery_travel,drivers_grocery_pickup,drivers_food_travel,drivers_food_pickup,drivers_deliver,food_preparing_components,food_ready_components,food_handed_over_components,food_cancelled_components,grocery_preparing_components,grocery_ready_components,grocery_handed_over_components,grocery_cancelled_components,active_restaurants,restaurant_preparing_cancelled_units,restaurant_preparing_cancelled_product_value,active_stores,store_preparing_cancelled_units,store_preparing_cancelled_product_value,mean_assignment_wait_ticks,observed_assignment_wait_ticks_count,mean_delivery_service_ticks,observed_delivery_service_ticks_count,mean_acknowledgement_delay_ticks,observed_acknowledgement_delay_ticks_count,mean_completion_total_ticks,observed_completion_total_ticks_count,mean_cancellation_wait_ticks,observed_cancellation_wait_ticks_count,observed_food_pickup_wait_ticks_count,mean_grocery_pickup_wait_ticks,observed_grocery_pickup_wait_ticks_count
0,1,0,0,0,0,0,0,0,0,0,0,0,0,0,0,0.0,,,,0,0.0,0,0,0,0,0,0,0,0,0,0,0.0,0,0,0,0,0,"1,2",,,,,,,,,,,,,2,0,0,0,0,0,0,0,0,0,0,0,0,0,0,0,0,0,0,0,,0,,0,,0,,0,,0,0,,0
1,2,0,0,0,0,0,0,0,0,0,0,0,0,0,0,0.0,,,,0,0.0,0,0,0,0,0,0,0,0,0,0,0.0,0,0,0,0,0,"2,1",,,,,,,,,,,,,2,0,0,0,0,0,0,0,0,0,0,0,0,0,0,0,0,0,0,0,,0,,0,,0,,0,,0,0,,0
2,3,0,0,0,0,0,0,0,0,0,0,0,0,0,0,0.0,,,,0,0.0,0,0,0,0,0,0,0,0,0,0,0.0,0,0,0,0,0,"2,1",,,,,,,,,,,,,2,0,0,0,0,0,0,0,0,0,0,0,0,0,0,0,0,0,0,0,,0,,0,,0,,0,,0,0,,0
3,4,0,0,0,0,0,0,0,0,0,0,0,0,0,0,0.0,,,,0,0.0,0,0,0,0,0,0,0,0,0,0,0.0,0,0,0,0,0,"2,1",,,,,,,,,,,,,2,0,0,0,0,0,0,0,0,0,0,0,0,0,0,0,0,0,0,0,,0,,0,,0,,0,,0,0,,0
4,5,0,0,0,0,0,0,0,0,0,0,0,0,0,0,0.0,,,,0,0.0,0,0,0,0,0,0,0,0,0,0,0.0,0,0,0,0,0,"1,2",,,,,,,,,,,,,2,0,0,0,0,0,0,0,0,0,0,0,0,0,0,0,0,0,0,0,,0,,0,,0,,0,,0,0,,0
5,6,0,0,0,0,0,0,0,0,0,0,0,0,0,0,0.0,,,,0,0.0,0,0,0,0,0,0,0,0,0,0,0.0,0,0,0,0,0,"2,1",,,,,,,,,,,,,2,0,0,0,0,0,0,0,0,0,0,0,0,0,0,0,0,0,0,0,,0,,0,,0,,0,,0,0,,0
6,7,0,0,0,0,0,0,0,0,0,0,0,0,0,0,0.0,,,,0,0.0,0,0,0,0,0,0,0,0,0,0,0.0,0,0,0,0,0,"2,1",,,,,,,,,,,,,2,0,0,0,0,0,0,0,0,0,0,0,0,0,0,0,0,0,0,0,,0,,0,,0,,0,,0,0,,0
7,8,0,0,0,0,0,0,0,0,0,0,0,0,0,0,0.0,,,,0,0.0,0,0,0,0,0,0,0,0,0,0,0.0,0,0,0,0,0,"2,1",,,,,,,,,,,,,2,0,0,0,0,0,0,0,0,0,0,0,0,0,0,0,0,0,0,0,,0,,0,,0,,0,,0,0,,0
8,9,0,0,0,0,0,0,0,0,0,0,0,0,0,0,0.0,,,,0,0.0,0,0,0,0,0,0,0,0,0,0,0.0,0,0,0,0,0,"2,1",,,,,,,,,,,,,2,0,0,0,0,0,0,0,0,0,0,0,0,0,0,0,0,0,0,0,,0,,0,,0,,0,,0,0,,0
9,10,0,0,0,0,0,0,0,0,0,0,0,0,0,0,0.0,,,,0,0.0,0,0,0,0,0,0,0,0,0,0,0.0,0,0,0,0,0,"2,1",,,,,,,,,,,,,2,0,0,0,0,0,0,0,0,0,0,0,0,0,0,0,0,0,0,0,,0,,0,,0,,0,,0,0,,0
10,11,0,0,0,0,0,0,0,0,0,0,0,0,0,0,0.0,,,,0,0.0,0,0,0,0,0,0,0,0,0,0,0.0,0,0,0,0,0,"2,1",,,,,,,,,,,,,2,0,0,0,0,0,0,0,0,0,0,0,0,0,0,0,0,0,0,0,,0,,0,,0,,0,,0,0,,0
11,12,0,0,0,0,0,0,0,0,0,0,0,0,0,0,0.0,,,,0,0.0,0,0,0,0,0,0,0,0,0,0,0.0,0,0,0,0,0,"2,1",,,,,,,,,,,,,2,0,0,0,0,0,0,0,0,0,0,0,0,0,0,0,0,0,0,0,,0,,0,,0,,0,,0,0,,0
12,13,0,0,0,0,0,0,0,0,0,0,0,0,0,0,0.0,,,,0,0.0,0,0,0,0,0,0,0,0,0,0,0.0,0,0,0,0,0,"1,2",,,,,,,,,,,,,2,0,0,0,0,0,0,0,0,0,0,0,0,0,0,0,0,0,0,0,,0,,0,,0,,0,,0,0,,0
13,14,0,0,0,0,0,0,0,0,0,0,0,0,0,0,0.0,,,,0,0.0,0,0,0,0,0,0,0,0,0,0,0.0,0,0,0,0,0,"1,2",,,,,,,,,,,,,2,0,0,0,0,0,0,0,0,0,0,0,0,0,0,0,0,0,0,0,,0,,0,,0,,0,,0,0,,0
14,15,0,0,0,0,0,0,0,0,0,0,0,0,0,0,0.0,,,,0,0.0,0,0,0,0,0,0,0,0,0,0,0.0,0,0,0,0,0,"1,2",,,,,,,,,,,,,2,0,0,0,0,0,0,0,0,0,0,0,0,0,0,0,0,0,0,0,,0,,0,,0,,0,,0,0,,0
15,16,0,0,0,0,0,0,0,0,0,0,0,0,0,0,0.0,,,,0,0.0,0,0,0,0,0,0,0,0,0,0,0.0,0,0,0,0,0,"1,2",,,,,,,,,,,,,2,0,0,0,0,0,0,0,0,0,0,0,0,0,0,0,0,0,0,0,,0,,0,,0,,0,,0,0,,0
16,17,0,0,0,0,0,0,0,0,0,0,0,0,0,0,0.0,,,,0,0.0,0,0,0,0,0,0,0,0,0,0,0.0,0,0,0,0,0,"2,1",,,,,,,,,,,,,2,0,0,0,0,0,0,0,0,0,0,0,0,0,0,0,0,0,0,0,,0,,0,,0,,0,,0,0,,0
17,18,0,0,0,0,0,0,0,0,0,0,0,0,0,0,0.0,,,,0,0.0,0,0,0,0,0,0,0,0,0,0,0.0,0,0,0,0,0,"1,2",,,,,,,,,,,,,2,0,0,0,0,0,0,0,0,0,0,0,0,0,0,0,0,0,0,0,,0,,0,,0,,0,,0,0,,0
18,19,0,0,0,0,0,0,0,0,0,0,0,0,0,0,0.0,,,,0,0.0,0,0,0,0,0,0,0,0,0,0,0.0,0,0,0,0,0,"1,2",,,,,,,,,,,,,2,0,0,0,0,0,0,0,0,0,0,0,0,0,0,0,0,0,0,0,,0,,0,,0,,0,,0,0,,0
19,20,0,0,0,0,0,0,0,0,0,0,0,0,0,0,0.0,,,,0,0.0,0,0,0,0,0,0,0,0,0,0,0.0,0,0,0,0,0,"1,2",,,,,,,,,,,,,2,0,0,0,0,0,0,0,0,0,0,0,0,0,0,0,0,0,0,0,,0,,0,,0,,0,,0,0,,0
20,21,0,0,0,0,0,0,0,0,0,0,0,0,0,0,0.0,,,,0,0.0,0,0,0,0,0,0,0,0,0,0,0.0,0,0,0,0,0,"2,1",,,,,,,,,,,,,2,0,0,0,0,0,0,0,0,0,0,0,0,0,0,0,0,0,0,0,,0,,0,,0,,0,,0,0,,0
21,22,0,0,0,0,0,0,0,0,0,0,0,0,0,0,0.0,,,,0,0.0,0,0,0,0,0,0,0,0,0,0,0.0,0,0,0,0,0,"1,2",,,,,,,,,,,,,2,0,0,0,0,0,0,0,0,0,0,0,0,0,0,0,0,0,0,0,,0,,0,,0,,0,,0,0,,0
22,23,0,0,0,0,0,0,0,0,0,0,0,0,0,0,0.0,,,,0,0.0,0,0,0,0,0,0,0,0,0,0,0.0,0,0,0,0,0,"1,2",,,,,,,,,,,,,2,0,0,0,0,0,0,0,0,0,0,0,0,0,0,0,0,0,0,0,,0,,0,,0,,0,,0,0,,0
23,24,0,0,0,0,0,0,0,0,0,0,0,0,0,0,0.0,,,,0,0.0,0,0,0,0,0,0,0,0,0,0,0.0,0,0,0,0,0,"2,1",,,,,,,,,,,,,2,0,0,0,0,0,0,0,0,0,0,0,0,0,0,0,0,0,0,0,,0,,0,,0,,0,,0,0,,0
24,25,0,0,0,0,0,0,0,0,0,0,0,0,0,0,0.0,,,,0,0.0,0,0,0,0,0,0,0,0,0,0,0.0,0,0,0,0,0,"1,2",,,,,,,,,,,,,2,0,0,0,0,0,0,0,0,0,0,0,0,0,0,0,0,0,0,0,,0,,0,,0,,0,,0,0,,0
25,26,0,0,0,0,0,0,0,0,0,0,0,0,0,0,0.0,,,,0,0.0,0,0,0,0,0,0,0,0,0,0,0.0,0,0,0,0,0,"2,1",,,,,,,,,,,,,2,0,0,0,0,0,0,0,0,0,0,0,0,0,0,0,0,0,0,0,,0,,0,,0,,0,,0,0,,0
26,27,0,0,0,0,0,0,0,0,0,0,0,0,0,0,0.0,,,,0,0.0,0,0,0,0,0,0,0,0,0,0,0.0,0,0,0,0,0,"1,2",,,,,,,,,,,,,2,0,0,0,0,0,0,0,0,0,0,0,0,0,0,0,0,0,0,0,,0,,0,,0,,0,,0,0,,0
27,28,0,0,0,0,0,0,0,0,0,0,0,0,0,0,0.0,,,,0,0.0,0,0,0,0,0,0,0,0,0,0,0.0,0,0,0,0,0,"2,1",,,,,,,,,,,,,2,0,0,0,0,0,0,0,0,0,0,0,0,0,0,0,0,0,0,0,,0,,0,,0,,0,,0,0,,0
28,29,0,0,0,0,0,0,0,0,0,0,0,0,0,0,0.0,,,,0,0.0,0,0,0,0,0,0,0,0,0,0,0.0,0,0,0,0,0,"2,1",,,,,,,,,,,,,2,0,0,0,0,0,0,0,0,0,0,0,0,0,0,0,0,0,0,0,,0,,0,,0,,0,,0,0,,0
29,30,0,0,0,0,0,0,0,0,0,0,0,0,0,0,0.0,,,,0,0.0,0,0,0,0,0,0,0,0,0,0,0.0,0,0,0,0,0,"2,1",,,,,,,,,,,,,2,0,0,0,0,0,0,0,0,0,0,0,0,0,0,0,0,0,0,0,,0,,0,,0,,0,,0,0,,0
30,31,0,0,0,0,0,0,0,0,0,0,0,0,0,0,0.0,,,,0,0.0,0,0,0,0,0,0,0,0,0,0,0.0,0,0,0,0,0,"1,2",,,,,,,,,,,,,2,0,0,0,0,0,0,0,0,0,0,0,0,0,0,0,0,0,0,0,,0,,0,,0,,0,,0,0,,0
31,32,0,0,0,0,0,0,0,0,0,0,0,0,0,0,0.0,,,,0,0.0,0,0,0,0,0,0,0,0,0,0,0.0,0,0,0,0,0,"2,1",,,,,,,,,,,,,2,0,0,0,0,0,0,0,0,0,0,0,0,0,0,0,0,0,0,0,,0,,0,,0,,0,,0,0,,0
32,33,0,0,0,0,0,0,0,0,0,0,0,0,0,0,0.0,,,,0,0.0,0,0,0,0,0,0,0,0,0,0,0.0,0,0,0,0,0,"2,1",,,,,,,,,,,,,2,0,0,0,0,0,0,0,0,0,0,0,0,0,0,0,0,0,0,0,,0,,0,,0,,0,,0,0,,0
33,34,0,0,0,0,0,0,0,0,0,0,0,0,0,0,0.0,,,,0,0.0,0,0,0,0,0,0,0,0,0,0,0.0,0,0,0,0,0,"2,1",,,,,,,,,,,,,2,0,0,0,0,0,0,0,0,0,0,0,0,0,0,0,0,0,0,0,,0,,0,,0,,0,,0,0,,0
34,35,0,0,0,0,0,0,0,0,0,0,0,0,0,0,0.0,,,,0,0.0,0,0,0,0,0,0,0,0,0,0,0.0,0,0,0,0,0,"2,1",,,,,,,,,,,,,2,0,0,0,0,0,0,0,0,0,0,0,0,0,0,0,0,0,0,0,,0,,0,,0,,0,,0,0,,0
35,36,0,0,0,0,0,0,0,0,0,0,0,0,0,0,0.0,,,,0,0.0,0,0,0,0,0,0,0,0,0,0,0.0,0,0,0,0,0,"1,2",,,,,,,,,,,,,2,0,0,0,0,0,0,0,0,0,0,0,0,0,0,0,0,0,0,0,,0,,0,,0,,0,,0,0,,0
36,37,0,0,0,0,0,0,0,0,0,0,0,0,0,0,0.0,,,,0,0.0,0,0,0,0,0,0,0,0,0,0,0.0,0,0,0,0,0,"1,2",,,,,,,,,,,,,2,0,0,0,0,0,0,0,0,0,0,0,0,0,0,0,0,0,0,0,,0,,0,,0,,0,,0,0,,0
37,38,0,0,0,0,0,0,0,0,0,0,0,0,0,0,0.0,,,,0,0.0,0,0,0,0,0,0,0,0,0,0,0.0,0,0,0,0,0,"1,2",,,,,,,,,,,,,2,0,0,0,0,0,0,0,0,0,0,0,0,0,0,0,0,0,0,0,,0,,0,,0,,0,,0,0,,0
38,39,0,0,0,0,0,0,0,0,0,0,0,0,0,0,0.0,,,,0,0.0,0,0,0,0,0,0,0,0,0,0,0.0,0,0,0,0,0,"1,2",,,,,,,,,,,,,2,0,0,0,0,0,0,0,0,0,0,0,0,0,0,0,0,0,0,0,,0,,0,,0,,0,,0,0,,0
39,40,0,0,0,0,0,0,0,0,0,0,0,0,0,0,0.0,,,,0,0.0,0,0,0,0,0,0,0,0,0,0,0.0,0,0,0,0,0,"2,1",,,,,,,,,,,,,2,0,0,0,0,0,0,0,0,0,0,0,0,0,0,0,0,0,0,0,,0,,0,,0,,0,,0,0,,0
40,41,0,0,0,0,0,0,0,0,0,0,0,0,0,0,0.0,,,,0,0.0,0,0,0,0,0,0,0,0,0,0,0.0,0,0,0,0,0,"1,2",,,,,,,,,,,,,2,0,0,0,0,0,0,0,0,0,0,0,0,0,0,0,0,0,0,0,,0,,0,,0,,0,,0,0,,0
41,42,0,0,0,0,0,0,0,0,0,0,0,0,0,0,0.0,,,,0,0.0,0,0,0,0,0,0,0,0,0,0,0.0,0,0,0,0,0,"2,1",,,,,,,,,,,,,2,0,0,0,0,0,0,0,0,0,0,0,0,0,0,0,0,0,0,0,,0,,0,,0,,0,,0,0,,0
42,43,0,0,0,0,0,0,0,0,0,0,0,0,0,0,0.0,,,,0,0.0,0,0,0,0,0,0,0,0,0,0,0.0,0,0,0,0,0,"1,2",,,,,,,,,,,,,2,0,0,0,0,0,0,0,0,0,0,0,0,0,0,0,0,0,0,0,,0,,0,,0,,0,,0,0,,0
43,44,0,0,0,0,0,0,0,0,0,0,0,0,0,0,0.0,,,,0,0.0,0,0,0,0,0,0,0,0,0,0,0.0,0,0,0,0,0,"2,1",,,,,,,,,,,,,2,0,0,0,0,0,0,0,0,0,0,0,0,0,0,0,0,0,0,0,,0,,0,,0,,0,,0,0,,0
44,45,0,0,0,0,0,0,0,0,0,0,0,0,0,0,0.0,,,,0,0.0,0,0,0,0,0,0,0,0,0,0,0.0,0,0,0,0,0,"1,2",,,,,,,,,,,,,2,0,0,0,0,0,0,0,0,0,0,0,0,0,0,0,0,0,0,0,,0,,0,,0,,0,,0,0,,0
45,46,0,0,0,0,0,0,0,0,0,0,0,0,0,0,0.0,,,,0,0.0,0,0,0,0,0,0,0,0,0,0,0.0,0,0,0,0,0,"2,1",,,,,,,,,,,,,2,0,0,0,0,0,0,0,0,0,0,0,0,0,0,0,0,0,0,0,,0,,0,,0,,0,,0,0,,0
46,47,0,0,0,0,0,0,0,0,0,0,0,0,0,0,0.0,,,,0,0.0,0,0,0,0,0,0,0,0,0,0,0.0,0,0,0,0,0,"2,1",,,,,,,,,,,,,2,0,0,0,0,0,0,0,0,0,0,0,0,0,0,0,0,0,0,0,,0,,0,,0,,0,,0,0,,0
47,48,0,0,0,0,0,0,0,0,0,0,0,0,0,0,0.0,,,,0,0.0,0,0,0,0,0,0,0,0,0,0,0.0,0,0,0,0,0,"1,2",,,,,,,,,,,,,2,0,0,0,0,0,0,0,0,0,0,0,0,0,0,0,0,0,0,0,,0,,0,,0,,0,,0,0,,0
48,49,0,0,0,0,0,0,0,0,0,0,0,0,0,0,0.0,,,,0,0.0,0,0,0,0,0,0,0,0,0,0,0.0,0,0,0,0,0,"2,1",,,,,,,,,,,,,2,0,0,0,0,0,0,0,0,0,0,0,0,0,0,0,0,0,0,0,,0,,0,,0,,0,,0,0,,0
49,50,0,0,0,0,0,0,0,0,0,0,0,0,0,0,0.0,,,,0,0.0,0,0,0,0,0,0,0,0,0,0,0.0,0,0,0,0,0,"2,1",,,,,,,,,,,,,2,0,0,0,0,0,0,0,0,0,0,0,0,0,0,0,0,0,0,0,,0,,0,,0,,0,,0,0,,0
50,51,0,0,0,0,0,0,0,0,0,0,0,0,0,0,0.0,,,,0,0.0,0,0,0,0,0,0,0,0,0,0,0.0,0,0,0,0,0,"2,1",,,,,,,,,,,,,2,0,0,0,0,0,0,0,0,0,0,0,0,0,0,0,0,0,0,0,,0,,0,,0,,0,,0,0,,0
51,52,0,0,0,0,0,0,0,0,0,0,0,0,0,0,0.0,,,,0,0.0,0,0,0,0,0,0,0,0,0,0,0.0,0,0,0,0,0,"2,1",,,,,,,,,,,,,2,0,0,0,0,0,0,0,0,0,0,0,0,0,0,0,0,0,0,0,,0,,0,,0,,0,,0,0,,0
52,53,0,0,0,0,0,0,0,0,0,0,0,0,0,0,0.0,,,,0,0.0,0,0,0,0,0,0,0,0,0,0,0.0,0,0,0,0,0,"2,1",,,,,,,,,,,,,2,0,0,0,0,0,0,0,0,0,0,0,0,0,0,0,0,0,0,0,,0,,0,,0,,0,,0,0,,0
53,54,0,0,0,0,0,0,0,0,0,0,0,0,0,0,0.0,,,,0,0.0,0,0,0,0,0,0,0,0,0,0,0.0,0,0,0,0,0,"2,1",,,,,,,,,,,,,2,0,0,0,0,0,0,0,0,0,0,0,0,0,0,0,0,0,0,0,,0,,0,,0,,0,,0,0,,0
54,55,0,0,0,0,0,0,0,0,0,0,0,0,0,0,0.0,,,,0,0.0,0,0,0,0,0,0,0,0,0,0,0.0,0,0,0,0,0,"1,2",,,,,,,,,,,,,2,0,0,0,0,0,0,0,0,0,0,0,0,0,0,0,0,0,0,0,,0,,0,,0,,0,,0,0,,0
55,56,0,0,0,0,0,0,0,0,0,0,0,0,0,0,0.0,,,,0,0.0,0,0,0,0,0,0,0,0,0,0,0.0,0,0,0,0,0,"2,1",,,,,,,,,,,,,2,0,0,0,0,0,0,0,0,0,0,0,0,0,0,0,0,0,0,0,,0,,0,,0,,0,,0,0,,0
56,57,0,0,0,0,0,0,0,0,0,0,0,0,0,0,0.0,,,,0,0.0,0,0,0,0,0,0,0,0,0,0,0.0,0,0,0,0,0,"1,2",,,,,,,,,,,,,2,0,0,0,0,0,0,0,0,0,0,0,0,0,0,0,0,0,0,0,,0,,0,,0,,0,,0,0,,0
57,58,0,0,0,0,0,0,0,0,0,0,0,0,0,0,0.0,,,,0,0.0,0,0,0,0,0,0,0,0,0,0,0.0,0,0,0,0,0,"1,2",,,,,,,,,,,,,2,0,0,0,0,0,0,0,0,0,0,0,0,0,0,0,0,0,0,0,,0,,0,,0,,0,,0,0,,0
58,59,0,0,0,0,0,0,0,0,0,0,0,0,0,0,0.0,,,,0,0.0,0,0,0,0,0,0,0,0,0,0,0.0,0,0,0,0,0,"1,2",,,,,,,,,,,,,2,0,0,0,0,0,0,0,0,0,0,0,0,0,0,0,0,0,0,0,,0,,0,,0,,0,,0,0,,0
59,60,0,0,0,0,0,0,0,0,0,0,0,0,0,0,0.0,,,,0,0.0,0,0,0,0,0,0,0,0,0,0,0.0,0,0,0,0,0,"1,2",,,,,,,,,,,,,2,0,0,0,0,0,0,0,0,0,0,0,0,0,0,0,0,0,0,0,,0,,0,,0,,0,,0,0,,0
60,61,0,0,0,0,0,0,0,0,0,0,0,0,0,0,0.0,,,,0,0.0,0,0,0,0,0,0,0,0,0,0,0.0,0,0,0,0,0,"2,1",,,,,,,,,,,,,2,0,0,0,0,0,0,0,0,0,0,0,0,0,0,0,0,0,0,0,,0,,0,,0,,0,,0,0,,0
61,62,0,0,0,0,0,0,0,0,0,0,0,0,0,0,0.0,,,,0,0.0,0,0,0,0,0,0,0,0,0,0,0.0,0,0,0,0,0,"2,1",,,,,,,,,,,,,2,0,0,0,0,0,0,0,0,0,0,0,0,0,0,0,0,0,0,0,,0,,0,,0,,0,,0,0,,0
62,63,0,0,0,0,0,0,0,0,0,0,0,0,0,0,0.0,,,,0,0.0,0,0,0,0,0,0,0,0,0,0,0.0,0,0,0,0,0,"1,2",,,,,,,,,,,,,2,0,0,0,0,0,0,0,0,0,0,0,0,0,0,0,0,0,0,0,,0,,0,,0,,0,,0,0,,0
63,64,0,0,0,0,0,0,0,0,0,0,0,0,0,0,0.0,,,,0,0.0,0,0,0,0,0,0,0,0,0,0,0.0,0,0,0,0,0,"2,1",,,,,,,,,,,,,2,0,0,0,0,0,0,0,0,0,0,0,0,0,0,0,0,0,0,0,,0,,0,,0,,0,,0,0,,0
64,65,0,0,0,0,0,0,0,0,0,0,0,0,0,0,0.0,,,,0,0.0,0,0,0,0,0,0,0,0,0,0,0.0,0,0,0,0,0,"2,1",,,,,,,,,,,,,2,0,0,0,0,0,0,0,0,0,0,0,0,0,0,0,0,0,0,0,,0,,0,,0,,0,,0,0,,0
65,66,0,0,0,0,0,0,0,0,0,0,0,0,0,0,0.0,,,,0,0.0,0,0,0,0,0,0,0,0,0,0,0.0,0,0,0,0,0,"2,1",,,,,,,,,,,,,2,0,0,0,0,0,0,0,0,0,0,0,0,0,0,0,0,0,0,0,,0,,0,,0,,0,,0,0,,0
66,67,0,0,0,0,0,0,0,0,0,0,0,0,0,0,0.0,,,,0,0.0,0,0,0,0,0,0,0,0,0,0,0.0,0,0,0,0,0,"1,2",,,,,,,,,,,,,2,0,0,0,0,0,0,0,0,0,0,0,0,0,0,0,0,0,0,0,,0,,0,,0,,0,,0,0,,0
67,68,0,0,0,0,0,0,0,0,0,0,0,0,0,0,0.0,,,,0,0.0,0,0,0,0,0,0,0,0,0,0,0.0,0,0,0,0,0,"1,2",,,,,,,,,,,,,2,0,0,0,0,0,0,0,0,0,0,0,0,0,0,0,0,0,0,0,,0,,0,,0,,0,,0,0,,0
68,69,0,0,0,0,0,0,0,0,0,0,0,0,0,0,0.0,,,,0,0.0,0,0,0,0,0,0,0,0,0,0,0.0,0,0,0,0,0,"1,2",,,,,,,,,,,,,2,0,0,0,0,0,0,0,0,0,0,0,0,0,0,0,0,0,0,0,,0,,0,,0,,0,,0,0,,0
69,70,0,0,0,0,0,0,0,0,0,0,0,0,0,0,0.0,,,,0,0.0,0,0,0,0,0,0,0,0,0,0,0.0,0,0,0,0,0,"1,2",,,,,,,,,,,,,2,0,0,0,0,0,0,0,0,0,0,0,0,0,0,0,0,0,0,0,,0,,0,,0,,0,,0,0,,0
70,71,0,0,0,0,0,0,0,0,0,0,0,0,0,0,0.0,,,,0,0.0,0,0,0,0,0,0,0,0,0,0,0.0,0,0,0,0,0,"2,1",,,,,,,,,,,,,2,0,0,0,0,0,0,0,0,0,0,0,0,0,0,0,0,0,0,0,,0,,0,,0,,0,,0,0,,0
71,72,0,0,0,0,0,0,0,0,0,0,0,0,0,0,0.0,,,,0,0.0,0,0,0,0,0,0,0,0,0,0,0.0,0,0,0,0,0,"1,2",,,,,,,,,,,,,2,0,0,0,0,0,0,0,0,0,0,0,0,0,0,0,0,0,0,0,,0,,0,,0,,0,,0,0,,0
72,73,0,0,0,0,0,0,0,0,0,0,0,0,0,0,0.0,,,,0,0.0,0,0,0,0,0,0,0,0,0,0,0.0,0,0,0,0,0,"2,1",,,,,,,,,,,,,2,0,0,0,0,0,0,0,0,0,0,0,0,0,0,0,0,0,0,0,,0,,0,,0,,0,,0,0,,0
73,74,0,0,0,0,0,0,0,0,0,0,0,0,0,0,0.0,,,,0,0.0,0,0,0,0,0,0,0,0,0,0,0.0,0,0,0,0,0,"2,1",,,,,,,,,,,,,2,0,0,0,0,0,0,0,0,0,0,0,0,0,0,0,0,0,0,0,,0,,0,,0,,0,,0,0,,0
74,75,0,0,0,0,0,0,0,0,0,0,0,0,0,0,0.0,,,,0,0.0,0,0,0,0,0,0,0,0,0,0,0.0,0,0,0,0,0,"1,2",,,,,,,,,,,,,2,0,0,0,0,0,0,0,0,0,0,0,0,0,0,0,0,0,0,0,,0,,0,,0,,0,,0,0,,0
75,76,0,0,0,0,0,0,0,0,0,0,0,0,0,0,0.0,,,,0,0.0,0,0,0,0,0,0,0,0,0,0,0.0,0,0,0,0,0,"2,1",,,,,,,,,,,,,2,0,0,0,0,0,0,0,0,0,0,0,0,0,0,0,0,0,0,0,,0,,0,,0,,0,,0,0,,0
76,77,0,0,0,0,0,0,0,0,0,0,0,0,0,0,0.0,,,,0,0.0,0,0,0,0,0,0,0,0,0,0,0.0,0,0,0,0,0,"1,2",,,,,,,,,,,,,2,0,0,0,0,0,0,0,0,0,0,0,0,0,0,0,0,0,0,0,,0,,0,,0,,0,,0,0,,0
77,78,0,0,0,0,0,0,0,0,0,0,0,0,0,0,0.0,,,,0,0.0,0,0,0,0,0,0,0,0,0,0,0.0,0,0,0,0,0,"2,1",,,,,,,,,,,,,2,0,0,0,0,0,0,0,0,0,0,0,0,0,0,0,0,0,0,0,,0,,0,,0,,0,,0,0,,0
78,79,0,0,0,0,0,0,0,0,0,0,0,0,0,0,0.0,,,,0,0.0,0,0,0,0,0,0,0,0,0,0,0.0,0,0,0,0,0,"1,2",,,,,,,,,,,,,2,0,0,0,0,0,0,0,0,0,0,0,0,0,0,0,0,0,0,0,,0,,0,,0,,0,,0,0,,0
79,80,0,0,0,0,0,0,0,0,0,0,0,0,0,0,0.0,,,,0,0.0,0,0,0,0,0,0,0,0,0,0,0.0,0,0,0,0,0,"2,1",,,,,,,,,,,,,2,0,0,0,0,0,0,0,0,0,0,0,0,0,0,0,0,0,0,0,,0,,0,,0,,0,,0,0,,0
80,81,0,0,0,0,0,0,0,0,0,0,0,0,0,0,0.0,,,,0,0.0,0,0,0,0,0,0,0,0,0,0,0.0,0,0,0,0,0,"2,1",,,,,,,,,,,,,2,0,0,0,0,0,0,0,0,0,0,0,0,0,0,0,0,0,0,0,,0,,0,,0,,0,,0,0,,0
81,82,0,0,0,0,0,0,0,0,0,0,0,0,0,0,0.0,,,,0,0.0,0,0,0,0,0,0,0,0,0,0,0.0,0,0,0,0,0,"2,1",,,,,,,,,,,,,2,0,0,0,0,0,0,0,0,0,0,0,0,0,0,0,0,0,0,0,,0,,0,,0,,0,,0,0,,0
82,83,0,0,0,0,0,0,0,0,0,0,0,0,0,0,0.0,,,,0,0.0,0,0,0,0,0,0,0,0,0,0,0.0,0,0,0,0,0,"1,2",,,,,,,,,,,,,2,0,0,0,0,0,0,0,0,0,0,0,0,0,0,0,0,0,0,0,,0,,0,,0,,0,,0,0,,0
83,84,0,0,0,0,0,0,0,0,0,0,0,0,0,0,0.0,,,,0,0.0,0,0,0,0,0,0,0,0,0,0,0.0,0,0,0,0,0,"1,2",,,,,,,,,,,,,2,0,0,0,0,0,0,0,0,0,0,0,0,0,0,0,0,0,0,0,,0,,0,,0,,0,,0,0,,0
84,85,0,0,0,0,0,0,0,0,0,0,0,0,0,0,0.0,,,,0,0.0,0,0,0,0,0,0,0,0,0,0,0.0,0,0,0,0,0,"1,2",,,,,,,,,,,,,2,0,0,0,0,0,0,0,0,0,0,0,0,0,0,0,0,0,0,0,,0,,0,,0,,0,,0,0,,0
85,86,0,0,0,0,0,0,0,0,0,0,0,0,0,0,0.0,,,,0,0.0,0,0,0,0,0,0,0,0,0,0,0.0,0,0,0,0,0,"2,1",,,,,,,,,,,,,2,0,0,0,0,0,0,0,0,0,0,0,0,0,0,0,0,0,0,0,,0,,0,,0,,0,,0,0,,0
86,87,0,0,0,0,0,0,0,0,0,0,0,0,0,0,0.0,,,,0,0.0,0,0,0,0,0,0,0,0,0,0,0.0,0,0,0,0,0,"2,1",,,,,,,,,,,,,2,0,0,0,0,0,0,0,0,0,0,0,0,0,0,0,0,0,0,0,,0,,0,,0,,0,,0,0,,0
87,88,0,0,0,0,0,0,0,0,0,0,0,0,0,0,0.0,,,,0,0.0,0,0,0,0,0,0,0,0,0,0,0.0,0,0,0,0,0,"1,2",,,,,,,,,,,,,2,0,0,0,0,0,0,0,0,0,0,0,0,0,0,0,0,0,0,0,,0,,0,,0,,0,,0,0,,0
88,89,0,0,0,0,0,0,0,0,0,0,0,0,0,0,0.0,,,,0,0.0,0,0,0,0,0,0,0,0,0,0,0.0,0,0,0,0,0,"2,1",,,,,,,,,,,,,2,0,0,0,0,0,0,0,0,0,0,0,0,0,0,0,0,0,0,0,,0,,0,,0,,0,,0,0,,0
89,90,0,0,0,0,0,0,0,0,0,0,0,0,0,0,0.0,,,,0,0.0,0,0,0,0,0,0,0,0,0,0,0.0,0,0,0,0,0,"2,1",,,,,,,,,,,,,2,0,0,0,0,0,0,0,0,0,0,0,0,0,0,0,0,0,0,0,,0,,0,,0,,0,,0,0,,0
90,91,0,0,0,0,0,0,0,0,0,0,0,0,0,0,0.0,,,,0,0.0,0,0,0,0,0,0,0,0,0,0,0.0,0,0,0,0,0,"1,2",,,,,,,,,,,,,2,0,0,0,0,0,0,0,0,0,0,0,0,0,0,0,0,0,0,0,,0,,0,,0,,0,,0,0,,0
91,92,0,0,0,0,0,0,0,0,0,0,0,0,0,0,0.0,,,,0,0.0,0,0,0,0,0,0,0,0,0,0,0.0,0,0,0,0,0,"2,1",,,,,,,,,,,,,2,0,0,0,0,0,0,0,0,0,0,0,0,0,0,0,0,0,0,0,,0,,0,,0,,0,,0,0,,0
92,93,0,0,0,0,0,0,0,0,0,0,0,0,0,0,0.0,,,,0,0.0,0,0,0,0,0,0,0,0,0,0,0.0,0,0,0,0,0,"1,2",,,,,,,,,,,,,2,0,0,0,0,0,0,0,0,0,0,0,0,0,0,0,0,0,0,0,,0,,0,,0,,0,,0,0,,0
93,94,0,0,0,0,0,0,0,0,0,0,0,0,0,0,0.0,,,,0,0.0,0,0,0,0,0,0,0,0,0,0,0.0,0,0,0,0,0,"2,1",,,,,,,,,,,,,2,0,0,0,0,0,0,0,0,0,0,0,0,0,0,0,0,0,0,0,,0,,0,,0,,0,,0,0,,0
94,95,0,0,0,0,0,0,0,0,0,0,0,0,0,0,0.0,,,,0,0.0,0,0,0,0,0,0,0,0,0,0,0.0,0,0,0,0,0,"2,1",,,,,,,,,,,,,2,0,0,0,0,0,0,0,0,0,0,0,0,0,0,0,0,0,0,0,,0,,0,,0,,0,,0,0,,0
95,96,0,0,0,0,0,0,0,0,0,0,0,0,0,0,0.0,,,,0,0.0,0,0,0,0,0,0,0,0,0,0,0.0,0,0,0,0,0,"2,1",,,,,,,,,,,,,2,0,0,0,0,0,0,0,0,0,0,0,0,0,0,0,0,0,0,0,,0,,0,,0,,0,,0,0,,0
96,97,0,0,0,0,0,0,0,0,0,0,0,0,0,0,0.0,,,,0,0.0,0,0,0,0,0,0,0,0,0,0,0.0,0,0,0,0,0,"1,2",,,,,,,,,,,,,2,0,0,0,0,0,0,0,0,0,0,0,0,0,0,0,0,0,0,0,,0,,0,,0,,0,,0,0,,0
97,98,0,0,0,0,0,0,0,0,0,0,0,0,0,0,0.0,,,,0,0.0,0,0,0,0,0,0,0,0,0,0,0.0,0,0,0,0,0,"2,1",,,,,,,,,,,,,2,0,0,0,0,0,0,0,0,0,0,0,0,0,0,0,0,0,0,0,,0,,0,,0,,0,,0,0,,0
98,99,0,0,0,0,0,0,0,0,0,0,0,0,0,0,0.0,,,,0,0.0,0,0,0,0,0,0,0,0,0,0,0.0,0,0,0,0,0,"1,2",,,,,,,,,,,,,2,0,0,0,0,0,0,0,0,0,0,0,0,0,0,0,0,0,0,0,,0,,0,,0,,0,,0,0,,0
99,100,0,0,0,0,0,0,0,0,0,0,0,0,0,0,0.0,,,,0,0.0,0,0,0,0,0,0,0,0,0,0,0.0,0,0,0,0,0,"2,1",,,,,,,,,,,,,2,0,0,0,0,0,0,0,0,0,0,0,0,0,0,0,0,0,0,0,,0,,0,,0,,0,,0,0,,0
100,101,0,0,0,0,0,0,0,0,0,0,0,0,0,0,0.0,,,,0,0.0,0,0,0,0,0,0,0,0,0,0,0.0,0,0,0,0,0,"1,2",,,,,,,,,,,,,2,0,0,0,0,0,0,0,0,0,0,0,0,0,0,0,0,0,0,0,,0,,0,,0,,0,,0,0,,0
101,102,0,0,0,0,0,0,0,0,0,0,0,0,0,0,0.0,,,,0,0.0,0,0,0,0,0,0,0,0,0,0,0.0,0,0,0,0,0,"2,1",,,,,,,,,,,,,2,0,0,0,0,0,0,0,0,0,0,0,0,0,0,0,0,0,0,0,,0,,0,,0,,0,,0,0,,0
102,103,0,0,0,0,0,0,0,0,0,0,0,0,0,0,0.0,,,,0,0.0,0,0,0,0,0,0,0,0,0,0,0.0,0,0,0,0,0,"1,2",,,,,,,,,,,,,2,0,0,0,0,0,0,0,0,0,0,0,0,0,0,0,0,0,0,0,,0,,0,,0,,0,,0,0,,0
103,104,0,0,0,0,0,0,0,0,0,0,0,0,0,0,0.0,,,,0,0.0,0,0,0,0,0,0,0,0,0,0,0.0,0,0,0,0,0,"1,2",,,,,,,,,,,,,2,0,0,0,0,0,0,0,0,0,0,0,0,0,0,0,0,0,0,0,,0,,0,,0,,0,,0,0,,0
104,105,0,0,0,0,0,0,0,0,0,0,0,0,0,0,0.0,,,,0,0.0,0,0,0,0,0,0,0,0,0,0,0.0,0,0,0,0,0,"1,2",,,,,,,,,,,,,2,0,0,0,0,0,0,0,0,0,0,0,0,0,0,0,0,0,0,0,,0,,0,,0,,0,,0,0,,0
105,106,0,0,0,0,0,0,0,0,0,0,0,0,0,0,0.0,,,,0,0.0,0,0,0,0,0,0,0,0,0,0,0.0,0,0,0,0,0,"2,1",,,,,,,,,,,,,2,0,0,0,0,0,0,0,0,0,0,0,0,0,0,0,0,0,0,0,,0,,0,,0,,0,,0,0,,0
106,107,0,0,0,0,0,0,0,0,0,0,0,0,0,0,0.0,,,,0,0.0,0,0,0,0,0,0,0,0,0,0,0.0,0,0,0,0,0,"2,1",,,,,,,,,,,,,2,0,0,0,0,0,0,0,0,0,0,0,0,0,0,0,0,0,0,0,,0,,0,,0,,0,,0,0,,0
107,108,0,0,0,0,0,0,0,0,0,0,0,0,0,0,0.0,,,,0,0.0,0,0,0,0,0,0,0,0,0,0,0.0,0,0,0,0,0,"2,1",,,,,,,,,,,,,2,0,0,0,0,0,0,0,0,0,0,0,0,0,0,0,0,0,0,0,,0,,0,,0,,0,,0,0,,0
108,109,0,0,0,0,0,0,0,0,0,0,0,0,0,0,0.0,,,,0,0.0,0,0,0,0,0,0,0,0,0,0,0.0,0,0,0,0,0,"1,2",,,,,,,,,,,,,2,0,0,0,0,0,0,0,0,0,0,0,0,0,0,0,0,0,0,0,,0,,0,,0,,0,,0,0,,0
109,110,0,0,0,0,0,0,0,0,0,0,0,0,0,0,0.0,,,,0,0.0,0,0,0,0,0,0,0,0,0,0,0.0,0,0,0,0,0,"1,2",,,,,,,,,,,,,2,0,0,0,0,0,0,0,0,0,0,0,0,0,0,0,0,0,0,0,,0,,0,,0,,0,,0,0,,0
110,111,0,0,0,0,0,0,0,0,0,0,0,0,0,0,0.0,,,,0,0.0,0,0,0,0,0,0,0,0,0,0,0.0,0,0,0,0,0,"2,1",,,,,,,,,,,,,2,0,0,0,0,0,0,0,0,0,0,0,0,0,0,0,0,0,0,0,,0,,0,,0,,0,,0,0,,0
111,112,0,0,0,0,0,0,0,0,0,0,0,0,0,0,0.0,,,,0,0.0,0,0,0,0,0,0,0,0,0,0,0.0,0,0,0,0,0,"2,1",,,,,,,,,,,,,2,0,0,0,0,0,0,0,0,0,0,0,0,0,0,0,0,0,0,0,,0,,0,,0,,0,,0,0,,0
112,113,0,0,0,0,0,0,0,0,0,0,0,0,0,0,0.0,,,,0,0.0,0,0,0,0,0,0,0,0,0,0,0.0,0,0,0,0,0,"2,1",,,,,,,,,,,,,2,0,0,0,0,0,0,0,0,0,0,0,0,0,0,0,0,0,0,0,,0,,0,,0,,0,,0,0,,0
113,114,0,0,0,0,0,0,0,0,0,0,0,0,0,0,0.0,,,,0,0.0,0,0,0,0,0,0,0,0,0,0,0.0,0,0,0,0,0,"2,1",,,,,,,,,,,,,2,0,0,0,0,0,0,0,0,0,0,0,0,0,0,0,0,0,0,0,,0,,0,,0,,0,,0,0,,0
114,115,0,0,0,0,0,0,0,0,0,0,0,0,0,0,0.0,,,,0,0.0,0,0,0,0,0,0,0,0,0,0,0.0,0,0,0,0,0,"1,2",,,,,,,,,,,,,2,0,0,0,0,0,0,0,0,0,0,0,0,0,0,0,0,0,0,0,,0,,0,,0,,0,,0,0,,0
115,116,0,0,0,0,0,0,0,0,0,0,0,0,0,0,0.0,,,,0,0.0,0,0,0,0,0,0,0,0,0,0,0.0,0,0,0,0,0,"1,2",,,,,,,,,,,,,2,0,0,0,0,0,0,0,0,0,0,0,0,0,0,0,0,0,0,0,,0,,0,,0,,0,,0,0,,0
116,117,0,0,0,0,0,0,0,0,0,0,0,0,0,0,0.0,,,,0,0.0,0,0,0,0,0,0,0,0,0,0,0.0,0,0,0,0,0,"2,1",,,,,,,,,,,,,2,0,0,0,0,0,0,0,0,0,0,0,0,0,0,0,0,0,0,0,,0,,0,,0,,0,,0,0,,0
117,118,0,0,0,0,0,0,0,0,0,0,0,0,0,0,0.0,,,,0,0.0,0,0,0,0,0,0,0,0,0,0,0.0,0,0,0,0,0,"2,1",,,,,,,,,,,,,2,0,0,0,0,0,0,0,0,0,0,0,0,0,0,0,0,0,0,0,,0,,0,,0,,0,,0,0,,0
118,119,0,0,0,0,0,0,0,0,0,0,0,0,0,0,0.0,,,,0,0.0,0,0,0,0,0,0,0,0,0,0,0.0,0,0,0,0,0,"2,1",,,,,,,,,,,,,2,0,0,0,0,0,0,0,0,0,0,0,0,0,0,0,0,0,0,0,,0,,0,,0,,0,,0,0,,0
119,120,0,0,0,0,0,0,0,0,0,0,0,0,0,0,0.0,,,,0,0.0,0,0,0,0,0,0,0,0,0,0,0.0,0,0,0,0,0,"1,2",,,,,,,,,,,,,2,0,0,0,0,0,0,0,0,0,0,0,0,0,0,0,0,0,0,0,,0,,0,,0,,0,,0,0,,0
120,121,0,0,0,0,0,0,0,0,0,0,0,0,0,0,0.0,,,,0,0.0,0,0,0,0,0,0,0,0,0,0,0.0,0,0,0,0,0,"1,2",,,,,,,,,,,,,2,0,0,0,0,0,0,0,0,0,0,0,0,0,0,0,0,0,0,0,,0,,0,,0,,0,,0,0,,0
121,122,0,0,0,0,0,0,0,0,0,0,0,0,0,0,0.0,,,,0,0.0,0,0,0,0,0,0,0,0,0,0,0.0,0,0,0,0,0,"1,2",,,,,,,,,,,,,2,0,0,0,0,0,0,0,0,0,0,0,0,0,0,0,0,0,0,0,,0,,0,,0,,0,,0,0,,0
122,123,0,0,0,0,0,0,0,0,0,0,0,0,0,0,0.0,,,,0,0.0,0,0,0,0,0,0,0,0,0,0,0.0,0,0,0,0,0,"2,1",,,,,,,,,,,,,2,0,0,0,0,0,0,0,0,0,0,0,0,0,0,0,0,0,0,0,,0,,0,,0,,0,,0,0,,0
123,124,0,0,0,0,0,0,0,0,0,0,0,0,0,0,0.0,,,,0,0.0,0,0,0,0,0,0,0,0,0,0,0.0,0,0,0,0,0,"2,1",,,,,,,,,,,,,2,0,0,0,0,0,0,0,0,0,0,0,0,0,0,0,0,0,0,0,,0,,0,,0,,0,,0,0,,0
124,125,0,0,0,0,0,0,0,0,0,0,0,0,0,0,0.0,,,,0,0.0,0,0,0,0,0,0,0,0,0,0,0.0,0,0,0,0,0,"1,2",,,,,,,,,,,,,2,0,0,0,0,0,0,0,0,0,0,0,0,0,0,0,0,0,0,0,,0,,0,,0,,0,,0,0,,0
125,126,0,0,0,0,0,0,0,0,0,0,0,0,0,0,0.0,,,,0,0.0,0,0,0,0,0,0,0,0,0,0,0.0,0,0,0,0,0,"1,2",,,,,,,,,,,,,2,0,0,0,0,0,0,0,0,0,0,0,0,0,0,0,0,0,0,0,,0,,0,,0,,0,,0,0,,0
126,127,0,0,0,0,0,0,0,0,0,0,0,0,0,0,0.0,,,,0,0.0,0,0,0,0,0,0,0,0,0,0,0.0,0,0,0,0,0,"1,2",,,,,,,,,,,,,2,0,0,0,0,0,0,0,0,0,0,0,0,0,0,0,0,0,0,0,,0,,0,,0,,0,,0,0,,0
127,128,0,0,0,0,0,0,0,0,0,0,0,0,0,0,0.0,,,,0,0.0,0,0,0,0,0,0,0,0,0,0,0.0,0,0,0,0,0,"1,2",,,,,,,,,,,,,2,0,0,0,0,0,0,0,0,0,0,0,0,0,0,0,0,0,0,0,,0,,0,,0,,0,,0,0,,0
128,129,0,0,0,0,0,0,0,0,0,0,0,0,0,0,0.0,,,,0,0.0,0,0,0,0,0,0,0,0,0,0,0.0,0,0,0,0,0,"1,2",,,,,,,,,,,,,2,0,0,0,0,0,0,0,0,0,0,0,0,0,0,0,0,0,0,0,,0,,0,,0,,0,,0,0,,0
129,130,0,0,0,0,0,0,0,0,0,0,0,0,0,0,0.0,,,,0,0.0,0,0,0,0,0,0,0,0,0,0,0.0,0,0,0,0,0,"2,1",,,,,,,,,,,,,2,0,0,0,0,0,0,0,0,0,0,0,0,0,0,0,0,0,0,0,,0,,0,,0,,0,,0,0,,0
130,131,0,0,0,0,0,0,0,0,0,0,0,0,0,0,0.0,,,,0,0.0,0,0,0,0,0,0,0,0,0,0,0.0,0,0,0,0,0,"2,1",,,,,,,,,,,,,2,0,0,0,0,0,0,0,0,0,0,0,0,0,0,0,0,0,0,0,,0,,0,,0,,0,,0,0,,0
131,132,0,0,0,0,0,0,0,0,0,0,0,0,0,0,0.0,,,,0,0.0,0,0,0,0,0,0,0,0,0,0,0.0,0,0,0,0,0,"2,1",,,,,,,,,,,,,2,0,0,0,0,0,0,0,0,0,0,0,0,0,0,0,0,0,0,0,,0,,0,,0,,0,,0,0,,0
132,133,0,0,0,0,0,0,0,0,0,0,0,0,0,0,0.0,,,,0,0.0,0,0,0,0,0,0,0,0,0,0,0.0,0,0,0,0,0,"2,1",,,,,,,,,,,,,2,0,0,0,0,0,0,0,0,0,0,0,0,0,0,0,0,0,0,0,,0,,0,,0,,0,,0,0,,0
133,134,0,0,0,0,0,0,0,0,0,0,0,0,0,0,0.0,,,,0,0.0,0,0,0,0,0,0,0,0,0,0,0.0,0,0,0,0,0,"2,1",,,,,,,,,,,,,2,0,0,0,0,0,0,0,0,0,0,0,0,0,0,0,0,0,0,0,,0,,0,,0,,0,,0,0,,0
134,135,0,0,0,0,0,0,0,0,0,0,0,0,0,0,0.0,,,,0,0.0,0,0,0,0,0,0,0,0,0,0,0.0,0,0,0,0,0,"1,2",,,,,,,,,,,,,2,0,0,0,0,0,0,0,0,0,0,0,0,0,0,0,0,0,0,0,,0,,0,,0,,0,,0,0,,0
135,136,0,0,0,0,0,0,0,0,0,0,0,0,0,0,0.0,,,,0,0.0,0,0,0,0,0,0,0,0,0,0,0.0,0,0,0,0,0,"1,2",,,,,,,,,,,,,2,0,0,0,0,0,0,0,0,0,0,0,0,0,0,0,0,0,0,0,,0,,0,,0,,0,,0,0,,0
136,137,0,0,0,0,0,0,0,0,0,0,0,0,0,0,0.0,,,,0,0.0,0,0,0,0,0,0,0,0,0,0,0.0,0,0,0,0,0,"1,2",,,,,,,,,,,,,2,0,0,0,0,0,0,0,0,0,0,0,0,0,0,0,0,0,0,0,,0,,0,,0,,0,,0,0,,0
137,138,0,0,0,0,0,0,0,0,0,0,0,0,0,0,0.0,,,,0,0.0,0,0,0,0,0,0,0,0,0,0,0.0,0,0,0,0,0,"1,2",,,,,,,,,,,,,2,0,0,0,0,0,0,0,0,0,0,0,0,0,0,0,0,0,0,0,,0,,0,,0,,0,,0,0,,0
138,139,0,0,0,0,0,0,0,0,0,0,0,0,0,0,0.0,,,,0,0.0,0,0,0,0,0,0,0,0,0,0,0.0,0,0,0,0,0,"2,1",,,,,,,,,,,,,2,0,0,0,0,0,0,0,0,0,0,0,0,0,0,0,0,0,0,0,,0,,0,,0,,0,,0,0,,0
139,140,0,0,0,0,0,0,0,0,0,0,0,0,0,0,0.0,,,,0,0.0,0,0,0,0,0,0,0,0,0,0,0.0,0,0,0,0,0,"1,2",,,,,,,,,,,,,2,0,0,0,0,0,0,0,0,0,0,0,0,0,0,0,0,0,0,0,,0,,0,,0,,0,,0,0,,0
140,141,0,0,0,0,0,0,0,0,0,0,0,0,0,0,0.0,,,,0,0.0,0,0,0,0,0,0,0,0,0,0,0.0,0,0,0,0,0,"2,1",,,,,,,,,,,,,2,0,0,0,0,0,0,0,0,0,0,0,0,0,0,0,0,0,0,0,,0,,0,,0,,0,,0,0,,0
141,142,0,0,0,0,0,0,0,0,0,0,0,0,0,0,0.0,,,,0,0.0,0,0,0,0,0,0,0,0,0,0,0.0,0,0,0,0,0,"2,1",,,,,,,,,,,,,2,0,0,0,0,0,0,0,0,0,0,0,0,0,0,0,0,0,0,0,,0,,0,,0,,0,,0,0,,0
142,143,0,0,0,0,0,0,0,0,0,0,0,0,0,0,0.0,,,,0,0.0,0,0,0,0,0,0,0,0,0,0,0.0,0,0,0,0,0,"1,2",,,,,,,,,,,,,2,0,0,0,0,0,0,0,0,0,0,0,0,0,0,0,0,0,0,0,,0,,0,,0,,0,,0,0,,0
143,144,0,0,0,0,0,0,0,0,0,0,0,0,0,0,0.0,,,,0,0.0,0,0,0,0,0,0,0,0,0,0,0.0,0,0,0,0,0,"2,1",,,,,,,,,,,,,2,0,0,0,0,0,0,0,0,0,0,0,0,0,0,0,0,0,0,0,,0,,0,,0,,0,,0,0,,0
144,145,0,0,0,0,0,0,0,0,0,0,0,0,0,0,0.0,,,,0,0.0,0,0,0,0,0,0,0,0,0,0,0.0,0,0,0,0,0,"2,1",,,,,,,,,,,,,2,0,0,0,0,0,0,0,0,0,0,0,0,0,0,0,0,0,0,0,,0,,0,,0,,0,,0,0,,0
145,146,0,0,0,0,0,0,0,0,0,0,0,0,0,0,0.0,,,,0,0.0,0,0,0,0,0,0,0,0,0,0,0.0,0,0,0,0,0,"2,1",,,,,,,,,,,,,2,0,0,0,0,0,0,0,0,0,0,0,0,0,0,0,0,0,0,0,,0,,0,,0,,0,,0,0,,0
146,147,0,0,0,0,0,0,0,0,0,0,0,0,0,0,0.0,,,,0,0.0,0,0,0,0,0,0,0,0,0,0,0.0,0,0,0,0,0,"1,2",,,,,,,,,,,,,2,0,0,0,0,0,0,0,0,0,0,0,0,0,0,0,0,0,0,0,,0,,0,,0,,0,,0,0,,0
147,148,0,0,0,0,0,0,0,0,0,0,0,0,0,0,0.0,,,,0,0.0,0,0,0,0,0,0,0,0,0,0,0.0,0,0,0,0,0,"1,2",,,,,,,,,,,,,2,0,0,0,0,0,0,0,0,0,0,0,0,0,0,0,0,0,0,0,,0,,0,,0,,0,,0,0,,0
148,149,0,0,0,0,0,0,0,0,0,0,0,0,0,0,0.0,,,,0,0.0,0,0,0,0,0,0,0,0,0,0,0.0,0,0,0,0,0,"2,1",,,,,,,,,,,,,2,0,0,0,0,0,0,0,0,0,0,0,0,0,0,0,0,0,0,0,,0,,0,,0,,0,,0,0,,0
149,150,0,0,0,0,0,0,0,0,0,0,0,0,0,0,0.0,,,,0,0.0,0,0,0,0,0,0,0,0,0,0,0.0,0,0,0,0,0,"2,1",,,,,,,,,,,,,2,0,0,0,0,0,0,0,0,0,0,0,0,0,0,0,0,0,0,0,,0,,0,,0,,0,,0,0,,0
150,151,0,0,0,0,0,0,0,0,0,0,0,0,0,0,0.0,,,,0,0.0,0,0,0,0,0,0,0,0,0,0,0.0,0,0,0,0,0,"2,1",,,,,,,,,,,,,2,0,0,0,0,0,0,0,0,0,0,0,0,0,0,0,0,0,0,0,,0,,0,,0,,0,,0,0,,0
151,152,0,0,0,0,0,0,0,0,0,0,0,0,0,0,0.0,,,,0,0.0,0,0,0,0,0,0,0,0,0,0,0.0,0,0,0,0,0,"1,2",,,,,,,,,,,,,2,0,0,0,0,0,0,0,0,0,0,0,0,0,0,0,0,0,0,0,,0,,0,,0,,0,,0,0,,0
152,153,0,0,0,0,0,0,0,0,0,0,0,0,0,0,0.0,,,,0,0.0,0,0,0,0,0,0,0,0,0,0,0.0,0,0,0,0,0,"2,1",,,,,,,,,,,,,2,0,0,0,0,0,0,0,0,0,0,0,0,0,0,0,0,0,0,0,,0,,0,,0,,0,,0,0,,0
153,154,0,0,0,0,0,0,0,0,0,0,0,0,0,0,0.0,,,,0,0.0,0,0,0,0,0,0,0,0,0,0,0.0,0,0,0,0,0,"1,2",,,,,,,,,,,,,2,0,0,0,0,0,0,0,0,0,0,0,0,0,0,0,0,0,0,0,,0,,0,,0,,0,,0,0,,0
154,155,0,0,0,0,0,0,0,0,0,0,0,0,0,0,0.0,,,,0,0.0,0,0,0,0,0,0,0,0,0,0,0.0,0,0,0,0,0,"2,1",,,,,,,,,,,,,2,0,0,0,0,0,0,0,0,0,0,0,0,0,0,0,0,0,0,0,,0,,0,,0,,0,,0,0,,0
155,156,0,0,0,0,0,0,0,0,0,0,0,0,0,0,0.0,,,,0,0.0,0,0,0,0,0,0,0,0,0,0,0.0,0,0,0,0,0,"2,1",,,,,,,,,,,,,2,0,0,0,0,0,0,0,0,0,0,0,0,0,0,0,0,0,0,0,,0,,0,,0,,0,,0,0,,0
156,157,0,0,0,0,0,0,0,0,0,0,0,0,0,0,0.0,,,,0,0.0,0,0,0,0,0,0,0,0,0,0,0.0,0,0,0,0,0,"2,1",,,,,,,,,,,,,2,0,0,0,0,0,0,0,0,0,0,0,0,0,0,0,0,0,0,0,,0,,0,,0,,0,,0,0,,0
157,158,0,0,0,0,0,0,0,0,0,0,0,0,0,0,0.0,,,,0,0.0,0,0,0,0,0,0,0,0,0,0,0.0,0,0,0,0,0,"2,1",,,,,,,,,,,,,2,0,0,0,0,0,0,0,0,0,0,0,0,0,0,0,0,0,0,0,,0,,0,,0,,0,,0,0,,0
158,159,0,0,0,0,0,0,0,0,0,0,0,0,0,0,0.0,,,,0,0.0,0,0,0,0,0,0,0,0,0,0,0.0,0,0,0,0,0,"1,2",,,,,,,,,,,,,2,0,0,0,0,0,0,0,0,0,0,0,0,0,0,0,0,0,0,0,,0,,0,,0,,0,,0,0,,0
159,160,0,0,0,0,0,0,0,0,0,0,0,0,0,0,0.0,,,,0,0.0,0,0,0,0,0,0,0,0,0,0,0.0,0,0,0,0,0,"2,1",,,,,,,,,,,,,2,0,0,0,0,0,0,0,0,0,0,0,0,0,0,0,0,0,0,0,,0,,0,,0,,0,,0,0,,0
160,161,0,0,0,0,0,0,0,0,0,0,0,0,0,0,0.0,,,,0,0.0,0,0,0,0,0,0,0,0,0,0,0.0,0,0,0,0,0,"2,1",,,,,,,,,,,,,2,0,0,0,0,0,0,0,0,0,0,0,0,0,0,0,0,0,0,0,,0,,0,,0,,0,,0,0,,0
161,162,0,0,0,0,0,0,0,0,0,0,0,0,0,0,0.0,,,,0,0.0,0,0,0,0,0,0,0,0,0,0,0.0,0,0,0,0,0,"2,1",,,,,,,,,,,,,2,0,0,0,0,0,0,0,0,0,0,0,0,0,0,0,0,0,0,0,,0,,0,,0,,0,,0,0,,0
162,163,0,0,0,0,0,0,0,0,0,0,0,0,0,0,0.0,,,,0,0.0,0,0,0,0,0,0,0,0,0,0,0.0,0,0,0,0,0,"2,1",,,,,,,,,,,,,2,0,0,0,0,0,0,0,0,0,0,0,0,0,0,0,0,0,0,0,,0,,0,,0,,0,,0,0,,0
163,164,0,0,0,0,0,0,0,0,0,0,0,0,0,0,0.0,,,,0,0.0,0,0,0,0,0,0,0,0,0,0,0.0,0,0,0,0,0,"1,2",,,,,,,,,,,,,2,0,0,0,0,0,0,0,0,0,0,0,0,0,0,0,0,0,0,0,,0,,0,,0,,0,,0,0,,0
164,165,0,0,0,0,0,0,0,0,0,0,0,0,0,0,0.0,,,,0,0.0,0,0,0,0,0,0,0,0,0,0,0.0,0,0,0,0,0,"2,1",,,,,,,,,,,,,2,0,0,0,0,0,0,0,0,0,0,0,0,0,0,0,0,0,0,0,,0,,0,,0,,0,,0,0,,0
165,166,0,0,0,0,0,0,0,0,0,0,0,0,0,0,0.0,,,,0,0.0,0,0,0,0,0,0,0,0,0,0,0.0,0,0,0,0,0,"1,2",,,,,,,,,,,,,2,0,0,0,0,0,0,0,0,0,0,0,0,0,0,0,0,0,0,0,,0,,0,,0,,0,,0,0,,0
166,167,0,0,0,0,0,0,0,0,0,0,0,0,0,0,0.0,,,,0,0.0,0,0,0,0,0,0,0,0,0,0,0.0,0,0,0,0,0,"2,1",,,,,,,,,,,,,2,0,0,0,0,0,0,0,0,0,0,0,0,0,0,0,0,0,0,0,,0,,0,,0,,0,,0,0,,0
167,168,0,0,0,0,0,0,0,0,0,0,0,0,0,0,0.0,,,,0,0.0,0,0,0,0,0,0,0,0,0,0,0.0,0,0,0,0,0,"2,1",,,,,,,,,,,,,2,0,0,0,0,0,0,0,0,0,0,0,0,0,0,0,0,0,0,0,,0,,0,,0,,0,,0,0,,0
168,169,0,0,0,0,0,0,0,0,0,0,0,0,0,0,0.0,,,,0,0.0,0,0,0,0,0,0,0,0,0,0,0.0,0,0,0,0,0,"2,1",,,,,,,,,,,,,2,0,0,0,0,0,0,0,0,0,0,0,0,0,0,0,0,0,0,0,,0,,0,,0,,0,,0,0,,0
169,170,0,0,0,0,0,0,0,0,0,0,0,0,0,0,0.0,,,,0,0.0,0,0,0,0,0,0,0,0,0,0,0.0,0,0,0,0,0,"2,1",,,,,,,,,,,,,2,0,0,0,0,0,0,0,0,0,0,0,0,0,0,0,0,0,0,0,,0,,0,,0,,0,,0,0,,0
170,171,0,0,0,0,0,0,0,0,0,0,0,0,0,0,0.0,,,,0,0.0,0,0,0,0,0,0,0,0,0,0,0.0,0,0,0,0,0,"1,2",,,,,,,,,,,,,2,0,0,0,0,0,0,0,0,0,0,0,0,0,0,0,0,0,0,0,,0,,0,,0,,0,,0,0,,0
171,172,0,0,0,0,0,0,0,0,0,0,0,0,0,0,0.0,,,,0,0.0,0,0,0,0,0,0,0,0,0,0,0.0,0,0,0,0,0,"2,1",,,,,,,,,,,,,2,0,0,0,0,0,0,0,0,0,0,0,0,0,0,0,0,0,0,0,,0,,0,,0,,0,,0,0,,0
172,173,0,0,0,0,0,0,0,0,0,0,0,0,0,0,0.0,,,,0,0.0,0,0,0,0,0,0,0,0,0,0,0.0,0,0,0,0,0,"2,1",,,,,,,,,,,,,2,0,0,0,0,0,0,0,0,0,0,0,0,0,0,0,0,0,0,0,,0,,0,,0,,0,,0,0,,0
173,174,0,0,0,0,0,0,0,0,0,0,0,0,0,0,0.0,,,,0,0.0,0,0,0,0,0,0,0,0,0,0,0.0,0,0,0,0,0,"2,1",,,,,,,,,,,,,2,0,0,0,0,0,0,0,0,0,0,0,0,0,0,0,0,0,0,0,,0,,0,,0,,0,,0,0,,0
174,175,0,0,0,0,0,0,0,0,0,0,0,0,0,0,0.0,,,,0,0.0,0,0,0,0,0,0,0,0,0,0,0.0,0,0,0,0,0,"1,2",,,,,,,,,,,,,2,0,0,0,0,0,0,0,0,0,0,0,0,0,0,0,0,0,0,0,,0,,0,,0,,0,,0,0,,0
175,176,0,0,0,0,0,0,0,0,0,0,0,0,0,0,0.0,,,,0,0.0,0,0,0,0,0,0,0,0,0,0,0.0,0,0,0,0,0,"2,1",,,,,,,,,,,,,2,0,0,0,0,0,0,0,0,0,0,0,0,0,0,0,0,0,0,0,,0,,0,,0,,0,,0,0,,0
176,177,0,0,0,0,0,0,0,0,0,0,0,0,0,0,0.0,,,,0,0.0,0,0,0,0,0,0,0,0,0,0,0.0,0,0,0,0,0,"2,1",,,,,,,,,,,,,2,0,0,0,0,0,0,0,0,0,0,0,0,0,0,0,0,0,0,0,,0,,0,,0,,0,,0,0,,0
177,178,0,0,0,0,0,0,0,0,0,0,0,0,0,0,0.0,,,,0,0.0,0,0,0,0,0,0,0,0,0,0,0.0,0,0,0,0,0,"1,2",,,,,,,,,,,,,2,0,0,0,0,0,0,0,0,0,0,0,0,0,0,0,0,0,0,0,,0,,0,,0,,0,,0,0,,0
178,179,0,0,0,0,0,0,0,0,0,0,0,0,0,0,0.0,,,,0,0.0,0,0,0,0,0,0,0,0,0,0,0.0,0,0,0,0,0,"1,2",,,,,,,,,,,,,2,0,0,0,0,0,0,0,0,0,0,0,0,0,0,0,0,0,0,0,,0,,0,,0,,0,,0,0,,0
179,180,0,0,0,0,0,0,0,0,0,0,0,0,0,0,0.0,,,,0,0.0,0,0,0,0,0,0,0,0,0,0,0.0,0,0,0,0,0,"2,1",,,,,,,,,,,,,2,0,0,0,0,0,0,0,0,0,0,0,0,0,0,0,0,0,0,0,,0,,0,,0,,0,,0,0,,0
180,181,0,0,0,0,0,0,0,0,0,0,0,0,0,0,0.0,,,,0,0.0,0,0,0,0,0,0,0,0,0,0,0.0,0,0,0,0,0,"1,2",,,,,,,,,,,,,2,0,0,0,0,0,0,0,0,0,0,0,0,0,0,0,0,0,0,0,,0,,0,,0,,0,,0,0,,0
181,182,0,0,0,0,0,0,0,0,0,0,0,0,0,0,0.0,,,,0,0.0,0,0,0,0,0,0,0,0,0,0,0.0,0,0,0,0,0,"1,2",,,,,,,,,,,,,2,0,0,0,0,0,0,0,0,0,0,0,0,0,0,0,0,0,0,0,,0,,0,,0,,0,,0,0,,0
182,183,0,0,0,0,0,0,0,0,0,0,0,0,0,0,0.0,,,,0,0.0,0,0,0,0,0,0,0,0,0,0,0.0,0,0,0,0,0,"2,1",,,,,,,,,,,,,2,0,0,0,0,0,0,0,0,0,0,0,0,0,0,0,0,0,0,0,,0,,0,,0,,0,,0,0,,0
183,184,0,0,0,0,0,0,0,0,0,0,0,0,0,0,0.0,,,,0,0.0,0,0,0,0,0,0,0,0,0,0,0.0,0,0,0,0,0,"2,1",,,,,,,,,,,,,2,0,0,0,0,0,0,0,0,0,0,0,0,0,0,0,0,0,0,0,,0,,0,,0,,0,,0,0,,0
184,185,0,0,0,0,0,0,0,0,0,0,0,0,0,0,0.0,,,,0,0.0,0,0,0,0,0,0,0,0,0,0,0.0,0,0,0,0,0,"2,1",,,,,,,,,,,,,2,0,0,0,0,0,0,0,0,0,0,0,0,0,0,0,0,0,0,0,,0,,0,,0,,0,,0,0,,0
185,186,0,0,0,0,0,0,0,0,0,0,0,0,0,0,0.0,,,,0,0.0,0,0,0,0,0,0,0,0,0,0,0.0,0,0,0,0,0,"2,1",,,,,,,,,,,,,2,0,0,0,0,0,0,0,0,0,0,0,0,0,0,0,0,0,0,0,,0,,0,,0,,0,,0,0,,0
186,187,0,0,0,0,0,0,0,0,0,0,0,0,0,0,0.0,,,,0,0.0,0,0,0,0,0,0,0,0,0,0,0.0,0,0,0,0,0,"2,1",,,,,,,,,,,,,2,0,0,0,0,0,0,0,0,0,0,0,0,0,0,0,0,0,0,0,,0,,0,,0,,0,,0,0,,0
187,188,0,0,0,0,0,0,0,0,0,0,0,0,0,0,0.0,,,,0,0.0,0,0,0,0,0,0,0,0,0,0,0.0,0,0,0,0,0,"2,1",,,,,,,,,,,,,2,0,0,0,0,0,0,0,0,0,0,0,0,0,0,0,0,0,0,0,,0,,0,,0,,0,,0,0,,0
188,189,0,0,0,0,0,0,0,0,0,0,0,0,0,0,0.0,,,,0,0.0,0,0,0,0,0,0,0,0,0,0,0.0,0,0,0,0,0,"1,2",,,,,,,,,,,,,2,0,0,0,0,0,0,0,0,0,0,0,0,0,0,0,0,0,0,0,,0,,0,,0,,0,,0,0,,0
189,190,0,0,0,0,0,0,0,0,0,0,0,0,0,0,0.0,,,,0,0.0,0,0,0,0,0,0,0,0,0,0,0.0,0,0,0,0,0,"2,1",,,,,,,,,,,,,2,0,0,0,0,0,0,0,0,0,0,0,0,0,0,0,0,0,0,0,,0,,0,,0,,0,,0,0,,0
190,191,0,0,0,0,0,0,0,0,0,0,0,0,0,0,0.0,,,,0,0.0,0,0,0,0,0,0,0,0,0,0,0.0,0,0,0,0,0,"1,2",,,,,,,,,,,,,2,0,0,0,0,0,0,0,0,0,0,0,0,0,0,0,0,0,0,0,,0,,0,,0,,0,,0,0,,0
191,192,0,0,0,0,0,0,0,0,0,0,0,0,0,0,0.0,,,,0,0.0,0,0,0,0,0,0,0,0,0,0,0.0,0,0,0,0,0,"2,1",,,,,,,,,,,,,2,0,0,0,0,0,0,0,0,0,0,0,0,0,0,0,0,0,0,0,,0,,0,,0,,0,,0,0,,0
192,193,0,0,0,0,0,0,0,0,0,0,0,0,0,0,0.0,,,,0,0.0,0,0,0,0,0,0,0,0,0,0,0.0,0,0,0,0,0,"2,1",,,,,,,,,,,,,2,0,0,0,0,0,0,0,0,0,0,0,0,0,0,0,0,0,0,0,,0,,0,,0,,0,,0,0,,0
193,194,0,0,0,0,0,0,0,0,0,0,0,0,0,0,0.0,,,,0,0.0,0,0,0,0,0,0,0,0,0,0,0.0,0,0,0,0,0,"2,1",,,,,,,,,,,,,2,0,0,0,0,0,0,0,0,0,0,0,0,0,0,0,0,0,0,0,,0,,0,,0,,0,,0,0,,0
194,195,0,0,0,0,0,0,0,0,0,0,0,0,0,0,0.0,,,,0,0.0,0,0,0,0,0,0,0,0,0,0,0.0,0,0,0,0,0,"2,1",,,,,,,,,,,,,2,0,0,0,0,0,0,0,0,0,0,0,0,0,0,0,0,0,0,0,,0,,0,,0,,0,,0,0,,0
195,196,0,0,0,0,0,0,0,0,0,0,0,0,0,0,0.0,,,,0,0.0,0,0,0,0,0,0,0,0,0,0,0.0,0,0,0,0,0,"1,2",,,,,,,,,,,,,2,0,0,0,0,0,0,0,0,0,0,0,0,0,0,0,0,0,0,0,,0,,0,,0,,0,,0,0,,0
196,197,0,0,0,0,0,0,0,0,0,0,0,0,0,0,0.0,,,,0,0.0,0,0,0,0,0,0,0,0,0,0,0.0,0,0,0,0,0,"1,2",,,,,,,,,,,,,2,0,0,0,0,0,0,0,0,0,0,0,0,0,0,0,0,0,0,0,,0,,0,,0,,0,,0,0,,0
197,198,0,0,0,0,0,0,0,0,0,0,0,0,0,0,0.0,,,,0,0.0,0,0,0,0,0,0,0,0,0,0,0.0,0,0,0,0,0,"2,1",,,,,,,,,,,,,2,0,0,0,0,0,0,0,0,0,0,0,0,0,0,0,0,0,0,0,,0,,0,,0,,0,,0,0,,0
198,199,0,0,0,0,0,0,0,0,0,0,0,0,0,0,0.0,,,,0,0.0,0,0,0,0,0,0,0,0,0,0,0.0,0,0,0,0,0,"1,2",,,,,,,,,,,,,2,0,0,0,0,0,0,0,0,0,0,0,0,0,0,0,0,0,0,0,,0,,0,,0,,0,,0,0,,0
199,200,0,0,0,0,0,0,0,0,0,0,0,0,0,0,0.0,,,,0,0.0,0,0,0,0,0,0,0,0,0,0,0.0,0,0,0,0,0,"1,2",,,,,,,,,,,,,2,0,0,0,0,0,0,0,0,0,0,0,0,0,0,0,0,0,0,0,,0,,0,,0,,0,,0,0,,0
200,201,0,0,0,0,0,0,0,0,0,0,0,0,0,0,0.0,,,,0,0.0,0,0,0,0,0,0,0,0,0,0,0.0,0,0,0,0,0,"1,2",,,,,,,,,,,,,2,0,0,0,0,0,0,0,0,0,0,0,0,0,0,0,0,0,0,0,,0,,0,,0,,0,,0,0,,0
201,202,0,0,0,0,0,0,0,0,0,0,0,0,0,0,0.0,,,,0,0.0,0,0,0,0,0,0,0,0,0,0,0.0,0,0,0,0,0,"1,2",,,,,,,,,,,,,2,0,0,0,0,0,0,0,0,0,0,0,0,0,0,0,0,0,0,0,,0,,0,,0,,0,,0,0,,0
202,203,0,0,0,0,0,0,0,0,0,0,0,0,0,0,0.0,,,,0,0.0,0,0,0,0,0,0,0,0,0,0,0.0,0,0,0,0,0,"1,2",,,,,,,,,,,,,2,0,0,0,0,0,0,0,0,0,0,0,0,0,0,0,0,0,0,0,,0,,0,,0,,0,,0,0,,0
203,204,0,0,0,0,0,0,0,0,0,0,0,0,0,0,0.0,,,,0,0.0,0,0,0,0,0,0,0,0,0,0,0.0,0,0,0,0,0,"1,2",,,,,,,,,,,,,2,0,0,0,0,0,0,0,0,0,0,0,0,0,0,0,0,0,0,0,,0,,0,,0,,0,,0,0,,0
204,205,0,0,0,0,0,0,0,0,0,0,0,0,0,0,0.0,,,,0,0.0,0,0,0,0,0,0,0,0,0,0,0.0,0,0,0,0,0,"2,1",,,,,,,,,,,,,2,0,0,0,0,0,0,0,0,0,0,0,0,0,0,0,0,0,0,0,,0,,0,,0,,0,,0,0,,0
205,206,0,0,0,0,0,0,0,0,0,0,0,0,0,0,0.0,,,,0,0.0,0,0,0,0,0,0,0,0,0,0,0.0,0,0,0,0,0,"1,2",,,,,,,,,,,,,2,0,0,0,0,0,0,0,0,0,0,0,0,0,0,0,0,0,0,0,,0,,0,,0,,0,,0,0,,0
206,207,0,0,0,0,0,0,0,0,0,0,0,0,0,0,0.0,,,,0,0.0,0,0,0,0,0,0,0,0,0,0,0.0,0,0,0,0,0,"1,2",,,,,,,,,,,,,2,0,0,0,0,0,0,0,0,0,0,0,0,0,0,0,0,0,0,0,,0,,0,,0,,0,,0,0,,0
207,208,0,0,0,0,0,0,0,0,0,0,0,0,0,0,0.0,,,,0,0.0,0,0,0,0,0,0,0,0,0,0,0.0,0,0,0,0,0,"1,2",,,,,,,,,,,,,2,0,0,0,0,0,0,0,0,0,0,0,0,0,0,0,0,0,0,0,,0,,0,,0,,0,,0,0,,0
208,209,0,0,0,0,0,0,0,0,0,0,0,0,0,0,0.0,,,,0,0.0,0,0,0,0,0,0,0,0,0,0,0.0,0,0,0,0,0,"2,1",,,,,,,,,,,,,2,0,0,0,0,0,0,0,0,0,0,0,0,0,0,0,0,0,0,0,,0,,0,,0,,0,,0,0,,0
209,210,0,0,0,0,0,0,0,0,0,0,0,0,0,0,0.0,,,,0,0.0,0,0,0,0,0,0,0,0,0,0,0.0,0,0,0,0,0,"2,1",,,,,,,,,,,,,2,0,0,0,0,0,0,0,0,0,0,0,0,0,0,0,0,0,0,0,,0,,0,,0,,0,,0,0,,0
210,211,0,0,0,0,0,0,0,0,0,0,0,0,0,0,0.0,,,,0,0.0,0,0,0,0,0,0,0,0,0,0,0.0,0,0,0,0,0,"1,2",,,,,,,,,,,,,2,0,0,0,0,0,0,0,0,0,0,0,0,0,0,0,0,0,0,0,,0,,0,,0,,0,,0,0,,0
211,212,0,0,0,0,0,0,0,0,0,0,0,0,0,0,0.0,,,,0,0.0,0,0,0,0,0,0,0,0,0,0,0.0,0,0,0,0,0,"2,1",,,,,,,,,,,,,2,0,0,0,0,0,0,0,0,0,0,0,0,0,0,0,0,0,0,0,,0,,0,,0,,0,,0,0,,0
212,213,0,0,0,0,0,0,0,0,0,0,0,0,0,0,0.0,,,,0,0.0,0,0,0,0,0,0,0,0,0,0,0.0,0,0,0,0,0,"2,1",,,,,,,,,,,,,2,0,0,0,0,0,0,0,0,0,0,0,0,0,0,0,0,0,0,0,,0,,0,,0,,0,,0,0,,0
213,214,0,0,0,0,0,0,0,0,0,0,0,0,0,0,0.0,,,,0,0.0,0,0,0,0,0,0,0,0,0,0,0.0,0,0,0,0,0,"1,2",,,,,,,,,,,,,2,0,0,0,0,0,0,0,0,0,0,0,0,0,0,0,0,0,0,0,,0,,0,,0,,0,,0,0,,0
214,215,0,0,0,0,0,0,0,0,0,0,0,0,0,0,0.0,,,,0,0.0,0,0,0,0,0,0,0,0,0,0,0.0,0,0,0,0,0,"2,1",,,,,,,,,,,,,2,0,0,0,0,0,0,0,0,0,0,0,0,0,0,0,0,0,0,0,,0,,0,,0,,0,,0,0,,0
215,216,0,0,0,0,0,0,0,0,0,0,0,0,0,0,0.0,,,,0,0.0,0,0,0,0,0,0,0,0,0,0,0.0,0,0,0,0,0,"1,2",,,,,,,,,,,,,2,0,0,0,0,0,0,0,0,0,0,0,0,0,0,0,0,0,0,0,,0,,0,,0,,0,,0,0,,0
216,217,0,0,0,0,0,0,0,0,0,0,0,0,0,0,0.0,,,,0,0.0,0,0,0,0,0,0,0,0,0,0,0.0,0,0,0,0,0,"1,2",,,,,,,,,,,,,2,0,0,0,0,0,0,0,0,0,0,0,0,0,0,0,0,0,0,0,,0,,0,,0,,0,,0,0,,0
217,218,0,0,0,0,0,0,0,0,0,0,0,0,0,0,0.0,,,,0,0.0,0,0,0,0,0,0,0,0,0,0,0.0,0,0,0,0,0,"1,2",,,,,,,,,,,,,2,0,0,0,0,0,0,0,0,0,0,0,0,0,0,0,0,0,0,0,,0,,0,,0,,0,,0,0,,0
218,219,0,0,0,0,0,0,0,0,0,0,0,0,0,0,0.0,,,,0,0.0,0,0,0,0,0,0,0,0,0,0,0.0,0,0,0,0,0,"2,1",,,,,,,,,,,,,2,0,0,0,0,0,0,0,0,0,0,0,0,0,0,0,0,0,0,0,,0,,0,,0,,0,,0,0,,0
219,220,0,0,0,0,0,0,0,0,0,0,0,0,0,0,0.0,,,,0,0.0,0,0,0,0,0,0,0,0,0,0,0.0,0,0,0,0,0,"1,2",,,,,,,,,,,,,2,0,0,0,0,0,0,0,0,0,0,0,0,0,0,0,0,0,0,0,,0,,0,,0,,0,,0,0,,0
220,221,0,0,0,0,0,0,0,0,0,0,0,0,0,0,0.0,,,,0,0.0,0,0,0,0,0,0,0,0,0,0,0.0,0,0,0,0,0,"2,1",,,,,,,,,,,,,2,0,0,0,0,0,0,0,0,0,0,0,0,0,0,0,0,0,0,0,,0,,0,,0,,0,,0,0,,0
221,222,0,0,0,0,0,0,0,0,0,0,0,0,0,0,0.0,,,,0,0.0,0,0,0,0,0,0,0,0,0,0,0.0,0,0,0,0,0,"1,2",,,,,,,,,,,,,2,0,0,0,0,0,0,0,0,0,0,0,0,0,0,0,0,0,0,0,,0,,0,,0,,0,,0,0,,0
222,223,0,0,0,0,0,0,0,0,0,0,0,0,0,0,0.0,,,,0,0.0,0,0,0,0,0,0,0,0,0,0,0.0,0,0,0,0,0,"1,2",,,,,,,,,,,,,2,0,0,0,0,0,0,0,0,0,0,0,0,0,0,0,0,0,0,0,,0,,0,,0,,0,,0,0,,0
223,224,0,0,0,0,0,0,0,0,0,0,0,0,0,0,0.0,,,,0,0.0,0,0,0,0,0,0,0,0,0,0,0.0,0,0,0,0,0,"1,2",,,,,,,,,,,,,2,0,0,0,0,0,0,0,0,0,0,0,0,0,0,0,0,0,0,0,,0,,0,,0,,0,,0,0,,0
224,225,0,0,0,0,0,0,0,0,0,0,0,0,0,0,0.0,,,,0,0.0,0,0,0,0,0,0,0,0,0,0,0.0,0,0,0,0,0,"2,1",,,,,,,,,,,,,2,0,0,0,0,0,0,0,0,0,0,0,0,0,0,0,0,0,0,0,,0,,0,,0,,0,,0,0,,0
225,226,0,0,0,0,0,0,0,0,0,0,0,0,0,0,0.0,,,,0,0.0,0,0,0,0,0,0,0,0,0,0,0.0,0,0,0,0,0,"2,1",,,,,,,,,,,,,2,0,0,0,0,0,0,0,0,0,0,0,0,0,0,0,0,0,0,0,,0,,0,,0,,0,,0,0,,0
226,227,0,0,0,0,0,0,0,0,0,0,0,0,0,0,0.0,,,,0,0.0,0,0,0,0,0,0,0,0,0,0,0.0,0,0,0,0,0,"2,1",,,,,,,,,,,,,2,0,0,0,0,0,0,0,0,0,0,0,0,0,0,0,0,0,0,0,,0,,0,,0,,0,,0,0,,0
227,228,0,0,0,0,0,0,0,0,0,0,0,0,0,0,0.0,,,,0,0.0,0,0,0,0,0,0,0,0,0,0,0.0,0,0,0,0,0,"1,2",,,,,,,,,,,,,2,0,0,0,0,0,0,0,0,0,0,0,0,0,0,0,0,0,0,0,,0,,0,,0,,0,,0,0,,0
228,229,0,0,0,0,0,0,0,0,0,0,0,0,0,0,0.0,,,,0,0.0,0,0,0,0,0,0,0,0,0,0,0.0,0,0,0,0,0,"1,2",,,,,,,,,,,,,2,0,0,0,0,0,0,0,0,0,0,0,0,0,0,0,0,0,0,0,,0,,0,,0,,0,,0,0,,0
229,230,0,0,0,0,0,0,0,0,0,0,0,0,0,0,0.0,,,,0,0.0,0,0,0,0,0,0,0,0,0,0,0.0,0,0,0,0,0,"1,2",,,,,,,,,,,,,2,0,0,0,0,0,0,0,0,0,0,0,0,0,0,0,0,0,0,0,,0,,0,,0,,0,,0,0,,0
230,231,0,0,0,0,0,0,0,0,0,0,0,0,0,0,0.0,,,,0,0.0,0,0,0,0,0,0,0,0,0,0,0.0,0,0,0,0,0,"1,2",,,,,,,,,,,,,2,0,0,0,0,0,0,0,0,0,0,0,0,0,0,0,0,0,0,0,,0,,0,,0,,0,,0,0,,0
231,232,0,0,0,0,0,0,0,0,0,0,0,0,0,0,0.0,,,,0,0.0,0,0,0,0,0,0,0,0,0,0,0.0,0,0,0,0,0,"2,1",,,,,,,,,,,,,2,0,0,0,0,0,0,0,0,0,0,0,0,0,0,0,0,0,0,0,,0,,0,,0,,0,,0,0,,0
232,233,0,0,0,0,0,0,0,0,0,0,0,0,0,0,0.0,,,,0,0.0,0,0,0,0,0,0,0,0,0,0,0.0,0,0,0,0,0,"2,1",,,,,,,,,,,,,2,0,0,0,0,0,0,0,0,0,0,0,0,0,0,0,0,0,0,0,,0,,0,,0,,0,,0,0,,0
233,234,0,0,0,0,0,0,0,0,0,0,0,0,0,0,0.0,,,,0,0.0,0,0,0,0,0,0,0,0,0,0,0.0,0,0,0,0,0,"1,2",,,,,,,,,,,,,2,0,0,0,0,0,0,0,0,0,0,0,0,0,0,0,0,0,0,0,,0,,0,,0,,0,,0,0,,0
234,235,0,0,0,0,0,0,0,0,0,0,0,0,0,0,0.0,,,,0,0.0,0,0,0,0,0,0,0,0,0,0,0.0,0,0,0,0,0,"2,1",,,,,,,,,,,,,2,0,0,0,0,0,0,0,0,0,0,0,0,0,0,0,0,0,0,0,,0,,0,,0,,0,,0,0,,0
235,236,0,0,0,0,0,0,0,0,0,0,0,0,0,0,0.0,,,,0,0.0,0,0,0,0,0,0,0,0,0,0,0.0,0,0,0,0,0,"2,1",,,,,,,,,,,,,2,0,0,0,0,0,0,0,0,0,0,0,0,0,0,0,0,0,0,0,,0,,0,,0,,0,,0,0,,0
236,237,0,0,0,0,0,0,0,0,0,0,0,0,0,0,0.0,,,,0,0.0,0,0,0,0,0,0,0,0,0,0,0.0,0,0,0,0,0,"2,1",,,,,,,,,,,,,2,0,0,0,0,0,0,0,0,0,0,0,0,0,0,0,0,0,0,0,,0,,0,,0,,0,,0,0,,0
237,238,0,0,0,0,0,0,0,0,0,0,0,0,0,0,0.0,,,,0,0.0,0,0,0,0,0,0,0,0,0,0,0.0,0,0,0,0,0,"1,2",,,,,,,,,,,,,2,0,0,0,0,0,0,0,0,0,0,0,0,0,0,0,0,0,0,0,,0,,0,,0,,0,,0,0,,0
238,239,0,0,0,0,0,0,0,0,0,0,0,0,0,0,0.0,,,,0,0.0,0,0,0,0,0,0,0,0,0,0,0.0,0,0,0,0,0,"2,1",,,,,,,,,,,,,2,0,0,0,0,0,0,0,0,0,0,0,0,0,0,0,0,0,0,0,,0,,0,,0,,0,,0,0,,0
239,240,0,0,0,0,0,0,0,0,0,0,0,0,0,0,0.0,,,,0,0.0,0,0,0,0,0,0,0,0,0,0,0.0,0,0,0,0,0,"2,1",,,,,,,,,,,,,2,0,0,0,0,0,0,0,0,0,0,0,0,0,0,0,0,0,0,0,,0,,0,,0,,0,,0,0,,0
240,241,0,0,0,0,0,0,0,0,0,0,0,0,0,0,0.0,,,,0,0.0,0,0,0,0,0,0,0,0,0,0,0.0,0,0,0,0,0,"1,2",,,,,,,,,,,,,2,0,0,0,0,0,0,0,0,0,0,0,0,0,0,0,0,0,0,0,,0,,0,,0,,0,,0,0,,0
241,242,0,0,0,0,0,0,0,0,0,0,0,0,0,0,0.0,,,,0,0.0,0,0,0,0,0,0,0,0,0,0,0.0,0,0,0,0,0,"1,2",,,,,,,,,,,,,2,0,0,0,0,0,0,0,0,0,0,0,0,0,0,0,0,0,0,0,,0,,0,,0,,0,,0,0,,0
242,243,0,0,0,0,0,0,0,0,0,0,0,0,0,0,0.0,,,,0,0.0,0,0,0,0,0,0,0,0,0,0,0.0,0,0,0,0,0,"2,1",,,,,,,,,,,,,2,0,0,0,0,0,0,0,0,0,0,0,0,0,0,0,0,0,0,0,,0,,0,,0,,0,,0,0,,0
243,244,0,0,0,0,0,0,0,0,0,0,0,0,0,0,0.0,,,,0,0.0,0,0,0,0,0,0,0,0,0,0,0.0,0,0,0,0,0,"1,2",,,,,,,,,,,,,2,0,0,0,0,0,0,0,0,0,0,0,0,0,0,0,0,0,0,0,,0,,0,,0,,0,,0,0,,0
244,245,0,0,0,0,0,0,0,0,0,0,0,0,0,0,0.0,,,,0,0.0,0,0,0,0,0,0,0,0,0,0,0.0,0,0,0,0,0,"1,2",,,,,,,,,,,,,2,0,0,0,0,0,0,0,0,0,0,0,0,0,0,0,0,0,0,0,,0,,0,,0,,0,,0,0,,0
245,246,0,0,0,0,0,0,0,0,0,0,0,0,0,0,0.0,,,,0,0.0,0,0,0,0,0,0,0,0,0,0,0.0,0,0,0,0,0,"2,1",,,,,,,,,,,,,2,0,0,0,0,0,0,0,0,0,0,0,0,0,0,0,0,0,0,0,,0,,0,,0,,0,,0,0,,0
246,247,0,0,0,0,0,0,0,0,0,0,0,0,0,0,0.0,,,,0,0.0,0,0,0,0,0,0,0,0,0,0,0.0,0,0,0,0,0,"1,2",,,,,,,,,,,,,2,0,0,0,0,0,0,0,0,0,0,0,0,0,0,0,0,0,0,0,,0,,0,,0,,0,,0,0,,0
247,248,0,0,0,0,0,0,0,0,0,0,0,0,0,0,0.0,,,,0,0.0,0,0,0,0,0,0,0,0,0,0,0.0,0,0,0,0,0,"1,2",,,,,,,,,,,,,2,0,0,0,0,0,0,0,0,0,0,0,0,0,0,0,0,0,0,0,,0,,0,,0,,0,,0,0,,0
248,249,0,0,0,0,0,0,0,0,0,0,0,0,0,0,0.0,,,,0,0.0,0,0,0,0,0,0,0,0,0,0,0.0,0,0,0,0,0,"2,1",,,,,,,,,,,,,2,0,0,0,0,0,0,0,0,0,0,0,0,0,0,0,0,0,0,0,,0,,0,,0,,0,,0,0,,0
249,250,0,0,0,0,0,0,0,0,0,0,0,0,0,0,0.0,,,,0,0.0,0,0,0,0,0,0,0,0,0,0,0.0,0,0,0,0,0,"2,1",,,,,,,,,,,,,2,0,0,0,0,0,0,0,0,0,0,0,0,0,0,0,0,0,0,0,,0,,0,,0,,0,,0,0,,0
250,251,0,0,0,0,0,0,0,0,0,0,0,0,0,0,0.0,,,,0,0.0,0,0,0,0,0,0,0,0,0,0,0.0,0,0,0,0,0,"1,2",,,,,,,,,,,,,2,0,0,0,0,0,0,0,0,0,0,0,0,0,0,0,0,0,0,0,,0,,0,,0,,0,,0,0,,0
251,252,0,0,0,0,0,0,0,0,0,0,0,0,0,0,0.0,,,,0,0.0,0,0,0,0,0,0,0,0,0,0,0.0,0,0,0,0,0,"1,2",,,,,,,,,,,,,2,0,0,0,0,0,0,0,0,0,0,0,0,0,0,0,0,0,0,0,,0,,0,,0,,0,,0,0,,0
252,253,0,0,0,0,0,0,0,0,0,0,0,0,0,0,0.0,,,,0,0.0,0,0,0,0,0,0,0,0,0,0,0.0,0,0,0,0,0,"1,2",,,,,,,,,,,,,2,0,0,0,0,0,0,0,0,0,0,0,0,0,0,0,0,0,0,0,,0,,0,,0,,0,,0,0,,0
253,254,0,0,0,0,0,0,0,0,0,0,0,0,0,0,0.0,,,,0,0.0,0,0,0,0,0,0,0,0,0,0,0.0,0,0,0,0,0,"2,1",,,,,,,,,,,,,2,0,0,0,0,0,0,0,0,0,0,0,0,0,0,0,0,0,0,0,,0,,0,,0,,0,,0,0,,0
254,255,0,0,0,0,0,0,0,0,0,0,0,0,0,0,0.0,,,,0,0.0,0,0,0,0,0,0,0,0,0,0,0.0,0,0,0,0,0,"2,1",,,,,,,,,,,,,2,0,0,0,0,0,0,0,0,0,0,0,0,0,0,0,0,0,0,0,,0,,0,,0,,0,,0,0,,0
255,256,0,0,0,0,0,0,0,0,0,0,0,0,0,0,0.0,,,,0,0.0,0,0,0,0,0,0,0,0,0,0,0.0,0,0,0,0,0,"1,2",,,,,,,,,,,,,2,0,0,0,0,0,0,0,0,0,0,0,0,0,0,0,0,0,0,0,,0,,0,,0,,0,,0,0,,0
256,257,0,0,0,0,0,0,0,0,0,0,0,0,0,0,0.0,,,,0,0.0,0,0,0,0,0,0,0,0,0,0,0.0,0,0,0,0,0,"2,1",,,,,,,,,,,,,2,0,0,0,0,0,0,0,0,0,0,0,0,0,0,0,0,0,0,0,,0,,0,,0,,0,,0,0,,0
257,258,0,0,0,0,0,0,0,0,0,0,0,0,0,0,0.0,,,,0,0.0,0,0,0,0,0,0,0,0,0,0,0.0,0,0,0,0,0,"2,1",,,,,,,,,,,,,2,0,0,0,0,0,0,0,0,0,0,0,0,0,0,0,0,0,0,0,,0,,0,,0,,0,,0,0,,0
258,259,0,0,0,0,0,0,0,0,0,0,0,0,0,0,0.0,,,,0,0.0,0,0,0,0,0,0,0,0,0,0,0.0,0,0,0,0,0,"2,1",,,,,,,,,,,,,2,0,0,0,0,0,0,0,0,0,0,0,0,0,0,0,0,0,0,0,,0,,0,,0,,0,,0,0,,0
259,260,0,0,0,0,0,0,0,0,0,0,0,0,0,0,0.0,,,,0,0.0,0,0,0,0,0,0,0,0,0,0,0.0,0,0,0,0,0,"2,1",,,,,,,,,,,,,2,0,0,0,0,0,0,0,0,0,0,0,0,0,0,0,0,0,0,0,,0,,0,,0,,0,,0,0,,0
260,261,0,0,0,0,0,0,0,0,0,0,0,0,0,0,0.0,,,,0,0.0,0,0,0,0,0,0,0,0,0,0,0.0,0,0,0,0,0,"1,2",,,,,,,,,,,,,2,0,0,0,0,0,0,0,0,0,0,0,0,0,0,0,0,0,0,0,,0,,0,,0,,0,,0,0,,0
261,262,0,0,0,0,0,0,0,0,0,0,0,0,0,0,0.0,,,,0,0.0,0,0,0,0,0,0,0,0,0,0,0.0,0,0,0,0,0,"1,2",,,,,,,,,,,,,2,0,0,0,0,0,0,0,0,0,0,0,0,0,0,0,0,0,0,0,,0,,0,,0,,0,,0,0,,0
262,263,0,0,0,0,0,0,0,0,0,0,0,0,0,0,0.0,,,,0,0.0,0,0,0,0,0,0,0,0,0,0,0.0,0,0,0,0,0,"1,2",,,,,,,,,,,,,2,0,0,0,0,0,0,0,0,0,0,0,0,0,0,0,0,0,0,0,,0,,0,,0,,0,,0,0,,0
263,264,0,0,0,0,0,0,0,0,0,0,0,0,0,0,0.0,,,,0,0.0,0,0,0,0,0,0,0,0,0,0,0.0,0,0,0,0,0,"2,1",,,,,,,,,,,,,2,0,0,0,0,0,0,0,0,0,0,0,0,0,0,0,0,0,0,0,,0,,0,,0,,0,,0,0,,0
264,265,0,0,0,0,0,0,0,0,0,0,0,0,0,0,0.0,,,,0,0.0,0,0,0,0,0,0,0,0,0,0,0.0,0,0,0,0,0,"1,2",,,,,,,,,,,,,2,0,0,0,0,0,0,0,0,0,0,0,0,0,0,0,0,0,0,0,,0,,0,,0,,0,,0,0,,0
265,266,0,0,0,0,0,0,0,0,0,0,0,0,0,0,0.0,,,,0,0.0,0,0,0,0,0,0,0,0,0,0,0.0,0,0,0,0,0,"1,2",,,,,,,,,,,,,2,0,0,0,0,0,0,0,0,0,0,0,0,0,0,0,0,0,0,0,,0,,0,,0,,0,,0,0,,0
266,267,0,0,0,0,0,0,0,0,0,0,0,0,0,0,0.0,,,,0,0.0,0,0,0,0,0,0,0,0,0,0,0.0,0,0,0,0,0,"1,2",,,,,,,,,,,,,2,0,0,0,0,0,0,0,0,0,0,0,0,0,0,0,0,0,0,0,,0,,0,,0,,0,,0,0,,0
267,268,0,0,0,0,0,0,0,0,0,0,0,0,0,0,0.0,,,,0,0.0,0,0,0,0,0,0,0,0,0,0,0.0,0,0,0,0,0,"2,1",,,,,,,,,,,,,2,0,0,0,0,0,0,0,0,0,0,0,0,0,0,0,0,0,0,0,,0,,0,,0,,0,,0,0,,0
268,269,0,0,0,0,0,0,0,0,0,0,0,0,0,0,0.0,,,,0,0.0,0,0,0,0,0,0,0,0,0,0,0.0,0,0,0,0,0,"2,1",,,,,,,,,,,,,2,0,0,0,0,0,0,0,0,0,0,0,0,0,0,0,0,0,0,0,,0,,0,,0,,0,,0,0,,0
269,270,0,0,0,0,0,0,0,0,0,0,0,0,0,0,0.0,,,,0,0.0,0,0,0,0,0,0,0,0,0,0,0.0,0,0,0,0,0,"2,1",,,,,,,,,,,,,2,0,0,0,0,0,0,0,0,0,0,0,0,0,0,0,0,0,0,0,,0,,0,,0,,0,,0,0,,0
270,271,0,0,0,0,0,0,0,0,0,0,0,0,0,0,0.0,,,,0,0.0,0,0,0,0,0,0,0,0,0,0,0.0,0,0,0,0,0,"1,2",,,,,,,,,,,,,2,0,0,0,0,0,0,0,0,0,0,0,0,0,0,0,0,0,0,0,,0,,0,,0,,0,,0,0,,0
271,272,0,0,0,0,0,0,0,0,0,0,0,0,0,0,0.0,,,,0,0.0,0,0,0,0,0,0,0,0,0,0,0.0,0,0,0,0,0,"1,2",,,,,,,,,,,,,2,0,0,0,0,0,0,0,0,0,0,0,0,0,0,0,0,0,0,0,,0,,0,,0,,0,,0,0,,0
272,273,0,0,0,0,0,0,0,0,0,0,0,0,0,0,0.0,,,,0,0.0,0,0,0,0,0,0,0,0,0,0,0.0,0,0,0,0,0,"1,2",,,,,,,,,,,,,2,0,0,0,0,0,0,0,0,0,0,0,0,0,0,0,0,0,0,0,,0,,0,,0,,0,,0,0,,0
273,274,0,0,0,0,0,0,0,0,0,0,0,0,0,0,0.0,,,,0,0.0,0,0,0,0,0,0,0,0,0,0,0.0,0,0,0,0,0,"2,1",,,,,,,,,,,,,2,0,0,0,0,0,0,0,0,0,0,0,0,0,0,0,0,0,0,0,,0,,0,,0,,0,,0,0,,0
274,275,0,0,0,0,0,0,0,0,0,0,0,0,0,0,0.0,,,,0,0.0,0,0,0,0,0,0,0,0,0,0,0.0,0,0,0,0,0,"2,1",,,,,,,,,,,,,2,0,0,0,0,0,0,0,0,0,0,0,0,0,0,0,0,0,0,0,,0,,0,,0,,0,,0,0,,0
275,276,0,0,0,0,0,0,0,0,0,0,0,0,0,0,0.0,,,,0,0.0,0,0,0,0,0,0,0,0,0,0,0.0,0,0,0,0,0,"1,2",,,,,,,,,,,,,2,0,0,0,0,0,0,0,0,0,0,0,0,0,0,0,0,0,0,0,,0,,0,,0,,0,,0,0,,0
276,277,0,0,0,0,0,0,0,0,0,0,0,0,0,0,0.0,,,,0,0.0,0,0,0,0,0,0,0,0,0,0,0.0,0,0,0,0,0,"1,2",,,,,,,,,,,,,2,0,0,0,0,0,0,0,0,0,0,0,0,0,0,0,0,0,0,0,,0,,0,,0,,0,,0,0,,0
277,278,0,0,0,0,0,0,0,0,0,0,0,0,0,0,0.0,,,,0,0.0,0,0,0,0,0,0,0,0,0,0,0.0,0,0,0,0,0,"2,1",,,,,,,,,,,,,2,0,0,0,0,0,0,0,0,0,0,0,0,0,0,0,0,0,0,0,,0,,0,,0,,0,,0,0,,0
278,279,0,0,0,0,0,0,0,0,0,0,0,0,0,0,0.0,,,,0,0.0,0,0,0,0,0,0,0,0,0,0,0.0,0,0,0,0,0,"2,1",,,,,,,,,,,,,2,0,0,0,0,0,0,0,0,0,0,0,0,0,0,0,0,0,0,0,,0,,0,,0,,0,,0,0,,0
279,280,0,0,0,0,0,0,0,0,0,0,0,0,0,0,0.0,,,,0,0.0,0,0,0,0,0,0,0,0,0,0,0.0,0,0,0,0,0,"1,2",,,,,,,,,,,,,2,0,0,0,0,0,0,0,0,0,0,0,0,0,0,0,0,0,0,0,,0,,0,,0,,0,,0,0,,0
280,281,0,0,0,0,0,0,0,0,0,0,0,0,0,0,0.0,,,,0,0.0,0,0,0,0,0,0,0,0,0,0,0.0,0,0,0,0,0,"2,1",,,,,,,,,,,,,2,0,0,0,0,0,0,0,0,0,0,0,0,0,0,0,0,0,0,0,,0,,0,,0,,0,,0,0,,0
281,282,0,0,0,0,0,0,0,0,0,0,0,0,0,0,0.0,,,,0,0.0,0,0,0,0,0,0,0,0,0,0,0.0,0,0,0,0,0,"2,1",,,,,,,,,,,,,2,0,0,0,0,0,0,0,0,0,0,0,0,0,0,0,0,0,0,0,,0,,0,,0,,0,,0,0,,0
282,283,0,0,0,0,0,0,0,0,0,0,0,0,0,0,0.0,,,,0,0.0,0,0,0,0,0,0,0,0,0,0,0.0,0,0,0,0,0,"2,1",,,,,,,,,,,,,2,0,0,0,0,0,0,0,0,0,0,0,0,0,0,0,0,0,0,0,,0,,0,,0,,0,,0,0,,0
283,284,0,0,0,0,0,0,0,0,0,0,0,0,0,0,0.0,,,,0,0.0,0,0,0,0,0,0,0,0,0,0,0.0,0,0,0,0,0,"2,1",,,,,,,,,,,,,2,0,0,0,0,0,0,0,0,0,0,0,0,0,0,0,0,0,0,0,,0,,0,,0,,0,,0,0,,0
284,285,0,0,0,0,0,0,0,0,0,0,0,0,0,0,0.0,,,,0,0.0,0,0,0,0,0,0,0,0,0,0,0.0,0,0,0,0,0,"2,1",,,,,,,,,,,,,2,0,0,0,0,0,0,0,0,0,0,0,0,0,0,0,0,0,0,0,,0,,0,,0,,0,,0,0,,0
285,286,0,0,0,0,0,0,0,0,0,0,0,0,0,0,0.0,,,,0,0.0,0,0,0,0,0,0,0,0,0,0,0.0,0,0,0,0,0,"2,1",,,,,,,,,,,,,2,0,0,0,0,0,0,0,0,0,0,0,0,0,0,0,0,0,0,0,,0,,0,,0,,0,,0,0,,0
286,287,0,0,0,0,0,0,0,0,0,0,0,0,0,0,0.0,,,,0,0.0,0,0,0,0,0,0,0,0,0,0,0.0,0,0,0,0,0,"2,1",,,,,,,,,,,,,2,0,0,0,0,0,0,0,0,0,0,0,0,0,0,0,0,0,0,0,,0,,0,,0,,0,,0,0,,0
287,288,0,0,0,0,0,0,0,0,0,0,0,0,0,0,0.0,,,,0,0.0,0,0,0,0,0,0,0,0,0,0,0.0,0,0,0,0,0,"2,1",,,,,,,,,,,,,2,0,0,0,0,0,0,0,0,0,0,0,0,0,0,0,0,0,0,0,,0,,0,,0,,0,,0,0,,0
288,289,0,0,0,0,0,0,0,0,0,0,0,0,0,0,0.0,,,,0,0.0,0,0,0,0,0,0,0,0,0,0,0.0,0,0,0,0,0,"2,1",,,,,,,,,,,,,2,0,0,0,0,0,0,0,0,0,0,0,0,0,0,0,0,0,0,0,,0,,0,,0,,0,,0,0,,0
289,290,0,0,0,0,0,0,0,0,0,0,0,0,0,0,0.0,,,,0,0.0,0,0,0,0,0,0,0,0,0,0,0.0,0,0,0,0,0,"1,2",,,,,,,,,,,,,2,0,0,0,0,0,0,0,0,0,0,0,0,0,0,0,0,0,0,0,,0,,0,,0,,0,,0,0,,0
290,291,0,0,0,0,0,0,0,0,0,0,0,0,0,0,0.0,,,,0,0.0,0,0,0,0,0,0,0,0,0,0,0.0,0,0,0,0,0,"2,1",,,,,,,,,,,,,2,0,0,0,0,0,0,0,0,0,0,0,0,0,0,0,0,0,0,0,,0,,0,,0,,0,,0,0,,0
291,292,0,0,0,0,0,0,0,0,0,0,0,0,0,0,0.0,,,,0,0.0,0,0,0,0,0,0,0,0,0,0,0.0,0,0,0,0,0,"1,2",,,,,,,,,,,,,2,0,0,0,0,0,0,0,0,0,0,0,0,0,0,0,0,0,0,0,,0,,0,,0,,0,,0,0,,0
292,293,0,0,0,0,0,0,0,0,0,0,0,0,0,0,0.0,,,,0,0.0,0,0,0,0,0,0,0,0,0,0,0.0,0,0,0,0,0,"1,2",,,,,,,,,,,,,2,0,0,0,0,0,0,0,0,0,0,0,0,0,0,0,0,0,0,0,,0,,0,,0,,0,,0,0,,0
293,294,0,0,0,0,0,0,0,0,0,0,0,0,0,0,0.0,,,,0,0.0,0,0,0,0,0,0,0,0,0,0,0.0,0,0,0,0,0,"2,1",,,,,,,,,,,,,2,0,0,0,0,0,0,0,0,0,0,0,0,0,0,0,0,0,0,0,,0,,0,,0,,0,,0,0,,0
294,295,0,0,0,0,0,0,0,0,0,0,0,0,0,0,0.0,,,,0,0.0,0,0,0,0,0,0,0,0,0,0,0.0,0,0,0,0,0,"2,1",,,,,,,,,,,,,2,0,0,0,0,0,0,0,0,0,0,0,0,0,0,0,0,0,0,0,,0,,0,,0,,0,,0,0,,0
295,296,0,0,0,0,0,0,0,0,0,0,0,0,0,0,0.0,,,,0,0.0,0,0,0,0,0,0,0,0,0,0,0.0,0,0,0,0,0,"2,1",,,,,,,,,,,,,2,0,0,0,0,0,0,0,0,0,0,0,0,0,0,0,0,0,0,0,,0,,0,,0,,0,,0,0,,0
296,297,0,0,0,0,0,0,0,0,0,0,0,0,0,0,0.0,,,,0,0.0,0,0,0,0,0,0,0,0,0,0,0.0,0,0,0,0,0,"1,2",,,,,,,,,,,,,2,0,0,0,0,0,0,0,0,0,0,0,0,0,0,0,0,0,0,0,,0,,0,,0,,0,,0,0,,0
297,298,0,0,0,0,0,0,0,0,0,0,0,0,0,0,0.0,,,,0,0.0,0,0,0,0,0,0,0,0,0,0,0.0,0,0,0,0,0,"2,1",,,,,,,,,,,,,2,0,0,0,0,0,0,0,0,0,0,0,0,0,0,0,0,0,0,0,,0,,0,,0,,0,,0,0,,0
298,299,0,0,0,0,0,0,0,0,0,0,0,0,0,0,0.0,,,,0,0.0,0,0,0,0,0,0,0,0,0,0,0.0,0,0,0,0,0,"2,1",,,,,,,,,,,,,2,0,0,0,0,0,0,0,0,0,0,0,0,0,0,0,0,0,0,0,,0,,0,,0,,0,,0,0,,0
299,300,0,0,0,0,0,0,0,0,0,0,0,0,0,0,0.0,,,,0,0.0,0,0,0,0,0,0,0,0,0,0,0.0,0,0,0,0,0,"1,2",,,,,,,,,,,,,2,0,0,0,0,0,0,0,0,0,0,0,0,0,0,0,0,0,0,0,,0,,0,,0,,0,,0,0,,0
300,301,0,0,0,0,0,0,0,0,0,0,0,0,0,0,0.0,,,,0,0.0,0,0,0,0,0,0,0,0,0,0,0.0,0,0,0,0,0,"2,1",,,,,,,,,,,,,2,0,0,0,0,0,0,0,0,0,0,0,0,0,0,0,0,0,0,0,,0,,0,,0,,0,,0,0,,0
301,302,0,0,0,0,0,0,0,0,0,0,0,0,0,0,0.0,,,,0,0.0,0,0,0,0,0,0,0,0,0,0,0.0,0,0,0,0,0,"2,1",,,,,,,,,,,,,2,0,0,0,0,0,0,0,0,0,0,0,0,0,0,0,0,0,0,0,,0,,0,,0,,0,,0,0,,0
302,303,0,0,0,0,0,0,0,0,0,0,0,0,0,0,0.0,,,,0,0.0,0,0,0,0,0,0,0,0,0,0,0.0,0,0,0,0,0,"1,2",,,,,,,,,,,,,2,0,0,0,0,0,0,0,0,0,0,0,0,0,0,0,0,0,0,0,,0,,0,,0,,0,,0,0,,0
303,304,0,0,0,0,0,0,0,0,0,0,0,0,0,0,0.0,,,,0,0.0,0,0,0,0,0,0,0,0,0,0,0.0,0,0,0,0,0,"2,1",,,,,,,,,,,,,2,0,0,0,0,0,0,0,0,0,0,0,0,0,0,0,0,0,0,0,,0,,0,,0,,0,,0,0,,0
304,305,0,0,0,0,0,0,0,0,0,0,0,0,0,0,0.0,,,,0,0.0,0,0,0,0,0,0,0,0,0,0,0.0,0,0,0,0,0,"2,1",,,,,,,,,,,,,2,0,0,0,0,0,0,0,0,0,0,0,0,0,0,0,0,0,0,0,,0,,0,,0,,0,,0,0,,0
305,306,0,0,0,0,0,0,0,0,0,0,0,0,0,0,0.0,,,,0,0.0,0,0,0,0,0,0,0,0,0,0,0.0,0,0,0,0,0,"1,2",,,,,,,,,,,,,2,0,0,0,0,0,0,0,0,0,0,0,0,0,0,0,0,0,0,0,,0,,0,,0,,0,,0,0,,0
306,307,0,0,0,0,0,0,0,0,0,0,0,0,0,0,0.0,,,,0,0.0,0,0,0,0,0,0,0,0,0,0,0.0,0,0,0,0,0,"1,2",,,,,,,,,,,,,2,0,0,0,0,0,0,0,0,0,0,0,0,0,0,0,0,0,0,0,,0,,0,,0,,0,,0,0,,0
307,308,0,0,0,0,0,0,0,0,0,0,0,0,0,0,0.0,,,,0,0.0,0,0,0,0,0,0,0,0,0,0,0.0,0,0,0,0,0,"2,1",,,,,,,,,,,,,2,0,0,0,0,0,0,0,0,0,0,0,0,0,0,0,0,0,0,0,,0,,0,,0,,0,,0,0,,0
308,309,0,0,0,0,0,0,0,0,0,0,0,0,0,0,0.0,,,,0,0.0,0,0,0,0,0,0,0,0,0,0,0.0,0,0,0,0,0,"2,1",,,,,,,,,,,,,2,0,0,0,0,0,0,0,0,0,0,0,0,0,0,0,0,0,0,0,,0,,0,,0,,0,,0,0,,0
309,310,0,0,0,0,0,0,0,0,0,0,0,0,0,0,0.0,,,,0,0.0,0,0,0,0,0,0,0,0,0,0,0.0,0,0,0,0,0,"2,1",,,,,,,,,,,,,2,0,0,0,0,0,0,0,0,0,0,0,0,0,0,0,0,0,0,0,,0,,0,,0,,0,,0,0,,0
310,311,0,0,0,0,0,0,0,0,0,0,0,0,0,0,0.0,,,,0,0.0,0,0,0,0,0,0,0,0,0,0,0.0,0,0,0,0,0,"1,2",,,,,,,,,,,,,2,0,0,0,0,0,0,0,0,0,0,0,0,0,0,0,0,0,0,0,,0,,0,,0,,0,,0,0,,0
311,312,0,0,0,0,0,0,0,0,0,0,0,0,0,0,0.0,,,,0,0.0,0,0,0,0,0,0,0,0,0,0,0.0,0,0,0,0,0,"1,2",,,,,,,,,,,,,2,0,0,0,0,0,0,0,0,0,0,0,0,0,0,0,0,0,0,0,,0,,0,,0,,0,,0,0,,0
312,313,0,0,0,0,0,0,0,0,0,0,0,0,0,0,0.0,,,,0,0.0,0,0,0,0,0,0,0,0,0,0,0.0,0,0,0,0,0,"2,1",,,,,,,,,,,,,2,0,0,0,0,0,0,0,0,0,0,0,0,0,0,0,0,0,0,0,,0,,0,,0,,0,,0,0,,0
313,314,0,0,0,0,0,0,0,0,0,0,0,0,0,0,0.0,,,,0,0.0,0,0,0,0,0,0,0,0,0,0,0.0,0,0,0,0,0,"2,1",,,,,,,,,,,,,2,0,0,0,0,0,0,0,0,0,0,0,0,0,0,0,0,0,0,0,,0,,0,,0,,0,,0,0,,0
314,315,0,0,0,0,0,0,0,0,0,0,0,0,0,0,0.0,,,,0,0.0,0,0,0,0,0,0,0,0,0,0,0.0,0,0,0,0,0,"1,2",,,,,,,,,,,,,2,0,0,0,0,0,0,0,0,0,0,0,0,0,0,0,0,0,0,0,,0,,0,,0,,0,,0,0,,0
315,316,0,0,0,0,0,0,0,0,0,0,0,0,0,0,0.0,,,,0,0.0,0,0,0,0,0,0,0,0,0,0,0.0,0,0,0,0,0,"2,1",,,,,,,,,,,,,2,0,0,0,0,0,0,0,0,0,0,0,0,0,0,0,0,0,0,0,,0,,0,,0,,0,,0,0,,0
316,317,0,0,0,0,0,0,0,0,0,0,0,0,0,0,0.0,,,,0,0.0,0,0,0,0,0,0,0,0,0,0,0.0,0,0,0,0,0,"1,2",,,,,,,,,,,,,2,0,0,0,0,0,0,0,0,0,0,0,0,0,0,0,0,0,0,0,,0,,0,,0,,0,,0,0,,0
317,318,0,0,0,0,0,0,0,0,0,0,0,0,0,0,0.0,,,,0,0.0,0,0,0,0,0,0,0,0,0,0,0.0,0,0,0,0,0,"1,2",,,,,,,,,,,,,2,0,0,0,0,0,0,0,0,0,0,0,0,0,0,0,0,0,0,0,,0,,0,,0,,0,,0,0,,0
318,319,0,0,0,0,0,0,0,0,0,0,0,0,0,0,0.0,,,,0,0.0,0,0,0,0,0,0,0,0,0,0,0.0,0,0,0,0,0,"2,1",,,,,,,,,,,,,2,0,0,0,0,0,0,0,0,0,0,0,0,0,0,0,0,0,0,0,,0,,0,,0,,0,,0,0,,0
319,320,0,0,0,0,0,0,0,0,0,0,0,0,0,0,0.0,,,,0,0.0,0,0,0,0,0,0,0,0,0,0,0.0,0,0,0,0,0,"1,2",,,,,,,,,,,,,2,0,0,0,0,0,0,0,0,0,0,0,0,0,0,0,0,0,0,0,,0,,0,,0,,0,,0,0,,0
320,321,0,0,0,0,0,0,0,0,0,0,0,0,0,0,0.0,,,,0,0.0,0,0,0,0,0,0,0,0,0,0,0.0,0,0,0,0,0,"2,1",,,,,,,,,,,,,2,0,0,0,0,0,0,0,0,0,0,0,0,0,0,0,0,0,0,0,,0,,0,,0,,0,,0,0,,0
321,322,0,0,0,0,0,0,0,0,0,0,0,0,0,0,0.0,,,,0,0.0,0,0,0,0,0,0,0,0,0,0,0.0,0,0,0,0,0,"2,1",,,,,,,,,,,,,2,0,0,0,0,0,0,0,0,0,0,0,0,0,0,0,0,0,0,0,,0,,0,,0,,0,,0,0,,0
322,323,0,0,0,0,0,0,0,0,0,0,0,0,0,0,0.0,,,,0,0.0,0,0,0,0,0,0,0,0,0,0,0.0,0,0,0,0,0,"1,2",,,,,,,,,,,,,2,0,0,0,0,0,0,0,0,0,0,0,0,0,0,0,0,0,0,0,,0,,0,,0,,0,,0,0,,0
323,324,0,0,0,0,0,0,0,0,0,0,0,0,0,0,0.0,,,,0,0.0,0,0,0,0,0,0,0,0,0,0,0.0,0,0,0,0,0,"1,2",,,,,,,,,,,,,2,0,0,0,0,0,0,0,0,0,0,0,0,0,0,0,0,0,0,0,,0,,0,,0,,0,,0,0,,0
324,325,0,0,0,0,0,0,0,0,0,0,0,0,0,0,0.0,,,,0,0.0,0,0,0,0,0,0,0,0,0,0,0.0,0,0,0,0,0,"2,1",,,,,,,,,,,,,2,0,0,0,0,0,0,0,0,0,0,0,0,0,0,0,0,0,0,0,,0,,0,,0,,0,,0,0,,0
325,326,0,0,0,0,0,0,0,0,0,0,0,0,0,0,0.0,,,,0,0.0,0,0,0,0,0,0,0,0,0,0,0.0,0,0,0,0,0,"1,2",,,,,,,,,,,,,2,0,0,0,0,0,0,0,0,0,0,0,0,0,0,0,0,0,0,0,,0,,0,,0,,0,,0,0,,0
326,327,0,0,0,0,0,0,0,0,0,0,0,0,0,0,0.0,,,,0,0.0,0,0,0,0,0,0,0,0,0,0,0.0,0,0,0,0,0,"1,2",,,,,,,,,,,,,2,0,0,0,0,0,0,0,0,0,0,0,0,0,0,0,0,0,0,0,,0,,0,,0,,0,,0,0,,0
327,328,0,0,0,0,0,0,0,0,0,0,0,0,0,0,0.0,,,,0,0.0,0,0,0,0,0,0,0,0,0,0,0.0,0,0,0,0,0,"2,1",,,,,,,,,,,,,2,0,0,0,0,0,0,0,0,0,0,0,0,0,0,0,0,0,0,0,,0,,0,,0,,0,,0,0,,0
328,329,0,0,0,0,0,0,0,0,0,0,0,0,0,0,0.0,,,,0,0.0,0,0,0,0,0,0,0,0,0,0,0.0,0,0,0,0,0,"2,1",,,,,,,,,,,,,2,0,0,0,0,0,0,0,0,0,0,0,0,0,0,0,0,0,0,0,,0,,0,,0,,0,,0,0,,0
329,330,0,0,0,0,0,0,0,0,0,0,0,0,0,0,0.0,,,,0,0.0,0,0,0,0,0,0,0,0,0,0,0.0,0,0,0,0,0,"1,2",,,,,,,,,,,,,2,0,0,0,0,0,0,0,0,0,0,0,0,0,0,0,0,0,0,0,,0,,0,,0,,0,,0,0,,0
330,331,0,0,0,0,0,0,0,0,0,0,0,0,0,0,0.0,,,,0,0.0,0,0,0,0,0,0,0,0,0,0,0.0,0,0,0,0,0,"2,1",,,,,,,,,,,,,2,0,0,0,0,0,0,0,0,0,0,0,0,0,0,0,0,0,0,0,,0,,0,,0,,0,,0,0,,0
331,332,0,0,0,0,0,0,0,0,0,0,0,0,0,0,0.0,,,,0,0.0,0,0,0,0,0,0,0,0,0,0,0.0,0,0,0,0,0,"2,1",,,,,,,,,,,,,2,0,0,0,0,0,0,0,0,0,0,0,0,0,0,0,0,0,0,0,,0,,0,,0,,0,,0,0,,0
332,333,0,0,0,0,0,0,0,0,0,0,0,0,0,0,0.0,,,,0,0.0,0,0,0,0,0,0,0,0,0,0,0.0,0,0,0,0,0,"2,1",,,,,,,,,,,,,2,0,0,0,0,0,0,0,0,0,0,0,0,0,0,0,0,0,0,0,,0,,0,,0,,0,,0,0,,0
333,334,0,0,0,0,0,0,0,0,0,0,0,0,0,0,0.0,,,,0,0.0,0,0,0,0,0,0,0,0,0,0,0.0,0,0,0,0,0,"2,1",,,,,,,,,,,,,2,0,0,0,0,0,0,0,0,0,0,0,0,0,0,0,0,0,0,0,,0,,0,,0,,0,,0,0,,0
334,335,0,0,0,0,0,0,0,0,0,0,0,0,0,0,0.0,,,,0,0.0,0,0,0,0,0,0,0,0,0,0,0.0,0,0,0,0,0,"2,1",,,,,,,,,,,,,2,0,0,0,0,0,0,0,0,0,0,0,0,0,0,0,0,0,0,0,,0,,0,,0,,0,,0,0,,0
335,336,0,0,0,0,0,0,0,0,0,0,0,0,0,0,0.0,,,,0,0.0,0,0,0,0,0,0,0,0,0,0,0.0,0,0,0,0,0,"2,1",,,,,,,,,,,,,2,0,0,0,0,0,0,0,0,0,0,0,0,0,0,0,0,0,0,0,,0,,0,,0,,0,,0,0,,0
336,337,0,0,0,0,0,0,0,0,0,0,0,0,0,0,0.0,,,,0,0.0,0,0,0,0,0,0,0,0,0,0,0.0,0,0,0,0,0,"2,1",,,,,,,,,,,,,2,0,0,0,0,0,0,0,0,0,0,0,0,0,0,0,0,0,0,0,,0,,0,,0,,0,,0,0,,0
337,338,0,0,0,0,0,0,0,0,0,0,0,0,0,0,0.0,,,,0,0.0,0,0,0,0,0,0,0,0,0,0,0.0,0,0,0,0,0,"2,1",,,,,,,,,,,,,2,0,0,0,0,0,0,0,0,0,0,0,0,0,0,0,0,0,0,0,,0,,0,,0,,0,,0,0,,0
338,339,0,0,0,0,0,0,0,0,0,0,0,0,0,0,0.0,,,,0,0.0,0,0,0,0,0,0,0,0,0,0,0.0,0,0,0,0,0,"1,2",,,,,,,,,,,,,2,0,0,0,0,0,0,0,0,0,0,0,0,0,0,0,0,0,0,0,,0,,0,,0,,0,,0,0,,0
339,340,0,0,0,0,0,0,0,0,0,0,0,0,0,0,0.0,,,,0,0.0,0,0,0,0,0,0,0,0,0,0,0.0,0,0,0,0,0,"2,1",,,,,,,,,,,,,2,0,0,0,0,0,0,0,0,0,0,0,0,0,0,0,0,0,0,0,,0,,0,,0,,0,,0,0,,0
340,341,0,0,0,0,0,0,0,0,0,0,0,0,0,0,0.0,,,,0,0.0,0,0,0,0,0,0,0,0,0,0,0.0,0,0,0,0,0,"1,2",,,,,,,,,,,,,2,0,0,0,0,0,0,0,0,0,0,0,0,0,0,0,0,0,0,0,,0,,0,,0,,0,,0,0,,0
341,342,0,0,0,0,0,0,0,0,0,0,0,0,0,0,0.0,,,,0,0.0,0,0,0,0,0,0,0,0,0,0,0.0,0,0,0,0,0,"2,1",,,,,,,,,,,,,2,0,0,0,0,0,0,0,0,0,0,0,0,0,0,0,0,0,0,0,,0,,0,,0,,0,,0,0,,0
342,343,0,0,0,0,0,0,0,0,0,0,0,0,0,0,0.0,,,,0,0.0,0,0,0,0,0,0,0,0,0,0,0.0,0,0,0,0,0,"1,2",,,,,,,,,,,,,2,0,0,0,0,0,0,0,0,0,0,0,0,0,0,0,0,0,0,0,,0,,0,,0,,0,,0,0,,0
343,344,0,0,0,0,0,0,0,0,0,0,0,0,0,0,0.0,,,,0,0.0,0,0,0,0,0,0,0,0,0,0,0.0,0,0,0,0,0,"1,2",,,,,,,,,,,,,2,0,0,0,0,0,0,0,0,0,0,0,0,0,0,0,0,0,0,0,,0,,0,,0,,0,,0,0,,0
344,345,0,0,0,0,0,0,0,0,0,0,0,0,0,0,0.0,,,,0,0.0,0,0,0,0,0,0,0,0,0,0,0.0,0,0,0,0,0,"2,1",,,,,,,,,,,,,2,0,0,0,0,0,0,0,0,0,0,0,0,0,0,0,0,0,0,0,,0,,0,,0,,0,,0,0,,0
345,346,0,0,0,0,0,0,0,0,0,0,0,0,0,0,0.0,,,,0,0.0,0,0,0,0,0,0,0,0,0,0,0.0,0,0,0,0,0,"1,2",,,,,,,,,,,,,2,0,0,0,0,0,0,0,0,0,0,0,0,0,0,0,0,0,0,0,,0,,0,,0,,0,,0,0,,0
346,347,0,0,0,0,0,0,0,0,0,0,0,0,0,0,0.0,,,,0,0.0,0,0,0,0,0,0,0,0,0,0,0.0,0,0,0,0,0,"1,2",,,,,,,,,,,,,2,0,0,0,0,0,0,0,0,0,0,0,0,0,0,0,0,0,0,0,,0,,0,,0,,0,,0,0,,0
347,348,0,0,0,0,0,0,0,0,0,0,0,0,0,0,0.0,,,,0,0.0,0,0,0,0,0,0,0,0,0,0,0.0,0,0,0,0,0,"1,2",,,,,,,,,,,,,2,0,0,0,0,0,0,0,0,0,0,0,0,0,0,0,0,0,0,0,,0,,0,,0,,0,,0,0,,0
348,349,0,0,0,0,0,0,0,0,0,0,0,0,0,0,0.0,,,,0,0.0,0,0,0,0,0,0,0,0,0,0,0.0,0,0,0,0,0,"1,2",,,,,,,,,,,,,2,0,0,0,0,0,0,0,0,0,0,0,0,0,0,0,0,0,0,0,,0,,0,,0,,0,,0,0,,0
349,350,0,0,0,0,0,0,0,0,0,0,0,0,0,0,0.0,,,,0,0.0,0,0,0,0,0,0,0,0,0,0,0.0,0,0,0,0,0,"2,1",,,,,,,,,,,,,2,0,0,0,0,0,0,0,0,0,0,0,0,0,0,0,0,0,0,0,,0,,0,,0,,0,,0,0,,0
350,351,0,0,0,0,0,0,0,0,0,0,0,0,0,0,0.0,,,,0,0.0,0,0,0,0,0,0,0,0,0,0,0.0,0,0,0,0,0,"1,2",,,,,,,,,,,,,2,0,0,0,0,0,0,0,0,0,0,0,0,0,0,0,0,0,0,0,,0,,0,,0,,0,,0,0,,0
351,352,0,0,0,0,0,0,0,0,0,0,0,0,0,0,0.0,,,,0,0.0,0,0,0,0,0,0,0,0,0,0,0.0,0,0,0,0,0,"2,1",,,,,,,,,,,,,2,0,0,0,0,0,0,0,0,0,0,0,0,0,0,0,0,0,0,0,,0,,0,,0,,0,,0,0,,0
352,353,0,0,0,0,0,0,0,0,0,0,0,0,0,0,0.0,,,,0,0.0,0,0,0,0,0,0,0,0,0,0,0.0,0,0,0,0,0,"2,1",,,,,,,,,,,,,2,0,0,0,0,0,0,0,0,0,0,0,0,0,0,0,0,0,0,0,,0,,0,,0,,0,,0,0,,0
353,354,0,0,0,0,0,0,0,0,0,0,0,0,0,0,0.0,,,,0,0.0,0,0,0,0,0,0,0,0,0,0,0.0,0,0,0,0,0,"1,2",,,,,,,,,,,,,2,0,0,0,0,0,0,0,0,0,0,0,0,0,0,0,0,0,0,0,,0,,0,,0,,0,,0,0,,0
354,355,0,0,0,0,0,0,0,0,0,0,0,0,0,0,0.0,,,,0,0.0,0,0,0,0,0,0,0,0,0,0,0.0,0,0,0,0,0,"2,1",,,,,,,,,,,,,2,0,0,0,0,0,0,0,0,0,0,0,0,0,0,0,0,0,0,0,,0,,0,,0,,0,,0,0,,0
355,356,0,0,0,0,0,0,0,0,0,0,0,0,0,0,0.0,,,,0,0.0,0,0,0,0,0,0,0,0,0,0,0.0,0,0,0,0,0,"2,1",,,,,,,,,,,,,2,0,0,0,0,0,0,0,0,0,0,0,0,0,0,0,0,0,0,0,,0,,0,,0,,0,,0,0,,0
356,357,0,0,0,0,0,0,0,0,0,0,0,0,0,0,0.0,,,,0,0.0,0,0,0,0,0,0,0,0,0,0,0.0,0,0,0,0,0,"2,1",,,,,,,,,,,,,2,0,0,0,0,0,0,0,0,0,0,0,0,0,0,0,0,0,0,0,,0,,0,,0,,0,,0,0,,0
357,358,0,0,0,0,0,0,0,0,0,0,0,0,0,0,0.0,,,,0,0.0,0,0,0,0,0,0,0,0,0,0,0.0,0,0,0,0,0,"2,1",,,,,,,,,,,,,2,0,0,0,0,0,0,0,0,0,0,0,0,0,0,0,0,0,0,0,,0,,0,,0,,0,,0,0,,0
358,359,0,0,0,0,0,0,0,0,0,0,0,0,0,0,0.0,,,,0,0.0,0,0,0,0,0,0,0,0,0,0,0.0,0,0,0,0,0,"2,1",,,,,,,,,,,,,2,0,0,0,0,0,0,0,0,0,0,0,0,0,0,0,0,0,0,0,,0,,0,,0,,0,,0,0,,0
359,360,0,0,0,0,0,0,0,0,0,0,0,0,0,0,0.0,,,,0,0.0,0,0,0,0,0,0,0,0,0,0,0.0,0,0,0,0,0,"1,2",,,,,,,,,,,,,2,0,0,0,0,0,0,0,0,0,0,0,0,0,0,0,0,0,0,0,,0,,0,,0,,0,,0,0,,0
360,361,0,0,0,0,0,0,0,0,0,0,0,0,0,0,0.0,,,,0,0.0,0,0,0,0,0,0,0,0,0,0,0.0,0,0,0,0,0,"1,2",,,,,,,,,,,,,2,0,0,0,0,0,0,0,0,0,0,0,0,0,0,0,0,0,0,0,,0,,0,,0,,0,,0,0,,0
361,362,0,0,0,0,0,0,0,0,0,0,0,0,0,0,0.0,,,,0,0.0,0,0,0,0,0,0,0,0,0,0,0.0,0,0,0,0,0,"2,1",,,,,,,,,,,,,2,0,0,0,0,0,0,0,0,0,0,0,0,0,0,0,0,0,0,0,,0,,0,,0,,0,,0,0,,0
362,363,0,0,0,0,0,0,0,0,0,0,0,0,0,0,0.0,,,,0,0.0,0,0,0,0,0,0,0,0,0,0,0.0,0,0,0,0,0,"2,1",,,,,,,,,,,,,2,0,0,0,0,0,0,0,0,0,0,0,0,0,0,0,0,0,0,0,,0,,0,,0,,0,,0,0,,0
363,364,0,0,0,0,0,0,0,0,0,0,0,0,0,0,0.0,,,,0,0.0,0,0,0,0,0,0,0,0,0,0,0.0,0,0,0,0,0,"1,2",,,,,,,,,,,,,2,0,0,0,0,0,0,0,0,0,0,0,0,0,0,0,0,0,0,0,,0,,0,,0,,0,,0,0,,0
364,365,0,0,0,0,0,0,0,0,0,0,0,0,0,0,0.0,,,,0,0.0,0,0,0,0,0,0,0,0,0,0,0.0,0,0,0,0,0,"2,1",,,,,,,,,,,,,2,0,0,0,0,0,0,0,0,0,0,0,0,0,0,0,0,0,0,0,,0,,0,,0,,0,,0,0,,0
365,366,0,0,0,0,0,0,0,0,0,0,0,0,0,0,0.0,,,,0,0.0,0,0,0,0,0,0,0,0,0,0,0.0,0,0,0,0,0,"2,1",,,,,,,,,,,,,2,0,0,0,0,0,0,0,0,0,0,0,0,0,0,0,0,0,0,0,,0,,0,,0,,0,,0,0,,0
366,367,0,0,0,0,0,0,0,0,0,0,0,0,0,0,0.0,,,,0,0.0,0,0,0,0,0,0,0,0,0,0,0.0,0,0,0,0,0,"1,2",,,,,,,,,,,,,2,0,0,0,0,0,0,0,0,0,0,0,0,0,0,0,0,0,0,0,,0,,0,,0,,0,,0,0,,0
367,368,0,0,0,0,0,0,0,0,0,0,0,0,0,0,0.0,,,,0,0.0,0,0,0,0,0,0,0,0,0,0,0.0,0,0,0,0,0,"2,1",,,,,,,,,,,,,2,0,0,0,0,0,0,0,0,0,0,0,0,0,0,0,0,0,0,0,,0,,0,,0,,0,,0,0,,0
368,369,0,0,0,0,0,0,0,0,0,0,0,0,0,0,0.0,,,,0,0.0,0,0,0,0,0,0,0,0,0,0,0.0,0,0,0,0,0,"2,1",,,,,,,,,,,,,2,0,0,0,0,0,0,0,0,0,0,0,0,0,0,0,0,0,0,0,,0,,0,,0,,0,,0,0,,0
369,370,0,0,0,0,0,0,0,0,0,0,0,0,0,0,0.0,,,,0,0.0,0,0,0,0,0,0,0,0,0,0,0.0,0,0,0,0,0,"2,1",,,,,,,,,,,,,2,0,0,0,0,0,0,0,0,0,0,0,0,0,0,0,0,0,0,0,,0,,0,,0,,0,,0,0,,0
370,371,0,0,0,0,0,0,0,0,0,0,0,0,0,0,0.0,,,,0,0.0,0,0,0,0,0,0,0,0,0,0,0.0,0,0,0,0,0,"2,1",,,,,,,,,,,,,2,0,0,0,0,0,0,0,0,0,0,0,0,0,0,0,0,0,0,0,,0,,0,,0,,0,,0,0,,0
371,372,0,0,0,0,0,0,0,0,0,0,0,0,0,0,0.0,,,,0,0.0,0,0,0,0,0,0,0,0,0,0,0.0,0,0,0,0,0,"1,2",,,,,,,,,,,,,2,0,0,0,0,0,0,0,0,0,0,0,0,0,0,0,0,0,0,0,,0,,0,,0,,0,,0,0,,0
372,373,0,0,0,0,0,0,0,0,0,0,0,0,0,0,0.0,,,,0,0.0,0,0,0,0,0,0,0,0,0,0,0.0,0,0,0,0,0,"1,2",,,,,,,,,,,,,2,0,0,0,0,0,0,0,0,0,0,0,0,0,0,0,0,0,0,0,,0,,0,,0,,0,,0,0,,0
373,374,0,0,0,0,0,0,0,0,0,0,0,0,0,0,0.0,,,,0,0.0,0,0,0,0,0,0,0,0,0,0,0.0,0,0,0,0,0,"2,1",,,,,,,,,,,,,2,0,0,0,0,0,0,0,0,0,0,0,0,0,0,0,0,0,0,0,,0,,0,,0,,0,,0,0,,0
374,375,0,0,0,0,0,0,0,0,0,0,0,0,0,0,0.0,,,,0,0.0,0,0,0,0,0,0,0,0,0,0,0.0,0,0,0,0,0,"1,2",,,,,,,,,,,,,2,0,0,0,0,0,0,0,0,0,0,0,0,0,0,0,0,0,0,0,,0,,0,,0,,0,,0,0,,0
375,376,0,0,0,0,0,0,0,0,0,0,0,0,0,0,0.0,,,,0,0.0,0,0,0,0,0,0,0,0,0,0,0.0,0,0,0,0,0,"1,2",,,,,,,,,,,,,2,0,0,0,0,0,0,0,0,0,0,0,0,0,0,0,0,0,0,0,,0,,0,,0,,0,,0,0,,0
376,377,0,0,0,0,0,0,0,0,0,0,0,0,0,0,0.0,,,,0,0.0,0,0,0,0,0,0,0,0,0,0,0.0,0,0,0,0,0,"1,2",,,,,,,,,,,,,2,0,0,0,0,0,0,0,0,0,0,0,0,0,0,0,0,0,0,0,,0,,0,,0,,0,,0,0,,0
377,378,0,0,0,0,0,0,0,0,0,0,0,0,0,0,0.0,,,,0,0.0,0,0,0,0,0,0,0,0,0,0,0.0,0,0,0,0,0,"2,1",,,,,,,,,,,,,2,0,0,0,0,0,0,0,0,0,0,0,0,0,0,0,0,0,0,0,,0,,0,,0,,0,,0,0,,0
378,379,0,0,0,0,0,0,0,0,0,0,0,0,0,0,0.0,,,,0,0.0,0,0,0,0,0,0,0,0,0,0,0.0,0,0,0,0,0,"2,1",,,,,,,,,,,,,2,0,0,0,0,0,0,0,0,0,0,0,0,0,0,0,0,0,0,0,,0,,0,,0,,0,,0,0,,0
379,380,0,0,0,0,0,0,0,0,0,0,0,0,0,0,0.0,,,,0,0.0,0,0,0,0,0,0,0,0,0,0,0.0,0,0,0,0,0,"1,2",,,,,,,,,,,,,2,0,0,0,0,0,0,0,0,0,0,0,0,0,0,0,0,0,0,0,,0,,0,,0,,0,,0,0,,0
380,381,0,0,0,0,0,0,0,0,0,0,0,0,0,0,0.0,,,,0,0.0,0,0,0,0,0,0,0,0,0,0,0.0,0,0,0,0,0,"1,2",,,,,,,,,,,,,2,0,0,0,0,0,0,0,0,0,0,0,0,0,0,0,0,0,0,0,,0,,0,,0,,0,,0,0,,0
381,382,0,0,0,0,0,0,0,0,0,0,0,0,0,0,0.0,,,,0,0.0,0,0,0,0,0,0,0,0,0,0,0.0,0,0,0,0,0,"2,1",,,,,,,,,,,,,2,0,0,0,0,0,0,0,0,0,0,0,0,0,0,0,0,0,0,0,,0,,0,,0,,0,,0,0,,0
382,383,0,0,0,0,0,0,0,0,0,0,0,0,0,0,0.0,,,,0,0.0,0,0,0,0,0,0,0,0,0,0,0.0,0,0,0,0,0,"2,1",,,,,,,,,,,,,2,0,0,0,0,0,0,0,0,0,0,0,0,0,0,0,0,0,0,0,,0,,0,,0,,0,,0,0,,0
383,384,0,0,0,0,0,0,0,0,0,0,0,0,0,0,0.0,,,,0,0.0,0,0,0,0,0,0,0,0,0,0,0.0,0,0,0,0,0,"1,2",,,,,,,,,,,,,2,0,0,0,0,0,0,0,0,0,0,0,0,0,0,0,0,0,0,0,,0,,0,,0,,0,,0,0,,0
384,385,0,0,0,0,0,0,0,0,0,0,0,0,0,0,0.0,,,,0,0.0,0,0,0,0,0,0,0,0,0,0,0.0,0,0,0,0,0,"2,1",,,,,,,,,,,,,2,0,0,0,0,0,0,0,0,0,0,0,0,0,0,0,0,0,0,0,,0,,0,,0,,0,,0,0,,0
385,386,0,0,0,0,0,0,0,0,0,0,0,0,0,0,0.0,,,,0,0.0,0,0,0,0,0,0,0,0,0,0,0.0,0,0,0,0,0,"1,2",,,,,,,,,,,,,2,0,0,0,0,0,0,0,0,0,0,0,0,0,0,0,0,0,0,0,,0,,0,,0,,0,,0,0,,0
386,387,0,0,0,0,0,0,0,0,0,0,0,0,0,0,0.0,,,,0,0.0,0,0,0,0,0,0,0,0,0,0,0.0,0,0,0,0,0,"2,1",,,,,,,,,,,,,2,0,0,0,0,0,0,0,0,0,0,0,0,0,0,0,0,0,0,0,,0,,0,,0,,0,,0,0,,0
387,388,0,0,0,0,0,0,0,0,0,0,0,0,0,0,0.0,,,,0,0.0,0,0,0,0,0,0,0,0,0,0,0.0,0,0,0,0,0,"1,2",,,,,,,,,,,,,2,0,0,0,0,0,0,0,0,0,0,0,0,0,0,0,0,0,0,0,,0,,0,,0,,0,,0,0,,0
388,389,0,0,0,0,0,0,0,0,0,0,0,0,0,0,0.0,,,,0,0.0,0,0,0,0,0,0,0,0,0,0,0.0,0,0,0,0,0,"1,2",,,,,,,,,,,,,2,0,0,0,0,0,0,0,0,0,0,0,0,0,0,0,0,0,0,0,,0,,0,,0,,0,,0,0,,0
389,390,0,0,0,0,0,0,0,0,0,0,0,0,0,0,0.0,,,,0,0.0,0,0,0,0,0,0,0,0,0,0,0.0,0,0,0,0,0,"1,2",,,,,,,,,,,,,2,0,0,0,0,0,0,0,0,0,0,0,0,0,0,0,0,0,0,0,,0,,0,,0,,0,,0,0,,0
390,391,0,0,0,0,0,0,0,0,0,0,0,0,0,0,0.0,,,,0,0.0,0,0,0,0,0,0,0,0,0,0,0.0,0,0,0,0,0,"2,1",,,,,,,,,,,,,2,0,0,0,0,0,0,0,0,0,0,0,0,0,0,0,0,0,0,0,,0,,0,,0,,0,,0,0,,0
391,392,0,0,0,0,0,0,0,0,0,0,0,0,0,0,0.0,,,,0,0.0,0,0,0,0,0,0,0,0,0,0,0.0,0,0,0,0,0,"1,2",,,,,,,,,,,,,2,0,0,0,0,0,0,0,0,0,0,0,0,0,0,0,0,0,0,0,,0,,0,,0,,0,,0,0,,0
392,393,0,0,0,0,0,0,0,0,0,0,0,0,0,0,0.0,,,,0,0.0,0,0,0,0,0,0,0,0,0,0,0.0,0,0,0,0,0,"2,1",,,,,,,,,,,,,2,0,0,0,0,0,0,0,0,0,0,0,0,0,0,0,0,0,0,0,,0,,0,,0,,0,,0,0,,0
393,394,0,0,0,0,0,0,0,0,0,0,0,0,0,0,0.0,,,,0,0.0,0,0,0,0,0,0,0,0,0,0,0.0,0,0,0,0,0,"2,1",,,,,,,,,,,,,2,0,0,0,0,0,0,0,0,0,0,0,0,0,0,0,0,0,0,0,,0,,0,,0,,0,,0,0,,0
394,395,0,0,0,0,0,0,0,0,0,0,0,0,0,0,0.0,,,,0,0.0,0,0,0,0,0,0,0,0,0,0,0.0,0,0,0,0,0,"2,1",,,,,,,,,,,,,2,0,0,0,0,0,0,0,0,0,0,0,0,0,0,0,0,0,0,0,,0,,0,,0,,0,,0,0,,0
395,396,0,0,0,0,0,0,0,0,0,0,0,0,0,0,0.0,,,,0,0.0,0,0,0,0,0,0,0,0,0,0,0.0,0,0,0,0,0,"2,1",,,,,,,,,,,,,2,0,0,0,0,0,0,0,0,0,0,0,0,0,0,0,0,0,0,0,,0,,0,,0,,0,,0,0,,0
396,397,0,0,0,0,0,0,0,0,0,0,0,0,0,0,0.0,,,,0,0.0,0,0,0,0,0,0,0,0,0,0,0.0,0,0,0,0,0,"2,1",,,,,,,,,,,,,2,0,0,0,0,0,0,0,0,0,0,0,0,0,0,0,0,0,0,0,,0,,0,,0,,0,,0,0,,0
397,398,0,0,0,0,0,0,0,0,0,0,0,0,0,0,0.0,,,,0,0.0,0,0,0,0,0,0,0,0,0,0,0.0,0,0,0,0,0,"1,2",,,,,,,,,,,,,2,0,0,0,0,0,0,0,0,0,0,0,0,0,0,0,0,0,0,0,,0,,0,,0,,0,,0,0,,0
398,399,0,0,0,0,0,0,0,0,0,0,0,0,0,0,0.0,,,,0,0.0,0,0,0,0,0,0,0,0,0,0,0.0,0,0,0,0,0,"1,2",,,,,,,,,,,,,2,0,0,0,0,0,0,0,0,0,0,0,0,0,0,0,0,0,0,0,,0,,0,,0,,0,,0,0,,0
399,400,0,0,0,0,0,0,0,0,0,0,0,0,0,0,0.0,,,,0,0.0,0,0,0,0,0,0,0,0,0,0,0.0,0,0,0,0,0,"2,1",,,,,,,,,,,,,2,0,0,0,0,0,0,0,0,0,0,0,0,0,0,0,0,0,0,0,,0,,0,,0,,0,,0,0,,0
400,401,0,0,0,0,0,0,0,0,0,0,0,0,0,0,0.0,,,,0,0.0,0,0,0,0,0,0,0,0,0,0,0.0,0,0,0,0,0,"1,2",,,,,,,,,,,,,2,0,0,0,0,0,0,0,0,0,0,0,0,0,0,0,0,0,0,0,,0,,0,,0,,0,,0,0,,0
401,402,0,0,0,0,0,0,0,0,0,0,0,0,0,0,0.0,,,,0,0.0,0,0,0,0,0,0,0,0,0,0,0.0,0,0,0,0,0,"1,2",,,,,,,,,,,,,2,0,0,0,0,0,0,0,0,0,0,0,0,0,0,0,0,0,0,0,,0,,0,,0,,0,,0,0,,0
402,403,0,0,0,0,0,0,0,0,0,0,0,0,0,0,0.0,,,,0,0.0,0,0,0,0,0,0,0,0,0,0,0.0,0,0,0,0,0,"2,1",,,,,,,,,,,,,2,0,0,0,0,0,0,0,0,0,0,0,0,0,0,0,0,0,0,0,,0,,0,,0,,0,,0,0,,0
403,404,0,0,0,0,0,0,0,0,0,0,0,0,0,0,0.0,,,,0,0.0,0,0,0,0,0,0,0,0,0,0,0.0,0,0,0,0,0,"1,2",,,,,,,,,,,,,2,0,0,0,0,0,0,0,0,0,0,0,0,0,0,0,0,0,0,0,,0,,0,,0,,0,,0,0,,0
404,405,0,0,0,0,0,0,0,0,0,0,0,0,0,0,0.0,,,,0,0.0,0,0,0,0,0,0,0,0,0,0,0.0,0,0,0,0,0,"2,1",,,,,,,,,,,,,2,0,0,0,0,0,0,0,0,0,0,0,0,0,0,0,0,0,0,0,,0,,0,,0,,0,,0,0,,0
405,406,0,0,0,0,0,0,0,0,0,0,0,0,0,0,0.0,,,,0,0.0,0,0,0,0,0,0,0,0,0,0,0.0,0,0,0,0,0,"1,2",,,,,,,,,,,,,2,0,0,0,0,0,0,0,0,0,0,0,0,0,0,0,0,0,0,0,,0,,0,,0,,0,,0,0,,0
406,407,0,0,0,0,0,0,0,0,0,0,0,0,0,0,0.0,,,,0,0.0,0,0,0,0,0,0,0,0,0,0,0.0,0,0,0,0,0,"1,2",,,,,,,,,,,,,2,0,0,0,0,0,0,0,0,0,0,0,0,0,0,0,0,0,0,0,,0,,0,,0,,0,,0,0,,0
407,408,0,0,0,0,0,0,0,0,0,0,0,0,0,0,0.0,,,,0,0.0,0,0,0,0,0,0,0,0,0,0,0.0,0,0,0,0,0,"2,1",,,,,,,,,,,,,2,0,0,0,0,0,0,0,0,0,0,0,0,0,0,0,0,0,0,0,,0,,0,,0,,0,,0,0,,0
408,409,0,0,0,0,0,0,0,0,0,0,0,0,0,0,0.0,,,,0,0.0,0,0,0,0,0,0,0,0,0,0,0.0,0,0,0,0,0,"2,1",,,,,,,,,,,,,2,0,0,0,0,0,0,0,0,0,0,0,0,0,0,0,0,0,0,0,,0,,0,,0,,0,,0,0,,0
409,410,0,0,0,0,0,0,0,0,0,0,0,0,0,0,0.0,,,,0,0.0,0,0,0,0,0,0,0,0,0,0,0.0,0,0,0,0,0,"2,1",,,,,,,,,,,,,2,0,0,0,0,0,0,0,0,0,0,0,0,0,0,0,0,0,0,0,,0,,0,,0,,0,,0,0,,0
410,411,0,0,0,0,0,0,0,0,0,0,0,0,0,0,0.0,,,,0,0.0,0,0,0,0,0,0,0,0,0,0,0.0,0,0,0,0,0,"1,2",,,,,,,,,,,,,2,0,0,0,0,0,0,0,0,0,0,0,0,0,0,0,0,0,0,0,,0,,0,,0,,0,,0,0,,0
411,412,0,0,0,0,0,0,0,0,0,0,0,0,0,0,0.0,,,,0,0.0,0,0,0,0,0,0,0,0,0,0,0.0,0,0,0,0,0,"2,1",,,,,,,,,,,,,2,0,0,0,0,0,0,0,0,0,0,0,0,0,0,0,0,0,0,0,,0,,0,,0,,0,,0,0,,0
412,413,0,0,0,0,0,0,0,0,0,0,0,0,0,0,0.0,,,,0,0.0,0,0,0,0,0,0,0,0,0,0,0.0,0,0,0,0,0,"2,1",,,,,,,,,,,,,2,0,0,0,0,0,0,0,0,0,0,0,0,0,0,0,0,0,0,0,,0,,0,,0,,0,,0,0,,0
413,414,0,0,0,0,0,0,0,0,0,0,0,0,0,0,0.0,,,,0,0.0,0,0,0,0,0,0,0,0,0,0,0.0,0,0,0,0,0,"2,1",,,,,,,,,,,,,2,0,0,0,0,0,0,0,0,0,0,0,0,0,0,0,0,0,0,0,,0,,0,,0,,0,,0,0,,0
414,415,0,0,0,0,0,0,0,0,0,0,0,0,0,0,0.0,,,,0,0.0,0,0,0,0,0,0,0,0,0,0,0.0,0,0,0,0,0,"1,2",,,,,,,,,,,,,2,0,0,0,0,0,0,0,0,0,0,0,0,0,0,0,0,0,0,0,,0,,0,,0,,0,,0,0,,0
415,416,0,0,0,0,0,0,0,0,0,0,0,0,0,0,0.0,,,,0,0.0,0,0,0,0,0,0,0,0,0,0,0.0,0,0,0,0,0,"1,2",,,,,,,,,,,,,2,0,0,0,0,0,0,0,0,0,0,0,0,0,0,0,0,0,0,0,,0,,0,,0,,0,,0,0,,0
416,417,0,0,0,0,0,0,0,0,0,0,0,0,0,0,0.0,,,,0,0.0,0,0,0,0,0,0,0,0,0,0,0.0,0,0,0,0,0,"1,2",,,,,,,,,,,,,2,0,0,0,0,0,0,0,0,0,0,0,0,0,0,0,0,0,0,0,,0,,0,,0,,0,,0,0,,0
417,418,0,0,0,0,0,0,0,0,0,0,0,0,0,0,0.0,,,,0,0.0,0,0,0,0,0,0,0,0,0,0,0.0,0,0,0,0,0,"2,1",,,,,,,,,,,,,2,0,0,0,0,0,0,0,0,0,0,0,0,0,0,0,0,0,0,0,,0,,0,,0,,0,,0,0,,0
418,419,0,0,0,0,0,0,0,0,0,0,0,0,0,0,0.0,,,,0,0.0,0,0,0,0,0,0,0,0,0,0,0.0,0,0,0,0,0,"2,1",,,,,,,,,,,,,2,0,0,0,0,0,0,0,0,0,0,0,0,0,0,0,0,0,0,0,,0,,0,,0,,0,,0,0,,0
419,420,0,0,0,0,0,0,0,0,0,0,0,0,0,0,0.0,,,,0,0.0,0,0,0,0,0,0,0,0,0,0,0.0,0,0,0,0,0,"2,1",,,,,,,,,,,,,2,0,0,0,0,0,0,0,0,0,0,0,0,0,0,0,0,0,0,0,,0,,0,,0,,0,,0,0,,0
420,421,0,0,0,0,0,0,0,0,0,0,0,0,0,0,0.0,,,,0,0.0,0,0,0,0,0,0,0,0,0,0,0.0,0,0,0,0,0,"1,2",,,,,,,,,,,,,2,0,0,0,0,0,0,0,0,0,0,0,0,0,0,0,0,0,0,0,,0,,0,,0,,0,,0,0,,0
421,422,0,0,0,0,0,0,0,0,0,0,0,0,0,0,0.0,,,,0,0.0,0,0,0,0,0,0,0,0,0,0,0.0,0,0,0,0,0,"2,1",,,,,,,,,,,,,2,0,0,0,0,0,0,0,0,0,0,0,0,0,0,0,0,0,0,0,,0,,0,,0,,0,,0,0,,0
422,423,0,0,0,0,0,0,0,0,0,0,0,0,0,0,0.0,,,,0,0.0,0,0,0,0,0,0,0,0,0,0,0.0,0,0,0,0,0,"1,2",,,,,,,,,,,,,2,0,0,0,0,0,0,0,0,0,0,0,0,0,0,0,0,0,0,0,,0,,0,,0,,0,,0,0,,0
423,424,0,0,0,0,0,0,0,0,0,0,0,0,0,0,0.0,,,,0,0.0,0,0,0,0,0,0,0,0,0,0,0.0,0,0,0,0,0,"1,2",,,,,,,,,,,,,2,0,0,0,0,0,0,0,0,0,0,0,0,0,0,0,0,0,0,0,,0,,0,,0,,0,,0,0,,0
424,425,0,0,0,0,0,0,0,0,0,0,0,0,0,0,0.0,,,,0,0.0,0,0,0,0,0,0,0,0,0,0,0.0,0,0,0,0,0,"2,1",,,,,,,,,,,,,2,0,0,0,0,0,0,0,0,0,0,0,0,0,0,0,0,0,0,0,,0,,0,,0,,0,,0,0,,0
425,426,0,0,0,0,0,0,0,0,0,0,0,0,0,0,0.0,,,,0,0.0,0,0,0,0,0,0,0,0,0,0,0.0,0,0,0,0,0,"1,2",,,,,,,,,,,,,2,0,0,0,0,0,0,0,0,0,0,0,0,0,0,0,0,0,0,0,,0,,0,,0,,0,,0,0,,0
426,427,0,0,0,0,0,0,0,0,0,0,0,0,0,0,0.0,,,,0,0.0,0,0,0,0,0,0,0,0,0,0,0.0,0,0,0,0,0,"1,2",,,,,,,,,,,,,2,0,0,0,0,0,0,0,0,0,0,0,0,0,0,0,0,0,0,0,,0,,0,,0,,0,,0,0,,0
427,428,0,0,0,0,0,0,0,0,0,0,0,0,0,0,0.0,,,,0,0.0,0,0,0,0,0,0,0,0,0,0,0.0,0,0,0,0,0,"2,1",,,,,,,,,,,,,2,0,0,0,0,0,0,0,0,0,0,0,0,0,0,0,0,0,0,0,,0,,0,,0,,0,,0,0,,0
428,429,0,0,0,0,0,0,0,0,0,0,0,0,0,0,0.0,,,,0,0.0,0,0,0,0,0,0,0,0,0,0,0.0,0,0,0,0,0,"2,1",,,,,,,,,,,,,2,0,0,0,0,0,0,0,0,0,0,0,0,0,0,0,0,0,0,0,,0,,0,,0,,0,,0,0,,0
429,430,0,0,0,0,0,0,0,0,0,0,0,0,0,0,0.0,,,,0,0.0,0,0,0,0,0,0,0,0,0,0,0.0,0,0,0,0,0,"2,1",,,,,,,,,,,,,2,0,0,0,0,0,0,0,0,0,0,0,0,0,0,0,0,0,0,0,,0,,0,,0,,0,,0,0,,0
430,431,0,0,0,0,0,0,0,0,0,0,0,0,0,0,0.0,,,,0,0.0,0,0,0,0,0,0,0,0,0,0,0.0,0,0,0,0,0,"2,1",,,,,,,,,,,,,2,0,0,0,0,0,0,0,0,0,0,0,0,0,0,0,0,0,0,0,,0,,0,,0,,0,,0,0,,0
431,432,0,0,0,0,0,0,0,0,0,0,0,0,0,0,0.0,,,,0,0.0,0,0,0,0,0,0,0,0,0,0,0.0,0,0,0,0,0,"2,1",,,,,,,,,,,,,2,0,0,0,0,0,0,0,0,0,0,0,0,0,0,0,0,0,0,0,,0,,0,,0,,0,,0,0,,0
432,433,0,0,0,0,0,0,0,0,0,0,0,0,0,0,0.0,,,,0,0.0,0,0,0,0,0,0,0,0,0,0,0.0,0,0,0,0,0,"1,2",,,,,,,,,,,,,2,0,0,0,0,0,0,0,0,0,0,0,0,0,0,0,0,0,0,0,,0,,0,,0,,0,,0,0,,0
433,434,0,0,0,0,0,0,0,0,0,0,0,0,0,0,0.0,,,,0,0.0,0,0,0,0,0,0,0,0,0,0,0.0,0,0,0,0,0,"2,1",,,,,,,,,,,,,2,0,0,0,0,0,0,0,0,0,0,0,0,0,0,0,0,0,0,0,,0,,0,,0,,0,,0,0,,0
434,435,0,0,0,0,0,0,0,0,0,0,0,0,0,0,0.0,,,,0,0.0,0,0,0,0,0,0,0,0,0,0,0.0,0,0,0,0,0,"1,2",,,,,,,,,,,,,2,0,0,0,0,0,0,0,0,0,0,0,0,0,0,0,0,0,0,0,,0,,0,,0,,0,,0,0,,0
435,436,0,0,0,0,0,0,0,0,0,0,0,0,0,0,0.0,,,,0,0.0,0,0,0,0,0,0,0,0,0,0,0.0,0,0,0,0,0,"1,2",,,,,,,,,,,,,2,0,0,0,0,0,0,0,0,0,0,0,0,0,0,0,0,0,0,0,,0,,0,,0,,0,,0,0,,0
436,437,0,0,0,0,0,0,0,0,0,0,0,0,0,0,0.0,,,,0,0.0,0,0,0,0,0,0,0,0,0,0,0.0,0,0,0,0,0,"1,2",,,,,,,,,,,,,2,0,0,0,0,0,0,0,0,0,0,0,0,0,0,0,0,0,0,0,,0,,0,,0,,0,,0,0,,0
437,438,0,0,0,0,0,0,0,0,0,0,0,0,0,0,0.0,,,,0,0.0,0,0,0,0,0,0,0,0,0,0,0.0,0,0,0,0,0,"1,2",,,,,,,,,,,,,2,0,0,0,0,0,0,0,0,0,0,0,0,0,0,0,0,0,0,0,,0,,0,,0,,0,,0,0,,0
438,439,0,0,0,0,0,0,0,0,0,0,0,0,0,0,0.0,,,,0,0.0,0,0,0,0,0,0,0,0,0,0,0.0,0,0,0,0,0,"1,2",,,,,,,,,,,,,2,0,0,0,0,0,0,0,0,0,0,0,0,0,0,0,0,0,0,0,,0,,0,,0,,0,,0,0,,0
439,440,0,0,0,0,0,0,0,0,0,0,0,0,0,0,0.0,,,,0,0.0,0,0,0,0,0,0,0,0,0,0,0.0,0,0,0,0,0,"1,2",,,,,,,,,,,,,2,0,0,0,0,0,0,0,0,0,0,0,0,0,0,0,0,0,0,0,,0,,0,,0,,0,,0,0,,0
440,441,0,0,0,0,0,0,0,0,0,0,0,0,0,0,0.0,,,,0,0.0,0,0,0,0,0,0,0,0,0,0,0.0,0,0,0,0,0,"2,1",,,,,,,,,,,,,2,0,0,0,0,0,0,0,0,0,0,0,0,0,0,0,0,0,0,0,,0,,0,,0,,0,,0,0,,0
441,442,0,0,0,0,0,0,0,0,0,0,0,0,0,0,0.0,,,,0,0.0,0,0,0,0,0,0,0,0,0,0,0.0,0,0,0,0,0,"2,1",,,,,,,,,,,,,2,0,0,0,0,0,0,0,0,0,0,0,0,0,0,0,0,0,0,0,,0,,0,,0,,0,,0,0,,0
442,443,0,0,0,0,0,0,0,0,0,0,0,0,0,0,0.0,,,,0,0.0,0,0,0,0,0,0,0,0,0,0,0.0,0,0,0,0,0,"2,1",,,,,,,,,,,,,2,0,0,0,0,0,0,0,0,0,0,0,0,0,0,0,0,0,0,0,,0,,0,,0,,0,,0,0,,0
443,444,0,0,0,0,0,0,0,0,0,0,0,0,0,0,0.0,,,,0,0.0,0,0,0,0,0,0,0,0,0,0,0.0,0,0,0,0,0,"2,1",,,,,,,,,,,,,2,0,0,0,0,0,0,0,0,0,0,0,0,0,0,0,0,0,0,0,,0,,0,,0,,0,,0,0,,0
444,445,0,0,0,0,0,0,0,0,0,0,0,0,0,0,0.0,,,,0,0.0,0,0,0,0,0,0,0,0,0,0,0.0,0,0,0,0,0,"1,2",,,,,,,,,,,,,2,0,0,0,0,0,0,0,0,0,0,0,0,0,0,0,0,0,0,0,,0,,0,,0,,0,,0,0,,0
445,446,0,0,0,0,0,0,0,0,0,0,0,0,0,0,0.0,,,,0,0.0,0,0,0,0,0,0,0,0,0,0,0.0,0,0,0,0,0,"2,1",,,,,,,,,,,,,2,0,0,0,0,0,0,0,0,0,0,0,0,0,0,0,0,0,0,0,,0,,0,,0,,0,,0,0,,0
446,447,0,0,0,0,0,0,0,0,0,0,0,0,0,0,0.0,,,,0,0.0,0,0,0,0,0,0,0,0,0,0,0.0,0,0,0,0,0,"2,1",,,,,,,,,,,,,2,0,0,0,0,0,0,0,0,0,0,0,0,0,0,0,0,0,0,0,,0,,0,,0,,0,,0,0,,0
447,448,0,0,0,0,0,0,0,0,0,0,0,0,0,0,0.0,,,,0,0.0,0,0,0,0,0,0,0,0,0,0,0.0,0,0,0,0,0,"1,2",,,,,,,,,,,,,2,0,0,0,0,0,0,0,0,0,0,0,0,0,0,0,0,0,0,0,,0,,0,,0,,0,,0,0,,0
448,449,0,0,0,0,0,0,0,0,0,0,0,0,0,0,0.0,,,,0,0.0,0,0,0,0,0,0,0,0,0,0,0.0,0,0,0,0,0,"2,1",,,,,,,,,,,,,2,0,0,0,0,0,0,0,0,0,0,0,0,0,0,0,0,0,0,0,,0,,0,,0,,0,,0,0,,0
449,450,0,0,0,0,0,0,0,0,0,0,0,0,0,0,0.0,,,,0,0.0,0,0,0,0,0,0,0,0,0,0,0.0,0,0,0,0,0,"1,2",,,,,,,,,,,,,2,0,0,0,0,0,0,0,0,0,0,0,0,0,0,0,0,0,0,0,,0,,0,,0,,0,,0,0,,0
450,451,0,0,0,0,0,0,0,0,0,0,0,0,0,0,0.0,,,,0,0.0,0,0,0,0,0,0,0,0,0,0,0.0,0,0,0,0,0,"1,2",,,,,,,,,,,,,2,0,0,0,0,0,0,0,0,0,0,0,0,0,0,0,0,0,0,0,,0,,0,,0,,0,,0,0,,0
451,452,0,0,0,0,0,0,0,0,0,0,0,0,0,0,0.0,,,,0,0.0,0,0,0,0,0,0,0,0,0,0,0.0,0,0,0,0,0,"1,2",,,,,,,,,,,,,2,0,0,0,0,0,0,0,0,0,0,0,0,0,0,0,0,0,0,0,,0,,0,,0,,0,,0,0,,0
452,453,0,0,0,0,0,0,0,0,0,0,0,0,0,0,0.0,,,,0,0.0,0,0,0,0,0,0,0,0,0,0,0.0,0,0,0,0,0,"2,1",,,,,,,,,,,,,2,0,0,0,0,0,0,0,0,0,0,0,0,0,0,0,0,0,0,0,,0,,0,,0,,0,,0,0,,0
453,454,0,0,0,0,0,0,0,0,0,0,0,0,0,0,0.0,,,,0,0.0,0,0,0,0,0,0,0,0,0,0,0.0,0,0,0,0,0,"1,2",,,,,,,,,,,,,2,0,0,0,0,0,0,0,0,0,0,0,0,0,0,0,0,0,0,0,,0,,0,,0,,0,,0,0,,0
454,455,0,0,0,0,0,0,0,0,0,0,0,0,0,0,0.0,,,,0,0.0,0,0,0,0,0,0,0,0,0,0,0.0,0,0,0,0,0,"2,1",,,,,,,,,,,,,2,0,0,0,0,0,0,0,0,0,0,0,0,0,0,0,0,0,0,0,,0,,0,,0,,0,,0,0,,0
455,456,0,0,0,0,0,0,0,0,0,0,0,0,0,0,0.0,,,,0,0.0,0,0,0,0,0,0,0,0,0,0,0.0,0,0,0,0,0,"1,2",,,,,,,,,,,,,2,0,0,0,0,0,0,0,0,0,0,0,0,0,0,0,0,0,0,0,,0,,0,,0,,0,,0,0,,0
456,457,0,0,0,0,0,0,0,0,0,0,0,0,0,0,0.0,,,,0,0.0,0,0,0,0,0,0,0,0,0,0,0.0,0,0,0,0,0,"1,2",,,,,,,,,,,,,2,0,0,0,0,0,0,0,0,0,0,0,0,0,0,0,0,0,0,0,,0,,0,,0,,0,,0,0,,0
457,458,0,0,0,0,0,0,0,0,0,0,0,0,0,0,0.0,,,,0,0.0,0,0,0,0,0,0,0,0,0,0,0.0,0,0,0,0,0,"1,2",,,,,,,,,,,,,2,0,0,0,0,0,0,0,0,0,0,0,0,0,0,0,0,0,0,0,,0,,0,,0,,0,,0,0,,0
458,459,0,0,0,0,0,0,0,0,0,0,0,0,0,0,0.0,,,,0,0.0,0,0,0,0,0,0,0,0,0,0,0.0,0,0,0,0,0,"2,1",,,,,,,,,,,,,2,0,0,0,0,0,0,0,0,0,0,0,0,0,0,0,0,0,0,0,,0,,0,,0,,0,,0,0,,0
459,460,0,0,0,0,0,0,0,0,0,0,0,0,0,0,0.0,,,,0,0.0,0,0,0,0,0,0,0,0,0,0,0.0,0,0,0,0,0,"2,1",,,,,,,,,,,,,2,0,0,0,0,0,0,0,0,0,0,0,0,0,0,0,0,0,0,0,,0,,0,,0,,0,,0,0,,0
460,461,0,0,0,0,0,0,0,0,0,0,0,0,0,0,0.0,,,,0,0.0,0,0,0,0,0,0,0,0,0,0,0.0,0,0,0,0,0,"2,1",,,,,,,,,,,,,2,0,0,0,0,0,0,0,0,0,0,0,0,0,0,0,0,0,0,0,,0,,0,,0,,0,,0,0,,0
461,462,0,0,0,0,0,0,0,0,0,0,0,0,0,0,0.0,,,,0,0.0,0,0,0,0,0,0,0,0,0,0,0.0,0,0,0,0,0,"2,1",,,,,,,,,,,,,2,0,0,0,0,0,0,0,0,0,0,0,0,0,0,0,0,0,0,0,,0,,0,,0,,0,,0,0,,0
462,463,0,0,0,0,0,0,0,0,0,0,0,0,0,0,0.0,,,,0,0.0,0,0,0,0,0,0,0,0,0,0,0.0,0,0,0,0,0,"2,1",,,,,,,,,,,,,2,0,0,0,0,0,0,0,0,0,0,0,0,0,0,0,0,0,0,0,,0,,0,,0,,0,,0,0,,0
463,464,0,0,0,0,0,0,0,0,0,0,0,0,0,0,0.0,,,,0,0.0,0,0,0,0,0,0,0,0,0,0,0.0,0,0,0,0,0,"1,2",,,,,,,,,,,,,2,0,0,0,0,0,0,0,0,0,0,0,0,0,0,0,0,0,0,0,,0,,0,,0,,0,,0,0,,0
464,465,0,0,0,0,0,0,0,0,0,0,0,0,0,0,0.0,,,,0,0.0,0,0,0,0,0,0,0,0,0,0,0.0,0,0,0,0,0,"2,1",,,,,,,,,,,,,2,0,0,0,0,0,0,0,0,0,0,0,0,0,0,0,0,0,0,0,,0,,0,,0,,0,,0,0,,0
465,466,0,0,0,0,0,0,0,0,0,0,0,0,0,0,0.0,,,,0,0.0,0,0,0,0,0,0,0,0,0,0,0.0,0,0,0,0,0,"1,2",,,,,,,,,,,,,2,0,0,0,0,0,0,0,0,0,0,0,0,0,0,0,0,0,0,0,,0,,0,,0,,0,,0,0,,0
466,467,0,0,0,0,0,0,0,0,0,0,0,0,0,0,0.0,,,,0,0.0,0,0,0,0,0,0,0,0,0,0,0.0,0,0,0,0,0,"1,2",,,,,,,,,,,,,2,0,0,0,0,0,0,0,0,0,0,0,0,0,0,0,0,0,0,0,,0,,0,,0,,0,,0,0,,0
467,468,0,0,0,0,0,0,0,0,0,0,0,0,0,0,0.0,,,,0,0.0,0,0,0,0,0,0,0,0,0,0,0.0,0,0,0,0,0,"1,2",,,,,,,,,,,,,2,0,0,0,0,0,0,0,0,0,0,0,0,0,0,0,0,0,0,0,,0,,0,,0,,0,,0,0,,0
468,469,0,0,0,0,0,0,0,0,0,0,0,0,0,0,0.0,,,,0,0.0,0,0,0,0,0,0,0,0,0,0,0.0,0,0,0,0,0,"2,1",,,,,,,,,,,,,2,0,0,0,0,0,0,0,0,0,0,0,0,0,0,0,0,0,0,0,,0,,0,,0,,0,,0,0,,0
469,470,0,0,0,0,0,0,0,0,0,0,0,0,0,0,0.0,,,,0,0.0,0,0,0,0,0,0,0,0,0,0,0.0,0,0,0,0,0,"2,1",,,,,,,,,,,,,2,0,0,0,0,0,0,0,0,0,0,0,0,0,0,0,0,0,0,0,,0,,0,,0,,0,,0,0,,0
470,471,0,0,0,0,0,0,0,0,0,0,0,0,0,0,0.0,,,,0,0.0,0,0,0,0,0,0,0,0,0,0,0.0,0,0,0,0,0,"1,2",,,,,,,,,,,,,2,0,0,0,0,0,0,0,0,0,0,0,0,0,0,0,0,0,0,0,,0,,0,,0,,0,,0,0,,0
471,472,0,0,0,0,0,0,0,0,0,0,0,0,0,0,0.0,,,,0,0.0,0,0,0,0,0,0,0,0,0,0,0.0,0,0,0,0,0,"2,1",,,,,,,,,,,,,2,0,0,0,0,0,0,0,0,0,0,0,0,0,0,0,0,0,0,0,,0,,0,,0,,0,,0,0,,0
472,473,0,0,0,0,0,0,0,0,0,0,0,0,0,0,0.0,,,,0,0.0,0,0,0,0,0,0,0,0,0,0,0.0,0,0,0,0,0,"2,1",,,,,,,,,,,,,2,0,0,0,0,0,0,0,0,0,0,0,0,0,0,0,0,0,0,0,,0,,0,,0,,0,,0,0,,0
473,474,0,0,0,0,0,0,0,0,0,0,0,0,0,0,0.0,,,,0,0.0,0,0,0,0,0,0,0,0,0,0,0.0,0,0,0,0,0,"1,2",,,,,,,,,,,,,2,0,0,0,0,0,0,0,0,0,0,0,0,0,0,0,0,0,0,0,,0,,0,,0,,0,,0,0,,0
474,475,0,0,0,0,0,0,0,0,0,0,0,0,0,0,0.0,,,,0,0.0,0,0,0,0,0,0,0,0,0,0,0.0,0,0,0,0,0,"1,2",,,,,,,,,,,,,2,0,0,0,0,0,0,0,0,0,0,0,0,0,0,0,0,0,0,0,,0,,0,,0,,0,,0,0,,0
475,476,0,0,0,0,0,0,0,0,0,0,0,0,0,0,0.0,,,,0,0.0,0,0,0,0,0,0,0,0,0,0,0.0,0,0,0,0,0,"2,1",,,,,,,,,,,,,2,0,0,0,0,0,0,0,0,0,0,0,0,0,0,0,0,0,0,0,,0,,0,,0,,0,,0,0,,0
476,477,0,0,0,0,0,0,0,0,0,0,0,0,0,0,0.0,,,,0,0.0,0,0,0,0,0,0,0,0,0,0,0.0,0,0,0,0,0,"2,1",,,,,,,,,,,,,2,0,0,0,0,0,0,0,0,0,0,0,0,0,0,0,0,0,0,0,,0,,0,,0,,0,,0,0,,0
477,478,0,0,0,0,0,0,0,0,0,0,0,0,0,0,0.0,,,,0,0.0,0,0,0,0,0,0,0,0,0,0,0.0,0,0,0,0,0,"2,1",,,,,,,,,,,,,2,0,0,0,0,0,0,0,0,0,0,0,0,0,0,0,0,0,0,0,,0,,0,,0,,0,,0,0,,0
478,479,0,0,0,0,0,0,0,0,0,0,0,0,0,0,0.0,,,,0,0.0,0,0,0,0,0,0,0,0,0,0,0.0,0,0,0,0,0,"1,2",,,,,,,,,,,,,2,0,0,0,0,0,0,0,0,0,0,0,0,0,0,0,0,0,0,0,,0,,0,,0,,0,,0,0,,0
479,480,0,0,0,0,0,0,0,0,0,0,0,0,0,0,0.0,,,,0,0.0,0,0,0,0,0,0,0,0,0,0,0.0,0,0,0,0,0,"1,2",,,,,,,,,,,,,2,0,0,0,0,0,0,0,0,0,0,0,0,0,0,0,0,0,0,0,,0,,0,,0,,0,,0,0,,0
480,481,0,0,0,0,0,0,0,0,0,0,0,0,0,0,0.0,,,,0,0.0,0,0,0,0,0,0,0,0,0,0,0.0,0,0,0,0,0,"2,1",,,,,,,,,,,,,2,0,0,0,0,0,0,0,0,0,0,0,0,0,0,0,0,0,0,0,,0,,0,,0,,0,,0,0,,0
481,482,0,0,0,0,0,0,0,0,0,0,0,0,0,0,0.0,,,,0,0.0,0,0,0,0,0,0,0,0,0,0,0.0,0,0,0,0,0,"2,1",,,,,,,,,,,,,2,0,0,0,0,0,0,0,0,0,0,0,0,0,0,0,0,0,0,0,,0,,0,,0,,0,,0,0,,0
482,483,0,0,0,0,0,0,0,0,0,0,0,0,0,0,0.0,,,,0,0.0,0,0,0,0,0,0,0,0,0,0,0.0,0,0,0,0,0,"1,2",,,,,,,,,,,,,2,0,0,0,0,0,0,0,0,0,0,0,0,0,0,0,0,0,0,0,,0,,0,,0,,0,,0,0,,0
483,484,0,0,0,0,0,0,0,0,0,0,0,0,0,0,0.0,,,,0,0.0,0,0,0,0,0,0,0,0,0,0,0.0,0,0,0,0,0,"1,2",,,,,,,,,,,,,2,0,0,0,0,0,0,0,0,0,0,0,0,0,0,0,0,0,0,0,,0,,0,,0,,0,,0,0,,0
484,485,0,0,0,0,0,0,0,0,0,0,0,0,0,0,0.0,,,,0,0.0,0,0,0,0,0,0,0,0,0,0,0.0,0,0,0,0,0,"1,2",,,,,,,,,,,,,2,0,0,0,0,0,0,0,0,0,0,0,0,0,0,0,0,0,0,0,,0,,0,,0,,0,,0,0,,0
485,486,0,0,0,0,0,0,0,0,0,0,0,0,0,0,0.0,,,,0,0.0,0,0,0,0,0,0,0,0,0,0,0.0,0,0,0,0,0,"2,1",,,,,,,,,,,,,2,0,0,0,0,0,0,0,0,0,0,0,0,0,0,0,0,0,0,0,,0,,0,,0,,0,,0,0,,0
486,487,0,0,0,0,0,0,0,0,0,0,0,0,0,0,0.0,,,,0,0.0,0,0,0,0,0,0,0,0,0,0,0.0,0,0,0,0,0,"2,1",,,,,,,,,,,,,2,0,0,0,0,0,0,0,0,0,0,0,0,0,0,0,0,0,0,0,,0,,0,,0,,0,,0,0,,0
487,488,0,0,0,0,0,0,0,0,0,0,0,0,0,0,0.0,,,,0,0.0,0,0,0,0,0,0,0,0,0,0,0.0,0,0,0,0,0,"1,2",,,,,,,,,,,,,2,0,0,0,0,0,0,0,0,0,0,0,0,0,0,0,0,0,0,0,,0,,0,,0,,0,,0,0,,0
488,489,0,0,0,0,0,0,0,0,0,0,0,0,0,0,0.0,,,,0,0.0,0,0,0,0,0,0,0,0,0,0,0.0,0,0,0,0,0,"1,2",,,,,,,,,,,,,2,0,0,0,0,0,0,0,0,0,0,0,0,0,0,0,0,0,0,0,,0,,0,,0,,0,,0,0,,0
489,490,0,0,0,0,0,0,0,0,0,0,0,0,0,0,0.0,,,,0,0.0,0,0,0,0,0,0,0,0,0,0,0.0,0,0,0,0,0,"2,1",,,,,,,,,,,,,2,0,0,0,0,0,0,0,0,0,0,0,0,0,0,0,0,0,0,0,,0,,0,,0,,0,,0,0,,0
490,491,0,0,0,0,0,0,0,0,0,0,0,0,0,0,0.0,,,,0,0.0,0,0,0,0,0,0,0,0,0,0,0.0,0,0,0,0,0,"2,1",,,,,,,,,,,,,2,0,0,0,0,0,0,0,0,0,0,0,0,0,0,0,0,0,0,0,,0,,0,,0,,0,,0,0,,0
491,492,0,0,0,0,0,0,0,0,0,0,0,0,0,0,0.0,,,,0,0.0,0,0,0,0,0,0,0,0,0,0,0.0,0,0,0,0,0,"1,2",,,,,,,,,,,,,2,0,0,0,0,0,0,0,0,0,0,0,0,0,0,0,0,0,0,0,,0,,0,,0,,0,,0,0,,0
492,493,0,0,0,0,0,0,0,0,0,0,0,0,0,0,0.0,,,,0,0.0,0,0,0,0,0,0,0,0,0,0,0.0,0,0,0,0,0,"1,2",,,,,,,,,,,,,2,0,0,0,0,0,0,0,0,0,0,0,0,0,0,0,0,0,0,0,,0,,0,,0,,0,,0,0,,0
493,494,0,0,0,0,0,0,0,0,0,0,0,0,0,0,0.0,,,,0,0.0,0,0,0,0,0,0,0,0,0,0,0.0,0,0,0,0,0,"1,2",,,,,,,,,,,,,2,0,0,0,0,0,0,0,0,0,0,0,0,0,0,0,0,0,0,0,,0,,0,,0,,0,,0,0,,0
494,495,0,0,0,0,0,0,0,0,0,0,0,0,0,0,0.0,,,,0,0.0,0,0,0,0,0,0,0,0,0,0,0.0,0,0,0,0,0,"2,1",,,,,,,,,,,,,2,0,0,0,0,0,0,0,0,0,0,0,0,0,0,0,0,0,0,0,,0,,0,,0,,0,,0,0,,0
495,496,0,0,0,0,0,0,0,0,0,0,0,0,0,0,0.0,,,,0,0.0,0,0,0,0,0,0,0,0,0,0,0.0,0,0,0,0,0,"2,1",,,,,,,,,,,,,2,0,0,0,0,0,0,0,0,0,0,0,0,0,0,0,0,0,0,0,,0,,0,,0,,0,,0,0,,0
496,497,0,0,0,0,0,0,0,0,0,0,0,0,0,0,0.0,,,,0,0.0,0,0,0,0,0,0,0,0,0,0,0.0,0,0,0,0,0,"1,2",,,,,,,,,,,,,2,0,0,0,0,0,0,0,0,0,0,0,0,0,0,0,0,0,0,0,,0,,0,,0,,0,,0,0,,0
497,498,0,0,0,0,0,0,0,0,0,0,0,0,0,0,0.0,,,,0,0.0,0,0,0,0,0,0,0,0,0,0,0.0,0,0,0,0,0,"2,1",,,,,,,,,,,,,2,0,0,0,0,0,0,0,0,0,0,0,0,0,0,0,0,0,0,0,,0,,0,,0,,0,,0,0,,0
498,499,0,0,0,0,0,0,0,0,0,0,0,0,0,0,0.0,,,,0,0.0,0,0,0,0,0,0,0,0,0,0,0.0,0,0,0,0,0,"1,2",,,,,,,,,,,,,2,0,0,0,0,0,0,0,0,0,0,0,0,0,0,0,0,0,0,0,,0,,0,,0,,0,,0,0,,0
499,500,0,0,0,0,0,0,0,0,0,0,0,0,0,0,0.0,,,,0,0.0,0,0,0,0,0,0,0,0,0,0,0.0,0,0,0,0,0,"1,2",,,,,,,,,,,,,2,0,0,0,0,0,0,0,0,0,0,0,0,0,0,0,0,0,0,0,,0,,0,,0,,0,,0,0,,0
500,501,0,0,0,0,0,0,0,0,0,0,0,0,0,0,0.0,,,,0,0.0,0,0,0,0,0,0,0,0,0,0,0.0,0,0,0,0,0,"2,1",,,,,,,,,,,,,2,0,0,0,0,0,0,0,0,0,0,0,0,0,0,0,0,0,0,0,,0,,0,,0,,0,,0,0,,0
501,502,0,0,0,0,0,0,0,0,0,0,0,0,0,0,0.0,,,,0,0.0,0,0,0,0,0,0,0,0,0,0,0.0,0,0,0,0,0,"2,1",,,,,,,,,,,,,2,0,0,0,0,0,0,0,0,0,0,0,0,0,0,0,0,0,0,0,,0,,0,,0,,0,,0,0,,0
502,503,0,0,0,0,0,0,0,0,0,0,0,0,0,0,0.0,,,,0,0.0,0,0,0,0,0,0,0,0,0,0,0.0,0,0,0,0,0,"1,2",,,,,,,,,,,,,2,0,0,0,0,0,0,0,0,0,0,0,0,0,0,0,0,0,0,0,,0,,0,,0,,0,,0,0,,0
503,504,0,0,0,0,0,0,0,0,0,0,0,0,0,0,0.0,,,,0,0.0,0,0,0,0,0,0,0,0,0,0,0.0,0,0,0,0,0,"2,1",,,,,,,,,,,,,2,0,0,0,0,0,0,0,0,0,0,0,0,0,0,0,0,0,0,0,,0,,0,,0,,0,,0,0,,0
504,505,0,0,0,0,0,0,0,0,0,0,0,0,0,0,0.0,,,,0,0.0,0,0,0,0,0,0,0,0,0,0,0.0,0,0,0,0,0,"2,1",,,,,,,,,,,,,2,0,0,0,0,0,0,0,0,0,0,0,0,0,0,0,0,0,0,0,,0,,0,,0,,0,,0,0,,0
505,506,0,0,0,0,0,0,0,0,0,0,0,0,0,0,0.0,,,,0,0.0,0,0,0,0,0,0,0,0,0,0,0.0,0,0,0,0,0,"2,1",,,,,,,,,,,,,2,0,0,0,0,0,0,0,0,0,0,0,0,0,0,0,0,0,0,0,,0,,0,,0,,0,,0,0,,0
506,507,0,0,0,0,0,0,0,0,0,0,0,0,0,0,0.0,,,,0,0.0,0,0,0,0,0,0,0,0,0,0,0.0,0,0,0,0,0,"1,2",,,,,,,,,,,,,2,0,0,0,0,0,0,0,0,0,0,0,0,0,0,0,0,0,0,0,,0,,0,,0,,0,,0,0,,0
507,508,0,0,0,0,0,0,0,0,0,0,0,0,0,0,0.0,,,,0,0.0,0,0,0,0,0,0,0,0,0,0,0.0,0,0,0,0,0,"2,1",,,,,,,,,,,,,2,0,0,0,0,0,0,0,0,0,0,0,0,0,0,0,0,0,0,0,,0,,0,,0,,0,,0,0,,0
508,509,0,0,0,0,0,0,0,0,0,0,0,0,0,0,0.0,,,,0,0.0,0,0,0,0,0,0,0,0,0,0,0.0,0,0,0,0,0,"1,2",,,,,,,,,,,,,2,0,0,0,0,0,0,0,0,0,0,0,0,0,0,0,0,0,0,0,,0,,0,,0,,0,,0,0,,0
509,510,0,0,0,0,0,0,0,0,0,0,0,0,0,0,0.0,,,,0,0.0,0,0,0,0,0,0,0,0,0,0,0.0,0,0,0,0,0,"1,2",,,,,,,,,,,,,2,0,0,0,0,0,0,0,0,0,0,0,0,0,0,0,0,0,0,0,,0,,0,,0,,0,,0,0,,0
510,511,0,0,0,0,0,0,0,0,0,0,0,0,0,0,0.0,,,,0,0.0,0,0,0,0,0,0,0,0,0,0,0.0,0,0,0,0,0,"2,1",,,,,,,,,,,,,2,0,0,0,0,0,0,0,0,0,0,0,0,0,0,0,0,0,0,0,,0,,0,,0,,0,,0,0,,0
511,512,0,0,0,0,0,0,0,0,0,0,0,0,0,0,0.0,,,,0,0.0,0,0,0,0,0,0,0,0,0,0,0.0,0,0,0,0,0,"1,2",,,,,,,,,,,,,2,0,0,0,0,0,0,0,0,0,0,0,0,0,0,0,0,0,0,0,,0,,0,,0,,0,,0,0,,0
512,513,0,0,0,0,0,0,0,0,0,0,0,0,0,0,0.0,,,,0,0.0,0,0,0,0,0,0,0,0,0,0,0.0,0,0,0,0,0,"1,2",,,,,,,,,,,,,2,0,0,0,0,0,0,0,0,0,0,0,0,0,0,0,0,0,0,0,,0,,0,,0,,0,,0,0,,0
513,514,0,0,0,0,0,0,0,0,0,0,0,0,0,0,0.0,,,,0,0.0,0,0,0,0,0,0,0,0,0,0,0.0,0,0,0,0,0,"2,1",,,,,,,,,,,,,2,0,0,0,0,0,0,0,0,0,0,0,0,0,0,0,0,0,0,0,,0,,0,,0,,0,,0,0,,0
514,515,0,0,0,0,0,0,0,0,0,0,0,0,0,0,0.0,,,,0,0.0,0,0,0,0,0,0,0,0,0,0,0.0,0,0,0,0,0,"2,1",,,,,,,,,,,,,2,0,0,0,0,0,0,0,0,0,0,0,0,0,0,0,0,0,0,0,,0,,0,,0,,0,,0,0,,0
515,516,0,0,0,0,0,0,0,0,0,0,0,0,0,0,0.0,,,,0,0.0,0,0,0,0,0,0,0,0,0,0,0.0,0,0,0,0,0,"1,2",,,,,,,,,,,,,2,0,0,0,0,0,0,0,0,0,0,0,0,0,0,0,0,0,0,0,,0,,0,,0,,0,,0,0,,0
516,517,0,0,0,0,0,0,0,0,0,0,0,0,0,0,0.0,,,,0,0.0,0,0,0,0,0,0,0,0,0,0,0.0,0,0,0,0,0,"2,1",,,,,,,,,,,,,2,0,0,0,0,0,0,0,0,0,0,0,0,0,0,0,0,0,0,0,,0,,0,,0,,0,,0,0,,0
517,518,0,0,0,0,0,0,0,0,0,0,0,0,0,0,0.0,,,,0,0.0,0,0,0,0,0,0,0,0,0,0,0.0,0,0,0,0,0,"2,1",,,,,,,,,,,,,2,0,0,0,0,0,0,0,0,0,0,0,0,0,0,0,0,0,0,0,,0,,0,,0,,0,,0,0,,0
518,519,0,0,0,0,0,0,0,0,0,0,0,0,0,0,0.0,,,,0,0.0,0,0,0,0,0,0,0,0,0,0,0.0,0,0,0,0,0,"2,1",,,,,,,,,,,,,2,0,0,0,0,0,0,0,0,0,0,0,0,0,0,0,0,0,0,0,,0,,0,,0,,0,,0,0,,0
519,520,0,0,0,0,0,0,0,0,0,0,0,0,0,0,0.0,,,,0,0.0,0,0,0,0,0,0,0,0,0,0,0.0,0,0,0,0,0,"2,1",,,,,,,,,,,,,2,0,0,0,0,0,0,0,0,0,0,0,0,0,0,0,0,0,0,0,,0,,0,,0,,0,,0,0,,0
520,521,0,0,0,0,0,0,0,0,0,0,0,0,0,0,0.0,,,,0,0.0,0,0,0,0,0,0,0,0,0,0,0.0,0,0,0,0,0,"2,1",,,,,,,,,,,,,2,0,0,0,0,0,0,0,0,0,0,0,0,0,0,0,0,0,0,0,,0,,0,,0,,0,,0,0,,0
521,522,0,0,0,0,0,0,0,0,0,0,0,0,0,0,0.0,,,,0,0.0,0,0,0,0,0,0,0,0,0,0,0.0,0,0,0,0,0,"2,1",,,,,,,,,,,,,2,0,0,0,0,0,0,0,0,0,0,0,0,0,0,0,0,0,0,0,,0,,0,,0,,0,,0,0,,0
522,523,0,0,0,0,0,0,0,0,0,0,0,0,0,0,0.0,,,,0,0.0,0,0,0,0,0,0,0,0,0,0,0.0,0,0,0,0,0,"1,2",,,,,,,,,,,,,2,0,0,0,0,0,0,0,0,0,0,0,0,0,0,0,0,0,0,0,,0,,0,,0,,0,,0,0,,0
523,524,0,0,0,0,0,0,0,0,0,0,0,0,0,0,0.0,,,,0,0.0,0,0,0,0,0,0,0,0,0,0,0.0,0,0,0,0,0,"1,2",,,,,,,,,,,,,2,0,0,0,0,0,0,0,0,0,0,0,0,0,0,0,0,0,0,0,,0,,0,,0,,0,,0,0,,0
524,525,0,0,0,0,0,0,0,0,0,0,0,0,0,0,0.0,,,,0,0.0,0,0,0,0,0,0,0,0,0,0,0.0,0,0,0,0,0,"2,1",,,,,,,,,,,,,2,0,0,0,0,0,0,0,0,0,0,0,0,0,0,0,0,0,0,0,,0,,0,,0,,0,,0,0,,0
525,526,0,0,0,0,0,0,0,0,0,0,0,0,0,0,0.0,,,,0,0.0,0,0,0,0,0,0,0,0,0,0,0.0,0,0,0,0,0,"1,2",,,,,,,,,,,,,2,0,0,0,0,0,0,0,0,0,0,0,0,0,0,0,0,0,0,0,,0,,0,,0,,0,,0,0,,0
526,527,0,0,0,0,0,0,0,0,0,0,0,0,0,0,0.0,,,,0,0.0,0,0,0,0,0,0,0,0,0,0,0.0,0,0,0,0,0,"1,2",,,,,,,,,,,,,2,0,0,0,0,0,0,0,0,0,0,0,0,0,0,0,0,0,0,0,,0,,0,,0,,0,,0,0,,0
527,528,0,0,0,0,0,0,0,0,0,0,0,0,0,0,0.0,,,,0,0.0,0,0,0,0,0,0,0,0,0,0,0.0,0,0,0,0,0,"1,2",,,,,,,,,,,,,2,0,0,0,0,0,0,0,0,0,0,0,0,0,0,0,0,0,0,0,,0,,0,,0,,0,,0,0,,0
528,529,0,0,0,0,0,0,0,0,0,0,0,0,0,0,0.0,,,,0,0.0,0,0,0,0,0,0,0,0,0,0,0.0,0,0,0,0,0,"1,2",,,,,,,,,,,,,2,0,0,0,0,0,0,0,0,0,0,0,0,0,0,0,0,0,0,0,,0,,0,,0,,0,,0,0,,0
529,530,0,0,0,0,0,0,0,0,0,0,0,0,0,0,0.0,,,,0,0.0,0,0,0,0,0,0,0,0,0,0,0.0,0,0,0,0,0,"1,2",,,,,,,,,,,,,2,0,0,0,0,0,0,0,0,0,0,0,0,0,0,0,0,0,0,0,,0,,0,,0,,0,,0,0,,0
530,531,0,0,0,0,0,0,0,0,0,0,0,0,0,0,0.0,,,,0,0.0,0,0,0,0,0,0,0,0,0,0,0.0,0,0,0,0,0,"1,2",,,,,,,,,,,,,2,0,0,0,0,0,0,0,0,0,0,0,0,0,0,0,0,0,0,0,,0,,0,,0,,0,,0,0,,0
531,532,0,0,0,0,0,0,0,0,0,0,0,0,0,0,0.0,,,,0,0.0,0,0,0,0,0,0,0,0,0,0,0.0,0,0,0,0,0,"2,1",,,,,,,,,,,,,2,0,0,0,0,0,0,0,0,0,0,0,0,0,0,0,0,0,0,0,,0,,0,,0,,0,,0,0,,0
532,533,0,0,0,0,0,0,0,0,0,0,0,0,0,0,0.0,,,,0,0.0,0,0,0,0,0,0,0,0,0,0,0.0,0,0,0,0,0,"2,1",,,,,,,,,,,,,2,0,0,0,0,0,0,0,0,0,0,0,0,0,0,0,0,0,0,0,,0,,0,,0,,0,,0,0,,0
533,534,0,0,0,0,0,0,0,0,0,0,0,0,0,0,0.0,,,,0,0.0,0,0,0,0,0,0,0,0,0,0,0.0,0,0,0,0,0,"1,2",,,,,,,,,,,,,2,0,0,0,0,0,0,0,0,0,0,0,0,0,0,0,0,0,0,0,,0,,0,,0,,0,,0,0,,0
534,535,0,0,0,0,0,0,0,0,0,0,0,0,0,0,0.0,,,,0,0.0,0,0,0,0,0,0,0,0,0,0,0.0,0,0,0,0,0,"1,2",,,,,,,,,,,,,2,0,0,0,0,0,0,0,0,0,0,0,0,0,0,0,0,0,0,0,,0,,0,,0,,0,,0,0,,0
535,536,0,0,0,0,0,0,0,0,0,0,0,0,0,0,0.0,,,,0,0.0,0,0,0,0,0,0,0,0,0,0,0.0,0,0,0,0,0,"1,2",,,,,,,,,,,,,2,0,0,0,0,0,0,0,0,0,0,0,0,0,0,0,0,0,0,0,,0,,0,,0,,0,,0,0,,0
536,537,0,0,0,0,0,0,0,0,0,0,0,0,0,0,0.0,,,,0,0.0,0,0,0,0,0,0,0,0,0,0,0.0,0,0,0,0,0,"1,2",,,,,,,,,,,,,2,0,0,0,0,0,0,0,0,0,0,0,0,0,0,0,0,0,0,0,,0,,0,,0,,0,,0,0,,0
537,538,0,0,0,0,0,0,0,0,0,0,0,0,0,0,0.0,,,,0,0.0,0,0,0,0,0,0,0,0,0,0,0.0,0,0,0,0,0,"2,1",,,,,,,,,,,,,2,0,0,0,0,0,0,0,0,0,0,0,0,0,0,0,0,0,0,0,,0,,0,,0,,0,,0,0,,0
538,539,0,0,0,0,0,0,0,0,0,0,0,0,0,0,0.0,,,,0,0.0,0,0,0,0,0,0,0,0,0,0,0.0,0,0,0,0,0,"1,2",,,,,,,,,,,,,2,0,0,0,0,0,0,0,0,0,0,0,0,0,0,0,0,0,0,0,,0,,0,,0,,0,,0,0,,0
539,540,0,0,0,0,0,0,0,0,0,0,0,0,0,0,0.0,,,,0,0.0,0,0,0,0,0,0,0,0,0,0,0.0,0,0,0,0,0,"2,1",,,,,,,,,,,,,2,0,0,0,0,0,0,0,0,0,0,0,0,0,0,0,0,0,0,0,,0,,0,,0,,0,,0,0,,0
540,541,0,0,0,0,0,0,0,0,0,0,0,0,0,0,0.0,,,,0,0.0,0,0,0,0,0,0,0,0,0,0,0.0,0,0,0,0,0,"1,2",,,,,,,,,,,,,2,0,0,0,0,0,0,0,0,0,0,0,0,0,0,0,0,0,0,0,,0,,0,,0,,0,,0,0,,0
541,542,0,0,0,0,0,0,0,0,0,0,0,0,0,0,0.0,,,,0,0.0,0,0,0,0,0,0,0,0,0,0,0.0,0,0,0,0,0,"2,1",,,,,,,,,,,,,2,0,0,0,0,0,0,0,0,0,0,0,0,0,0,0,0,0,0,0,,0,,0,,0,,0,,0,0,,0
542,543,0,0,0,0,0,0,0,0,0,0,0,0,0,0,0.0,,,,0,0.0,0,0,0,0,0,0,0,0,0,0,0.0,0,0,0,0,0,"2,1",,,,,,,,,,,,,2,0,0,0,0,0,0,0,0,0,0,0,0,0,0,0,0,0,0,0,,0,,0,,0,,0,,0,0,,0
543,544,0,0,0,0,0,0,0,0,0,0,0,0,0,0,0.0,,,,0,0.0,0,0,0,0,0,0,0,0,0,0,0.0,0,0,0,0,0,"1,2",,,,,,,,,,,,,2,0,0,0,0,0,0,0,0,0,0,0,0,0,0,0,0,0,0,0,,0,,0,,0,,0,,0,0,,0
544,545,0,0,0,0,0,0,0,0,0,0,0,0,0,0,0.0,,,,0,0.0,0,0,0,0,0,0,0,0,0,0,0.0,0,0,0,0,0,"2,1",,,,,,,,,,,,,2,0,0,0,0,0,0,0,0,0,0,0,0,0,0,0,0,0,0,0,,0,,0,,0,,0,,0,0,,0
545,546,0,0,0,0,0,0,0,0,0,0,0,0,0,0,0.0,,,,0,0.0,0,0,0,0,0,0,0,0,0,0,0.0,0,0,0,0,0,"1,2",,,,,,,,,,,,,2,0,0,0,0,0,0,0,0,0,0,0,0,0,0,0,0,0,0,0,,0,,0,,0,,0,,0,0,,0
546,547,0,0,0,0,0,0,0,0,0,0,0,0,0,0,0.0,,,,0,0.0,0,0,0,0,0,0,0,0,0,0,0.0,0,0,0,0,0,"1,2",,,,,,,,,,,,,2,0,0,0,0,0,0,0,0,0,0,0,0,0,0,0,0,0,0,0,,0,,0,,0,,0,,0,0,,0
547,548,0,0,0,0,0,0,0,0,0,0,0,0,0,0,0.0,,,,0,0.0,0,0,0,0,0,0,0,0,0,0,0.0,0,0,0,0,0,"2,1",,,,,,,,,,,,,2,0,0,0,0,0,0,0,0,0,0,0,0,0,0,0,0,0,0,0,,0,,0,,0,,0,,0,0,,0
548,549,0,0,0,0,0,0,0,0,0,0,0,0,0,0,0.0,,,,0,0.0,0,0,0,0,0,0,0,0,0,0,0.0,0,0,0,0,0,"1,2",,,,,,,,,,,,,2,0,0,0,0,0,0,0,0,0,0,0,0,0,0,0,0,0,0,0,,0,,0,,0,,0,,0,0,,0
549,550,0,0,0,0,0,0,0,0,0,0,0,0,0,0,0.0,,,,0,0.0,0,0,0,0,0,0,0,0,0,0,0.0,0,0,0,0,0,"1,2",,,,,,,,,,,,,2,0,0,0,0,0,0,0,0,0,0,0,0,0,0,0,0,0,0,0,,0,,0,,0,,0,,0,0,,0
550,551,0,0,0,0,0,0,0,0,0,0,0,0,0,0,0.0,,,,0,0.0,0,0,0,0,0,0,0,0,0,0,0.0,0,0,0,0,0,"1,2",,,,,,,,,,,,,2,0,0,0,0,0,0,0,0,0,0,0,0,0,0,0,0,0,0,0,,0,,0,,0,,0,,0,0,,0
551,552,0,0,0,0,0,0,0,0,0,0,0,0,0,0,0.0,,,,0,0.0,0,0,0,0,0,0,0,0,0,0,0.0,0,0,0,0,0,"2,1",,,,,,,,,,,,,2,0,0,0,0,0,0,0,0,0,0,0,0,0,0,0,0,0,0,0,,0,,0,,0,,0,,0,0,,0
552,553,0,0,0,0,0,0,0,0,0,0,0,0,0,0,0.0,,,,0,0.0,0,0,0,0,0,0,0,0,0,0,0.0,0,0,0,0,0,"2,1",,,,,,,,,,,,,2,0,0,0,0,0,0,0,0,0,0,0,0,0,0,0,0,0,0,0,,0,,0,,0,,0,,0,0,,0
553,554,0,0,0,0,0,0,0,0,0,0,0,0,0,0,0.0,,,,0,0.0,0,0,0,0,0,0,0,0,0,0,0.0,0,0,0,0,0,"1,2",,,,,,,,,,,,,2,0,0,0,0,0,0,0,0,0,0,0,0,0,0,0,0,0,0,0,,0,,0,,0,,0,,0,0,,0
554,555,0,0,0,0,0,0,0,0,0,0,0,0,0,0,0.0,,,,0,0.0,0,0,0,0,0,0,0,0,0,0,0.0,0,0,0,0,0,"1,2",,,,,,,,,,,,,2,0,0,0,0,0,0,0,0,0,0,0,0,0,0,0,0,0,0,0,,0,,0,,0,,0,,0,0,,0
555,556,0,0,0,0,0,0,0,0,0,0,0,0,0,0,0.0,,,,0,0.0,0,0,0,0,0,0,0,0,0,0,0.0,0,0,0,0,0,"1,2",,,,,,,,,,,,,2,0,0,0,0,0,0,0,0,0,0,0,0,0,0,0,0,0,0,0,,0,,0,,0,,0,,0,0,,0
556,557,0,0,0,0,0,0,0,0,0,0,0,0,0,0,0.0,,,,0,0.0,0,0,0,0,0,0,0,0,0,0,0.0,0,0,0,0,0,"2,1",,,,,,,,,,,,,2,0,0,0,0,0,0,0,0,0,0,0,0,0,0,0,0,0,0,0,,0,,0,,0,,0,,0,0,,0
557,558,0,0,0,0,0,0,0,0,0,0,0,0,0,0,0.0,,,,0,0.0,0,0,0,0,0,0,0,0,0,0,0.0,0,0,0,0,0,"2,1",,,,,,,,,,,,,2,0,0,0,0,0,0,0,0,0,0,0,0,0,0,0,0,0,0,0,,0,,0,,0,,0,,0,0,,0
558,559,0,0,0,0,0,0,0,0,0,0,0,0,0,0,0.0,,,,0,0.0,0,0,0,0,0,0,0,0,0,0,0.0,0,0,0,0,0,"1,2",,,,,,,,,,,,,2,0,0,0,0,0,0,0,0,0,0,0,0,0,0,0,0,0,0,0,,0,,0,,0,,0,,0,0,,0
559,560,0,0,0,0,0,0,0,0,0,0,0,0,0,0,0.0,,,,0,0.0,0,0,0,0,0,0,0,0,0,0,0.0,0,0,0,0,0,"1,2",,,,,,,,,,,,,2,0,0,0,0,0,0,0,0,0,0,0,0,0,0,0,0,0,0,0,,0,,0,,0,,0,,0,0,,0
560,561,0,0,0,0,0,0,0,0,0,0,0,0,0,0,0.0,,,,0,0.0,0,0,0,0,0,0,0,0,0,0,0.0,0,0,0,0,0,"2,1",,,,,,,,,,,,,2,0,0,0,0,0,0,0,0,0,0,0,0,0,0,0,0,0,0,0,,0,,0,,0,,0,,0,0,,0
561,562,0,0,0,0,0,0,0,0,0,0,0,0,0,0,0.0,,,,0,0.0,0,0,0,0,0,0,0,0,0,0,0.0,0,0,0,0,0,"2,1",,,,,,,,,,,,,2,0,0,0,0,0,0,0,0,0,0,0,0,0,0,0,0,0,0,0,,0,,0,,0,,0,,0,0,,0
562,563,0,0,0,0,0,0,0,0,0,0,0,0,0,0,0.0,,,,0,0.0,0,0,0,0,0,0,0,0,0,0,0.0,0,0,0,0,0,"2,1",,,,,,,,,,,,,2,0,0,0,0,0,0,0,0,0,0,0,0,0,0,0,0,0,0,0,,0,,0,,0,,0,,0,0,,0
563,564,0,0,0,0,0,0,0,0,0,0,0,0,0,0,0.0,,,,0,0.0,0,0,0,0,0,0,0,0,0,0,0.0,0,0,0,0,0,"1,2",,,,,,,,,,,,,2,0,0,0,0,0,0,0,0,0,0,0,0,0,0,0,0,0,0,0,,0,,0,,0,,0,,0,0,,0
564,565,0,0,0,0,0,0,0,0,0,0,0,0,0,0,0.0,,,,0,0.0,0,0,0,0,0,0,0,0,0,0,0.0,0,0,0,0,0,"2,1",,,,,,,,,,,,,2,0,0,0,0,0,0,0,0,0,0,0,0,0,0,0,0,0,0,0,,0,,0,,0,,0,,0,0,,0
565,566,0,0,0,0,0,0,0,0,0,0,0,0,0,0,0.0,,,,0,0.0,0,0,0,0,0,0,0,0,0,0,0.0,0,0,0,0,0,"2,1",,,,,,,,,,,,,2,0,0,0,0,0,0,0,0,0,0,0,0,0,0,0,0,0,0,0,,0,,0,,0,,0,,0,0,,0
566,567,0,0,0,0,0,0,0,0,0,0,0,0,0,0,0.0,,,,0,0.0,0,0,0,0,0,0,0,0,0,0,0.0,0,0,0,0,0,"1,2",,,,,,,,,,,,,2,0,0,0,0,0,0,0,0,0,0,0,0,0,0,0,0,0,0,0,,0,,0,,0,,0,,0,0,,0
567,568,0,0,0,0,0,0,0,0,0,0,0,0,0,0,0.0,,,,0,0.0,0,0,0,0,0,0,0,0,0,0,0.0,0,0,0,0,0,"2,1",,,,,,,,,,,,,2,0,0,0,0,0,0,0,0,0,0,0,0,0,0,0,0,0,0,0,,0,,0,,0,,0,,0,0,,0
568,569,0,0,0,0,0,0,0,0,0,0,0,0,0,0,0.0,,,,0,0.0,0,0,0,0,0,0,0,0,0,0,0.0,0,0,0,0,0,"2,1",,,,,,,,,,,,,2,0,0,0,0,0,0,0,0,0,0,0,0,0,0,0,0,0,0,0,,0,,0,,0,,0,,0,0,,0
569,570,0,0,0,0,0,0,0,0,0,0,0,0,0,0,0.0,,,,0,0.0,0,0,0,0,0,0,0,0,0,0,0.0,0,0,0,0,0,"2,1",,,,,,,,,,,,,2,0,0,0,0,0,0,0,0,0,0,0,0,0,0,0,0,0,0,0,,0,,0,,0,,0,,0,0,,0
570,571,0,0,0,0,0,0,0,0,0,0,0,0,0,0,0.0,,,,0,0.0,0,0,0,0,0,0,0,0,0,0,0.0,0,0,0,0,0,"1,2",,,,,,,,,,,,,2,0,0,0,0,0,0,0,0,0,0,0,0,0,0,0,0,0,0,0,,0,,0,,0,,0,,0,0,,0
571,572,0,0,0,0,0,0,0,0,0,0,0,0,0,0,0.0,,,,0,0.0,0,0,0,0,0,0,0,0,0,0,0.0,0,0,0,0,0,"2,1",,,,,,,,,,,,,2,0,0,0,0,0,0,0,0,0,0,0,0,0,0,0,0,0,0,0,,0,,0,,0,,0,,0,0,,0
572,573,0,0,0,0,0,0,0,0,0,0,0,0,0,0,0.0,,,,0,0.0,0,0,0,0,0,0,0,0,0,0,0.0,0,0,0,0,0,"1,2",,,,,,,,,,,,,2,0,0,0,0,0,0,0,0,0,0,0,0,0,0,0,0,0,0,0,,0,,0,,0,,0,,0,0,,0
573,574,0,0,0,0,0,0,0,0,0,0,0,0,0,0,0.0,,,,0,0.0,0,0,0,0,0,0,0,0,0,0,0.0,0,0,0,0,0,"2,1",,,,,,,,,,,,,2,0,0,0,0,0,0,0,0,0,0,0,0,0,0,0,0,0,0,0,,0,,0,,0,,0,,0,0,,0
574,575,0,0,0,0,0,0,0,0,0,0,0,0,0,0,0.0,,,,0,0.0,0,0,0,0,0,0,0,0,0,0,0.0,0,0,0,0,0,"2,1",,,,,,,,,,,,,2,0,0,0,0,0,0,0,0,0,0,0,0,0,0,0,0,0,0,0,,0,,0,,0,,0,,0,0,,0
575,576,0,0,0,0,0,0,0,0,0,0,0,0,0,0,0.0,,,,0,0.0,0,0,0,0,0,0,0,0,0,0,0.0,0,0,0,0,0,"1,2",,,,,,,,,,,,,2,0,0,0,0,0,0,0,0,0,0,0,0,0,0,0,0,0,0,0,,0,,0,,0,,0,,0,0,,0
576,577,0,0,0,0,0,0,0,0,0,0,0,0,0,0,0.0,,,,0,0.0,0,0,0,0,0,0,0,0,0,0,0.0,0,0,0,0,0,"2,1",,,,,,,,,,,,,2,0,0,0,0,0,0,0,0,0,0,0,0,0,0,0,0,0,0,0,,0,,0,,0,,0,,0,0,,0
577,578,0,0,0,0,0,0,0,0,0,0,0,0,0,0,0.0,,,,0,0.0,0,0,0,0,0,0,0,0,0,0,0.0,0,0,0,0,0,"1,2",,,,,,,,,,,,,2,0,0,0,0,0,0,0,0,0,0,0,0,0,0,0,0,0,0,0,,0,,0,,0,,0,,0,0,,0
578,579,0,0,0,0,0,0,0,0,0,0,0,0,0,0,0.0,,,,0,0.0,0,0,0,0,0,0,0,0,0,0,0.0,0,0,0,0,0,"1,2",,,,,,,,,,,,,2,0,0,0,0,0,0,0,0,0,0,0,0,0,0,0,0,0,0,0,,0,,0,,0,,0,,0,0,,0
579,580,0,0,0,0,0,0,0,0,0,0,0,0,0,0,0.0,,,,0,0.0,0,0,0,0,0,0,0,0,0,0,0.0,0,0,0,0,0,"2,1",,,,,,,,,,,,,2,0,0,0,0,0,0,0,0,0,0,0,0,0,0,0,0,0,0,0,,0,,0,,0,,0,,0,0,,0
580,581,0,0,0,0,0,0,0,0,0,0,0,0,0,0,0.0,,,,0,0.0,0,0,0,0,0,0,0,0,0,0,0.0,0,0,0,0,0,"2,1",,,,,,,,,,,,,2,0,0,0,0,0,0,0,0,0,0,0,0,0,0,0,0,0,0,0,,0,,0,,0,,0,,0,0,,0
581,582,0,0,0,0,0,0,0,0,0,0,0,0,0,0,0.0,,,,0,0.0,0,0,0,0,0,0,0,0,0,0,0.0,0,0,0,0,0,"1,2",,,,,,,,,,,,,2,0,0,0,0,0,0,0,0,0,0,0,0,0,0,0,0,0,0,0,,0,,0,,0,,0,,0,0,,0
582,583,0,0,0,0,0,0,0,0,0,0,0,0,0,0,0.0,,,,0,0.0,0,0,0,0,0,0,0,0,0,0,0.0,0,0,0,0,0,"2,1",,,,,,,,,,,,,2,0,0,0,0,0,0,0,0,0,0,0,0,0,0,0,0,0,0,0,,0,,0,,0,,0,,0,0,,0
583,584,0,0,0,0,0,0,0,0,0,0,0,0,0,0,0.0,,,,0,0.0,0,0,0,0,0,0,0,0,0,0,0.0,0,0,0,0,0,"1,2",,,,,,,,,,,,,2,0,0,0,0,0,0,0,0,0,0,0,0,0,0,0,0,0,0,0,,0,,0,,0,,0,,0,0,,0
584,585,0,0,0,0,0,0,0,0,0,0,0,0,0,0,0.0,,,,0,0.0,0,0,0,0,0,0,0,0,0,0,0.0,0,0,0,0,0,"2,1",,,,,,,,,,,,,2,0,0,0,0,0,0,0,0,0,0,0,0,0,0,0,0,0,0,0,,0,,0,,0,,0,,0,0,,0
585,586,0,0,0,0,0,0,0,0,0,0,0,0,0,0,0.0,,,,0,0.0,0,0,0,0,0,0,0,0,0,0,0.0,0,0,0,0,0,"1,2",,,,,,,,,,,,,2,0,0,0,0,0,0,0,0,0,0,0,0,0,0,0,0,0,0,0,,0,,0,,0,,0,,0,0,,0
586,587,0,0,0,0,0,0,0,0,0,0,0,0,0,0,0.0,,,,0,0.0,0,0,0,0,0,0,0,0,0,0,0.0,0,0,0,0,0,"1,2",,,,,,,,,,,,,2,0,0,0,0,0,0,0,0,0,0,0,0,0,0,0,0,0,0,0,,0,,0,,0,,0,,0,0,,0
587,588,0,0,0,0,0,0,0,0,0,0,0,0,0,0,0.0,,,,0,0.0,0,0,0,0,0,0,0,0,0,0,0.0,0,0,0,0,0,"1,2",,,,,,,,,,,,,2,0,0,0,0,0,0,0,0,0,0,0,0,0,0,0,0,0,0,0,,0,,0,,0,,0,,0,0,,0
588,589,0,0,0,0,0,0,0,0,0,0,0,0,0,0,0.0,,,,0,0.0,0,0,0,0,0,0,0,0,0,0,0.0,0,0,0,0,0,"1,2",,,,,,,,,,,,,2,0,0,0,0,0,0,0,0,0,0,0,0,0,0,0,0,0,0,0,,0,,0,,0,,0,,0,0,,0
589,590,0,0,0,0,0,0,0,0,0,0,0,0,0,0,0.0,,,,0,0.0,0,0,0,0,0,0,0,0,0,0,0.0,0,0,0,0,0,"2,1",,,,,,,,,,,,,2,0,0,0,0,0,0,0,0,0,0,0,0,0,0,0,0,0,0,0,,0,,0,,0,,0,,0,0,,0
590,591,0,0,0,0,0,0,0,0,0,0,0,0,0,0,0.0,,,,0,0.0,0,0,0,0,0,0,0,0,0,0,0.0,0,0,0,0,0,"2,1",,,,,,,,,,,,,2,0,0,0,0,0,0,0,0,0,0,0,0,0,0,0,0,0,0,0,,0,,0,,0,,0,,0,0,,0
591,592,0,0,0,0,0,0,0,0,0,0,0,0,0,0,0.0,,,,0,0.0,0,0,0,0,0,0,0,0,0,0,0.0,0,0,0,0,0,"2,1",,,,,,,,,,,,,2,0,0,0,0,0,0,0,0,0,0,0,0,0,0,0,0,0,0,0,,0,,0,,0,,0,,0,0,,0
592,593,0,0,0,0,0,0,0,0,0,0,0,0,0,0,0.0,,,,0,0.0,0,0,0,0,0,0,0,0,0,0,0.0,0,0,0,0,0,"2,1",,,,,,,,,,,,,2,0,0,0,0,0,0,0,0,0,0,0,0,0,0,0,0,0,0,0,,0,,0,,0,,0,,0,0,,0
593,594,0,0,0,0,0,0,0,0,0,0,0,0,0,0,0.0,,,,0,0.0,0,0,0,0,0,0,0,0,0,0,0.0,0,0,0,0,0,"2,1",,,,,,,,,,,,,2,0,0,0,0,0,0,0,0,0,0,0,0,0,0,0,0,0,0,0,,0,,0,,0,,0,,0,0,,0
594,595,0,0,0,0,0,0,0,0,0,0,0,0,0,0,0.0,,,,0,0.0,0,0,0,0,0,0,0,0,0,0,0.0,0,0,0,0,0,"1,2",,,,,,,,,,,,,2,0,0,0,0,0,0,0,0,0,0,0,0,0,0,0,0,0,0,0,,0,,0,,0,,0,,0,0,,0
595,596,0,0,0,0,0,0,0,0,0,0,0,0,0,0,0.0,,,,0,0.0,0,0,0,0,0,0,0,0,0,0,0.0,0,0,0,0,0,"1,2",,,,,,,,,,,,,2,0,0,0,0,0,0,0,0,0,0,0,0,0,0,0,0,0,0,0,,0,,0,,0,,0,,0,0,,0
596,597,0,0,0,0,0,0,0,0,0,0,0,0,0,0,0.0,,,,0,0.0,0,0,0,0,0,0,0,0,0,0,0.0,0,0,0,0,0,"1,2",,,,,,,,,,,,,2,0,0,0,0,0,0,0,0,0,0,0,0,0,0,0,0,0,0,0,,0,,0,,0,,0,,0,0,,0
597,598,0,0,0,0,0,0,0,0,0,0,0,0,0,0,0.0,,,,0,0.0,0,0,0,0,0,0,0,0,0,0,0.0,0,0,0,0,0,"1,2",,,,,,,,,,,,,2,0,0,0,0,0,0,0,0,0,0,0,0,0,0,0,0,0,0,0,,0,,0,,0,,0,,0,0,,0
598,599,0,0,0,0,0,0,0,0,0,0,0,0,0,0,0.0,,,,0,0.0,0,0,0,0,0,0,0,0,0,0,0.0,0,0,0,0,0,"1,2",,,,,,,,,,,,,2,0,0,0,0,0,0,0,0,0,0,0,0,0,0,0,0,0,0,0,,0,,0,,0,,0,,0,0,,0
599,600,0,0,0,0,0,0,0,0,0,0,0,0,0,0,0.0,,,,0,0.0,0,0,0,0,0,0,0,0,0,0,0.0,0,0,0,0,0,"1,2",,,,,,,,,,,,,2,0,0,0,0,0,0,0,0,0,0,0,0,0,0,0,0,0,0,0,,0,,0,,0,,0,,0,0,,0
600,601,0,0,0,0,0,0,0,0,0,0,0,0,0,0,0.0,,,,0,0.0,0,0,0,0,0,0,0,0,0,0,0.0,0,0,0,0,0,"2,1",,,,,,,,,,,,,2,0,0,0,0,0,0,0,0,0,0,0,0,0,0,0,0,0,0,0,,0,,0,,0,,0,,0,0,,0
601,602,0,0,0,0,0,0,0,0,0,0,0,0,0,0,0.0,,,,0,0.0,0,0,0,0,0,0,0,0,0,0,0.0,0,0,0,0,0,"1,2",,,,,,,,,,,,,2,0,0,0,0,0,0,0,0,0,0,0,0,0,0,0,0,0,0,0,,0,,0,,0,,0,,0,0,,0
602,603,0,0,0,0,0,0,0,0,0,0,0,0,0,0,0.0,,,,0,0.0,0,0,0,0,0,0,0,0,0,0,0.0,0,0,0,0,0,"2,1",,,,,,,,,,,,,2,0,0,0,0,0,0,0,0,0,0,0,0,0,0,0,0,0,0,0,,0,,0,,0,,0,,0,0,,0
603,604,0,0,0,0,0,0,0,0,0,0,0,0,0,0,0.0,,,,0,0.0,0,0,0,0,0,0,0,0,0,0,0.0,0,0,0,0,0,"1,2",,,,,,,,,,,,,2,0,0,0,0,0,0,0,0,0,0,0,0,0,0,0,0,0,0,0,,0,,0,,0,,0,,0,0,,0
604,605,0,0,0,0,0,0,0,0,0,0,0,0,0,0,0.0,,,,0,0.0,0,0,0,0,0,0,0,0,0,0,0.0,0,0,0,0,0,"2,1",,,,,,,,,,,,,2,0,0,0,0,0,0,0,0,0,0,0,0,0,0,0,0,0,0,0,,0,,0,,0,,0,,0,0,,0
605,606,0,0,0,0,0,0,0,0,0,0,0,0,0,0,0.0,,,,0,0.0,0,0,0,0,0,0,0,0,0,0,0.0,0,0,0,0,0,"2,1",,,,,,,,,,,,,2,0,0,0,0,0,0,0,0,0,0,0,0,0,0,0,0,0,0,0,,0,,0,,0,,0,,0,0,,0
606,607,0,0,0,0,0,0,0,0,0,0,0,0,0,0,0.0,,,,0,0.0,0,0,0,0,0,0,0,0,0,0,0.0,0,0,0,0,0,"1,2",,,,,,,,,,,,,2,0,0,0,0,0,0,0,0,0,0,0,0,0,0,0,0,0,0,0,,0,,0,,0,,0,,0,0,,0
607,608,0,0,0,0,0,0,0,0,0,0,0,0,0,0,0.0,,,,0,0.0,0,0,0,0,0,0,0,0,0,0,0.0,0,0,0,0,0,"1,2",,,,,,,,,,,,,2,0,0,0,0,0,0,0,0,0,0,0,0,0,0,0,0,0,0,0,,0,,0,,0,,0,,0,0,,0
608,609,0,0,0,0,0,0,0,0,0,0,0,0,0,0,0.0,,,,0,0.0,0,0,0,0,0,0,0,0,0,0,0.0,0,0,0,0,0,"2,1",,,,,,,,,,,,,2,0,0,0,0,0,0,0,0,0,0,0,0,0,0,0,0,0,0,0,,0,,0,,0,,0,,0,0,,0
609,610,0,0,0,0,0,0,0,0,0,0,0,0,0,0,0.0,,,,0,0.0,0,0,0,0,0,0,0,0,0,0,0.0,0,0,0,0,0,"2,1",,,,,,,,,,,,,2,0,0,0,0,0,0,0,0,0,0,0,0,0,0,0,0,0,0,0,,0,,0,,0,,0,,0,0,,0
610,611,0,0,0,0,0,0,0,0,0,0,0,0,0,0,0.0,,,,0,0.0,0,0,0,0,0,0,0,0,0,0,0.0,0,0,0,0,0,"1,2",,,,,,,,,,,,,2,0,0,0,0,0,0,0,0,0,0,0,0,0,0,0,0,0,0,0,,0,,0,,0,,0,,0,0,,0
611,612,0,0,0,0,0,0,0,0,0,0,0,0,0,0,0.0,,,,0,0.0,0,0,0,0,0,0,0,0,0,0,0.0,0,0,0,0,0,"1,2",,,,,,,,,,,,,2,0,0,0,0,0,0,0,0,0,0,0,0,0,0,0,0,0,0,0,,0,,0,,0,,0,,0,0,,0
612,613,0,0,0,0,0,0,0,0,0,0,0,0,0,0,0.0,,,,0,0.0,0,0,0,0,0,0,0,0,0,0,0.0,0,0,0,0,0,"1,2",,,,,,,,,,,,,2,0,0,0,0,0,0,0,0,0,0,0,0,0,0,0,0,0,0,0,,0,,0,,0,,0,,0,0,,0
613,614,0,0,0,0,0,0,0,0,0,0,0,0,0,0,0.0,,,,0,0.0,0,0,0,0,0,0,0,0,0,0,0.0,0,0,0,0,0,"2,1",,,,,,,,,,,,,2,0,0,0,0,0,0,0,0,0,0,0,0,0,0,0,0,0,0,0,,0,,0,,0,,0,,0,0,,0
614,615,0,0,0,0,0,0,0,0,0,0,0,0,0,0,0.0,,,,0,0.0,0,0,0,0,0,0,0,0,0,0,0.0,0,0,0,0,0,"1,2",,,,,,,,,,,,,2,0,0,0,0,0,0,0,0,0,0,0,0,0,0,0,0,0,0,0,,0,,0,,0,,0,,0,0,,0
615,616,0,0,0,0,0,0,0,0,0,0,0,0,0,0,0.0,,,,0,0.0,0,0,0,0,0,0,0,0,0,0,0.0,0,0,0,0,0,"1,2",,,,,,,,,,,,,2,0,0,0,0,0,0,0,0,0,0,0,0,0,0,0,0,0,0,0,,0,,0,,0,,0,,0,0,,0
616,617,0,0,0,0,0,0,0,0,0,0,0,0,0,0,0.0,,,,0,0.0,0,0,0,0,0,0,0,0,0,0,0.0,0,0,0,0,0,"1,2",,,,,,,,,,,,,2,0,0,0,0,0,0,0,0,0,0,0,0,0,0,0,0,0,0,0,,0,,0,,0,,0,,0,0,,0
617,618,0,0,0,0,0,0,0,0,0,0,0,0,0,0,0.0,,,,0,0.0,0,0,0,0,0,0,0,0,0,0,0.0,0,0,0,0,0,"2,1",,,,,,,,,,,,,2,0,0,0,0,0,0,0,0,0,0,0,0,0,0,0,0,0,0,0,,0,,0,,0,,0,,0,0,,0
618,619,0,0,0,0,0,0,0,0,0,0,0,0,0,0,0.0,,,,0,0.0,0,0,0,0,0,0,0,0,0,0,0.0,0,0,0,0,0,"2,1",,,,,,,,,,,,,2,0,0,0,0,0,0,0,0,0,0,0,0,0,0,0,0,0,0,0,,0,,0,,0,,0,,0,0,,0
619,620,0,0,0,0,0,0,0,0,0,0,0,0,0,0,0.0,,,,0,0.0,0,0,0,0,0,0,0,0,0,0,0.0,0,0,0,0,0,"1,2",,,,,,,,,,,,,2,0,0,0,0,0,0,0,0,0,0,0,0,0,0,0,0,0,0,0,,0,,0,,0,,0,,0,0,,0
620,621,0,0,0,0,0,0,0,0,0,0,0,0,0,0,0.0,,,,0,0.0,0,0,0,0,0,0,0,0,0,0,0.0,0,0,0,0,0,"1,2",,,,,,,,,,,,,2,0,0,0,0,0,0,0,0,0,0,0,0,0,0,0,0,0,0,0,,0,,0,,0,,0,,0,0,,0
621,622,1,0,1,0,1,0,0,0,0,1,1,0,0,0,0.0,0.0,,,0,0.0,0,0,0,0,0,0,0,0,0,1,0.0008038585209003215,0,0,0,0,0,"2,1",0.0,0.0,1.0,,,,0.0,0.0,1.0,,,,1,1,0,0,0,0,1,0,0,0,1,0,0,0,1,0,0,1,0,0,0.0,1,,0,,0,,0,,0,0,,0
622,623,1,0,1,0,1,0,0,0,0,1,1,0,0,0,0.0,0.0,0.0,,1,0.5,200,30,0,0,0,0,0,-200,0,2,0.0016051364365971107,0,0,0,0,0,"2,1",0.0,0.0,1.0,,,,0.0,0.0,1.0,,,,1,1,0,0,0,0,1,0,0,0,1,0,0,0,1,0,0,1,0,0,0.0,1,,0,,0,,0,,0,0,,0
623,624,1,0,1,0,1,0,0,0,0,1,1,0,0,0,0.0,0.0,0.0,,2,1.0,400,60,0,0,0,0,0,-400,0,3,0.002403846153846154,0,0,0,0,0,"1,2",0.0,0.0,1.0,,,,0.0,0.0,1.0,,,,1,1,0,0,0,0,1,0,0,0,1,0,0,0,1,0,0,1,0,0,0.0,1,,0,,0,,0,,0,0,,0
624,625,1,0,1,0,1,0,0,0,0,1,1,0,0,0,0.0,0.0,0.0,,3,1.5,600,90,0,0,0,0,0,-600,0,4,0.0032,0,0,0,0,0,"2,1",0.0,0.0,1.0,,,,0.0,0.0,1.0,,,,1,1,0,0,0,0,1,0,0,0,1,0,0,0,1,0,0,1,0,0,0.0,1,,0,,0,,0,,0,0,,0
625,626,1,0,1,0,1,0,0,0,0,1,1,0,0,0,0.0,0.0,0.0,,4,2.0,800,120,0,0,0,0,0,-800,0,5,0.003993610223642172,0,0,0,0,0,"2,1",0.0,0.0,1.0,,,,0.0,0.0,1.0,,,,1,1,0,0,0,0,1,0,0,0,1,0,0,0,1,0,0,1,0,0,0.0,1,,0,,0,,0,,0,0,,0
626,627,1,0,1,0,1,0,0,0,0,1,1,0,0,0,0.0,0.0,0.0,,5,2.5,1000,150,0,0,0,0,0,-1000,0,6,0.004784688995215311,0,0,0,0,0,"1,2",0.0,0.0,1.0,,,,0.0,0.0,1.0,,,,1,1,0,0,0,0,1,0,0,0,1,0,0,0,1,0,0,1,0,0,0.0,1,,0,,0,,0,,0,0,,0
627,628,1,0,1,0,1,0,0,0,0,1,1,0,0,0,0.0,0.0,0.0,,6,3.0,1200,180,0,0,0,0,0,-1200,0,7,0.005573248407643312,0,0,0,0,0,"2,1",0.0,0.0,1.0,,,,0.0,0.0,1.0,,,,1,1,0,0,0,0,1,0,0,0,1,0,0,0,1,0,0,1,0,0,0.0,1,,0,,0,,0,,0,0,,0
628,629,1,0,1,0,1,0,0,0,0,1,1,0,0,0,0.0,0.0,0.0,,7,3.5,1400,210,0,0,0,0,0,-1400,0,8,0.006359300476947536,0,0,0,0,0,"2,1",0.0,0.0,1.0,,,,0.0,0.0,1.0,,,,1,1,0,0,0,0,1,0,0,0,1,0,0,0,1,0,0,1,0,0,0.0,1,,0,,0,,0,,0,0,,0
629,630,1,0,1,0,1,0,0,0,0,1,1,0,0,0,0.0,0.0,0.0,,8,4.0,1600,240,0,0,0,0,0,-1600,0,9,0.007142857142857143,0,0,0,0,0,"2,1",0.0,0.0,1.0,,,,0.0,0.0,1.0,,,,1,1,0,0,0,0,1,0,0,0,1,0,0,0,1,0,0,1,0,0,0.0,1,,0,,0,,0,,0,0,,0
630,631,1,0,1,0,1,0,0,0,0,1,1,0,0,0,0.0,0.0,0.0,,9,4.5,1800,270,0,0,0,0,0,-1800,0,10,0.00792393026941363,0,0,0,0,0,"2,1",0.0,0.0,1.0,,,,0.0,0.0,1.0,,,,1,1,0,0,0,0,0,1,0,0,1,0,0,0,1,0,0,1,0,0,0.0,1,,0,,0,,0,,0,0,,0
631,632,1,0,1,0,1,0,0,0,0,1,1,0,0,0,0.0,0.0,0.0,,10,5.0,2000,300,0,0,0,0,0,-2000,0,11,0.00870253164556962,0,0,0,0,0,"2,1",0.0,0.0,1.0,,,,0.0,0.0,1.0,,,,1,1,0,0,0,0,0,1,0,0,1,0,0,0,1,0,0,1,0,0,0.0,1,,0,,0,,0,,0,0,,0
632,633,1,0,1,0,1,0,0,0,0,1,1,0,0,0,0.0,0.0,0.0,,11,5.5,2200,330,0,0,0,0,0,-2200,0,12,0.009478672985781991,0,0,0,0,0,"2,1",0.0,0.0,1.0,,,,0.0,0.0,1.0,,,,1,1,0,0,0,0,0,1,0,0,1,0,0,0,1,0,0,1,0,0,0.0,1,,0,,0,,0,,0,0,,0
633,634,1,0,1,0,1,0,0,0,0,1,1,0,0,0,0.0,0.0,0.0,,12,6.0,2400,360,0,0,0,0,0,-2400,0,13,0.01025236593059937,0,0,0,0,0,"1,2",0.0,0.0,1.0,,,,0.0,0.0,1.0,,,,1,1,0,0,0,0,0,1,0,0,1,0,0,0,1,0,0,1,0,0,0.0,1,,0,,0,,0,,0,0,,0
634,635,1,0,1,0,1,0,0,0,0,1,1,0,0,0,0.0,0.0,0.0,,13,6.5,2600,390,0,0,0,0,0,-2600,0,14,0.011023622047244094,0,0,0,0,0,"1,2",0.0,0.0,1.0,,,,0.0,0.0,1.0,,,,1,1,0,0,0,0,0,1,0,0,1,0,0,0,1,0,0,1,0,0,0.0,1,,0,,0,,0,,0,0,,0
635,636,1,0,1,0,1,0,0,0,0,1,1,0,0,0,0.0,0.0,0.0,,14,7.0,2800,420,0,0,0,0,0,-2800,0,15,0.01179245283018868,0,0,0,0,0,"2,1",0.0,0.0,1.0,,,,0.0,0.0,1.0,,,,1,1,0,0,0,0,0,1,0,0,1,0,0,0,1,0,0,1,0,0,0.0,1,,0,,0,,0,,0,0,,0
636,637,1,0,1,0,1,0,0,0,0,1,1,0,0,0,0.0,0.0,0.0,,15,7.5,3000,450,0,0,0,0,0,-3000,0,16,0.012558869701726845,0,0,0,0,0,"2,1",0.0,0.0,1.0,,,,0.0,0.0,1.0,,,,1,1,0,0,0,0,0,1,0,0,1,0,0,0,1,0,0,1,0,0,0.0,1,,0,,0,,0,,0,0,,0
637,638,1,0,1,0,1,0,0,0,0,1,1,0,0,0,0.0,0.0,0.0,,16,8.0,3200,480,0,0,0,0,0,-3200,0,17,0.013322884012539185,0,0,0,0,0,"2,1",0.0,0.0,1.0,,,,0.0,0.0,1.0,,,,1,1,0,0,0,0,0,1,0,0,1,0,0,0,1,0,0,1,0,0,0.0,1,,0,,0,,0,,0,0,,0
638,639,1,0,1,0,1,0,0,0,0,1,1,0,0,0,0.0,0.0,0.0,,17,8.5,3400,510,0,0,0,0,0,-3400,0,18,0.014084507042253521,0,0,0,0,0,"2,1",0.0,0.0,1.0,,,,0.0,0.0,1.0,,,,1,1,0,0,0,0,0,1,0,0,1,0,0,0,1,0,0,1,0,0,0.0,1,,0,,0,,0,,0,0,,0
639,640,1,0,1,0,1,0,0,0,0,1,1,0,0,0,0.0,0.0,0.0,,18,9.0,3600,540,0,0,0,0,0,-3600,0,19,0.01484375,0,0,0,0,0,"2,1",0.0,0.0,1.0,,,,0.0,0.0,1.0,,,,1,1,0,0,0,0,0,1,0,0,1,0,0,0,1,0,0,1,0,0,0.0,1,,0,,0,,0,,0,0,,0
640,641,1,0,1,0,1,0,0,0,0,1,1,0,0,0,0.0,0.0,0.0,,19,9.5,3800,570,0,0,0,0,0,-3800,0,20,0.015600624024960999,0,0,0,0,0,"2,1",0.0,0.0,1.0,,,,0.0,0.0,1.0,,,,1,1,0,0,0,0,0,1,0,0,1,0,0,0,1,0,0,1,0,0,0.0,1,,0,,0,,0,,0,0,,0
641,642,1,0,1,0,1,0,0,0,0,1,1,0,0,0,0.0,0.0,0.0,,20,10.0,4000,600,0,0,0,0,0,-4000,0,21,0.016355140186915886,0,0,0,0,0,"1,2",0.0,0.0,1.0,,,,0.0,0.0,1.0,,,,1,1,0,0,0,0,0,1,0,0,1,0,0,0,1,0,0,1,0,0,0.0,1,,0,,0,,0,,0,0,,0
642,643,1,0,1,0,1,0,0,0,0,1,1,0,0,0,0.0,0.0,0.0,,21,10.5,4200,630,0,0,0,0,0,-4200,0,22,0.017107309486780714,0,0,0,0,0,"1,2",0.0,0.0,1.0,,,,0.0,0.0,1.0,,,,1,1,0,0,0,0,0,1,0,0,1,0,0,0,1,0,0,1,0,0,0.0,1,,0,,0,,0,,0,0,,0
643,644,1,0,1,0,1,0,0,0,0,1,1,0,0,0,0.0,0.0,0.0,,22,11.0,4400,660,0,0,0,0,0,-4400,0,23,0.017857142857142856,0,0,0,0,0,"2,1",0.0,0.0,1.0,,,,0.0,0.0,1.0,,,,1,1,0,0,0,0,0,1,0,0,1,0,0,0,1,0,0,1,0,0,0.0,1,,0,,0,,0,,0,0,,0
644,645,1,0,1,0,1,0,0,0,0,1,1,0,0,0,0.0,0.0,0.0,,23,11.5,4600,690,0,0,0,0,0,-4600,0,24,0.018604651162790697,0,0,0,0,0,"2,1",0.0,0.0,1.0,,,,0.0,0.0,1.0,,,,1,1,0,0,0,0,0,1,0,0,1,0,0,0,1,0,0,1,0,0,0.0,1,,0,,0,,0,,0,0,,0
645,646,1,0,1,0,1,0,0,0,0,1,1,0,0,0,0.0,0.0,0.0,,24,12.0,4800,720,0,0,0,0,0,-4800,0,25,0.01934984520123839,0,0,0,0,0,"1,2",0.0,0.0,1.0,,,,0.0,0.0,1.0,,,,1,1,0,0,0,0,0,1,0,0,1,0,0,0,1,0,0,1,0,0,0.0,1,,0,,0,,0,,0,0,,0
646,647,1,0,1,0,1,0,0,0,0,1,1,0,0,0,0.0,0.0,0.0,,25,12.5,5000,750,0,0,0,0,0,-5000,0,26,0.02009273570324575,0,0,0,0,0,"2,1",0.0,0.0,1.0,,,,0.0,0.0,1.0,,,,1,1,0,0,0,0,0,1,0,0,1,0,0,0,1,0,0,1,0,0,0.0,1,,0,,0,,0,,0,0,,0
647,648,1,0,1,0,1,0,0,0,0,1,1,0,0,0,0.0,0.0,0.0,,26,13.0,5200,780,0,0,0,0,0,-5200,0,27,0.020833333333333332,0,0,0,0,0,"2,1",0.0,0.0,1.0,,,,0.0,0.0,1.0,,,,1,1,0,0,0,0,0,1,0,0,1,0,0,0,1,0,0,1,0,0,0.0,1,,0,,0,,0,,0,0,,0
648,649,1,0,1,0,1,0,0,0,0,1,1,0,0,0,0.0,0.0,0.0,,27,13.5,5400,810,0,0,0,0,0,-5400,0,28,0.02157164869029276,0,0,0,0,0,"1,2",0.0,0.0,1.0,,,,0.0,0.0,1.0,,,,1,1,0,0,0,0,0,1,0,0,1,0,0,0,1,0,0,1,0,0,0.0,1,,0,,0,,0,,0,0,,0
649,650,1,0,1,0,1,0,0,0,0,1,1,0,0,0,0.0,0.0,0.0,,28,14.0,5600,840,0,0,0,0,0,-5600,0,29,0.022307692307692306,0,0,0,0,0,"1,2",0.0,0.0,1.0,,,,0.0,0.0,1.0,,,,1,1,0,0,0,0,0,1,0,0,1,0,0,0,1,0,0,1,0,0,0.0,1,,0,,0,,0,,0,0,,0
650,651,1,0,1,0,1,0,0,0,0,1,1,0,0,0,0.0,0.0,0.0,,29,14.5,5800,870,0,0,0,0,0,-5800,0,30,0.02304147465437788,0,0,0,0,0,"2,1",0.0,0.0,1.0,,,,0.0,0.0,1.0,,,,1,1,0,0,0,0,0,1,0,0,1,0,0,0,1,0,0,1,0,0,0.0,1,,0,,0,,0,,0,0,,0
651,652,1,0,1,0,1,0,0,0,0,1,1,0,0,0,0.0,0.0,0.0,,30,15.0,6000,900,0,0,0,0,0,-6000,0,31,0.023773006134969327,0,0,0,0,0,"1,2",0.0,0.0,1.0,,,,0.0,0.0,1.0,,,,1,1,0,0,0,0,0,1,0,0,1,0,0,0,1,0,0,1,0,0,0.0,1,,0,,0,,0,,0,0,,0
652,653,1,0,1,0,1,0,0,0,0,1,1,0,0,0,0.0,0.0,0.0,,31,15.5,6200,930,0,0,0,0,0,-6200,0,32,0.02450229709035222,0,0,0,0,0,"1,2",0.0,0.0,1.0,,,,0.0,0.0,1.0,,,,1,1,0,0,0,0,0,1,0,0,1,0,0,0,1,0,0,1,0,0,0.0,1,,0,,0,,0,,0,0,,0
653,654,1,0,1,0,1,0,0,0,0,1,1,0,0,0,0.0,0.0,0.0,,32,16.0,6400,960,0,0,0,0,0,-6400,0,33,0.02522935779816514,0,0,0,0,0,"2,1",0.0,0.0,1.0,,,,0.0,0.0,1.0,,,,1,1,0,0,0,0,0,1,0,0,1,0,0,0,1,0,0,1,0,0,0.0,1,,0,,0,,0,,0,0,,0
654,655,1,0,1,0,1,0,0,0,0,1,1,0,0,0,0.0,0.0,0.0,,33,16.5,6600,990,0,0,0,0,0,-6600,0,34,0.025954198473282442,0,0,0,0,0,"1,2",0.0,0.0,1.0,,,,0.0,0.0,1.0,,,,1,1,0,0,0,0,0,1,0,0,1,0,0,0,1,0,0,1,0,0,0.0,1,,0,,0,,0,,0,0,,0
655,656,1,0,1,0,1,0,0,0,0,1,1,0,0,0,0.0,0.0,0.0,,34,17.0,6800,1020,0,0,0,0,0,-6800,0,35,0.026676829268292682,0,0,0,0,0,"2,1",0.0,0.0,1.0,,,,0.0,0.0,1.0,,,,1,1,0,0,0,0,0,1,0,0,1,0,0,0,1,0,0,1,0,0,0.0,1,,0,,0,,0,,0,0,,0
656,657,1,0,1,0,1,0,0,0,0,1,1,0,0,0,0.0,0.0,0.0,,35,17.5,7000,1050,0,0,0,0,0,-7000,0,36,0.0273972602739726,0,0,0,0,0,"2,1",0.0,0.0,1.0,,,,0.0,0.0,1.0,,,,1,1,0,0,0,0,0,1,0,0,1,0,0,0,1,0,0,1,0,0,0.0,1,,0,,0,,0,,0,0,,0
657,658,1,0,1,0,1,0,0,0,0,1,1,0,0,0,0.0,0.0,0.0,,36,18.0,7200,1080,0,0,0,0,0,-7200,0,37,0.02811550151975684,0,0,0,0,0,"2,1",0.0,0.0,1.0,,,,0.0,0.0,1.0,,,,1,1,0,0,0,0,0,1,0,0,1,0,0,0,1,0,0,1,0,0,0.0,1,,0,,0,,0,,0,0,,0
658,659,1,0,1,0,1,0,0,0,0,1,1,0,0,0,0.0,0.0,0.0,,37,18.5,7400,1110,0,0,0,0,0,-7400,0,38,0.028831562974203338,0,0,0,0,0,"1,2",0.0,0.0,1.0,,,,0.0,0.0,1.0,,,,1,1,0,0,0,0,0,1,0,0,1,0,0,0,1,0,0,1,0,0,0.0,1,,0,,0,,0,,0,0,,0
659,660,1,0,1,0,1,0,0,0,0,1,1,0,0,0,0.0,0.0,0.0,,38,19.0,7600,1140,0,0,0,0,0,-7600,0,39,0.029545454545454545,0,0,0,0,0,"2,1",0.0,0.0,1.0,,,,0.0,0.0,1.0,,,,1,1,0,0,0,0,0,1,0,0,1,0,0,0,1,0,0,1,0,0,0.0,1,,0,,0,,0,,0,0,,0
660,661,1,0,1,0,1,0,0,0,0,1,1,0,0,0,0.0,0.0,0.0,,39,19.5,7800,1170,0,0,0,0,0,-7800,0,40,0.030257186081694403,0,0,0,0,0,"1,2",0.0,0.0,1.0,,,,0.0,0.0,1.0,,,,1,1,0,0,0,0,0,1,0,0,1,0,0,0,1,0,0,1,0,0,0.0,1,,0,,0,,0,,0,0,,0
661,662,1,0,1,0,1,0,0,0,0,1,1,0,0,0,0.0,0.0,0.0,,40,20.0,8000,1200,0,0,0,0,0,-8000,0,41,0.030966767371601207,0,0,0,0,0,"2,1",0.0,0.0,1.0,,,,0.0,0.0,1.0,,,,1,1,0,0,0,0,0,1,0,0,1,0,0,0,1,0,0,1,0,0,0.0,1,,0,,0,,0,,0,0,,0
662,663,1,0,1,0,1,0,0,0,0,1,1,0,0,0,0.0,0.0,0.0,,41,20.5,8200,1230,0,0,0,0,0,-8200,0,42,0.03167420814479638,0,0,0,0,0,"1,2",0.0,0.0,1.0,,,,0.0,0.0,1.0,,,,1,1,0,0,0,0,0,1,0,0,1,0,0,0,1,0,0,1,0,0,0.0,1,,0,,0,,0,,0,0,,0
663,664,1,0,1,0,1,0,0,0,0,1,1,0,0,0,0.0,0.0,0.0,,42,21.0,8400,1260,0,0,0,0,0,-8400,0,43,0.03237951807228916,0,0,0,0,0,"2,1",0.0,0.0,1.0,,,,0.0,0.0,1.0,,,,1,1,0,0,0,0,0,1,0,0,1,0,0,0,1,0,0,1,0,0,0.0,1,,0,,0,,0,,0,0,,0
664,665,1,0,1,0,1,0,0,0,0,1,1,0,0,0,0.0,0.0,0.0,,43,21.5,8600,1290,0,0,0,0,0,-8600,0,44,0.03308270676691729,0,0,0,0,0,"2,1",0.0,0.0,1.0,,,,0.0,0.0,1.0,,,,1,1,0,0,0,0,0,1,0,0,1,0,0,0,1,0,0,1,0,0,0.0,1,,0,,0,,0,,0,0,,0
665,666,1,0,1,0,1,0,0,0,0,1,1,0,0,0,0.0,0.0,0.0,,44,22.0,8800,1320,0,0,0,0,0,-8800,0,45,0.033783783783783786,0,0,0,0,0,"2,1",0.0,0.0,1.0,,,,0.0,0.0,1.0,,,,1,0,1,0,0,0,0,1,0,0,1,0,0,0,1,0,0,1,0,0,0.0,1,,0,,0,,0,,0,0,,0
666,667,1,0,1,0,1,0,0,0,0,1,1,0,0,0,0.0,0.0,0.0,,44,22.0,8800,1320,0,0,0,0,0,-8800,0,46,0.034482758620689655,0,1,0,0,0,"2,1",0.0,0.0,1.0,,,,0.0,0.0,1.0,,,,1,0,1,0,0,0,0,1,0,0,1,0,0,0,1,0,0,1,0,0,0.0,1,,0,,0,,0,,0,0,,0
667,668,1,0,1,0,1,0,0,0,0,1,1,0,0,0,0.0,0.0,0.0,,44,22.0,8800,1320,0,0,0,0,0,-8800,0,47,0.035179640718562874,0,1,0,0,0,"1,2",0.0,0.0,1.0,,,,0.0,0.0,1.0,,,1.0,1,0,0,1,0,0,0,1,0,0,0,0,1,0,1,0,0,0,0,0,0.0,1,,0,,0,,0,,0,0,1.0,1
668,669,1,0,1,0,1,0,0,0,0,1,1,0,0,0,0.0,0.0,0.0,,45,22.5,9000,1350,0,0,0,0,0,-9000,0,48,0.03587443946188341,0,1,0,0,0,"1,2",0.0,0.0,1.0,,,,0.0,0.0,1.0,,,1.0,1,0,0,1,0,0,0,1,0,0,0,0,1,0,1,0,0,0,0,0,0.0,1,,0,,0,,0,,0,0,1.0,1
669,670,1,0,1,0,1,0,0,0,0,1,1,0,0,0,0.0,0.0,0.0,,46,23.0,9200,1380,0,0,0,0,0,-9200,0,49,0.03656716417910448,0,1,0,0,0,"1,2",0.0,0.0,1.0,,,,0.0,0.0,1.0,,,1.0,1,0,0,1,0,0,0,1,0,0,0,0,1,0,1,0,0,0,0,0,0.0,1,,0,,0,,0,,0,0,1.0,1
670,671,1,0,1,0,1,0,0,0,0,1,1,0,0,0,0.0,0.0,0.0,,47,23.5,9400,1410,0,0,0,0,0,-9400,0,50,0.037257824143070044,0,1,0,0,0,"2,1",0.0,0.0,1.0,,,,0.0,0.0,1.0,,,1.0,1,0,0,1,0,0,0,1,0,0,0,0,1,0,1,0,0,0,0,0,0.0,1,,0,,0,,0,,0,0,1.0,1
671,672,2,0,2,0,2,0,0,0,0,2,2,0,0,0,0.0,0.0,0.0,,48,24.0,9600,1440,0,0,0,0,0,-9600,0,52,0.03869047619047619,0,1,0,0,0,"2,1",0.0,0.0,1.0,,,,0.0,0.0,1.0,,,1.0,0,1,0,1,0,0,1,1,0,0,1,0,1,0,2,0,0,1,0,0,0.0,2,,0,,0,,0,,0,0,1.0,1
672,673,2,0,2,0,2,0,0,0,0,2,2,0,0,0,0.0,0.0,0.0,,50,25.0,10000,1500,0,0,0,0,0,-10000,0,54,0.04011887072808321,0,1,0,0,0,"2,1",0.0,0.0,1.0,,,,0.0,0.0,1.0,,,1.0,0,1,0,1,0,0,1,1,0,0,1,0,1,0,2,0,0,1,0,0,0.0,2,,0,,0,,0,,0,0,1.0,1
673,674,2,0,2,0,2,0,0,0,0,2,2,0,0,0,0.0,0.0,0.0,,52,26.0,10400,1560,0,0,0,0,0,-10400,0,56,0.04154302670623145,0,1,0,0,0,"1,2",0.0,0.0,1.0,,,,0.0,0.0,1.0,,,1.0,0,1,0,1,0,0,1,1,0,0,1,0,1,0,2,0,0,1,0,0,0.0,2,,0,,0,,0,,0,0,1.0,1
674,675,2,0,2,0,2,0,0,0,0,2,2,0,0,0,0.0,0.0,0.0,,54,27.0,10800,1620,0,0,0,0,0,-10800,0,58,0.04296296296296296,0,1,0,0,0,"2,1",0.0,0.0,1.0,,,,0.0,0.0,1.0,,,1.0,0,1,0,1,0,0,1,1,0,0,1,0,1,0,2,0,0,1,0,0,0.0,2,,0,,0,,0,,0,0,1.0,1
675,676,2,0,2,0,2,0,0,0,0,2,2,0,0,0,0.0,0.0,0.0,,56,28.0,11200,1680,0,0,0,0,0,-11200,0,60,0.04437869822485207,0,1,0,0,0,"1,2",0.0,0.0,1.0,,,,0.0,0.0,1.0,,,1.0,0,1,0,1,0,0,1,1,0,0,1,0,1,0,2,0,0,1,0,0,0.0,2,,0,,0,,0,,0,0,1.0,1
676,677,2,0,2,0,2,0,0,0,0,2,2,0,0,0,0.0,0.0,0.0,,58,29.0,11600,1740,0,0,0,0,0,-11600,0,62,0.04579025110782865,0,1,0,0,0,"2,1",0.0,0.0,1.0,,,,0.0,0.0,1.0,,,1.0,0,1,0,1,0,0,1,1,0,0,1,0,1,0,2,0,0,1,0,0,0.0,2,,0,,0,,0,,0,0,1.0,1
677,678,2,0,2,0,2,0,0,0,0,2,2,0,0,0,0.0,0.0,0.0,,60,30.0,12000,1800,0,0,0,0,0,-12000,0,64,0.0471976401179941,0,1,0,0,0,"2,1",0.0,0.0,1.0,,,,0.0,0.0,1.0,,,1.0,0,1,0,1,0,0,1,1,0,0,1,0,1,0,2,0,0,1,0,0,0.0,2,,0,,0,,0,,0,0,1.0,1
678,679,2,0,2,0,2,0,0,0,0,2,2,0,0,0,0.0,0.0,0.0,,62,31.0,12400,1860,0,0,0,0,0,-12400,0,66,0.048600883652430045,0,1,0,0,0,"1,2",0.0,0.0,1.0,,,,0.0,0.0,1.0,,,1.0,0,1,0,1,0,0,1,1,0,0,1,0,1,0,2,0,0,1,0,0,0.0,2,,0,,0,,0,,0,0,1.0,1
679,680,2,0,2,0,2,0,0,0,0,2,2,0,0,0,0.0,0.0,0.0,,64,32.0,12800,1920,0,0,0,0,0,-12800,0,68,0.05,0,1,0,0,0,"2,1",0.0,0.0,1.0,,,,0.0,0.0,1.0,,,1.0,0,1,0,1,0,0,1,1,0,0,1,0,1,0,2,0,0,1,0,0,0.0,2,,0,,0,,0,,0,0,1.0,1
680,681,2,0,2,0,2,0,0,0,0,2,2,0,0,0,0.0,0.0,0.0,,66,33.0,13200,1980,0,0,0,0,0,-13200,0,70,0.0513950073421439,0,1,0,0,0,"1,2",0.0,0.0,1.0,,,,0.0,0.0,1.0,,,1.0,0,1,0,1,0,0,1,1,0,0,1,0,1,0,2,0,0,1,0,0,0.0,2,,0,,0,,0,,0,0,1.0,1
681,682,2,0,2,0,2,0,0,0,0,2,2,0,0,0,0.0,0.0,0.0,,68,34.0,13600,2040,0,0,0,0,0,-13600,0,72,0.05278592375366569,0,1,0,0,0,"1,2",0.0,0.0,1.0,,,,0.0,0.0,1.0,,,1.0,0,1,0,1,0,0,1,1,0,0,1,0,1,0,2,0,0,1,0,0,0.0,2,,0,,0,,0,,0,0,1.0,1
682,683,2,0,2,0,2,0,0,0,0,2,2,0,0,0,0.0,0.0,0.0,,70,35.0,14000,2100,0,0,0,0,0,-14000,0,74,0.05417276720351391,0,1,0,0,0,"2,1",0.0,0.0,1.0,,,,0.0,0.0,1.0,,,1.0,0,1,0,1,0,0,1,1,0,0,1,0,1,0,2,0,0,1,0,0,0.0,2,,0,,0,,0,,0,0,1.0,1
683,684,2,0,2,0,2,0,0,0,0,2,2,0,0,0,0.0,0.0,0.0,,72,36.0,14400,2160,0,0,0,0,0,-14400,0,76,0.05555555555555555,0,1,0,0,0,"1,2",0.0,0.0,1.0,,,,0.0,0.0,1.0,,,1.0,0,1,0,1,0,0,1,1,0,0,1,0,1,0,2,0,0,1,0,0,0.0,2,,0,,0,,0,,0,0,1.0,1
684,685,2,0,2,0,2,0,0,0,0,2,2,0,0,0,0.0,0.0,0.0,,74,37.0,14800,2220,0,0,0,0,0,-14800,0,78,0.05693430656934306,0,1,0,0,0,"1,2",0.0,0.0,1.0,,,,0.0,0.0,1.0,,,1.0,0,1,0,1,0,0,1,1,0,0,1,0,1,0,2,0,0,1,0,0,0.0,2,,0,,0,,0,,0,0,1.0,1
685,686,2,0,2,0,2,0,0,0,0,2,2,0,0,0,0.0,0.0,0.0,,76,38.0,15200,2280,0,0,0,0,0,-15200,0,80,0.05830903790087463,0,1,0,0,0,"1,2",0.0,0.0,1.0,,,,0.0,0.0,1.0,,,1.0,0,1,0,1,0,0,1,1,0,0,1,0,1,0,2,0,0,1,0,0,0.0,2,,0,,0,,0,,0,0,1.0,1
686,687,2,0,2,0,2,0,0,0,0,2,2,0,0,0,0.0,0.0,0.0,,78,39.0,15600,2340,0,0,0,0,0,-15600,0,82,0.05967976710334789,0,1,0,0,0,"1,2",0.0,0.0,1.0,,,,0.0,0.0,1.0,,,1.0,0,1,0,1,0,0,1,1,0,0,1,0,1,0,2,0,0,1,0,0,0.0,2,,0,,0,,0,,0,0,1.0,1
687,688,2,0,2,0,2,0,0,0,0,2,2,0,0,0,0.0,0.0,0.0,,80,40.0,16000,2400,0,0,0,0,0,-16000,0,84,0.061046511627906974,0,1,0,0,0,"1,2",0.0,0.0,1.0,,,,0.0,0.0,1.0,,,1.0,0,1,0,1,0,0,0,2,0,0,1,0,1,0,2,0,0,1,0,0,0.0,2,,0,,0,,0,,0,0,1.0,1
688,689,3,0,3,1,2,0,0,0,0,3,3,0,0,0,0.0,0.0,0.0,,82,41.0,16400,2460,0,0,0,0,0,-16400,0,86,0.062409288824383166,0,1,0,0,0,"2,1",0.0,0.0,1.0,,,,0.0,0.0,1.0,,,1.0,0,1,0,1,0,0,1,2,0,0,2,0,1,0,3,0,0,2,0,0,0.0,2,,0,,0,,0,,0,0,1.0,1
689,690,3,0,3,1,2,0,0,0,0,3,3,0,0,0,0.0,0.0,0.0,,84,42.0,16800,2520,0,0,0,0,0,-16800,0,88,0.06376811594202898,0,1,0,0,0,"2,1",0.0,0.0,1.0,,,,0.0,0.0,1.0,,,1.0,0,1,0,1,0,0,1,2,0,0,2,0,1,0,3,0,0,2,0,0,0.0,2,,0,,0,,0,,0,0,1.0,1
690,691,3,0,3,1,2,0,0,0,0,3,3,0,0,0,0.0,0.0,0.0,,86,43.0,17200,2580,0,0,0,0,0,-17200,0,90,0.06512301013024602,0,1,0,0,0,"2,1",0.0,0.0,1.0,,,,0.0,0.0,1.0,,,1.0,0,0,1,1,0,0,1,2,0,0,2,0,1,0,3,0,0,2,0,0,0.0,2,,0,,0,,0,,0,0,1.0,1
691,692,3,0,3,1,2,0,0,0,0,3,3,0,0,0,0.0,0.0,0.0,,87,43.5,17400,2610,0,0,0,0,0,-17400,0,92,0.06647398843930635,0,2,0,0,0,"1,2",0.0,0.0,1.0,,,,0.0,0.0,1.0,,,1.0,0,0,1,1,0,0,1,2,0,0,2,0,1,0,3,0,0,2,0,0,0.0,2,,0,,0,,0,,0,0,1.0,1
692,693,3,0,3,1,2,0,0,0,0,3,3,0,0,0,0.0,0.0,0.0,,88,44.0,17600,2640,0,0,0,0,0,-17600,0,94,0.06782106782106782,0,2,0,0,0,"1,2",0.0,0.0,1.0,,,,0.0,0.0,1.0,,,1.0,0,0,0,2,0,0,1,2,0,0,1,0,2,0,3,0,0,1,0,0,0.0,2,,0,,0,,0,,0,0,1.0,2
693,694,3,0,3,1,2,0,0,0,0,3,3,0,0,0,0.0,0.0,0.0,,90,45.0,18000,2700,0,0,0,0,0,-18000,0,96,0.069164265129683,0,2,0,0,0,"2,1",0.0,0.0,1.0,,,,0.0,0.0,1.0,,,1.0,0,0,0,2,0,0,1,2,0,0,1,0,2,0,3,0,0,1,0,0,0.0,2,,0,,0,,0,,0,0,1.0,2
694,695,3,0,3,1,2,0,0,0,0,3,3,0,0,0,0.0,0.0,0.0,,92,46.0,18400,2760,0,0,0,0,0,-18400,0,98,0.07050359712230216,0,2,0,0,0,"2,1",0.0,0.0,1.0,,,,0.0,0.0,1.0,,,1.0,0,0,0,2,0,0,1,2,0,0,1,0,2,0,3,0,0,1,0,0,0.0,2,,0,,0,,0,,0,0,1.0,2
695,696,3,0,3,1,2,0,0,0,0,3,3,0,0,0,0.0,0.0,0.0,,94,47.0,18800,2820,0,0,0,0,0,-18800,0,100,0.07183908045977011,0,2,0,0,0,"2,1",0.0,0.0,1.0,,,,0.0,0.0,1.0,,,1.0,0,0,0,2,0,0,1,2,0,0,1,0,2,0,3,0,0,1,0,0,0.0,2,,0,,0,,0,,0,0,1.0,2
696,697,3,0,3,1,2,0,0,0,0,3,3,0,0,0,0.0,0.0,0.0,,96,48.0,19200,2880,0,0,0,0,0,-19200,0,102,0.07317073170731707,0,2,0,0,0,"2,1",0.0,0.0,1.0,,,,0.0,0.0,1.0,,,1.0,0,0,0,2,0,0,1,2,0,0,1,0,2,0,3,0,0,1,0,0,0.0,2,,0,,0,,0,,0,0,1.0,2
697,698,3,0,3,1,2,0,0,0,0,3,3,0,0,0,0.0,0.0,0.0,,98,49.0,19600,2940,0,0,0,0,0,-19600,0,104,0.07449856733524356,0,2,0,0,0,"2,1",0.0,0.0,1.0,,,,0.0,0.0,1.0,,,1.0,0,0,0,2,0,0,1,2,0,0,1,0,2,0,3,0,0,1,0,0,0.0,2,,0,,0,,0,,0,0,1.0,2
698,699,3,0,3,1,2,0,0,0,0,3,3,0,0,0,0.0,0.0,0.0,,100,50.0,20000,3000,0,0,0,0,0,-20000,0,106,0.07582260371959942,0,2,0,0,0,"1,2",0.0,0.0,1.0,,,,0.0,0.0,1.0,,,1.0,0,0,0,2,0,0,1,2,0,0,1,0,2,0,3,0,0,1,0,0,0.0,2,,0,,0,,0,,0,0,1.0,2
699,700,3,0,3,1,2,0,0,0,0,3,3,0,0,0,0.0,0.0,0.0,,102,51.0,20400,3060,0,0,0,0,0,-20400,0,108,0.07714285714285714,0,2,0,0,0,"2,1",0.0,0.0,1.0,,,,0.0,0.0,1.0,,,1.0,0,0,0,2,0,0,1,2,0,0,1,0,2,0,3,0,0,1,0,0,0.0,2,,0,,0,,0,,0,0,1.0,2
700,701,3,0,3,1,2,0,0,0,0,3,3,0,0,0,0.0,0.0,0.0,,104,52.0,20800,3120,0,0,0,0,0,-20800,0,110,0.07845934379457917,0,2,0,0,0,"2,1",0.0,0.0,1.0,,,,0.0,0.0,1.0,,,1.0,0,0,0,2,0,0,1,2,0,0,1,0,2,0,3,0,0,1,0,0,0.0,2,,0,,0,,0,,0,0,1.0,2
701,702,3,0,3,1,2,0,0,0,0,3,3,0,0,0,0.0,0.0,0.0,,106,53.0,21200,3180,0,0,0,0,0,-21200,0,112,0.07977207977207977,0,2,0,0,0,"1,2",0.0,0.0,1.0,,,,0.0,0.0,1.0,,,1.0,0,0,0,2,0,0,1,2,0,0,1,0,2,0,3,0,0,1,0,0,0.0,2,,0,,0,,0,,0,0,1.0,2
702,703,3,0,3,1,2,0,0,0,0,3,3,0,0,0,0.0,0.0,0.0,,108,54.0,21600,3240,0,0,0,0,0,-21600,0,114,0.08108108108108109,0,2,0,0,0,"1,2",0.0,0.0,1.0,,,,0.0,0.0,1.0,,,1.0,0,0,0,2,0,0,1,2,0,0,1,0,2,0,3,0,0,1,0,0,0.0,2,,0,,0,,0,,0,0,1.0,2
703,704,3,0,3,1,2,0,0,0,0,3,3,0,0,0,0.0,0.0,0.0,,110,55.0,22000,3300,0,0,0,0,0,-22000,0,116,0.08238636363636363,0,2,0,0,0,"1,2",0.0,0.0,1.0,,,,0.0,0.0,1.0,,,1.0,0,0,0,2,0,0,1,2,0,0,1,0,2,0,3,0,0,1,0,0,0.0,2,,0,,0,,0,,0,0,1.0,2
704,705,3,0,3,1,2,0,0,0,0,3,3,0,0,0,0.0,0.0,0.0,,112,56.0,22400,3360,0,0,0,0,0,-22400,0,118,0.08368794326241134,0,2,0,0,0,"1,2",0.0,0.0,1.0,,,,0.0,0.0,1.0,,,1.0,0,0,0,2,0,0,1,2,0,0,1,0,2,0,3,0,0,1,0,0,0.0,2,,0,,0,,0,,0,0,1.0,2
705,706,3,0,3,1,2,0,0,0,0,3,3,0,0,0,0.0,0.0,0.0,,114,57.0,22800,3420,0,0,0,0,0,-22800,0,120,0.08498583569405099,0,2,0,0,0,"1,2",0.0,0.0,1.0,,,,0.0,0.0,1.0,,,1.0,0,0,0,2,0,0,1,2,0,0,1,0,2,0,3,0,0,1,0,0,0.0,2,,0,,0,,0,,0,0,1.0,2
706,707,3,0,3,1,2,0,0,0,0,3,3,0,0,0,0.0,0.0,0.0,,116,58.0,23200,3480,0,0,0,0,0,-23200,0,122,0.08628005657708628,0,2,0,0,0,"1,2",0.0,0.0,1.0,,,,0.0,0.0,1.0,,,1.0,0,0,0,2,0,0,0,3,0,0,0,1,2,0,3,0,0,1,0,0,0.0,2,,0,,0,,0,,0,0,1.0,2
707,708,3,0,3,1,2,0,0,0,0,3,3,0,0,0,0.0,0.0,0.0,,118,59.0,23600,3540,0,0,0,0,0,-23600,0,124,0.08757062146892655,0,2,0,0,0,"1,2",0.0,0.0,1.0,,,,0.0,0.0,1.0,,,1.0,0,0,0,2,0,0,0,3,0,0,0,1,2,0,3,0,0,1,0,0,0.0,2,,0,,0,,0,,0,0,1.0,2
708,709,3,0,3,1,2,0,0,0,0,3,3,0,0,0,0.0,0.0,0.0,,120,60.0,24000,3600,0,0,0,0,0,-24000,0,126,0.08885754583921016,0,2,0,0,0,"2,1",0.0,0.0,1.0,,,,0.0,0.0,1.0,,,1.0,0,0,0,2,0,0,0,3,0,0,0,1,2,0,3,0,0,1,0,0,0.0,2,,0,,0,,0,,0,0,1.0,2
709,710,3,0,3,1,2,0,0,0,0,3,3,0,0,0,0.0,0.0,0.0,,122,61.0,24400,3660,0,0,0,0,0,-24400,0,128,0.09014084507042254,0,2,0,0,0,"2,1",0.0,0.0,1.0,,,,0.0,0.0,1.0,,,1.0,0,0,0,2,0,0,0,3,0,0,0,1,2,0,3,0,0,1,0,0,0.0,2,,0,,0,,0,,0,0,1.0,2
710,711,3,0,3,1,2,0,0,0,0,3,3,0,0,0,0.0,0.0,0.0,,124,62.0,24800,3720,0,0,0,0,0,-24800,0,130,0.09142053445850915,0,2,0,0,0,"2,1",0.0,0.0,1.0,,,,0.0,0.0,1.0,,,1.0,0,0,0,1,1,0,0,3,0,0,0,1,2,0,3,0,0,1,0,0,0.0,2,,0,,0,,0,,0,0,1.0,2
711,712,3,0,3,0,2,0,0,1,0,2,2,0,0,0,0.0,0.0,0.0,,125,62.5,25000,3750,0,0,0,0,0,-25000,0,132,0.09269662921348315,0,2,1,1,0,"1,2",0.0,0.3333333333333333,0.6666666666666666,,0.0,,0.0,0.3333333333333333,0.6666666666666666,,0.0,1.0,0,0,0,1,0,1,0,1,1,1,0,0,2,1,1,0,0,0,0,0,0.0,2,,0,,0,,0,23.0,1,1,1.0,2
712,713,3,0,3,0,2,0,0,1,0,2,2,0,0,0,0.0,0.0,0.0,,127,63.5,25400,3810,0,0,0,0,0,-25400,0,134,0.09396914446002805,0,2,1,1,0,"1,2",0.0,0.3333333333333333,0.6666666666666666,,0.0,,0.0,0.3333333333333333,0.6666666666666666,,0.0,1.0,0,0,0,1,0,1,0,1,1,1,0,0,2,1,1,0,0,0,0,0,0.0,2,,0,,0,,0,23.0,1,1,1.0,2
713,714,3,0,3,0,2,0,0,1,0,2,2,0,0,0,0.0,0.0,0.0,,129,64.5,25800,3870,0,0,0,0,0,-25800,0,136,0.09523809523809523,0,2,1,1,0,"1,2",0.0,0.3333333333333333,0.6666666666666666,,0.0,,0.0,0.3333333333333333,0.6666666666666666,,0.0,1.0,0,0,0,1,0,1,0,1,1,1,0,0,2,1,1,0,0,0,0,0,0.0,2,,0,,0,,0,23.0,1,1,1.0,2
714,715,3,0,3,0,2,0,0,1,0,2,2,0,0,0,0.0,0.0,0.0,,131,65.5,26200,3930,0,0,0,0,0,-26200,0,138,0.0965034965034965,0,2,1,1,0,"2,1",0.0,0.3333333333333333,0.6666666666666666,,0.0,,0.0,0.3333333333333333,0.6666666666666666,,0.0,1.0,0,0,0,1,0,1,0,1,1,1,0,0,2,1,1,0,0,0,0,0,0.0,2,,0,,0,,0,23.0,1,1,1.0,2
715,716,3,0,3,0,2,0,0,1,0,2,2,0,0,0,0.0,0.0,0.0,,133,66.5,26600,3990,0,0,0,0,0,-26600,0,140,0.09776536312849161,0,2,1,1,0,"1,2",0.0,0.3333333333333333,0.6666666666666666,,0.0,,0.0,0.3333333333333333,0.6666666666666666,,0.0,1.0,0,0,0,1,0,1,0,1,1,1,0,0,2,1,1,0,0,0,0,0,0.0,2,,0,,0,,0,23.0,1,1,1.0,2
716,717,3,0,3,0,2,0,0,1,0,2,2,0,0,0,0.0,0.0,0.0,,135,67.5,27000,4050,0,0,0,0,0,-27000,0,142,0.09902370990237098,0,2,1,1,0,"2,1",0.0,0.3333333333333333,0.6666666666666666,,0.0,,0.0,0.3333333333333333,0.6666666666666666,,0.0,1.0,0,0,0,1,0,1,0,1,1,1,0,0,2,1,1,0,0,0,0,0,0.0,2,,0,,0,,0,23.0,1,1,1.0,2
717,718,3,0,3,0,2,0,0,1,0,2,2,0,0,0,0.0,0.0,0.0,,137,68.5,27400,4110,0,0,0,0,0,-27400,0,144,0.10027855153203342,0,2,1,1,0,"1,2",0.0,0.3333333333333333,0.6666666666666666,,0.0,,0.0,0.3333333333333333,0.6666666666666666,,0.0,1.0,0,0,0,1,0,1,0,1,1,1,0,0,2,1,1,0,0,0,0,0,0.0,2,,0,,0,,0,23.0,1,1,1.0,2
718,719,3,0,3,0,2,0,0,1,0,2,2,0,0,0,0.0,0.0,0.0,,139,69.5,27800,4170,0,0,0,0,0,-27800,0,146,0.10152990264255911,0,2,1,1,0,"1,2",0.0,0.3333333333333333,0.6666666666666666,,0.0,,0.0,0.3333333333333333,0.6666666666666666,,0.0,1.0,0,0,0,1,0,1,0,1,1,1,0,0,2,1,1,0,0,0,0,0,0.0,2,,0,,0,,0,23.0,1,1,1.0,2
719,720,3,0,3,0,2,0,0,1,0,2,2,0,0,0,0.0,0.0,0.0,,141,70.5,28200,4230,0,0,0,0,0,-28200,0,148,0.10277777777777777,0,2,1,1,0,"2,1",0.0,0.3333333333333333,0.6666666666666666,,0.0,,0.0,0.3333333333333333,0.6666666666666666,,0.0,1.0,0,0,0,1,0,1,0,1,1,1,0,0,2,1,1,0,0,0,0,0,0.0,2,,0,,0,,0,23.0,1,1,1.0,2
720,721,3,0,3,0,2,0,0,1,0,2,2,0,0,0,0.0,0.0,0.0,,143,71.5,28600,4290,0,0,0,0,0,-28600,0,150,0.10402219140083217,0,2,1,1,0,"2,1",0.0,0.3333333333333333,0.6666666666666666,,0.0,,0.0,0.3333333333333333,0.6666666666666666,,0.0,1.0,0,0,0,1,0,1,0,1,1,1,0,0,2,1,1,0,0,0,0,0,0.0,2,,0,,0,,0,23.0,1,1,1.0,2
721,722,3,0,3,0,2,0,0,1,0,2,2,0,0,0,0.0,0.0,0.0,,145,72.5,29000,4350,0,0,0,0,0,-29000,0,152,0.10526315789473684,0,2,1,1,0,"1,2",0.0,0.3333333333333333,0.6666666666666666,,0.0,,0.0,0.3333333333333333,0.6666666666666666,,0.0,1.0,0,0,0,1,0,1,0,1,1,1,0,0,2,1,1,0,0,0,0,0,0.0,2,,0,,0,,0,23.0,1,1,1.0,2
722,723,3,0,3,0,2,0,0,1,0,2,2,0,0,0,0.0,0.0,0.0,,147,73.5,29400,4410,0,0,0,0,0,-29400,0,154,0.10650069156293222,0,2,1,1,0,"1,2",0.0,0.3333333333333333,0.6666666666666666,,0.0,,0.0,0.3333333333333333,0.6666666666666666,,0.0,1.0,0,0,0,1,0,1,0,1,1,1,0,0,2,1,1,0,0,0,0,0,0.0,2,,0,,0,,0,23.0,1,1,1.0,2
723,724,3,0,3,0,2,0,0,1,0,2,2,0,0,0,0.0,0.0,0.0,,149,74.5,29800,4470,0,0,0,0,0,-29800,0,156,0.10773480662983426,0,2,1,1,0,"1,2",0.0,0.3333333333333333,0.6666666666666666,,0.0,,0.0,0.3333333333333333,0.6666666666666666,,0.0,1.0,0,0,0,1,0,1,0,1,1,1,0,0,2,1,1,0,0,0,0,0,0.0,2,,0,,0,,0,23.0,1,1,1.0,2
724,725,3,0,3,0,2,0,0,1,0,2,2,0,0,0,0.0,0.0,0.0,,151,75.5,30200,4530,0,0,0,0,0,-30200,0,158,0.10896551724137932,0,2,1,1,0,"2,1",0.0,0.3333333333333333,0.6666666666666666,,0.0,,0.0,0.3333333333333333,0.6666666666666666,,0.0,1.0,0,0,0,1,0,1,0,1,1,1,0,0,2,1,1,0,0,0,0,0,0.0,2,,0,,0,,0,23.0,1,1,1.0,2
725,726,3,0,3,0,2,0,0,1,0,2,2,0,0,0,0.0,0.0,0.0,,153,76.5,30600,4590,0,0,0,0,0,-30600,0,160,0.11019283746556474,0,2,1,1,0,"1,2",0.0,0.3333333333333333,0.6666666666666666,,0.0,,0.0,0.3333333333333333,0.6666666666666666,,0.0,1.0,0,0,0,1,0,1,0,1,1,1,0,0,2,1,1,0,0,0,0,0,0.0,2,,0,,0,,0,23.0,1,1,1.0,2
726,727,3,0,3,0,2,0,0,1,0,2,2,0,0,0,0.0,0.0,0.0,,155,77.5,31000,4650,0,0,0,0,0,-31000,0,162,0.11141678129298486,0,2,1,1,0,"2,1",0.0,0.3333333333333333,0.6666666666666666,,0.0,,0.0,0.3333333333333333,0.6666666666666666,,0.0,1.0,0,0,0,1,0,1,0,1,1,1,0,0,2,1,1,0,0,0,0,0,0.0,2,,0,,0,,0,23.0,1,1,1.0,2
727,728,3,0,3,0,2,0,0,1,0,2,2,0,0,0,0.0,0.0,0.0,,157,78.5,31400,4710,0,0,0,0,0,-31400,0,164,0.11263736263736264,0,2,1,1,0,"1,2",0.0,0.3333333333333333,0.6666666666666666,,0.0,,0.0,0.3333333333333333,0.6666666666666666,,0.0,1.0,0,0,0,1,0,1,0,1,1,1,0,0,2,1,1,0,0,0,0,0,0.0,2,,0,,0,,0,23.0,1,1,1.0,2
728,729,3,0,3,0,2,0,0,1,0,2,2,0,0,0,0.0,0.0,0.0,,159,79.5,31800,4770,0,0,0,0,0,-31800,0,166,0.11385459533607682,0,2,1,1,0,"1,2",0.0,0.3333333333333333,0.6666666666666666,,0.0,,0.0,0.3333333333333333,0.6666666666666666,,0.0,1.0,0,0,0,1,0,1,0,1,1,1,0,0,2,1,1,0,0,0,0,0,0.0,2,,0,,0,,0,23.0,1,1,1.0,2
729,730,3,0,3,0,2,0,0,1,0,2,2,0,0,0,0.0,0.0,0.0,,161,80.5,32200,4830,0,0,0,0,0,-32200,0,168,0.11506849315068493,0,2,1,1,0,"2,1",0.0,0.3333333333333333,0.6666666666666666,,0.0,,0.0,0.3333333333333333,0.6666666666666666,,0.0,1.0,0,0,0,1,0,1,0,1,1,1,0,0,2,1,1,0,0,0,0,0,0.0,2,,0,,0,,0,23.0,1,1,1.0,2
730,731,3,0,3,0,2,0,0,1,0,2,2,0,0,0,0.0,0.0,0.0,,163,81.5,32600,4890,0,0,0,0,0,-32600,0,170,0.11627906976744186,0,2,1,1,0,"2,1",0.0,0.3333333333333333,0.6666666666666666,,0.0,,0.0,0.3333333333333333,0.6666666666666666,,0.0,1.0,0,0,0,1,0,1,0,1,1,1,0,0,2,1,1,0,0,0,0,0,0.0,2,,0,,0,,0,23.0,1,1,1.0,2
731,732,3,0,3,0,2,0,0,1,0,2,2,0,0,0,0.0,0.0,0.0,,165,82.5,33000,4950,0,0,0,0,0,-33000,0,172,0.11748633879781421,0,2,1,1,0,"2,1",0.0,0.3333333333333333,0.6666666666666666,,0.0,,0.0,0.3333333333333333,0.6666666666666666,,0.0,1.0,0,0,0,1,0,1,0,1,1,1,0,0,2,1,1,0,0,0,0,0,0.0,2,,0,,0,,0,23.0,1,1,1.0,2
732,733,3,0,3,0,2,0,0,1,0,2,2,0,0,0,0.0,0.0,0.0,,167,83.5,33400,5010,0,0,0,0,0,-33400,0,174,0.11869031377899045,0,2,1,1,0,"1,2",0.0,0.3333333333333333,0.6666666666666666,,0.0,,0.0,0.3333333333333333,0.6666666666666666,,0.0,1.0,0,0,0,1,0,1,0,1,1,1,0,0,2,1,1,0,0,0,0,0,0.0,2,,0,,0,,0,23.0,1,1,1.0,2
733,734,4,0,4,1,2,0,0,1,0,3,3,0,0,0,0.0,0.0,0.0,,169,84.5,33800,5070,0,0,0,0,0,-33800,0,176,0.11989100817438691,0,2,1,1,0,"1,2",0.0,0.25,0.75,,0.0,,0.0,0.25,0.75,,0.0,1.0,0,0,0,1,0,1,1,1,1,1,1,0,2,1,2,0,0,1,0,0,0.0,2,,0,,0,,0,23.0,1,1,1.0,2
734,735,4,0,4,1,2,0,0,1,0,3,3,0,0,0,0.0,0.0,0.0,,171,85.5,34200,5130,0,0,0,0,0,-34200,0,178,0.12108843537414966,0,2,1,1,0,"2,1",0.0,0.25,0.75,,0.0,,0.0,0.25,0.75,,0.0,1.0,0,0,0,1,0,1,1,1,1,1,1,0,2,1,2,0,0,1,0,0,0.0,2,,0,,0,,0,23.0,1,1,1.0,2
735,736,4,0,4,1,2,0,0,1,0,3,3,0,0,0,0.0,0.0,0.0,,173,86.5,34600,5190,0,0,0,0,0,-34600,0,180,0.12228260869565218,0,2,1,1,0,"2,1",0.0,0.25,0.75,,0.0,,0.0,0.25,0.75,,0.0,1.0,0,0,0,1,0,1,1,1,1,1,1,0,2,1,2,0,0,1,0,0,0.0,2,,0,,0,,0,23.0,1,1,1.0,2
736,737,4,0,4,1,2,0,0,1,0,3,3,0,0,0,0.0,0.0,0.0,,175,87.5,35000,5250,0,0,0,0,0,-35000,0,182,0.12347354138398914,0,2,1,1,0,"1,2",0.0,0.25,0.75,,0.0,,0.0,0.25,0.75,,0.0,1.0,0,0,0,1,0,1,1,1,1,1,1,0,2,1,2,0,0,1,0,0,0.0,2,,0,,0,,0,23.0,1,1,1.0,2
737,738,4,0,4,1,2,0,0,1,0,3,3,0,0,0,0.0,0.0,0.0,,177,88.5,35400,5310,0,0,0,0,0,-35400,0,184,0.12466124661246612,0,2,1,1,0,"2,1",0.0,0.25,0.75,,0.0,,0.0,0.25,0.75,,0.0,1.0,0,0,0,1,0,1,1,1,1,1,1,0,2,1,2,0,0,1,0,0,0.0,2,,0,,0,,0,23.0,1,1,1.0,2
738,739,4,0,4,1,2,0,0,1,0,3,3,0,0,0,0.0,0.0,0.0,,179,89.5,35800,5370,0,0,0,0,0,-35800,0,186,0.12584573748308525,0,2,1,1,0,"1,2",0.0,0.25,0.75,,0.0,,0.0,0.25,0.75,,0.0,1.0,0,0,0,1,0,1,1,1,1,1,1,0,2,1,2,0,0,1,0,0,0.0,2,,0,,0,,0,23.0,1,1,1.0,2
739,740,4,0,4,1,2,0,0,1,0,3,3,0,0,0,0.0,0.0,0.0,,181,90.5,36200,5430,0,0,0,0,0,-36200,0,188,0.12702702702702703,0,2,1,1,0,"2,1",0.0,0.25,0.75,,0.0,,0.0,0.25,0.75,,0.0,1.0,0,0,0,1,0,1,1,1,1,1,1,0,2,1,2,0,0,1,0,0,0.0,2,,0,,0,,0,23.0,1,1,1.0,2
740,741,4,0,4,1,2,0,0,1,0,3,3,0,0,0,0.0,0.0,0.0,,183,91.5,36600,5490,0,0,0,0,0,-36600,0,190,0.1282051282051282,0,2,1,1,0,"2,1",0.0,0.25,0.75,,0.0,,0.0,0.25,0.75,,0.0,1.0,0,0,0,1,0,1,1,1,1,1,1,0,2,1,2,0,0,1,0,0,0.0,2,,0,,0,,0,23.0,1,1,1.0,2
741,742,4,0,4,1,2,0,0,1,0,3,3,0,0,0,0.0,0.0,0.0,,185,92.5,37000,5550,0,0,0,0,0,-37000,0,192,0.1293800539083558,0,2,1,1,0,"2,1",0.0,0.25,0.75,,0.0,,0.0,0.25,0.75,,0.0,1.0,0,0,0,1,0,1,1,1,1,1,1,0,2,1,2,0,0,1,0,0,0.0,2,,0,,0,,0,23.0,1,1,1.0,2
742,743,4,0,4,1,2,0,0,1,0,3,3,0,0,0,0.0,0.0,0.0,,187,93.5,37400,5610,0,0,0,0,0,-37400,0,194,0.13055181695827725,0,2,1,1,0,"1,2",0.0,0.25,0.75,,0.0,,0.0,0.25,0.75,,0.0,1.0,0,0,0,1,0,1,1,1,1,1,1,0,2,1,2,0,0,1,0,0,0.0,2,,0,,0,,0,23.0,1,1,1.0,2
743,744,4,0,4,1,2,0,0,1,0,3,3,0,0,0,0.0,0.0,0.0,,189,94.5,37800,5670,0,0,0,0,0,-37800,0,196,0.13172043010752688,0,2,1,1,0,"2,1",0.0,0.25,0.75,,0.0,,0.0,0.25,0.75,,0.0,1.0,0,0,0,1,0,1,1,1,1,1,1,0,2,1,2,0,0,1,0,0,0.0,2,,0,,0,,0,23.0,1,1,1.0,2
744,745,4,0,4,1,2,0,0,1,0,3,3,0,0,0,0.0,0.0,0.0,,191,95.5,38200,5730,0,0,0,0,0,-38200,0,198,0.13288590604026845,0,2,1,1,0,"1,2",0.0,0.25,0.75,,0.0,,0.0,0.25,0.75,,0.0,1.0,0,0,0,1,0,1,1,1,1,1,1,0,2,1,2,0,0,1,0,0,0.0,2,,0,,0,,0,23.0,1,1,1.0,2
745,746,4,0,4,1,2,0,0,1,0,3,3,0,0,0,0.0,0.0,0.0,,193,96.5,38600,5790,0,0,0,0,0,-38600,0,200,0.13404825737265416,0,2,1,1,0,"1,2",0.0,0.25,0.75,,0.0,,0.0,0.25,0.75,,0.0,1.0,0,0,0,1,0,1,1,1,1,1,1,0,2,1,2,0,0,1,0,0,0.0,2,,0,,0,,0,23.0,1,1,1.0,2
746,747,4,0,4,1,2,0,0,1,0,3,3,0,0,0,0.0,0.0,0.0,,195,97.5,39000,5850,0,0,0,0,0,-39000,0,202,0.13520749665327977,0,2,1,1,0,"1,2",0.0,0.25,0.75,,0.0,,0.0,0.25,0.75,,0.0,1.0,0,0,0,1,0,1,1,1,1,1,1,0,2,1,2,0,0,1,0,0,0.0,2,,0,,0,,0,23.0,1,1,1.0,2
747,748,4,0,4,1,2,0,0,1,0,3,3,0,0,0,0.0,0.0,0.0,,197,98.5,39400,5910,0,0,0,0,0,-39400,0,204,0.13636363636363635,0,2,1,1,0,"2,1",0.0,0.25,0.75,,0.0,,0.0,0.25,0.75,,0.0,1.0,0,0,0,1,0,1,1,1,1,1,1,0,2,1,2,0,0,1,0,0,0.0,2,,0,,0,,0,23.0,1,1,1.0,2
748,749,4,0,4,1,2,0,0,1,0,3,3,0,0,0,0.0,0.0,0.0,,199,99.5,39800,5970,0,0,0,0,0,-39800,0,206,0.1375166889185581,0,2,1,1,0,"1,2",0.0,0.25,0.75,,0.0,,0.0,0.25,0.75,,0.0,1.0,0,0,0,1,0,1,1,1,1,1,1,0,2,1,2,0,0,1,0,0,0.0,2,,0,,0,,0,23.0,1,1,1.0,2
749,750,4,0,4,1,2,0,0,1,0,3,3,0,0,0,0.0,0.0,0.0,,201,100.5,40200,6030,0,0,0,0,0,-40200,0,208,0.13866666666666666,0,2,1,1,0,"1,2",0.0,0.25,0.75,,0.0,,0.0,0.25,0.75,,0.0,1.0,0,0,0,1,0,1,1,1,1,1,1,0,2,1,2,0,0,1,0,0,0.0,2,,0,,0,,0,23.0,1,1,1.0,2
750,751,4,0,4,1,2,0,0,1,0,3,3,0,0,0,0.0,0.0,0.0,,203,101.5,40600,6090,0,0,0,0,0,-40600,0,210,0.13981358189081225,0,2,1,1,0,"2,1",0.0,0.25,0.75,,0.0,,0.0,0.25,0.75,,0.0,1.0,0,0,0,1,0,1,0,2,1,1,1,0,2,1,2,0,0,1,0,0,0.0,2,,0,,0,,0,23.0,1,1,1.0,2
751,752,4,0,4,1,2,0,0,1,0,3,3,0,0,0,0.0,0.0,0.0,,205,102.5,41000,6150,0,0,0,0,0,-41000,0,212,0.14095744680851063,0,2,1,1,0,"2,1",0.0,0.25,0.75,,0.0,,0.0,0.25,0.75,,0.0,1.0,0,0,0,1,0,1,0,2,1,1,1,0,2,1,2,0,0,1,0,0,0.0,2,,0,,0,,0,23.0,1,1,1.0,2
752,753,4,0,4,1,2,0,0,1,0,3,3,0,0,0,0.0,0.0,0.0,,207,103.5,41400,6210,0,0,0,0,0,-41400,0,214,0.14209827357237717,0,2,1,1,0,"1,2",0.0,0.25,0.75,,0.0,,0.0,0.25,0.75,,0.0,1.0,0,0,0,1,0,1,0,2,1,1,1,0,2,1,2,0,0,1,0,0,0.0,2,,0,,0,,0,23.0,1,1,1.0,2
753,754,4,0,4,1,2,0,0,1,0,3,3,0,0,0,0.0,0.0,0.0,,209,104.5,41800,6270,0,0,0,0,0,-41800,0,216,0.14323607427055704,0,2,1,1,0,"1,2",0.0,0.25,0.75,,0.0,,0.0,0.25,0.75,,0.0,1.0,0,0,0,1,0,1,0,2,1,1,1,0,2,1,2,0,0,1,0,0,0.0,2,,0,,0,,0,23.0,1,1,1.0,2
754,755,4,0,4,1,2,0,0,1,0,3,3,0,0,0,0.0,0.0,0.0,,211,105.5,42200,6330,0,0,0,0,0,-42200,0,218,0.14437086092715232,0,2,1,1,0,"1,2",0.0,0.25,0.75,,0.0,,0.0,0.25,0.75,,0.0,1.0,0,0,0,0,1,1,0,2,1,1,1,0,2,1,2,0,0,1,0,0,0.0,2,,0,,0,,0,23.0,1,1,1.0,2
755,756,4,0,4,1,2,0,0,1,0,3,3,0,0,0,0.0,0.0,0.0,,212,106.0,42400,6360,0,0,0,0,0,-42400,0,220,0.1455026455026455,0,2,1,1,0,"2,1",0.0,0.25,0.75,,0.0,,0.0,0.25,0.75,,0.0,1.0,0,0,0,0,0,2,0,1,2,1,1,0,2,1,1,0,0,1,0,0,0.0,2,,0,,0,,0,23.0,1,2,1.0,2
756,757,4,0,4,0,2,0,0,2,0,2,2,0,0,0,0.0,0.0,0.0,,214,107.0,42800,6420,0,0,0,0,0,-42800,0,222,0.14663143989431968,0,2,2,1,1,"1,2",0.0,0.5,0.5,,0.0,,0.0,0.5,0.5,,0.0,1.0,0,0,0,0,0,2,0,0,2,2,0,0,2,2,0,0,0,0,1,44106,0.0,2,,0,,0,,0,23.0,2,2,1.0,2
757,758,4,0,4,0,2,0,0,2,0,2,2,0,0,0,0.0,0.0,0.0,,216,108.0,43200,6480,0,0,0,0,0,-43200,0,224,0.14775725593667546,0,2,2,1,1,"1,2",0.0,0.5,0.5,,0.0,,0.0,0.5,0.5,,0.0,1.0,0,0,0,0,0,2,0,0,2,2,0,0,2,2,0,0,0,0,1,44106,0.0,2,,0,,0,,0,23.0,2,2,1.0,2
758,759,4,0,4,0,2,0,0,2,0,2,2,0,0,0,0.0,0.0,0.0,,218,109.0,43600,6540,0,0,0,0,0,-43600,0,226,0.14888010540184454,0,2,2,1,1,"2,1",0.0,0.5,0.5,,0.0,,0.0,0.5,0.5,,0.0,1.0,0,0,0,0,0,2,0,0,2,2,0,0,2,2,0,0,0,0,1,44106,0.0,2,,0,,0,,0,23.0,2,2,1.0,2
759,760,4,0,4,0,2,0,0,2,0,2,2,0,0,0,0.0,0.0,0.0,,220,110.0,44000,6600,0,0,0,0,0,-44000,0,228,0.15,0,2,2,1,1,"1,2",0.0,0.5,0.5,,0.0,,0.0,0.5,0.5,,0.0,1.0,0,0,0,0,0,2,0,0,2,2,0,0,2,2,0,0,0,0,1,44106,0.0,2,,0,,0,,0,23.0,2,2,1.0,2
760,761,4,0,4,0,2,0,0,2,0,2,2,0,0,0,0.0,0.0,0.0,,222,111.0,44400,6660,0,0,0,0,0,-44400,0,230,0.15111695137976347,0,2,2,1,1,"2,1",0.0,0.5,0.5,,0.0,,0.0,0.5,0.5,,0.0,1.0,0,0,0,0,0,2,0,0,2,2,0,0,2,2,0,0,0,0,1,44106,0.0,2,,0,,0,,0,23.0,2,2,1.0,2
761,762,4,0,4,0,2,0,0,2,0,2,2,0,0,0,0.0,0.0,0.0,,224,112.0,44800,6720,0,0,0,0,0,-44800,0,232,0.15223097112860892,0,2,2,1,1,"1,2",0.0,0.5,0.5,,0.0,,0.0,0.5,0.5,,0.0,1.0,0,0,0,0,0,2,0,0,2,2,0,0,2,2,0,0,0,0,1,44106,0.0,2,,0,,0,,0,23.0,2,2,1.0,2
762,763,4,0,4,0,2,0,0,2,0,2,2,0,0,0,0.0,0.0,0.0,,226,113.0,45200,6780,0,0,0,0,0,-45200,0,234,0.15334207077326342,0,2,2,1,1,"1,2",0.0,0.5,0.5,,0.0,,0.0,0.5,0.5,,0.0,1.0,0,0,0,0,0,2,0,0,2,2,0,0,2,2,0,0,0,0,1,44106,0.0,2,,0,,0,,0,23.0,2,2,1.0,2
763,764,4,0,4,0,2,0,0,2,0,2,2,0,0,0,0.0,0.0,0.0,,228,114.0,45600,6840,0,0,0,0,0,-45600,0,236,0.1544502617801047,0,2,2,1,1,"1,2",0.0,0.5,0.5,,0.0,,0.0,0.5,0.5,,0.0,1.0,0,0,0,0,0,2,0,0,2,2,0,0,2,2,0,0,0,0,1,44106,0.0,2,,0,,0,,0,23.0,2,2,1.0,2
764,765,4,0,4,0,2,0,0,2,0,2,2,0,0,0,0.0,0.0,0.0,,230,115.0,46000,6900,0,0,0,0,0,-46000,0,238,0.15555555555555556,0,2,2,1,1,"1,2",0.0,0.5,0.5,,0.0,,0.0,0.5,0.5,,0.0,1.0,0,0,0,0,0,2,0,0,2,2,0,0,2,2,0,0,0,0,1,44106,0.0,2,,0,,0,,0,23.0,2,2,1.0,2
765,766,4,0,4,0,2,0,0,2,0,2,2,0,0,0,0.0,0.0,0.0,,232,116.0,46400,6960,0,0,0,0,0,-46400,0,240,0.1566579634464752,0,2,2,1,1,"1,2",0.0,0.5,0.5,,0.0,,0.0,0.5,0.5,,0.0,1.0,0,0,0,0,0,2,0,0,2,2,0,0,2,2,0,0,0,0,1,44106,0.0,2,,0,,0,,0,23.0,2,2,1.0,2
766,767,4,0,4,0,2,0,0,2,0,2,2,0,0,0,0.0,0.0,0.0,,234,117.0,46800,7020,0,0,0,0,0,-46800,0,242,0.1577574967405476,0,2,2,1,1,"2,1",0.0,0.5,0.5,,0.0,,0.0,0.5,0.5,,0.0,1.0,0,0,0,0,0,2,0,0,2,2,0,0,2,2,0,0,0,0,1,44106,0.0,2,,0,,0,,0,23.0,2,2,1.0,2
767,768,4,0,4,0,2,0,0,2,0,2,2,0,0,0,0.0,0.0,0.0,,236,118.0,47200,7080,0,0,0,0,0,-47200,0,244,0.15885416666666666,0,2,2,1,1,"2,1",0.0,0.5,0.5,,0.0,,0.0,0.5,0.5,,0.0,1.0,0,0,0,0,0,2,0,0,2,2,0,0,2,2,0,0,0,0,1,44106,0.0,2,,0,,0,,0,23.0,2,2,1.0,2
768,769,4,0,4,0,1,1,0,2,1,2,2,0,0,0,0.0,0.0,0.0,,238,119.0,47600,7140,0,0,0,0,0,-47600,0,246,0.1599479843953186,0,2,2,1,1,"2,1",0.0,0.5,0.5,,0.0,,0.0,0.5,0.5,,0.0,1.0,1,0,0,0,0,1,0,0,2,2,0,0,2,2,0,0,0,0,1,44106,0.0,2,147.0,1,,0,,0,23.0,2,2,1.0,2
769,770,4,0,4,0,1,0,1,2,1,1,1,1,1,2,0.07792207792207792,0.4858299595141701,0.016736401673640166,3585.0,239,119.5,47800,7170,103500.000,32350.04890604000000000000000,95316.10743016000000000000000,127666.1563362000000000000000,36664.8436638000000000000000,55700.000,267831.00,247,0.1603896103896104,0,2,2,1,1,"1,2",0.25,0.5,0.25,148.0,0.0,57.0,0.25,0.5,0.25,148.0,0.0,1.0,1,0,0,0,0,1,0,0,2,2,0,0,2,2,0,0,0,0,1,44106,0.0,2,147.0,1,1.0,1,148.0,1,23.0,2,2,1.0,2
770,771,4,0,4,0,1,0,1,2,1,1,1,1,1,2,0.07782101167315175,0.48387096774193544,0.016666666666666666,3600.0,240,120.0,48000,7200,103500.000,32350.04890604000000000000000,95316.10743016000000000000000,127666.1563362000000000000000,36664.8436638000000000000000,55500.000,267831.00,248,0.1608300907911803,0,2,2,1,1,"1,2",0.25,0.5,0.25,148.0,0.0,57.0,0.25,0.5,0.25,148.0,0.0,1.0,1,0,0,0,0,1,0,0,2,2,0,0,2,2,0,0,0,0,1,44106,0.0,2,147.0,1,1.0,1,148.0,1,23.0,2,2,1.0,2
771,772,4,0,4,0,1,0,1,2,1,1,1,1,1,2,0.07772020725388601,0.48192771084337344,0.016597510373443983,3615.0,241,120.5,48200,7230,103500.000,32350.04890604000000000000000,95316.10743016000000000000000,127666.1563362000000000000000,36664.8436638000000000000000,55300.000,267831.00,249,0.16126943005181346,0,2,2,1,1,"1,2",0.25,0.5,0.25,148.0,0.0,57.0,0.25,0.5,0.25,148.0,0.0,1.0,1,0,0,0,0,1,0,0,2,2,0,0,2,2,0,0,0,0,1,44106,0.0,2,147.0,1,1.0,1,148.0,1,23.0,2,2,1.0,2
772,773,4,0,4,0,1,0,1,2,1,1,1,1,1,2,0.0776196636481242,0.48,0.01652892561983471,3630.0,242,121.0,48400,7260,103500.000,32350.04890604000000000000000,95316.10743016000000000000000,127666.1563362000000000000000,36664.8436638000000000000000,55100.000,267831.00,250,0.16170763260025872,0,2,2,1,1,"1,2",0.25,0.5,0.25,148.0,0.0,57.0,0.25,0.5,0.25,148.0,0.0,1.0,1,0,0,0,0,1,0,0,2,2,0,0,2,2,0,0,0,0,1,44106,0.0,2,147.0,1,1.0,1,148.0,1,23.0,2,2,1.0,2
773,774,4,0,4,0,1,0,1,2,1,1,1,1,1,2,0.07751937984496124,0.4780876494023904,0.01646090534979424,3645.0,243,121.5,48600,7290,103500.000,32350.04890604000000000000000,95316.10743016000000000000000,127666.1563362000000000000000,36664.8436638000000000000000,54900.000,267831.00,251,0.16214470284237725,0,2,2,1,1,"1,2",0.25,0.5,0.25,148.0,0.0,57.0,0.25,0.5,0.25,148.0,0.0,1.0,1,0,0,0,0,1,0,0,2,2,0,0,2,2,0,0,0,0,1,44106,0.0,2,147.0,1,1.0,1,148.0,1,23.0,2,2,1.0,2
774,775,4,0,4,0,1,0,1,2,1,1,1,1,1,2,0.07741935483870968,0.47619047619047616,0.01639344262295082,3660.0,244,122.0,48800,7320,103500.000,32350.04890604000000000000000,95316.10743016000000000000000,127666.1563362000000000000000,36664.8436638000000000000000,54700.000,267831.00,252,0.1625806451612903,0,2,2,1,1,"2,1",0.25,0.5,0.25,148.0,0.0,57.0,0.25,0.5,0.25,148.0,0.0,1.0,1,0,0,0,0,1,0,0,2,2,0,0,2,2,0,0,0,0,1,44106,0.0,2,147.0,1,1.0,1,148.0,1,23.0,2,2,1.0,2
775,776,4,0,4,0,1,0,1,2,1,1,1,1,1,2,0.07731958762886598,0.4743083003952569,0.0163265306122449,3675.0,245,122.5,49000,7350,103500.000,32350.04890604000000000000000,95316.10743016000000000000000,127666.1563362000000000000000,36664.8436638000000000000000,54500.000,267831.00,253,0.16301546391752578,0,2,2,1,1,"1,2",0.25,0.5,0.25,148.0,0.0,57.0,0.25,0.5,0.25,148.0,0.0,1.0,1,0,0,0,0,1,0,0,2,2,0,0,2,2,0,0,0,0,1,44106,0.0,2,147.0,1,1.0,1,148.0,1,23.0,2,2,1.0,2
776,777,4,0,4,0,1,0,1,2,1,1,1,1,1,2,0.07722007722007722,0.47244094488188976,0.016260162601626018,3690.0,246,123.0,49200,7380,103500.000,32350.04890604000000000000000,95316.10743016000000000000000,127666.1563362000000000000000,36664.8436638000000000000000,54300.000,267831.00,254,0.16344916344916344,0,2,2,1,1,"1,2",0.25,0.5,0.25,148.0,0.0,57.0,0.25,0.5,0.25,148.0,0.0,1.0,1,0,0,0,0,1,0,0,2,2,0,0,2,2,0,0,0,0,1,44106,0.0,2,147.0,1,1.0,1,148.0,1,23.0,2,2,1.0,2
777,778,4,0,4,0,1,0,1,2,1,1,1,1,1,2,0.07712082262210797,0.47058823529411764,0.016194331983805668,3705.0,247,123.5,49400,7410,103500.000,32350.04890604000000000000000,95316.10743016000000000000000,127666.1563362000000000000000,36664.8436638000000000000000,54100.000,267831.00,255,0.16388174807197944,0,2,2,1,1,"1,2",0.25,0.5,0.25,148.0,0.0,57.0,0.25,0.5,0.25,148.0,0.0,1.0,1,0,0,0,0,1,0,0,2,2,0,0,2,2,0,0,0,0,1,44106,0.0,2,147.0,1,1.0,1,148.0,1,23.0,2,2,1.0,2
778,779,4,0,4,0,1,0,1,2,1,1,1,1,1,2,0.07702182284980745,0.46875,0.016129032258064516,3720.0,248,124.0,49600,7440,103500.000,32350.04890604000000000000000,95316.10743016000000000000000,127666.1563362000000000000000,36664.8436638000000000000000,53900.000,267831.00,256,0.1643132220795892,0,2,2,1,1,"1,2",0.25,0.5,0.25,148.0,0.0,57.0,0.25,0.5,0.25,148.0,0.0,1.0,1,0,0,0,0,1,0,0,2,2,0,0,2,2,0,0,0,0,1,44106,0.0,2,147.0,1,1.0,1,148.0,1,23.0,2,2,1.0,2
779,780,4,0,4,0,1,0,1,2,1,1,1,1,1,2,0.07692307692307693,0.4669260700389105,0.01606425702811245,3735.0,249,124.5,49800,7470,103500.000,32350.04890604000000000000000,95316.10743016000000000000000,127666.1563362000000000000000,36664.8436638000000000000000,53700.000,267831.00,257,0.16474358974358974,0,2,2,1,1,"1,2",0.25,0.5,0.25,148.0,0.0,57.0,0.25,0.5,0.25,148.0,0.0,1.0,1,0,0,0,0,1,0,0,2,2,0,0,2,2,0,0,0,0,1,44106,0.0,2,147.0,1,1.0,1,148.0,1,23.0,2,2,1.0,2
780,781,4,0,4,0,1,0,1,2,1,1,1,1,1,2,0.07682458386683738,0.46511627906976744,0.016,3750.0,250,125.0,50000,7500,103500.000,32350.04890604000000000000000,95316.10743016000000000000000,127666.1563362000000000000000,36664.8436638000000000000000,53500.000,267831.00,258,0.16517285531370038,0,2,2,1,1,"1,2",0.25,0.5,0.25,148.0,0.0,57.0,0.25,0.5,0.25,148.0,0.0,1.0,1,0,0,0,0,1,0,0,2,2,0,0,2,2,0,0,0,0,1,44106,0.0,2,147.0,1,1.0,1,148.0,1,23.0,2,2,1.0,2
781,782,4,0,4,0,1,0,1,2,1,1,1,1,1,2,0.07672634271099744,0.46332046332046334,0.01593625498007968,3765.0,251,125.5,50200,7530,103500.000,32350.04890604000000000000000,95316.10743016000000000000000,127666.1563362000000000000000,36664.8436638000000000000000,53300.000,267831.00,259,0.1656010230179028,0,2,2,1,1,"1,2",0.25,0.5,0.25,148.0,0.0,57.0,0.25,0.5,0.25,148.0,0.0,1.0,1,0,0,0,0,1,0,0,2,2,0,0,2,2,0,0,0,0,1,44106,0.0,2,147.0,1,1.0,1,148.0,1,23.0,2,2,1.0,2
782,783,4,0,4,0,1,0,1,2,1,1,1,1,1,2,0.07662835249042145,0.46153846153846156,0.015873015873015872,3780.0,252,126.0,50400,7560,103500.000,32350.04890604000000000000000,95316.10743016000000000000000,127666.1563362000000000000000,36664.8436638000000000000000,53100.000,267831.00,260,0.16602809706257982,0,2,2,1,1,"1,2",0.25,0.5,0.25,148.0,0.0,57.0,0.25,0.5,0.25,148.0,0.0,1.0,1,0,0,0,0,1,0,0,2,2,0,0,2,2,0,0,0,0,1,44106,0.0,2,147.0,1,1.0,1,148.0,1,23.0,2,2,1.0,2
783,784,4,0,4,0,1,0,1,2,1,1,1,1,1,2,0.07653061224489796,0.4597701149425288,0.015810276679841896,3795.0,253,126.5,50600,7590,103500.000,32350.04890604000000000000000,95316.10743016000000000000000,127666.1563362000000000000000,36664.8436638000000000000000,52900.000,267831.00,261,0.16645408163265307,0,2,2,1,1,"2,1",0.25,0.5,0.25,148.0,0.0,57.0,0.25,0.5,0.25,148.0,0.0,1.0,1,0,0,0,0,1,0,0,2,2,0,0,2,2,0,0,0,0,1,44106,0.0,2,147.0,1,1.0,1,148.0,1,23.0,2,2,1.0,2
784,785,4,0,4,0,1,0,1,2,1,1,1,1,1,2,0.07643312101910828,0.45801526717557256,0.015748031496062992,3810.0,254,127.0,50800,7620,103500.000,32350.04890604000000000000000,95316.10743016000000000000000,127666.1563362000000000000000,36664.8436638000000000000000,52700.000,267831.00,262,0.16687898089171974,0,2,2,1,1,"2,1",0.25,0.5,0.25,148.0,0.0,57.0,0.25,0.5,0.25,148.0,0.0,1.0,1,0,0,0,0,1,0,0,2,2,0,0,2,2,0,0,0,0,1,44106,0.0,2,147.0,1,1.0,1,148.0,1,23.0,2,2,1.0,2
785,786,4,0,4,0,1,0,1,2,1,1,1,1,1,2,0.07633587786259542,0.4562737642585551,0.01568627450980392,3825.0,255,127.5,51000,7650,103500.000,32350.04890604000000000000000,95316.10743016000000000000000,127666.1563362000000000000000,36664.8436638000000000000000,52500.000,267831.00,263,0.1673027989821883,0,2,2,1,1,"2,1",0.25,0.5,0.25,148.0,0.0,57.0,0.25,0.5,0.25,148.0,0.0,1.0,1,0,0,0,0,1,0,0,2,2,0,0,2,2,0,0,0,0,1,44106,0.0,2,147.0,1,1.0,1,148.0,1,23.0,2,2,1.0,2
786,787,4,0,4,0,1,0,1,2,1,1,1,1,1,2,0.07623888182973317,0.45454545454545453,0.015625,3840.0,256,128.0,51200,7680,103500.000,32350.04890604000000000000000,95316.10743016000000000000000,127666.1563362000000000000000,36664.8436638000000000000000,52300.000,267831.00,264,0.16772554002541296,0,2,2,1,1,"2,1",0.25,0.5,0.25,148.0,0.0,57.0,0.25,0.5,0.25,148.0,0.0,1.0,1,0,0,0,0,1,0,0,2,2,0,0,2,2,0,0,0,0,1,44106,0.0,2,147.0,1,1.0,1,148.0,1,23.0,2,2,1.0,2
787,788,4,0,4,0,1,0,1,2,1,1,1,1,1,2,0.07614213197969544,0.45283018867924524,0.01556420233463035,3855.0,257,128.5,51400,7710,103500.000,32350.04890604000000000000000,95316.10743016000000000000000,127666.1563362000000000000000,36664.8436638000000000000000,52100.000,267831.00,265,0.1681472081218274,0,2,2,1,1,"2,1",0.25,0.5,0.25,148.0,0.0,57.0,0.25,0.5,0.25,148.0,0.0,1.0,1,0,0,0,0,1,0,0,2,2,0,0,2,2,0,0,0,0,1,44106,0.0,2,147.0,1,1.0,1,148.0,1,23.0,2,2,1.0,2
788,789,4,0,4,0,1,0,1,2,1,1,1,1,1,2,0.07604562737642585,0.45112781954887216,0.015503875968992248,3870.0,258,129.0,51600,7740,103500.000,32350.04890604000000000000000,95316.10743016000000000000000,127666.1563362000000000000000,36664.8436638000000000000000,51900.000,267831.00,266,0.16856780735107732,0,2,2,1,1,"1,2",0.25,0.5,0.25,148.0,0.0,57.0,0.25,0.5,0.25,148.0,0.0,1.0,1,0,0,0,0,1,0,0,2,2,0,0,2,2,0,0,0,0,1,44106,0.0,2,147.0,1,1.0,1,148.0,1,23.0,2,2,1.0,2
789,790,4,0,4,0,1,0,1,2,1,1,1,1,1,2,0.0759493670886076,0.449438202247191,0.015444015444015444,3885.0,259,129.5,51800,7770,103500.000,32350.04890604000000000000000,95316.10743016000000000000000,127666.1563362000000000000000,36664.8436638000000000000000,51700.000,267831.00,267,0.1689873417721519,0,2,2,1,1,"2,1",0.25,0.5,0.25,148.0,0.0,57.0,0.25,0.5,0.25,148.0,0.0,1.0,1,0,0,0,0,1,0,0,2,2,0,0,2,2,0,0,0,0,1,44106,0.0,2,147.0,1,1.0,1,148.0,1,23.0,2,2,1.0,2
790,791,4,0,4,0,1,0,1,2,1,1,1,1,1,2,0.07585335018963338,0.44776119402985076,0.015384615384615385,3900.0,260,130.0,52000,7800,103500.000,32350.04890604000000000000000,95316.10743016000000000000000,127666.1563362000000000000000,36664.8436638000000000000000,51500.000,267831.00,268,0.16940581542351454,0,2,2,1,1,"2,1",0.25,0.5,0.25,148.0,0.0,57.0,0.25,0.5,0.25,148.0,0.0,1.0,1,0,0,0,0,1,0,0,2,2,0,0,2,2,0,0,0,0,1,44106,0.0,2,147.0,1,1.0,1,148.0,1,23.0,2,2,1.0,2
791,792,4,0,4,0,1,0,1,2,1,1,1,1,1,2,0.07575757575757576,0.44609665427509293,0.01532567049808429,3915.0,261,130.5,52200,7830,103500.000,32350.04890604000000000000000,95316.10743016000000000000000,127666.1563362000000000000000,36664.8436638000000000000000,51300.000,267831.00,269,0.16982323232323232,0,2,2,1,1,"1,2",0.25,0.5,0.25,148.0,0.0,57.0,0.25,0.5,0.25,148.0,0.0,1.0,1,0,0,0,0,1,0,0,2,2,0,0,2,2,0,0,0,0,1,44106,0.0,2,147.0,1,1.0,1,148.0,1,23.0,2,2,1.0,2
792,793,4,0,4,0,1,0,1,2,1,1,1,1,1,2,0.07566204287515763,0.4444444444444444,0.015267175572519083,3930.0,262,131.0,52400,7860,103500.000,32350.04890604000000000000000,95316.10743016000000000000000,127666.1563362000000000000000,36664.8436638000000000000000,51100.000,267831.00,270,0.17023959646910466,0,2,2,1,1,"1,2",0.25,0.5,0.25,148.0,0.0,57.0,0.25,0.5,0.25,148.0,0.0,1.0,1,0,0,0,0,1,0,0,2,2,0,0,2,2,0,0,0,0,1,44106,0.0,2,147.0,1,1.0,1,148.0,1,23.0,2,2,1.0,2
793,794,4,0,4,0,1,0,1,2,1,1,1,1,1,2,0.07556675062972293,0.44280442804428044,0.015209125475285171,3945.0,263,131.5,52600,7890,103500.000,32350.04890604000000000000000,95316.10743016000000000000000,127666.1563362000000000000000,36664.8436638000000000000000,50900.000,267831.00,271,0.17065491183879095,0,2,2,1,1,"2,1",0.25,0.5,0.25,148.0,0.0,57.0,0.25,0.5,0.25,148.0,0.0,1.0,1,0,0,0,0,1,0,0,2,2,0,0,2,2,0,0,0,0,1,44106,0.0,2,147.0,1,1.0,1,148.0,1,23.0,2,2,1.0,2
794,795,4,0,4,0,1,0,1,2,1,1,1,1,1,2,0.07547169811320754,0.4411764705882353,0.015151515151515152,3960.0,264,132.0,52800,7920,103500.000,32350.04890604000000000000000,95316.10743016000000000000000,127666.1563362000000000000000,36664.8436638000000000000000,50700.000,267831.00,272,0.1710691823899371,0,2,2,1,1,"1,2",0.25,0.5,0.25,148.0,0.0,57.0,0.25,0.5,0.25,148.0,0.0,1.0,1,0,0,0,0,1,0,0,2,2,0,0,2,2,0,0,0,0,1,44106,0.0,2,147.0,1,1.0,1,148.0,1,23.0,2,2,1.0,2
795,796,4,0,4,0,1,0,1,2,1,1,1,1,1,2,0.07537688442211055,0.43956043956043955,0.01509433962264151,3975.0,265,132.5,53000,7950,103500.000,32350.04890604000000000000000,95316.10743016000000000000000,127666.1563362000000000000000,36664.8436638000000000000000,50500.000,267831.00,273,0.17148241206030151,0,2,2,1,1,"2,1",0.25,0.5,0.25,148.0,0.0,57.0,0.25,0.5,0.25,148.0,0.0,1.0,1,0,0,0,0,1,0,0,2,2,0,0,2,2,0,0,0,0,1,44106,0.0,2,147.0,1,1.0,1,148.0,1,23.0,2,2,1.0,2
796,797,4,0,4,0,1,0,1,2,1,1,1,1,1,2,0.07528230865746549,0.43795620437956206,0.015037593984962405,3990.0,266,133.0,53200,7980,103500.000,32350.04890604000000000000000,95316.10743016000000000000000,127666.1563362000000000000000,36664.8436638000000000000000,50300.000,267831.00,274,0.17189460476787954,0,2,2,1,1,"2,1",0.25,0.5,0.25,148.0,0.0,57.0,0.25,0.5,0.25,148.0,0.0,1.0,1,0,0,0,0,1,0,0,2,2,0,0,2,2,0,0,0,0,1,44106,0.0,2,147.0,1,1.0,1,148.0,1,23.0,2,2,1.0,2
797,798,4,0,4,0,1,0,1,2,1,1,1,1,1,2,0.07518796992481203,0.4363636363636364,0.0149812734082397,4005.0,267,133.5,53400,8010,103500.000,32350.04890604000000000000000,95316.10743016000000000000000,127666.1563362000000000000000,36664.8436638000000000000000,50100.000,267831.00,275,0.17230576441102757,0,2,2,1,1,"2,1",0.25,0.5,0.25,148.0,0.0,57.0,0.25,0.5,0.25,148.0,0.0,1.0,1,0,0,0,0,1,0,0,2,2,0,0,2,2,0,0,0,0,1,44106,0.0,2,147.0,1,1.0,1,148.0,1,23.0,2,2,1.0,2
798,799,4,0,4,0,1,0,1,2,1,1,1,1,1,2,0.07509386733416772,0.4347826086956522,0.014925373134328358,4020.0,268,134.0,53600,8040,103500.000,32350.04890604000000000000000,95316.10743016000000000000000,127666.1563362000000000000000,36664.8436638000000000000000,49900.000,267831.00,276,0.17271589486858574,0,2,2,1,1,"1,2",0.25,0.5,0.25,148.0,0.0,57.0,0.25,0.5,0.25,148.0,0.0,1.0,1,0,0,0,0,1,0,0,2,2,0,0,2,2,0,0,0,0,1,44106,0.0,2,147.0,1,1.0,1,148.0,1,23.0,2,2,1.0,2
799,800,4,0,4,0,1,0,1,2,1,1,1,1,1,2,0.075,0.43321299638989175,0.01486988847583643,4035.0,269,134.5,53800,8070,103500.000,32350.04890604000000000000000,95316.10743016000000000000000,127666.1563362000000000000000,36664.8436638000000000000000,49700.000,267831.00,277,0.173125,0,2,2,1,1,"1,2",0.25,0.5,0.25,148.0,0.0,57.0,0.25,0.5,0.25,148.0,0.0,1.0,1,0,0,0,0,1,0,0,2,2,0,0,2,2,0,0,0,0,1,44106,0.0,2,147.0,1,1.0,1,148.0,1,23.0,2,2,1.0,2
800,801,4,0,4,0,1,0,1,2,1,1,1,1,1,2,0.0749063670411985,0.4316546762589928,0.014814814814814815,4050.0,270,135.0,54000,8100,103500.000,32350.04890604000000000000000,95316.10743016000000000000000,127666.1563362000000000000000,36664.8436638000000000000000,49500.000,267831.00,278,0.1735330836454432,0,2,2,1,1,"2,1",0.25,0.5,0.25,148.0,0.0,57.0,0.25,0.5,0.25,148.0,0.0,1.0,1,0,0,0,0,1,0,0,2,2,0,0,2,2,0,0,0,0,1,44106,0.0,2,147.0,1,1.0,1,148.0,1,23.0,2,2,1.0,2
801,802,4,0,4,0,1,0,1,2,1,1,1,1,1,2,0.07481296758104738,0.4301075268817204,0.014760147601476014,4065.0,271,135.5,54200,8130,103500.000,32350.04890604000000000000000,95316.10743016000000000000000,127666.1563362000000000000000,36664.8436638000000000000000,49300.000,267831.00,279,0.17394014962593515,0,2,2,1,1,"1,2",0.25,0.5,0.25,148.0,0.0,57.0,0.25,0.5,0.25,148.0,0.0,1.0,1,0,0,0,0,1,0,0,2,2,0,0,2,2,0,0,0,0,1,44106,0.0,2,147.0,1,1.0,1,148.0,1,23.0,2,2,1.0,2
802,803,4,0,4,0,1,0,1,2,1,1,1,1,1,2,0.07471980074719801,0.42857142857142855,0.014705882352941176,4080.0,272,136.0,54400,8160,103500.000,32350.04890604000000000000000,95316.10743016000000000000000,127666.1563362000000000000000,36664.8436638000000000000000,49100.000,267831.00,280,0.17434620174346202,0,2,2,1,1,"1,2",0.25,0.5,0.25,148.0,0.0,57.0,0.25,0.5,0.25,148.0,0.0,1.0,1,0,0,0,0,1,0,0,2,2,0,0,2,2,0,0,0,0,1,44106,0.0,2,147.0,1,1.0,1,148.0,1,23.0,2,2,1.0,2
803,804,4,0,4,0,1,0,1,2,1,1,1,1,1,2,0.07462686567164178,0.4270462633451957,0.014652014652014652,4095.0,273,136.5,54600,8190,103500.000,32350.04890604000000000000000,95316.10743016000000000000000,127666.1563362000000000000000,36664.8436638000000000000000,48900.000,267831.00,281,0.17475124378109452,0,2,2,1,1,"1,2",0.25,0.5,0.25,148.0,0.0,57.0,0.25,0.5,0.25,148.0,0.0,1.0,1,0,0,0,0,1,0,0,2,2,0,0,2,2,0,0,0,0,1,44106,0.0,2,147.0,1,1.0,1,148.0,1,23.0,2,2,1.0,2
804,805,4,0,4,0,1,0,1,2,1,1,1,1,1,2,0.07453416149068323,0.425531914893617,0.014598540145985401,4110.0,274,137.0,54800,8220,103500.000,32350.04890604000000000000000,95316.10743016000000000000000,127666.1563362000000000000000,36664.8436638000000000000000,48700.000,267831.00,282,0.17515527950310558,0,2,2,1,1,"2,1",0.25,0.5,0.25,148.0,0.0,57.0,0.25,0.5,0.25,148.0,0.0,1.0,1,0,0,0,0,1,0,0,2,2,0,0,2,2,0,0,0,0,1,44106,0.0,2,147.0,1,1.0,1,148.0,1,23.0,2,2,1.0,2
805,806,4,0,4,0,1,0,1,2,1,1,1,1,1,2,0.07444168734491315,0.42402826855123676,0.014545454545454545,4125.0,275,137.5,55000,8250,103500.000,32350.04890604000000000000000,95316.10743016000000000000000,127666.1563362000000000000000,36664.8436638000000000000000,48500.000,267831.00,283,0.17555831265508684,0,2,2,1,1,"2,1",0.25,0.5,0.25,148.0,0.0,57.0,0.25,0.5,0.25,148.0,0.0,1.0,1,0,0,0,0,1,0,0,2,2,0,0,2,2,0,0,0,0,1,44106,0.0,2,147.0,1,1.0,1,148.0,1,23.0,2,2,1.0,2
806,807,4,0,4,0,1,0,1,2,1,1,1,1,1,2,0.07434944237918216,0.4225352112676056,0.014492753623188406,4140.0,276,138.0,55200,8280,103500.000,32350.04890604000000000000000,95316.10743016000000000000000,127666.1563362000000000000000,36664.8436638000000000000000,48300.000,267831.00,284,0.17596034696406443,0,2,2,1,1,"2,1",0.25,0.5,0.25,148.0,0.0,57.0,0.25,0.5,0.25,148.0,0.0,1.0,1,0,0,0,0,1,0,0,2,2,0,0,2,2,0,0,0,0,1,44106,0.0,2,147.0,1,1.0,1,148.0,1,23.0,2,2,1.0,2
807,808,4,0,4,0,1,0,1,2,1,1,1,1,1,2,0.07425742574257425,0.42105263157894735,0.01444043321299639,4155.0,277,138.5,55400,8310,103500.000,32350.04890604000000000000000,95316.10743016000000000000000,127666.1563362000000000000000,36664.8436638000000000000000,48100.000,267831.00,285,0.17636138613861385,0,2,2,1,1,"2,1",0.25,0.5,0.25,148.0,0.0,57.0,0.25,0.5,0.25,148.0,0.0,1.0,1,0,0,0,0,1,0,0,2,2,0,0,2,2,0,0,0,0,1,44106,0.0,2,147.0,1,1.0,1,148.0,1,23.0,2,2,1.0,2
808,809,4,0,4,0,1,0,1,2,1,1,1,1,1,2,0.07416563658838073,0.4195804195804196,0.014388489208633094,4170.0,278,139.0,55600,8340,103500.000,32350.04890604000000000000000,95316.10743016000000000000000,127666.1563362000000000000000,36664.8436638000000000000000,47900.000,267831.00,286,0.17676143386897405,0,2,2,1,1,"2,1",0.25,0.5,0.25,148.0,0.0,57.0,0.25,0.5,0.25,148.0,0.0,1.0,1,0,0,0,0,1,0,0,2,2,0,0,2,2,0,0,0,0,1,44106,0.0,2,147.0,1,1.0,1,148.0,1,23.0,2,2,1.0,2
809,810,4,0,4,0,1,0,1,2,1,1,1,1,1,2,0.07407407407407407,0.4181184668989547,0.014336917562724014,4185.0,279,139.5,55800,8370,103500.000,32350.04890604000000000000000,95316.10743016000000000000000,127666.1563362000000000000000,36664.8436638000000000000000,47700.000,267831.00,287,0.17716049382716048,0,2,2,1,1,"1,2",0.25,0.5,0.25,148.0,0.0,57.0,0.25,0.5,0.25,148.0,0.0,1.0,1,0,0,0,0,1,0,0,2,2,0,0,2,2,0,0,0,0,1,44106,0.0,2,147.0,1,1.0,1,148.0,1,23.0,2,2,1.0,2
810,811,4,0,4,0,1,0,1,2,1,1,1,1,1,2,0.07398273736128236,0.4166666666666667,0.014285714285714285,4200.0,280,140.0,56000,8400,103500.000,32350.04890604000000000000000,95316.10743016000000000000000,127666.1563362000000000000000,36664.8436638000000000000000,47500.000,267831.00,288,0.17755856966707767,0,2,2,1,1,"2,1",0.25,0.5,0.25,148.0,0.0,57.0,0.25,0.5,0.25,148.0,0.0,1.0,1,0,0,0,0,1,0,0,2,2,0,0,2,2,0,0,0,0,1,44106,0.0,2,147.0,1,1.0,1,148.0,1,23.0,2,2,1.0,2
811,812,4,0,4,0,1,0,1,2,1,1,1,1,1,2,0.07389162561576355,0.4152249134948097,0.014234875444839857,4215.0,281,140.5,56200,8430,103500.000,32350.04890604000000000000000,95316.10743016000000000000000,127666.1563362000000000000000,36664.8436638000000000000000,47300.000,267831.00,289,0.17795566502463053,0,2,2,1,1,"2,1",0.25,0.5,0.25,148.0,0.0,57.0,0.25,0.5,0.25,148.0,0.0,1.0,1,0,0,0,0,1,0,0,2,2,0,0,2,2,0,0,0,0,1,44106,0.0,2,147.0,1,1.0,1,148.0,1,23.0,2,2,1.0,2
812,813,4,0,4,0,1,0,1,2,1,1,1,1,1,2,0.07380073800738007,0.4137931034482759,0.014184397163120567,4230.0,282,141.0,56400,8460,103500.000,32350.04890604000000000000000,95316.10743016000000000000000,127666.1563362000000000000000,36664.8436638000000000000000,47100.000,267831.00,290,0.17835178351783518,0,2,2,1,1,"2,1",0.25,0.5,0.25,148.0,0.0,57.0,0.25,0.5,0.25,148.0,0.0,1.0,1,0,0,0,0,1,0,0,2,2,0,0,2,2,0,0,0,0,1,44106,0.0,2,147.0,1,1.0,1,148.0,1,23.0,2,2,1.0,2
813,814,4,0,4,0,1,0,1,2,1,1,1,1,1,2,0.07371007371007371,0.4123711340206186,0.014134275618374558,4245.0,283,141.5,56600,8490,103500.000,32350.04890604000000000000000,95316.10743016000000000000000,127666.1563362000000000000000,36664.8436638000000000000000,46900.000,267831.00,291,0.17874692874692874,0,2,2,1,1,"2,1",0.25,0.5,0.25,148.0,0.0,57.0,0.25,0.5,0.25,148.0,0.0,1.0,1,0,0,0,0,1,0,0,2,2,0,0,2,2,0,0,0,0,1,44106,0.0,2,147.0,1,1.0,1,148.0,1,23.0,2,2,1.0,2
814,815,4,0,4,0,1,0,1,2,1,1,1,1,1,2,0.07361963190184048,0.4109589041095891,0.014084507042253521,4260.0,284,142.0,56800,8520,103500.000,32350.04890604000000000000000,95316.10743016000000000000000,127666.1563362000000000000000,36664.8436638000000000000000,46700.000,267831.00,292,0.17914110429447852,0,2,2,1,1,"2,1",0.25,0.5,0.25,148.0,0.0,57.0,0.25,0.5,0.25,148.0,0.0,1.0,1,0,0,0,0,1,0,0,2,2,0,0,2,2,0,0,0,0,1,44106,0.0,2,147.0,1,1.0,1,148.0,1,23.0,2,2,1.0,2
815,816,4,0,4,0,1,0,1,2,1,1,1,1,1,2,0.07352941176470588,0.40955631399317405,0.014035087719298246,4275.0,285,142.5,57000,8550,103500.000,32350.04890604000000000000000,95316.10743016000000000000000,127666.1563362000000000000000,36664.8436638000000000000000,46500.000,267831.00,293,0.1795343137254902,0,2,2,1,1,"1,2",0.25,0.5,0.25,148.0,0.0,57.0,0.25,0.5,0.25,148.0,0.0,1.0,1,0,0,0,0,1,0,0,2,2,0,0,2,2,0,0,0,0,1,44106,0.0,2,147.0,1,1.0,1,148.0,1,23.0,2,2,1.0,2
816,817,4,0,4,0,1,0,1,2,1,1,1,1,1,2,0.07343941248470012,0.4081632653061224,0.013986013986013986,4290.0,286,143.0,57200,8580,103500.000,32350.04890604000000000000000,95316.10743016000000000000000,127666.1563362000000000000000,36664.8436638000000000000000,46300.000,267831.00,294,0.1799265605875153,0,2,2,1,1,"2,1",0.25,0.5,0.25,148.0,0.0,57.0,0.25,0.5,0.25,148.0,0.0,1.0,1,0,0,0,0,1,0,0,2,2,0,0,2,2,0,0,0,0,1,44106,0.0,2,147.0,1,1.0,1,148.0,1,23.0,2,2,1.0,2
817,818,4,0,4,0,1,0,1,2,1,1,1,1,1,2,0.07334963325183375,0.4067796610169491,0.013937282229965157,4305.0,287,143.5,57400,8610,103500.000,32350.04890604000000000000000,95316.10743016000000000000000,127666.1563362000000000000000,36664.8436638000000000000000,46100.000,267831.00,295,0.18031784841075796,0,2,2,1,1,"2,1",0.25,0.5,0.25,148.0,0.0,57.0,0.25,0.5,0.25,148.0,0.0,1.0,1,0,0,0,0,1,0,0,2,2,0,0,2,2,0,0,0,0,1,44106,0.0,2,147.0,1,1.0,1,148.0,1,23.0,2,2,1.0,2
818,819,4,0,4,0,1,0,1,2,1,1,1,1,1,2,0.07326007326007326,0.4054054054054054,0.013888888888888888,4320.0,288,144.0,57600,8640,103500.000,32350.04890604000000000000000,95316.10743016000000000000000,127666.1563362000000000000000,36664.8436638000000000000000,45900.000,267831.00,296,0.1807081807081807,0,2,2,1,1,"1,2",0.25,0.5,0.25,148.0,0.0,57.0,0.25,0.5,0.25,148.0,0.0,1.0,1,0,0,0,0,1,0,0,2,2,0,0,2,2,0,0,0,0,1,44106,0.0,2,147.0,1,1.0,1,148.0,1,23.0,2,2,1.0,2
819,820,4,0,4,0,1,0,1,2,1,1,1,1,1,2,0.07317073170731708,0.40404040404040403,0.01384083044982699,4335.0,289,144.5,57800,8670,103500.000,32350.04890604000000000000000,95316.10743016000000000000000,127666.1563362000000000000000,36664.8436638000000000000000,45700.000,267831.00,297,0.18109756097560975,0,2,2,1,1,"1,2",0.25,0.5,0.25,148.0,0.0,57.0,0.25,0.5,0.25,148.0,0.0,1.0,1,0,0,0,0,1,0,0,2,2,0,0,2,2,0,0,0,0,1,44106,0.0,2,147.0,1,1.0,1,148.0,1,23.0,2,2,1.0,2
820,821,4,0,4,0,1,0,1,2,1,1,1,1,1,2,0.0730816077953715,0.40268456375838924,0.013793103448275862,4350.0,290,145.0,58000,8700,103500.000,32350.04890604000000000000000,95316.10743016000000000000000,127666.1563362000000000000000,36664.8436638000000000000000,45500.000,267831.00,298,0.1814859926918392,0,2,2,1,1,"2,1",0.25,0.5,0.25,148.0,0.0,57.0,0.25,0.5,0.25,148.0,0.0,1.0,1,0,0,0,0,1,0,0,2,2,0,0,2,2,0,0,0,0,1,44106,0.0,2,147.0,1,1.0,1,148.0,1,23.0,2,2,1.0,2
821,822,4,0,4,0,1,0,1,2,1,1,1,1,1,2,0.07299270072992702,0.4013377926421405,0.013745704467353952,4365.0,291,145.5,58200,8730,103500.000,32350.04890604000000000000000,95316.10743016000000000000000,127666.1563362000000000000000,36664.8436638000000000000000,45300.000,267831.00,299,0.1818734793187348,0,2,2,1,1,"1,2",0.25,0.5,0.25,148.0,0.0,57.0,0.25,0.5,0.25,148.0,0.0,1.0,1,0,0,0,0,1,0,0,2,2,0,0,2,2,0,0,0,0,1,44106,0.0,2,147.0,1,1.0,1,148.0,1,23.0,2,2,1.0,2
822,823,4,0,4,0,1,0,1,2,1,1,1,1,1,2,0.07290400972053462,0.4,0.0136986301369863,4380.0,292,146.0,58400,8760,103500.000,32350.04890604000000000000000,95316.10743016000000000000000,127666.1563362000000000000000,36664.8436638000000000000000,45100.000,267831.00,300,0.1822600243013366,0,2,2,1,1,"1,2",0.25,0.5,0.25,148.0,0.0,57.0,0.25,0.5,0.25,148.0,0.0,1.0,1,0,0,0,0,1,0,0,2,2,0,0,2,2,0,0,0,0,1,44106,0.0,2,147.0,1,1.0,1,148.0,1,23.0,2,2,1.0,2
823,824,4,0,4,0,0,1,1,2,2,1,1,1,1,2,0.07281553398058253,0.39867109634551495,0.013651877133105802,4395.0,293,146.5,58600,8790,103500.000,32350.04890604000000000000000,95316.10743016000000000000000,127666.1563362000000000000000,36664.8436638000000000000000,44900.000,267831.00,301,0.18264563106796117,0,2,2,1,1,"1,2",0.25,0.5,0.25,148.0,0.0,57.0,0.25,0.5,0.25,148.0,0.0,1.0,2,0,0,0,0,0,0,0,2,2,0,0,2,2,0,0,0,0,1,44106,0.0,2,149.5,2,1.0,1,148.0,1,23.0,2,2,1.0,2
824,825,4,0,4,0,0,0,2,2,2,0,0,2,2,4,0.14545454545454545,0.7973421926910299,0.027303754266211604,2197.5,293,146.5,58600,8790,238050.000,57388.74446394000000000000000,121000.3212631400000000000000,178389.0657270800000000000000,59356.33427292000000000000000,179450.000,475795.40,301,0.18242424242424243,0,2,2,1,1,"2,1",0.5,0.5,0.0,150.5,0.0,62.5,0.5,0.5,0.0,150.5,0.0,1.0,2,0,0,0,0,0,0,0,2,2,0,0,2,2,0,0,0,0,1,44106,0.0,2,149.5,2,1.0,2,150.5,2,23.0,2,2,1.0,2
825,826,4,0,4,0,0,0,2,2,2,0,0,2,2,4,0.14527845036319612,0.7973421926910299,0.027303754266211604,2197.5,293,146.5,58600,8790,238050.000,57388.74446394000000000000000,121000.3212631400000000000000,178389.0657270800000000000000,59356.33427292000000000000000,179450.000,475795.40,301,0.18220338983050846,0,2,2,1,1,"1,2",0.5,0.5,0.0,150.5,0.0,62.5,0.5,0.5,0.0,150.5,0.0,1.0,2,0,0,0,0,0,0,0,2,2,0,0,2,2,0,0,0,0,1,44106,0.0,2,149.5,2,1.0,2,150.5,2,23.0,2,2,1.0,2
826,827,4,0,4,0,0,0,2,2,2,0,0,2,2,4,0.14510278113663846,0.7973421926910299,0.027303754266211604,2197.5,293,146.5,58600,8790,238050.000,57388.74446394000000000000000,121000.3212631400000000000000,178389.0657270800000000000000,59356.33427292000000000000000,179450.000,475795.40,301,0.18198307134220074,0,2,2,1,1,"2,1",0.5,0.5,0.0,150.5,0.0,62.5,0.5,0.5,0.0,150.5,0.0,1.0,2,0,0,0,0,0,0,0,2,2,0,0,2,2,0,0,0,0,1,44106,0.0,2,149.5,2,1.0,2,150.5,2,23.0,2,2,1.0,2
827,828,4,0,4,0,0,0,2,2,2,0,0,2,2,4,0.14492753623188406,0.7973421926910299,0.027303754266211604,2197.5,293,146.5,58600,8790,238050.000,57388.74446394000000000000000,121000.3212631400000000000000,178389.0657270800000000000000,59356.33427292000000000000000,179450.000,475795.40,301,0.1817632850241546,0,2,2,1,1,"2,1",0.5,0.5,0.0,150.5,0.0,62.5,0.5,0.5,0.0,150.5,0.0,1.0,2,0,0,0,0,0,0,0,2,2,0,0,2,2,0,0,0,0,1,44106,0.0,2,149.5,2,1.0,2,150.5,2,23.0,2,2,1.0,2
828,829,4,0,4,0,0,0,2,2,2,0,0,2,2,4,0.14475271411338964,0.7973421926910299,0.027303754266211604,2197.5,293,146.5,58600,8790,238050.000,57388.74446394000000000000000,121000.3212631400000000000000,178389.0657270800000000000000,59356.33427292000000000000000,179450.000,475795.40,301,0.18154402895054284,0,2,2,1,1,"1,2",0.5,0.5,0.0,150.5,0.0,62.5,0.5,0.5,0.0,150.5,0.0,1.0,2,0,0,0,0,0,0,0,2,2,0,0,2,2,0,0,0,0,1,44106,0.0,2,149.5,2,1.0,2,150.5,2,23.0,2,2,1.0,2
829,830,4,0,4,0,0,0,2,2,2,0,0,2,2,4,0.14457831325301204,0.7973421926910299,0.027303754266211604,2197.5,293,146.5,58600,8790,238050.000,57388.74446394000000000000000,121000.3212631400000000000000,178389.0657270800000000000000,59356.33427292000000000000000,179450.000,475795.40,301,0.18132530120481927,0,2,2,1,1,"2,1",0.5,0.5,0.0,150.5,0.0,62.5,0.5,0.5,0.0,150.5,0.0,1.0,2,0,0,0,0,0,0,0,2,2,0,0,2,2,0,0,0,0,1,44106,0.0,2,149.5,2,1.0,2,150.5,2,23.0,2,2,1.0,2
830,831,4,0,4,0,0,0,2,2,2,0,0,2,2,4,0.1444043321299639,0.7973421926910299,0.027303754266211604,2197.5,293,146.5,58600,8790,238050.000,57388.74446394000000000000000,121000.3212631400000000000000,178389.0657270800000000000000,59356.33427292000000000000000,179450.000,475795.40,301,0.18110709987966306,0,2,2,1,1,"2,1",0.5,0.5,0.0,150.5,0.0,62.5,0.5,0.5,0.0,150.5,0.0,1.0,2,0,0,0,0,0,0,0,2,2,0,0,2,2,0,0,0,0,1,44106,0.0,2,149.5,2,1.0,2,150.5,2,23.0,2,2,1.0,2
831,832,5,0,5,0,1,0,2,2,2,1,1,2,2,4,0.14423076923076922,0.794701986754967,0.027303754266211604,2197.5,293,146.5,58600,8790,238050.000,57388.74446394000000000000000,121000.3212631400000000000000,178389.0657270800000000000000,59356.33427292000000000000000,179450.000,475795.40,302,0.1814903846153846,0,2,2,1,1,"1,2",0.4,0.4,0.2,150.5,0.0,62.5,0.4,0.4,0.2,150.5,0.0,1.0,1,1,0,0,0,0,1,0,2,2,1,0,2,2,1,0,0,1,1,44106,0.0,3,149.5,2,1.0,2,150.5,2,23.0,2,2,1.0,2
832,833,5,0,5,0,1,0,2,2,2,1,1,2,2,4,0.14405762304921968,0.7920792079207921,0.027210884353741496,2205.0,294,147.0,58800,8820,238050.000,57388.74446394000000000000000,121000.3212631400000000000000,178389.0657270800000000000000,59356.33427292000000000000000,179250.000,475795.40,303,0.18187274909963985,0,2,2,1,1,"2,1",0.4,0.4,0.2,150.5,0.0,62.5,0.4,0.4,0.2,150.5,0.0,1.0,1,1,0,0,0,0,1,0,2,2,1,0,2,2,1,0,0,1,1,44106,0.0,3,149.5,2,1.0,2,150.5,2,23.0,2,2,1.0,2
833,834,5,0,5,0,1,0,2,2,2,1,1,2,2,4,0.14388489208633093,0.7894736842105263,0.02711864406779661,2212.5,295,147.5,59000,8850,238050.000,57388.74446394000000000000000,121000.3212631400000000000000,178389.0657270800000000000000,59356.33427292000000000000000,179050.000,475795.40,304,0.18225419664268586,0,2,2,1,1,"2,1",0.4,0.4,0.2,150.5,0.0,62.5,0.4,0.4,0.2,150.5,0.0,1.0,1,1,0,0,0,0,1,0,2,2,1,0,2,2,1,0,0,1,1,44106,0.0,3,149.5,2,1.0,2,150.5,2,23.0,2,2,1.0,2
834,835,5,0,5,0,1,0,2,2,2,1,1,2,2,4,0.1437125748502994,0.7868852459016394,0.02702702702702703,2220.0,296,148.0,59200,8880,238050.000,57388.74446394000000000000000,121000.3212631400000000000000,178389.0657270800000000000000,59356.33427292000000000000000,178850.000,475795.40,305,0.18263473053892215,0,2,2,1,1,"1,2",0.4,0.4,0.2,150.5,0.0,62.5,0.4,0.4,0.2,150.5,0.0,1.0,1,1,0,0,0,0,1,0,2,2,1,0,2,2,1,0,0,1,1,44106,0.0,3,149.5,2,1.0,2,150.5,2,23.0,2,2,1.0,2
835,836,5,0,5,0,1,0,2,2,2,1,1,2,2,4,0.14354066985645933,0.7843137254901962,0.026936026936026935,2227.5,297,148.5,59400,8910,238050.000,57388.74446394000000000000000,121000.3212631400000000000000,178389.0657270800000000000000,59356.33427292000000000000000,178650.000,475795.40,306,0.18301435406698566,0,2,2,1,1,"2,1",0.4,0.4,0.2,150.5,0.0,62.5,0.4,0.4,0.2,150.5,0.0,1.0,1,1,0,0,0,0,1,0,2,2,1,0,2,2,1,0,0,1,1,44106,0.0,3,149.5,2,1.0,2,150.5,2,23.0,2,2,1.0,2
836,837,5,0,5,0,1,0,2,2,2,1,1,2,2,4,0.14336917562724016,0.7817589576547231,0.026845637583892617,2235.0,298,149.0,59600,8940,238050.000,57388.74446394000000000000000,121000.3212631400000000000000,178389.0657270800000000000000,59356.33427292000000000000000,178450.000,475795.40,307,0.18339307048984468,0,2,2,1,1,"1,2",0.4,0.4,0.2,150.5,0.0,62.5,0.4,0.4,0.2,150.5,0.0,1.0,1,1,0,0,0,0,1,0,2,2,1,0,2,2,1,0,0,1,1,44106,0.0,3,149.5,2,1.0,2,150.5,2,23.0,2,2,1.0,2
837,838,5,0,5,0,1,0,2,2,2,1,1,2,2,4,0.1431980906921241,0.7792207792207791,0.026755852842809364,2242.5,299,149.5,59800,8970,238050.000,57388.74446394000000000000000,121000.3212631400000000000000,178389.0657270800000000000000,59356.33427292000000000000000,178250.000,475795.40,308,0.18377088305489261,0,2,2,1,1,"1,2",0.4,0.4,0.2,150.5,0.0,62.5,0.4,0.4,0.2,150.5,0.0,1.0,1,1,0,0,0,0,1,0,2,2,1,0,2,2,1,0,0,1,1,44106,0.0,3,149.5,2,1.0,2,150.5,2,23.0,2,2,1.0,2
838,839,5,0,5,0,1,0,2,2,2,1,1,2,2,4,0.1430274135876043,0.7766990291262136,0.02666666666666667,2250.0,300,150.0,60000,9000,238050.000,57388.74446394000000000000000,121000.3212631400000000000000,178389.0657270800000000000000,59356.33427292000000000000000,178050.000,475795.40,309,0.18414779499404052,0,2,2,1,1,"2,1",0.4,0.4,0.2,150.5,0.0,62.5,0.4,0.4,0.2,150.5,0.0,1.0,1,1,0,0,0,0,1,0,2,2,1,0,2,2,1,0,0,1,1,44106,0.0,3,149.5,2,1.0,2,150.5,2,23.0,2,2,1.0,2
839,840,5,0,5,0,1,0,2,2,2,1,1,2,2,4,0.14285714285714285,0.7741935483870968,0.026578073089700997,2257.5,301,150.5,60200,9030,238050.000,57388.74446394000000000000000,121000.3212631400000000000000,178389.0657270800000000000000,59356.33427292000000000000000,177850.000,475795.40,310,0.18452380952380953,0,2,2,1,1,"1,2",0.4,0.4,0.2,150.5,0.0,62.5,0.4,0.4,0.2,150.5,0.0,1.0,1,1,0,0,0,0,1,0,2,2,1,0,2,2,1,0,0,1,1,44106,0.0,3,149.5,2,1.0,2,150.5,2,23.0,2,2,1.0,2
840,841,5,0,5,0,1,0,2,2,2,1,1,2,2,4,0.1426872770511296,0.7717041800643086,0.026490066225165563,2265.0,302,151.0,60400,9060,238050.000,57388.74446394000000000000000,121000.3212631400000000000000,178389.0657270800000000000000,59356.33427292000000000000000,177650.000,475795.40,311,0.1848989298454221,0,2,2,1,1,"2,1",0.4,0.4,0.2,150.5,0.0,62.5,0.4,0.4,0.2,150.5,0.0,1.0,1,1,0,0,0,0,1,0,2,2,1,0,2,2,1,0,0,1,1,44106,0.0,3,149.5,2,1.0,2,150.5,2,23.0,2,2,1.0,2
841,842,5,0,5,0,1,0,2,2,2,1,1,2,2,4,0.14251781472684086,0.7692307692307692,0.026402640264026403,2272.5,303,151.5,60600,9090,238050.000,57388.74446394000000000000000,121000.3212631400000000000000,178389.0657270800000000000000,59356.33427292000000000000000,177450.000,475795.40,312,0.18527315914489312,0,2,2,1,1,"2,1",0.4,0.4,0.2,150.5,0.0,62.5,0.4,0.4,0.2,150.5,0.0,1.0,1,1,0,0,0,0,1,0,2,2,1,0,2,2,1,0,0,1,1,44106,0.0,3,149.5,2,1.0,2,150.5,2,23.0,2,2,1.0,2
842,843,5,0,5,0,1,0,2,2,2,1,1,2,2,4,0.14234875444839856,0.7667731629392971,0.02631578947368421,2280.0,304,152.0,60800,9120,238050.000,57388.74446394000000000000000,121000.3212631400000000000000,178389.0657270800000000000000,59356.33427292000000000000000,177250.000,475795.40,313,0.18564650059311982,0,2,2,1,1,"1,2",0.4,0.4,0.2,150.5,0.0,62.5,0.4,0.4,0.2,150.5,0.0,1.0,1,1,0,0,0,0,1,0,2,2,1,0,2,2,1,0,0,1,1,44106,0.0,3,149.5,2,1.0,2,150.5,2,23.0,2,2,1.0,2
843,844,5,0,5,0,1,0,2,2,2,1,1,2,2,4,0.14218009478672985,0.7643312101910827,0.02622950819672131,2287.5,305,152.5,61000,9150,238050.000,57388.74446394000000000000000,121000.3212631400000000000000,178389.0657270800000000000000,59356.33427292000000000000000,177050.000,475795.40,314,0.18601895734597157,0,2,2,1,1,"1,2",0.4,0.4,0.2,150.5,0.0,62.5,0.4,0.4,0.2,150.5,0.0,1.0,1,1,0,0,0,0,1,0,2,2,1,0,2,2,1,0,0,1,1,44106,0.0,3,149.5,2,1.0,2,150.5,2,23.0,2,2,1.0,2
844,845,5,0,5,0,1,0,2,2,2,1,1,2,2,4,0.14201183431952663,0.7619047619047619,0.026143790849673203,2295.0,306,153.0,61200,9180,238050.000,57388.74446394000000000000000,121000.3212631400000000000000,178389.0657270800000000000000,59356.33427292000000000000000,176850.000,475795.40,315,0.1863905325443787,0,2,2,1,1,"2,1",0.4,0.4,0.2,150.5,0.0,62.5,0.4,0.4,0.2,150.5,0.0,1.0,1,1,0,0,0,0,1,0,2,2,1,0,2,2,1,0,0,1,1,44106,0.0,3,149.5,2,1.0,2,150.5,2,23.0,2,2,1.0,2
845,846,5,0,5,0,1,0,2,2,2,1,1,2,2,4,0.14184397163120568,0.759493670886076,0.026058631921824105,2302.5,307,153.5,61400,9210,238050.000,57388.74446394000000000000000,121000.3212631400000000000000,178389.0657270800000000000000,59356.33427292000000000000000,176650.000,475795.40,316,0.1867612293144208,0,2,2,1,1,"2,1",0.4,0.4,0.2,150.5,0.0,62.5,0.4,0.4,0.2,150.5,0.0,1.0,1,1,0,0,0,0,0,1,2,2,1,0,2,2,1,0,0,1,1,44106,0.0,3,149.5,2,1.0,2,150.5,2,23.0,2,2,1.0,2
846,847,5,0,5,0,1,0,2,2,2,1,1,2,2,4,0.14167650531286893,0.7570977917981073,0.025974025974025976,2310.0,308,154.0,61600,9240,238050.000,57388.74446394000000000000000,121000.3212631400000000000000,178389.0657270800000000000000,59356.33427292000000000000000,176450.000,475795.40,317,0.1871310507674144,0,2,2,1,1,"1,2",0.4,0.4,0.2,150.5,0.0,62.5,0.4,0.4,0.2,150.5,0.0,1.0,1,1,0,0,0,0,0,1,2,2,1,0,2,2,1,0,0,1,1,44106,0.0,3,149.5,2,1.0,2,150.5,2,23.0,2,2,1.0,2
847,848,5,0,5,0,1,0,2,2,2,1,1,2,2,4,0.14150943396226415,0.7547169811320755,0.025889967637540454,2317.5,309,154.5,61800,9270,238050.000,57388.74446394000000000000000,121000.3212631400000000000000,178389.0657270800000000000000,59356.33427292000000000000000,176250.000,475795.40,318,0.1875,0,2,2,1,1,"1,2",0.4,0.4,0.2,150.5,0.0,62.5,0.4,0.4,0.2,150.5,0.0,1.0,1,1,0,0,0,0,0,1,2,2,1,0,2,2,1,0,0,1,1,44106,0.0,3,149.5,2,1.0,2,150.5,2,23.0,2,2,1.0,2
848,849,5,0,5,0,1,0,2,2,2,1,1,2,2,4,0.1413427561837456,0.7523510971786834,0.025806451612903226,2325.0,310,155.0,62000,9300,238050.000,57388.74446394000000000000000,121000.3212631400000000000000,178389.0657270800000000000000,59356.33427292000000000000000,176050.000,475795.40,319,0.1878680800942285,0,2,2,1,1,"2,1",0.4,0.4,0.2,150.5,0.0,62.5,0.4,0.4,0.2,150.5,0.0,1.0,1,1,0,0,0,0,0,1,2,2,1,0,2,2,1,0,0,1,1,44106,0.0,3,149.5,2,1.0,2,150.5,2,23.0,2,2,1.0,2
849,850,5,0,5,0,1,0,2,2,2,1,1,2,2,4,0.1411764705882353,0.75,0.02572347266881029,2332.5,311,155.5,62200,9330,238050.000,57388.74446394000000000000000,121000.3212631400000000000000,178389.0657270800000000000000,59356.33427292000000000000000,175850.000,475795.40,320,0.18823529411764706,0,2,2,1,1,"2,1",0.4,0.4,0.2,150.5,0.0,62.5,0.4,0.4,0.2,150.5,0.0,1.0,1,1,0,0,0,0,0,1,2,2,1,0,2,2,1,0,0,1,1,44106,0.0,3,149.5,2,1.0,2,150.5,2,23.0,2,2,1.0,2
850,851,5,0,5,0,1,0,2,2,2,1,1,2,2,4,0.1410105757931845,0.7476635514018692,0.02564102564102564,2340.0,312,156.0,62400,9360,238050.000,57388.74446394000000000000000,121000.3212631400000000000000,178389.0657270800000000000000,59356.33427292000000000000000,175650.000,475795.40,321,0.18860164512338426,0,2,2,1,1,"2,1",0.4,0.4,0.2,150.5,0.0,62.5,0.4,0.4,0.2,150.5,0.0,1.0,1,1,0,0,0,0,0,1,2,2,1,0,2,2,1,0,0,1,1,44106,0.0,3,149.5,2,1.0,2,150.5,2,23.0,2,2,1.0,2
851,852,5,0,5,0,1,0,2,2,2,1,1,2,2,4,0.14084507042253522,0.7453416149068324,0.025559105431309903,2347.5,313,156.5,62600,9390,238050.000,57388.74446394000000000000000,121000.3212631400000000000000,178389.0657270800000000000000,59356.33427292000000000000000,175450.000,475795.40,322,0.18896713615023475,0,2,2,1,1,"2,1",0.4,0.4,0.2,150.5,0.0,62.5,0.4,0.4,0.2,150.5,0.0,1.0,1,1,0,0,0,0,0,1,2,2,1,0,2,2,1,0,0,1,1,44106,0.0,3,149.5,2,1.0,2,150.5,2,23.0,2,2,1.0,2
852,853,5,0,5,0,1,0,2,2,2,1,1,2,2,4,0.1406799531066823,0.7430340557275541,0.025477707006369428,2355.0,314,157.0,62800,9420,238050.000,57388.74446394000000000000000,121000.3212631400000000000000,178389.0657270800000000000000,59356.33427292000000000000000,175250.000,475795.40,323,0.18933177022274325,0,2,2,1,1,"2,1",0.4,0.4,0.2,150.5,0.0,62.5,0.4,0.4,0.2,150.5,0.0,1.0,1,1,0,0,0,0,0,1,2,2,1,0,2,2,1,0,0,1,1,44106,0.0,3,149.5,2,1.0,2,150.5,2,23.0,2,2,1.0,2
853,854,5,0,5,0,1,0,2,2,2,1,1,2,2,4,0.14051522248243561,0.7407407407407407,0.025396825396825397,2362.5,315,157.5,63000,9450,238050.000,57388.74446394000000000000000,121000.3212631400000000000000,178389.0657270800000000000000,59356.33427292000000000000000,175050.000,475795.40,324,0.18969555035128804,0,2,2,1,1,"1,2",0.4,0.4,0.2,150.5,0.0,62.5,0.4,0.4,0.2,150.5,0.0,1.0,1,1,0,0,0,0,0,1,2,2,1,0,2,2,1,0,0,1,1,44106,0.0,3,149.5,2,1.0,2,150.5,2,23.0,2,2,1.0,2
854,855,5,0,5,0,1,0,2,2,2,1,1,2,2,4,0.14035087719298245,0.7384615384615384,0.02531645569620253,2370.0,316,158.0,63200,9480,238050.000,57388.74446394000000000000000,121000.3212631400000000000000,178389.0657270800000000000000,59356.33427292000000000000000,174850.000,475795.40,325,0.19005847953216373,0,2,2,1,1,"1,2",0.4,0.4,0.2,150.5,0.0,62.5,0.4,0.4,0.2,150.5,0.0,1.0,1,1,0,0,0,0,0,1,2,2,1,0,2,2,1,0,0,1,1,44106,0.0,3,149.5,2,1.0,2,150.5,2,23.0,2,2,1.0,2
855,856,5,0,5,0,1,0,2,2,2,1,1,2,2,4,0.14018691588785046,0.7361963190184049,0.025236593059936908,2377.5,317,158.5,63400,9510,238050.000,57388.74446394000000000000000,121000.3212631400000000000000,178389.0657270800000000000000,59356.33427292000000000000000,174650.000,475795.40,326,0.19042056074766356,0,2,2,1,1,"1,2",0.4,0.4,0.2,150.5,0.0,62.5,0.4,0.4,0.2,150.5,0.0,1.0,1,1,0,0,0,0,0,1,2,2,1,0,2,2,1,0,0,1,1,44106,0.0,3,149.5,2,1.0,2,150.5,2,23.0,2,2,1.0,2
856,857,5,0,5,0,1,0,2,2,2,1,1,2,2,4,0.14002333722287047,0.7339449541284403,0.025157232704402517,2385.0,318,159.0,63600,9540,238050.000,57388.74446394000000000000000,121000.3212631400000000000000,178389.0657270800000000000000,59356.33427292000000000000000,174450.000,475795.40,327,0.19078179696616102,0,2,2,1,1,"1,2",0.4,0.4,0.2,150.5,0.0,62.5,0.4,0.4,0.2,150.5,0.0,1.0,1,0,1,0,0,0,0,1,2,2,1,0,2,2,1,0,0,1,1,44106,0.0,3,149.5,2,1.0,2,150.5,2,23.0,2,2,1.0,2
857,858,5,0,5,0,1,0,2,2,2,1,1,2,2,4,0.13986013986013984,0.7317073170731707,0.025157232704402517,2385.0,318,159.0,63600,9540,238050.000,57388.74446394000000000000000,121000.3212631400000000000000,178389.0657270800000000000000,59356.33427292000000000000000,174450.000,475795.40,328,0.19114219114219114,0,3,2,1,1,"1,2",0.4,0.4,0.2,150.5,0.0,62.5,0.4,0.4,0.2,150.5,0.0,1.0,1,0,1,0,0,0,0,1,2,2,1,0,2,2,1,0,0,1,1,44106,0.0,3,149.5,2,1.0,2,150.5,2,23.0,2,2,1.0,2
858,859,5,0,5,0,1,0,2,2,2,1,1,2,2,4,0.13969732246798602,0.729483282674772,0.025157232704402517,2385.0,318,159.0,63600,9540,238050.000,57388.74446394000000000000000,121000.3212631400000000000000,178389.0657270800000000000000,59356.33427292000000000000000,174450.000,475795.40,329,0.19150174621653085,0,4,2,1,1,"1,2",0.4,0.4,0.2,150.5,0.0,62.5,0.4,0.4,0.2,150.5,0.0,1.0,1,0,1,0,0,0,0,1,2,2,1,0,2,2,1,0,0,1,1,44106,0.0,3,149.5,2,1.0,2,150.5,2,23.0,2,2,1.0,2
859,860,5,0,5,0,1,0,2,2,2,1,1,2,2,4,0.13953488372093023,0.7272727272727273,0.025157232704402517,2385.0,318,159.0,63600,9540,238050.000,57388.74446394000000000000000,121000.3212631400000000000000,178389.0657270800000000000000,59356.33427292000000000000000,174450.000,475795.40,330,0.19186046511627908,0,5,2,1,1,"2,1",0.4,0.4,0.2,150.5,0.0,62.5,0.4,0.4,0.2,150.5,0.0,1.0,1,0,1,0,0,0,0,1,2,2,1,0,2,2,1,0,0,1,1,44106,0.0,3,149.5,2,1.0,2,150.5,2,23.0,2,2,1.0,2
860,861,5,0,5,0,1,0,2,2,2,1,1,2,2,4,0.13937282229965156,0.7250755287009063,0.025157232704402517,2385.0,318,159.0,63600,9540,238050.000,57388.74446394000000000000000,121000.3212631400000000000000,178389.0657270800000000000000,59356.33427292000000000000000,174450.000,475795.40,331,0.19221835075493612,0,6,2,1,1,"1,2",0.4,0.4,0.2,150.5,0.0,62.5,0.4,0.4,0.2,150.5,0.0,1.0,1,0,1,0,0,0,0,1,2,2,1,0,2,2,1,0,0,1,1,44106,0.0,3,149.5,2,1.0,2,150.5,2,23.0,2,2,1.0,2
861,862,5,0,5,0,1,0,2,2,2,1,1,2,2,4,0.13921113689095127,0.7228915662650602,0.025157232704402517,2385.0,318,159.0,63600,9540,238050.000,57388.74446394000000000000000,121000.3212631400000000000000,178389.0657270800000000000000,59356.33427292000000000000000,174450.000,475795.40,332,0.1925754060324826,0,7,2,1,1,"1,2",0.4,0.4,0.2,150.5,0.0,62.5,0.4,0.4,0.2,150.5,0.0,1.0,1,0,1,0,0,0,0,1,2,2,1,0,2,2,1,0,0,1,1,44106,0.0,3,149.5,2,1.0,2,150.5,2,23.0,2,2,1.0,2
862,863,5,0,5,0,1,0,2,2,2,1,1,2,2,4,0.13904982618771727,0.7207207207207208,0.025157232704402517,2385.0,318,159.0,63600,9540,238050.000,57388.74446394000000000000000,121000.3212631400000000000000,178389.0657270800000000000000,59356.33427292000000000000000,174450.000,475795.40,333,0.1929316338354577,0,8,2,1,1,"2,1",0.4,0.4,0.2,150.5,0.0,62.5,0.4,0.4,0.2,150.5,0.0,1.0,1,0,1,0,0,0,0,1,2,2,1,0,2,2,1,0,0,1,1,44106,0.0,3,149.5,2,1.0,2,150.5,2,23.0,2,2,1.0,2
863,864,5,0,5,0,1,0,2,2,2,1,1,2,2,4,0.1388888888888889,0.718562874251497,0.025157232704402517,2385.0,318,159.0,63600,9540,238050.000,57388.74446394000000000000000,121000.3212631400000000000000,178389.0657270800000000000000,59356.33427292000000000000000,174450.000,475795.40,334,0.19328703703703703,0,9,2,1,1,"2,1",0.4,0.4,0.2,150.5,0.0,62.5,0.4,0.4,0.2,150.5,0.0,1.0,1,0,1,0,0,0,0,1,2,2,1,0,2,2,1,0,0,1,1,44106,0.0,3,149.5,2,1.0,2,150.5,2,23.0,2,2,1.0,2
864,865,5,0,5,0,1,0,2,2,2,1,1,2,2,4,0.13872832369942198,0.7164179104477613,0.025157232704402517,2385.0,318,159.0,63600,9540,238050.000,57388.74446394000000000000000,121000.3212631400000000000000,178389.0657270800000000000000,59356.33427292000000000000000,174450.000,475795.40,335,0.1936416184971098,0,10,2,1,1,"2,1",0.4,0.4,0.2,150.5,0.0,62.5,0.4,0.4,0.2,150.5,0.0,1.0,1,0,1,0,0,0,0,1,2,2,1,0,2,2,1,0,0,1,1,44106,0.0,3,149.5,2,1.0,2,150.5,2,23.0,2,2,1.0,2
865,866,5,0,5,0,1,0,2,2,2,1,1,2,2,4,0.13856812933025403,0.7142857142857143,0.025157232704402517,2385.0,318,159.0,63600,9540,238050.000,57388.74446394000000000000000,121000.3212631400000000000000,178389.0657270800000000000000,59356.33427292000000000000000,174450.000,475795.40,336,0.19399538106235567,0,11,2,1,1,"2,1",0.4,0.4,0.2,150.5,0.0,62.5,0.4,0.4,0.2,150.5,0.0,1.0,1,0,1,0,0,0,0,1,2,2,1,0,2,2,1,0,0,1,1,44106,0.0,3,149.5,2,1.0,2,150.5,2,23.0,2,2,1.0,2
866,867,5,0,5,0,1,0,2,2,2,1,1,2,2,4,0.1384083044982699,0.712166172106825,0.025157232704402517,2385.0,318,159.0,63600,9540,238050.000,57388.74446394000000000000000,121000.3212631400000000000000,178389.0657270800000000000000,59356.33427292000000000000000,174450.000,475795.40,337,0.19434832756632064,0,12,2,1,1,"2,1",0.4,0.4,0.2,150.5,0.0,62.5,0.4,0.4,0.2,150.5,0.0,1.0,1,0,1,0,0,0,0,1,2,2,1,0,2,2,1,0,0,1,1,44106,0.0,3,149.5,2,1.0,2,150.5,2,23.0,2,2,1.0,2
867,868,5,0,5,0,1,0,2,2,2,1,1,2,2,4,0.1382488479262673,0.7100591715976331,0.025157232704402517,2385.0,318,159.0,63600,9540,238050.000,57388.74446394000000000000000,121000.3212631400000000000000,178389.0657270800000000000000,59356.33427292000000000000000,174450.000,475795.40,338,0.19470046082949308,0,13,2,1,1,"2,1",0.4,0.4,0.2,150.5,0.0,62.5,0.4,0.4,0.2,150.5,0.0,1.0,1,0,1,0,0,0,0,1,2,2,1,0,2,2,1,0,0,1,1,44106,0.0,3,149.5,2,1.0,2,150.5,2,23.0,2,2,1.0,2
868,869,5,0,5,0,1,0,2,2,2,1,1,2,2,4,0.13808975834292292,0.7079646017699115,0.025157232704402517,2385.0,318,159.0,63600,9540,238050.000,57388.74446394000000000000000,121000.3212631400000000000000,178389.0657270800000000000000,59356.33427292000000000000000,174450.000,475795.40,339,0.19505178365937859,0,14,2,1,1,"1,2",0.4,0.4,0.2,150.5,0.0,62.5,0.4,0.4,0.2,150.5,0.0,1.0,1,0,1,0,0,0,0,1,2,2,1,0,2,2,1,0,0,1,1,44106,0.0,3,149.5,2,1.0,2,150.5,2,23.0,2,2,1.0,2
869,870,5,0,5,0,1,0,2,2,2,1,1,2,2,4,0.13793103448275862,0.7058823529411764,0.025157232704402517,2385.0,318,159.0,63600,9540,238050.000,57388.74446394000000000000000,121000.3212631400000000000000,178389.0657270800000000000000,59356.33427292000000000000000,174450.000,475795.40,340,0.19540229885057472,0,15,2,1,1,"2,1",0.4,0.4,0.2,150.5,0.0,62.5,0.4,0.4,0.2,150.5,0.0,1.0,1,0,1,0,0,0,0,1,2,2,1,0,2,2,1,0,0,1,1,44106,0.0,3,149.5,2,1.0,2,150.5,2,23.0,2,2,1.0,2
870,871,5,0,5,0,1,0,2,2,2,1,1,2,2,4,0.1377726750861079,0.7038123167155425,0.025157232704402517,2385.0,318,159.0,63600,9540,238050.000,57388.74446394000000000000000,121000.3212631400000000000000,178389.0657270800000000000000,59356.33427292000000000000000,174450.000,475795.40,341,0.195752009184845,0,16,2,1,1,"1,2",0.4,0.4,0.2,150.5,0.0,62.5,0.4,0.4,0.2,150.5,0.0,1.0,1,0,1,0,0,0,0,1,2,2,1,0,2,2,1,0,0,1,1,44106,0.0,3,149.5,2,1.0,2,150.5,2,23.0,2,2,1.0,2
871,872,5,0,5,0,1,0,2,2,2,1,1,2,2,4,0.13761467889908258,0.7017543859649122,0.025157232704402517,2385.0,318,159.0,63600,9540,238050.000,57388.74446394000000000000000,121000.3212631400000000000000,178389.0657270800000000000000,59356.33427292000000000000000,174450.000,475795.40,342,0.19610091743119265,0,17,2,1,1,"2,1",0.4,0.4,0.2,150.5,0.0,62.5,0.4,0.4,0.2,150.5,0.0,1.0,1,0,1,0,0,0,0,1,2,2,1,0,2,2,1,0,0,1,1,44106,0.0,3,149.5,2,1.0,2,150.5,2,23.0,2,2,1.0,2
872,873,5,0,5,0,1,0,2,2,2,1,1,2,2,4,0.1374570446735395,0.6997084548104956,0.025157232704402517,2385.0,318,159.0,63600,9540,238050.000,57388.74446394000000000000000,121000.3212631400000000000000,178389.0657270800000000000000,59356.33427292000000000000000,174450.000,475795.40,343,0.19644902634593356,0,18,2,1,1,"2,1",0.4,0.4,0.2,150.5,0.0,62.5,0.4,0.4,0.2,150.5,0.0,1.0,1,0,1,0,0,0,0,1,2,2,1,0,2,2,1,0,0,1,1,44106,0.0,3,149.5,2,1.0,2,150.5,2,23.0,2,2,1.0,2
873,874,5,0,5,0,1,0,2,2,2,1,1,2,2,4,0.13729977116704806,0.6976744186046512,0.025157232704402517,2385.0,318,159.0,63600,9540,238050.000,57388.74446394000000000000000,121000.3212631400000000000000,178389.0657270800000000000000,59356.33427292000000000000000,174450.000,475795.40,344,0.19679633867276888,0,19,2,1,1,"1,2",0.4,0.4,0.2,150.5,0.0,62.5,0.4,0.4,0.2,150.5,0.0,1.0,1,0,1,0,0,0,0,1,2,2,1,0,2,2,1,0,0,1,1,44106,0.0,3,149.5,2,1.0,2,150.5,2,23.0,2,2,1.0,2
874,875,5,0,5,0,1,0,2,2,2,1,1,2,2,4,0.13714285714285715,0.6956521739130435,0.025157232704402517,2385.0,318,159.0,63600,9540,238050.000,57388.74446394000000000000000,121000.3212631400000000000000,178389.0657270800000000000000,59356.33427292000000000000000,174450.000,475795.40,345,0.19714285714285715,0,20,2,1,1,"1,2",0.4,0.4,0.2,150.5,0.0,62.5,0.4,0.4,0.2,150.5,0.0,1.0,1,0,1,0,0,0,0,1,2,2,1,0,2,2,1,0,0,1,1,44106,0.0,3,149.5,2,1.0,2,150.5,2,23.0,2,2,1.0,2
875,876,5,0,5,0,1,0,2,2,2,1,1,2,2,4,0.136986301369863,0.6936416184971098,0.025157232704402517,2385.0,318,159.0,63600,9540,238050.000,57388.74446394000000000000000,121000.3212631400000000000000,178389.0657270800000000000000,59356.33427292000000000000000,174450.000,475795.40,346,0.19748858447488585,0,21,2,1,1,"1,2",0.4,0.4,0.2,150.5,0.0,62.5,0.4,0.4,0.2,150.5,0.0,1.0,1,0,1,0,0,0,0,1,2,2,1,0,2,2,1,0,0,1,1,44106,0.0,3,149.5,2,1.0,2,150.5,2,23.0,2,2,1.0,2
876,877,5,0,5,0,1,0,2,2,2,1,1,2,2,4,0.13683010262257697,0.69164265129683,0.025157232704402517,2385.0,318,159.0,63600,9540,238050.000,57388.74446394000000000000000,121000.3212631400000000000000,178389.0657270800000000000000,59356.33427292000000000000000,174450.000,475795.40,347,0.19783352337514254,0,22,2,1,1,"1,2",0.4,0.4,0.2,150.5,0.0,62.5,0.4,0.4,0.2,150.5,0.0,1.0,1,0,1,0,0,0,0,1,2,2,1,0,2,2,1,0,0,1,1,44106,0.0,3,149.5,2,1.0,2,150.5,2,23.0,2,2,1.0,2
877,878,5,0,5,0,1,0,2,2,2,1,1,2,2,4,0.1366742596810934,0.6896551724137931,0.025157232704402517,2385.0,318,159.0,63600,9540,238050.000,57388.74446394000000000000000,121000.3212631400000000000000,178389.0657270800000000000000,59356.33427292000000000000000,174450.000,475795.40,348,0.19817767653758542,0,23,2,1,1,"1,2",0.4,0.4,0.2,150.5,0.0,62.5,0.4,0.4,0.2,150.5,0.0,1.0,1,0,1,0,0,0,0,1,2,2,1,0,2,2,1,0,0,1,1,44106,0.0,3,149.5,2,1.0,2,150.5,2,23.0,2,2,1.0,2
878,879,5,0,5,0,1,0,2,2,2,1,1,2,2,4,0.13651877133105803,0.6876790830945559,0.025157232704402517,2385.0,318,159.0,63600,9540,238050.000,57388.74446394000000000000000,121000.3212631400000000000000,178389.0657270800000000000000,59356.33427292000000000000000,174450.000,475795.40,349,0.19852104664391354,0,24,2,1,1,"2,1",0.4,0.4,0.2,150.5,0.0,62.5,0.4,0.4,0.2,150.5,0.0,1.0,1,0,1,0,0,0,0,1,2,2,1,0,2,2,1,0,0,1,1,44106,0.0,3,149.5,2,1.0,2,150.5,2,23.0,2,2,1.0,2
879,880,5,0,5,0,1,0,2,2,2,1,1,2,2,4,0.13636363636363638,0.6857142857142857,0.025157232704402517,2385.0,318,159.0,63600,9540,238050.000,57388.74446394000000000000000,121000.3212631400000000000000,178389.0657270800000000000000,59356.33427292000000000000000,174450.000,475795.40,350,0.19886363636363635,0,25,2,1,1,"2,1",0.4,0.4,0.2,150.5,0.0,62.5,0.4,0.4,0.2,150.5,0.0,1.0,1,0,1,0,0,0,0,1,2,2,1,0,2,2,1,0,0,1,1,44106,0.0,3,149.5,2,1.0,2,150.5,2,23.0,2,2,1.0,2
880,881,6,0,6,0,2,0,2,2,2,2,2,2,2,4,0.1362088535754824,0.6818181818181819,0.025157232704402517,2385.0,318,159.0,63600,9540,238050.000,57388.74446394000000000000000,121000.3212631400000000000000,178389.0657270800000000000000,59356.33427292000000000000000,174450.000,475795.40,352,0.19977298524404086,0,26,2,1,1,"2,1",0.3333333333333333,0.3333333333333333,0.3333333333333333,150.5,0.0,62.5,0.3333333333333333,0.3333333333333333,0.3333333333333333,150.5,0.0,1.0,0,1,1,0,0,0,1,1,2,2,2,0,2,2,2,0,0,2,1,44106,0.0,4,149.5,2,1.0,2,150.5,2,23.0,2,2,1.0,2
881,882,6,0,6,0,2,0,2,2,2,2,2,2,2,4,0.1360544217687075,0.6779661016949152,0.025078369905956112,2392.5,319,159.5,63800,9570,238050.000,57388.74446394000000000000000,121000.3212631400000000000000,178389.0657270800000000000000,59356.33427292000000000000000,174250.000,475795.40,354,0.20068027210884354,0,27,2,1,1,"2,1",0.3333333333333333,0.3333333333333333,0.3333333333333333,150.5,0.0,62.5,0.3333333333333333,0.3333333333333333,0.3333333333333333,150.5,0.0,1.0,0,1,1,0,0,0,1,1,2,2,2,0,2,2,2,0,0,2,1,44106,0.0,4,149.5,2,1.0,2,150.5,2,23.0,2,2,1.0,2
882,883,6,0,6,0,2,0,2,2,2,2,2,2,2,4,0.13590033975084936,0.6741573033707865,0.025,2400.0,320,160.0,64000,9600,238050.000,57388.74446394000000000000000,121000.3212631400000000000000,178389.0657270800000000000000,59356.33427292000000000000000,174050.000,475795.40,356,0.2015855039637599,0,28,2,1,1,"1,2",0.3333333333333333,0.3333333333333333,0.3333333333333333,150.5,0.0,62.5,0.3333333333333333,0.3333333333333333,0.3333333333333333,150.5,0.0,1.0,0,1,1,0,0,0,1,1,2,2,2,0,2,2,2,0,0,2,1,44106,0.0,4,149.5,2,1.0,2,150.5,2,23.0,2,2,1.0,2
883,884,6,0,6,0,2,0,2,2,2,2,2,2,2,4,0.13574660633484165,0.6703910614525139,0.024922118380062305,2407.5,321,160.5,64200,9630,238050.000,57388.74446394000000000000000,121000.3212631400000000000000,178389.0657270800000000000000,59356.33427292000000000000000,173850.000,475795.40,358,0.20248868778280543,0,29,2,1,1,"2,1",0.3333333333333333,0.3333333333333333,0.3333333333333333,150.5,0.0,62.5,0.3333333333333333,0.3333333333333333,0.3333333333333333,150.5,0.0,1.0,0,1,1,0,0,0,1,1,2,2,2,0,2,2,2,0,0,2,1,44106,0.0,4,149.5,2,1.0,2,150.5,2,23.0,2,2,1.0,2
884,885,6,0,6,0,2,0,2,2,2,2,2,2,2,4,0.13559322033898305,0.6666666666666666,0.024844720496894408,2415.0,322,161.0,64400,9660,238050.000,57388.74446394000000000000000,121000.3212631400000000000000,178389.0657270800000000000000,59356.33427292000000000000000,173650.000,475795.40,360,0.2033898305084746,0,30,2,1,1,"2,1",0.3333333333333333,0.3333333333333333,0.3333333333333333,150.5,0.0,62.5,0.3333333333333333,0.3333333333333333,0.3333333333333333,150.5,0.0,1.0,0,1,1,0,0,0,1,1,2,2,2,0,2,2,2,0,0,2,1,44106,0.0,4,149.5,2,1.0,2,150.5,2,23.0,2,2,1.0,2
885,886,6,0,6,0,2,0,2,2,2,2,2,2,2,4,0.13544018058690743,0.6629834254143646,0.02476780185758514,2422.5,323,161.5,64600,9690,238050.000,57388.74446394000000000000000,121000.3212631400000000000000,178389.0657270800000000000000,59356.33427292000000000000000,173450.000,475795.40,362,0.20428893905191872,0,31,2,1,1,"1,2",0.3333333333333333,0.3333333333333333,0.3333333333333333,150.5,0.0,62.5,0.3333333333333333,0.3333333333333333,0.3333333333333333,150.5,0.0,1.0,0,1,1,0,0,0,1,1,2,2,2,0,2,2,2,0,0,2,1,44106,0.0,4,149.5,2,1.0,2,150.5,2,23.0,2,2,1.0,2
886,887,6,0,6,0,2,0,2,2,2,2,2,2,2,4,0.13528748590755355,0.6593406593406593,0.024691358024691357,2430.0,324,162.0,64800,9720,238050.000,57388.74446394000000000000000,121000.3212631400000000000000,178389.0657270800000000000000,59356.33427292000000000000000,173250.000,475795.40,364,0.20518602029312288,0,32,2,1,1,"1,2",0.3333333333333333,0.3333333333333333,0.3333333333333333,150.5,0.0,62.5,0.3333333333333333,0.3333333333333333,0.3333333333333333,150.5,0.0,1.0,0,1,1,0,0,0,1,1,2,2,2,0,2,2,2,0,0,2,1,44106,0.0,4,149.5,2,1.0,2,150.5,2,23.0,2,2,1.0,2
887,888,6,0,6,0,2,0,2,2,2,2,2,2,2,4,0.13513513513513511,0.6557377049180328,0.024615384615384615,2437.5,325,162.5,65000,9750,238050.000,57388.74446394000000000000000,121000.3212631400000000000000,178389.0657270800000000000000,59356.33427292000000000000000,173050.000,475795.40,366,0.20608108108108109,0,33,2,1,1,"1,2",0.3333333333333333,0.3333333333333333,0.3333333333333333,150.5,0.0,62.5,0.3333333333333333,0.3333333333333333,0.3333333333333333,150.5,0.0,1.0,0,1,1,0,0,0,1,1,2,2,2,0,2,2,2,0,0,2,1,44106,0.0,4,149.5,2,1.0,2,150.5,2,23.0,2,2,1.0,2
888,889,6,0,6,0,2,0,2,2,2,2,2,2,2,4,0.13498312710911137,0.6521739130434783,0.024539877300613498,2445.0,326,163.0,65200,9780,238050.000,57388.74446394000000000000000,121000.3212631400000000000000,178389.0657270800000000000000,59356.33427292000000000000000,172850.000,475795.40,368,0.20697412823397077,0,34,2,1,1,"1,2",0.3333333333333333,0.3333333333333333,0.3333333333333333,150.5,0.0,62.5,0.3333333333333333,0.3333333333333333,0.3333333333333333,150.5,0.0,1.0,0,1,1,0,0,0,1,1,2,2,2,0,2,2,2,0,0,2,1,44106,0.0,4,149.5,2,1.0,2,150.5,2,23.0,2,2,1.0,2
889,890,6,0,6,0,2,0,2,2,2,2,2,2,2,4,0.1348314606741573,0.6486486486486486,0.024464831804281346,2452.5,327,163.5,65400,9810,238050.000,57388.74446394000000000000000,121000.3212631400000000000000,178389.0657270800000000000000,59356.33427292000000000000000,172650.000,475795.40,370,0.20786516853932585,0,35,2,1,1,"2,1",0.3333333333333333,0.3333333333333333,0.3333333333333333,150.5,0.0,62.5,0.3333333333333333,0.3333333333333333,0.3333333333333333,150.5,0.0,1.0,0,1,1,0,0,0,1,1,2,2,2,0,2,2,2,0,0,2,1,44106,0.0,4,149.5,2,1.0,2,150.5,2,23.0,2,2,1.0,2
890,891,6,0,6,0,2,0,2,2,2,2,2,2,2,4,0.13468013468013468,0.6451612903225806,0.024390243902439025,2460.0,328,164.0,65600,9840,238050.000,57388.74446394000000000000000,121000.3212631400000000000000,178389.0657270800000000000000,59356.33427292000000000000000,172450.000,475795.40,372,0.20875420875420875,0,36,2,1,1,"2,1",0.3333333333333333,0.3333333333333333,0.3333333333333333,150.5,0.0,62.5,0.3333333333333333,0.3333333333333333,0.3333333333333333,150.5,0.0,1.0,0,1,1,0,0,0,1,1,2,2,2,0,2,2,2,0,0,2,1,44106,0.0,4,149.5,2,1.0,2,150.5,2,23.0,2,2,1.0,2
891,892,6,0,6,0,2,0,2,2,2,2,2,2,2,4,0.13452914798206278,0.6417112299465241,0.0243161094224924,2467.5,329,164.5,65800,9870,238050.000,57388.74446394000000000000000,121000.3212631400000000000000,178389.0657270800000000000000,59356.33427292000000000000000,172250.000,475795.40,374,0.20964125560538116,0,37,2,1,1,"2,1",0.3333333333333333,0.3333333333333333,0.3333333333333333,150.5,0.0,62.5,0.3333333333333333,0.3333333333333333,0.3333333333333333,150.5,0.0,1.0,0,1,1,0,0,0,0,2,2,2,2,0,2,2,2,0,0,2,1,44106,0.0,4,149.5,2,1.0,2,150.5,2,23.0,2,2,1.0,2
892,893,6,0,6,0,2,0,2,2,2,2,2,2,2,4,0.1343784994400896,0.6382978723404256,0.024242424242424242,2475.0,330,165.0,66000,9900,238050.000,57388.74446394000000000000000,121000.3212631400000000000000,178389.0657270800000000000000,59356.33427292000000000000000,172050.000,475795.40,376,0.21052631578947367,0,38,2,1,1,"1,2",0.3333333333333333,0.3333333333333333,0.3333333333333333,150.5,0.0,62.5,0.3333333333333333,0.3333333333333333,0.3333333333333333,150.5,0.0,1.0,0,1,1,0,0,0,0,2,2,2,2,0,2,2,2,0,0,2,1,44106,0.0,4,149.5,2,1.0,2,150.5,2,23.0,2,2,1.0,2
893,894,6,0,6,0,2,0,2,2,2,2,2,2,2,4,0.1342281879194631,0.6349206349206349,0.02416918429003021,2482.5,331,165.5,66200,9930,238050.000,57388.74446394000000000000000,121000.3212631400000000000000,178389.0657270800000000000000,59356.33427292000000000000000,171850.000,475795.40,378,0.21140939597315436,0,39,2,1,1,"1,2",0.3333333333333333,0.3333333333333333,0.3333333333333333,150.5,0.0,62.5,0.3333333333333333,0.3333333333333333,0.3333333333333333,150.5,0.0,1.0,0,1,1,0,0,0,0,2,2,2,2,0,2,2,2,0,0,2,1,44106,0.0,4,149.5,2,1.0,2,150.5,2,23.0,2,2,1.0,2
894,895,6,0,6,0,2,0,2,2,2,2,2,2,2,4,0.1340782122905028,0.6315789473684211,0.024096385542168676,2490.0,332,166.0,66400,9960,238050.000,57388.74446394000000000000000,121000.3212631400000000000000,178389.0657270800000000000000,59356.33427292000000000000000,171650.000,475795.40,380,0.2122905027932961,0,40,2,1,1,"2,1",0.3333333333333333,0.3333333333333333,0.3333333333333333,150.5,0.0,62.5,0.3333333333333333,0.3333333333333333,0.3333333333333333,150.5,0.0,1.0,0,1,1,0,0,0,0,2,2,2,2,0,2,2,2,0,0,2,1,44106,0.0,4,149.5,2,1.0,2,150.5,2,23.0,2,2,1.0,2
895,896,6,0,6,0,2,0,2,2,2,2,2,2,2,4,0.13392857142857142,0.6282722513089005,0.024024024024024024,2497.5,333,166.5,66600,9990,238050.000,57388.74446394000000000000000,121000.3212631400000000000000,178389.0657270800000000000000,59356.33427292000000000000000,171450.000,475795.40,382,0.21316964285714285,0,41,2,1,1,"2,1",0.3333333333333333,0.3333333333333333,0.3333333333333333,150.5,0.0,62.5,0.3333333333333333,0.3333333333333333,0.3333333333333333,150.5,0.0,1.0,0,1,1,0,0,0,0,2,2,2,2,0,2,2,2,0,0,2,1,44106,0.0,4,149.5,2,1.0,2,150.5,2,23.0,2,2,1.0,2
896,897,6,0,6,0,2,0,2,2,2,2,2,2,2,4,0.13377926421404682,0.625,0.023952095808383235,2505.0,334,167.0,66800,10020,238050.000,57388.74446394000000000000000,121000.3212631400000000000000,178389.0657270800000000000000,59356.33427292000000000000000,171250.000,475795.40,384,0.2140468227424749,0,42,2,1,1,"2,1",0.3333333333333333,0.3333333333333333,0.3333333333333333,150.5,0.0,62.5,0.3333333333333333,0.3333333333333333,0.3333333333333333,150.5,0.0,1.0,0,1,1,0,0,0,0,2,2,2,2,0,2,2,2,0,0,2,1,44106,0.0,4,149.5,2,1.0,2,150.5,2,23.0,2,2,1.0,2
897,898,6,0,6,0,2,0,2,2,2,2,2,2,2,4,0.13363028953229397,0.6217616580310881,0.023880597014925373,2512.5,335,167.5,67000,10050,238050.000,57388.74446394000000000000000,121000.3212631400000000000000,178389.0657270800000000000000,59356.33427292000000000000000,171050.000,475795.40,386,0.21492204899777284,0,43,2,1,1,"2,1",0.3333333333333333,0.3333333333333333,0.3333333333333333,150.5,0.0,62.5,0.3333333333333333,0.3333333333333333,0.3333333333333333,150.5,0.0,1.0,0,1,1,0,0,0,0,2,2,2,2,0,2,2,2,0,0,2,1,44106,0.0,4,149.5,2,1.0,2,150.5,2,23.0,2,2,1.0,2
898,899,6,0,6,0,2,0,2,2,2,2,2,2,2,4,0.13348164627363737,0.6185567010309279,0.023809523809523808,2520.0,336,168.0,67200,10080,238050.000,57388.74446394000000000000000,121000.3212631400000000000000,178389.0657270800000000000000,59356.33427292000000000000000,170850.000,475795.40,388,0.21579532814238042,0,44,2,1,1,"1,2",0.3333333333333333,0.3333333333333333,0.3333333333333333,150.5,0.0,62.5,0.3333333333333333,0.3333333333333333,0.3333333333333333,150.5,0.0,1.0,0,1,1,0,0,0,0,2,2,2,2,0,2,2,2,0,0,2,1,44106,0.0,4,149.5,2,1.0,2,150.5,2,23.0,2,2,1.0,2
899,900,6,0,6,0,2,0,2,2,2,2,2,2,2,4,0.13333333333333333,0.6153846153846154,0.02373887240356083,2527.5,337,168.5,67400,10110,238050.000,57388.74446394000000000000000,121000.3212631400000000000000,178389.0657270800000000000000,59356.33427292000000000000000,170650.000,475795.40,390,0.21666666666666667,0,45,2,1,1,"2,1",0.3333333333333333,0.3333333333333333,0.3333333333333333,150.5,0.0,62.5,0.3333333333333333,0.3333333333333333,0.3333333333333333,150.5,0.0,1.0,0,1,1,0,0,0,0,2,2,2,2,0,2,2,2,0,0,2,1,44106,0.0,4,149.5,2,1.0,2,150.5,2,23.0,2,2,1.0,2
900,901,6,0,6,0,2,0,2,2,2,2,2,2,2,4,0.1331853496115427,0.6122448979591837,0.023668639053254437,2535.0,338,169.0,67600,10140,238050.000,57388.74446394000000000000000,121000.3212631400000000000000,178389.0657270800000000000000,59356.33427292000000000000000,170450.000,475795.40,392,0.21753607103218647,0,46,2,1,1,"1,2",0.3333333333333333,0.3333333333333333,0.3333333333333333,150.5,0.0,62.5,0.3333333333333333,0.3333333333333333,0.3333333333333333,150.5,0.0,1.0,0,1,1,0,0,0,0,2,2,2,2,0,2,2,2,0,0,2,1,44106,0.0,4,149.5,2,1.0,2,150.5,2,23.0,2,2,1.0,2
901,902,6,0,6,0,2,0,2,2,2,2,2,2,2,4,0.13303769401330376,0.6091370558375635,0.02359882005899705,2542.5,339,169.5,67800,10170,238050.000,57388.74446394000000000000000,121000.3212631400000000000000,178389.0657270800000000000000,59356.33427292000000000000000,170250.000,475795.40,394,0.21840354767184036,0,47,2,1,1,"2,1",0.3333333333333333,0.3333333333333333,0.3333333333333333,150.5,0.0,62.5,0.3333333333333333,0.3333333333333333,0.3333333333333333,150.5,0.0,1.0,0,1,1,0,0,0,0,2,2,2,2,0,2,2,2,0,0,2,1,44106,0.0,4,149.5,2,1.0,2,150.5,2,23.0,2,2,1.0,2
902,903,6,0,6,0,2,0,2,2,2,2,2,2,2,4,0.13289036544850497,0.6060606060606061,0.023529411764705882,2550.0,340,170.0,68000,10200,238050.000,57388.74446394000000000000000,121000.3212631400000000000000,178389.0657270800000000000000,59356.33427292000000000000000,170050.000,475795.40,396,0.21926910299003322,0,48,2,1,1,"1,2",0.3333333333333333,0.3333333333333333,0.3333333333333333,150.5,0.0,62.5,0.3333333333333333,0.3333333333333333,0.3333333333333333,150.5,0.0,1.0,0,1,1,0,0,0,0,2,2,2,2,0,2,2,2,0,0,2,1,44106,0.0,4,149.5,2,1.0,2,150.5,2,23.0,2,2,1.0,2
903,904,6,0,6,0,2,0,2,2,2,2,2,2,2,4,0.13274336283185842,0.6030150753768844,0.02346041055718475,2557.5,341,170.5,68200,10230,238050.000,57388.74446394000000000000000,121000.3212631400000000000000,178389.0657270800000000000000,59356.33427292000000000000000,169850.000,475795.40,398,0.22013274336283187,0,49,2,1,1,"2,1",0.3333333333333333,0.3333333333333333,0.3333333333333333,150.5,0.0,62.5,0.3333333333333333,0.3333333333333333,0.3333333333333333,150.5,0.0,1.0,0,1,1,0,0,0,0,2,2,2,2,0,2,2,2,0,0,2,1,44106,0.0,4,149.5,2,1.0,2,150.5,2,23.0,2,2,1.0,2
904,905,6,0,6,0,2,0,2,2,2,2,2,2,2,4,0.13259668508287292,0.6,0.023391812865497075,2565.0,342,171.0,68400,10260,238050.000,57388.74446394000000000000000,121000.3212631400000000000000,178389.0657270800000000000000,59356.33427292000000000000000,169650.000,475795.40,400,0.22099447513812154,0,49,2,1,1,"1,2",0.3333333333333333,0.3333333333333333,0.3333333333333333,150.5,0.0,62.5,0.3333333333333333,0.3333333333333333,0.3333333333333333,150.5,0.0,16.333333333333332,0,1,0,1,0,0,0,2,2,2,1,0,3,2,2,0,0,1,1,44106,0.0,4,149.5,2,1.0,2,150.5,2,23.0,2,2,16.333333333333332,3
905,906,6,0,6,0,2,0,2,2,2,2,2,2,2,4,0.13245033112582782,0.5970149253731343,0.023255813953488372,2580.0,344,172.0,68800,10320,238050.000,57388.74446394000000000000000,121000.3212631400000000000000,178389.0657270800000000000000,59356.33427292000000000000000,169250.000,475795.40,402,0.22185430463576158,0,49,2,1,1,"2,1",0.3333333333333333,0.3333333333333333,0.3333333333333333,150.5,0.0,62.5,0.3333333333333333,0.3333333333333333,0.3333333333333333,150.5,0.0,16.333333333333332,0,1,0,1,0,0,0,2,2,2,1,0,3,2,2,0,0,1,1,44106,0.0,4,149.5,2,1.0,2,150.5,2,23.0,2,2,16.333333333333332,3
906,907,6,0,6,0,2,0,2,2,2,2,2,2,2,4,0.1323042998897464,0.594059405940594,0.023121387283236993,2595.0,346,173.0,69200,10380,238050.000,57388.74446394000000000000000,121000.3212631400000000000000,178389.0657270800000000000000,59356.33427292000000000000000,168850.000,475795.40,404,0.2227122381477398,0,49,2,1,1,"1,2",0.3333333333333333,0.3333333333333333,0.3333333333333333,150.5,0.0,62.5,0.3333333333333333,0.3333333333333333,0.3333333333333333,150.5,0.0,16.333333333333332,0,1,0,1,0,0,0,2,2,2,1,0,3,2,2,0,0,1,1,44106,0.0,4,149.5,2,1.0,2,150.5,2,23.0,2,2,16.333333333333332,3
907,908,6,0,6,0,2,0,2,2,2,2,2,2,2,4,0.13215859030837004,0.5911330049261084,0.022988505747126436,2610.0,348,174.0,69600,10440,238050.000,57388.74446394000000000000000,121000.3212631400000000000000,178389.0657270800000000000000,59356.33427292000000000000000,168450.000,475795.40,406,0.22356828193832598,0,49,2,1,1,"1,2",0.3333333333333333,0.3333333333333333,0.3333333333333333,150.5,0.0,62.5,0.3333333333333333,0.3333333333333333,0.3333333333333333,150.5,0.0,16.333333333333332,0,1,0,1,0,0,0,2,2,2,1,0,3,2,2,0,0,1,1,44106,0.0,4,149.5,2,1.0,2,150.5,2,23.0,2,2,16.333333333333332,3
908,909,6,0,6,0,2,0,2,2,2,2,2,2,2,4,0.132013201320132,0.5882352941176471,0.022857142857142857,2625.0,350,175.0,70000,10500,238050.000,57388.74446394000000000000000,121000.3212631400000000000000,178389.0657270800000000000000,59356.33427292000000000000000,168050.000,475795.40,408,0.22442244224422442,0,49,2,1,1,"2,1",0.3333333333333333,0.3333333333333333,0.3333333333333333,150.5,0.0,62.5,0.3333333333333333,0.3333333333333333,0.3333333333333333,150.5,0.0,16.333333333333332,0,1,0,1,0,0,0,2,2,2,1,0,3,2,2,0,0,1,1,44106,0.0,4,149.5,2,1.0,2,150.5,2,23.0,2,2,16.333333333333332,3
909,910,6,0,6,0,2,0,2,2,2,2,2,2,2,4,0.13186813186813187,0.5853658536585367,0.022727272727272728,2640.0,352,176.0,70400,10560,238050.000,57388.74446394000000000000000,121000.3212631400000000000000,178389.0657270800000000000000,59356.33427292000000000000000,167650.000,475795.40,410,0.22527472527472528,0,49,2,1,1,"1,2",0.3333333333333333,0.3333333333333333,0.3333333333333333,150.5,0.0,62.5,0.3333333333333333,0.3333333333333333,0.3333333333333333,150.5,0.0,16.333333333333332,0,1,0,1,0,0,0,2,2,2,1,0,3,2,2,0,0,1,1,44106,0.0,4,149.5,2,1.0,2,150.5,2,23.0,2,2,16.333333333333332,3
910,911,6,0,6,0,2,0,2,2,2,2,2,2,2,4,0.13172338090010977,0.5825242718446603,0.022598870056497175,2655.0,354,177.0,70800,10620,238050.000,57388.74446394000000000000000,121000.3212631400000000000000,178389.0657270800000000000000,59356.33427292000000000000000,167250.000,475795.40,412,0.2261251372118551,0,49,2,1,1,"2,1",0.3333333333333333,0.3333333333333333,0.3333333333333333,150.5,0.0,62.5,0.3333333333333333,0.3333333333333333,0.3333333333333333,150.5,0.0,16.333333333333332,0,1,0,1,0,0,0,2,2,2,1,0,3,2,2,0,0,1,1,44106,0.0,4,149.5,2,1.0,2,150.5,2,23.0,2,2,16.333333333333332,3
911,912,6,0,6,0,2,0,2,2,2,2,2,2,2,4,0.13157894736842105,0.5797101449275363,0.02247191011235955,2670.0,356,178.0,71200,10680,238050.000,57388.74446394000000000000000,121000.3212631400000000000000,178389.0657270800000000000000,59356.33427292000000000000000,166850.000,475795.40,414,0.22697368421052633,0,49,2,1,1,"1,2",0.3333333333333333,0.3333333333333333,0.3333333333333333,150.5,0.0,62.5,0.3333333333333333,0.3333333333333333,0.3333333333333333,150.5,0.0,16.333333333333332,0,1,0,1,0,0,0,2,2,2,1,0,3,2,2,0,0,1,1,44106,0.0,4,149.5,2,1.0,2,150.5,2,23.0,2,2,16.333333333333332,3
912,913,6,0,6,0,2,0,2,2,2,2,2,2,2,4,0.13143483023001096,0.5769230769230769,0.0223463687150838,2685.0,358,179.0,71600,10740,238050.000,57388.74446394000000000000000,121000.3212631400000000000000,178389.0657270800000000000000,59356.33427292000000000000000,166450.000,475795.40,416,0.22782037239868566,0,49,2,1,1,"1,2",0.3333333333333333,0.3333333333333333,0.3333333333333333,150.5,0.0,62.5,0.3333333333333333,0.3333333333333333,0.3333333333333333,150.5,0.0,16.333333333333332,0,1,0,1,0,0,0,2,2,2,1,0,3,2,2,0,0,1,1,44106,0.0,4,149.5,2,1.0,2,150.5,2,23.0,2,2,16.333333333333332,3
913,914,6,0,6,0,2,0,2,2,2,2,2,2,2,4,0.1312910284463895,0.5741626794258373,0.022222222222222223,2700.0,360,180.0,72000,10800,238050.000,57388.74446394000000000000000,121000.3212631400000000000000,178389.0657270800000000000000,59356.33427292000000000000000,166050.000,475795.40,418,0.2286652078774617,0,49,2,1,1,"1,2",0.3333333333333333,0.3333333333333333,0.3333333333333333,150.5,0.0,62.5,0.3333333333333333,0.3333333333333333,0.3333333333333333,150.5,0.0,16.333333333333332,0,1,0,1,0,0,0,2,2,2,1,0,3,2,2,0,0,1,1,44106,0.0,4,149.5,2,1.0,2,150.5,2,23.0,2,2,16.333333333333332,3
914,915,6,0,6,0,2,0,2,2,2,2,2,2,2,4,0.13114754098360656,0.5714285714285714,0.022099447513812154,2715.0,362,181.0,72400,10860,238050.000,57388.74446394000000000000000,121000.3212631400000000000000,178389.0657270800000000000000,59356.33427292000000000000000,165650.000,475795.40,420,0.22950819672131148,0,49,2,1,1,"1,2",0.3333333333333333,0.3333333333333333,0.3333333333333333,150.5,0.0,62.5,0.3333333333333333,0.3333333333333333,0.3333333333333333,150.5,0.0,16.333333333333332,0,1,0,1,0,0,0,2,2,2,1,0,3,2,2,0,0,1,1,44106,0.0,4,149.5,2,1.0,2,150.5,2,23.0,2,2,16.333333333333332,3
915,916,6,0,6,0,2,0,2,2,2,2,2,2,2,4,0.13100436681222707,0.5687203791469194,0.02197802197802198,2730.0,364,182.0,72800,10920,238050.000,57388.74446394000000000000000,121000.3212631400000000000000,178389.0657270800000000000000,59356.33427292000000000000000,165250.000,475795.40,422,0.23034934497816595,0,49,2,1,1,"1,2",0.3333333333333333,0.3333333333333333,0.3333333333333333,150.5,0.0,62.5,0.3333333333333333,0.3333333333333333,0.3333333333333333,150.5,0.0,16.333333333333332,0,1,0,1,0,0,0,2,2,2,1,0,3,2,2,0,0,1,1,44106,0.0,4,149.5,2,1.0,2,150.5,2,23.0,2,2,16.333333333333332,3
916,917,6,0,6,0,2,0,2,2,2,2,2,2,2,4,0.13086150490730644,0.5660377358490566,0.02185792349726776,2745.0,366,183.0,73200,10980,238050.000,57388.74446394000000000000000,121000.3212631400000000000000,178389.0657270800000000000000,59356.33427292000000000000000,164850.000,475795.40,424,0.2311886586695747,0,49,2,1,1,"2,1",0.3333333333333333,0.3333333333333333,0.3333333333333333,150.5,0.0,62.5,0.3333333333333333,0.3333333333333333,0.3333333333333333,150.5,0.0,16.333333333333332,0,1,0,1,0,0,0,2,2,2,1,0,3,2,2,0,0,1,1,44106,0.0,4,149.5,2,1.0,2,150.5,2,23.0,2,2,16.333333333333332,3
917,918,6,0,6,0,2,0,2,2,2,2,2,2,2,4,0.13071895424836602,0.5633802816901409,0.021739130434782608,2760.0,368,184.0,73600,11040,238050.000,57388.74446394000000000000000,121000.3212631400000000000000,178389.0657270800000000000000,59356.33427292000000000000000,164450.000,475795.40,426,0.23202614379084968,0,49,2,1,1,"1,2",0.3333333333333333,0.3333333333333333,0.3333333333333333,150.5,0.0,62.5,0.3333333333333333,0.3333333333333333,0.3333333333333333,150.5,0.0,16.333333333333332,0,1,0,1,0,0,0,2,2,2,1,0,3,2,2,0,0,1,1,44106,0.0,4,149.5,2,1.0,2,150.5,2,23.0,2,2,16.333333333333332,3
918,919,6,0,6,0,2,0,2,2,2,2,2,2,2,4,0.1305767138193689,0.5607476635514018,0.021621621621621623,2775.0,370,185.0,74000,11100,238050.000,57388.74446394000000000000000,121000.3212631400000000000000,178389.0657270800000000000000,59356.33427292000000000000000,164050.000,475795.40,428,0.23286180631120784,0,49,2,1,1,"1,2",0.3333333333333333,0.3333333333333333,0.3333333333333333,150.5,0.0,62.5,0.3333333333333333,0.3333333333333333,0.3333333333333333,150.5,0.0,16.333333333333332,0,1,0,1,0,0,0,2,2,2,1,0,3,2,2,0,0,1,1,44106,0.0,4,149.5,2,1.0,2,150.5,2,23.0,2,2,16.333333333333332,3
919,920,6,0,6,0,2,0,2,2,2,2,2,2,2,4,0.13043478260869565,0.5581395348837209,0.021505376344086023,2790.0,372,186.0,74400,11160,238050.000,57388.74446394000000000000000,121000.3212631400000000000000,178389.0657270800000000000000,59356.33427292000000000000000,163650.000,475795.40,430,0.23369565217391305,0,49,2,1,1,"1,2",0.3333333333333333,0.3333333333333333,0.3333333333333333,150.5,0.0,62.5,0.3333333333333333,0.3333333333333333,0.3333333333333333,150.5,0.0,16.333333333333332,0,1,0,1,0,0,0,2,2,2,1,0,3,2,2,0,0,1,1,44106,0.0,4,149.5,2,1.0,2,150.5,2,23.0,2,2,16.333333333333332,3
920,921,6,0,6,0,2,0,2,2,2,2,2,2,2,4,0.13029315960912052,0.5555555555555556,0.0213903743315508,2805.0,374,187.0,74800,11220,238050.000,57388.74446394000000000000000,121000.3212631400000000000000,178389.0657270800000000000000,59356.33427292000000000000000,163250.000,475795.40,432,0.23452768729641693,0,49,2,1,1,"1,2",0.3333333333333333,0.3333333333333333,0.3333333333333333,150.5,0.0,62.5,0.3333333333333333,0.3333333333333333,0.3333333333333333,150.5,0.0,16.333333333333332,0,1,0,1,0,0,0,2,2,2,1,0,3,2,2,0,0,1,1,44106,0.0,4,149.5,2,1.0,2,150.5,2,23.0,2,2,16.333333333333332,3
921,922,6,0,6,0,2,0,2,2,2,2,2,2,2,4,0.1301518438177874,0.5529953917050692,0.02127659574468085,2820.0,376,188.0,75200,11280,238050.000,57388.74446394000000000000000,121000.3212631400000000000000,178389.0657270800000000000000,59356.33427292000000000000000,162850.000,475795.40,434,0.23535791757049893,0,49,2,1,1,"2,1",0.3333333333333333,0.3333333333333333,0.3333333333333333,150.5,0.0,62.5,0.3333333333333333,0.3333333333333333,0.3333333333333333,150.5,0.0,16.333333333333332,0,0,1,1,0,0,0,2,2,2,1,0,3,2,2,0,0,1,1,44106,0.0,4,149.5,2,1.0,2,150.5,2,23.0,2,2,16.333333333333332,3
922,923,6,0,6,0,2,0,2,2,2,2,2,2,2,4,0.13001083423618634,0.5504587155963303,0.021220159151193633,2827.5,377,188.5,75400,11310,238050.000,57388.74446394000000000000000,121000.3212631400000000000000,178389.0657270800000000000000,59356.33427292000000000000000,162650.000,475795.40,436,0.2361863488624052,0,50,2,1,1,"2,1",0.3333333333333333,0.3333333333333333,0.3333333333333333,150.5,0.0,62.5,0.3333333333333333,0.3333333333333333,0.3333333333333333,150.5,0.0,16.333333333333332,0,0,1,1,0,0,0,2,2,2,1,0,3,2,2,0,0,1,1,44106,0.0,4,149.5,2,1.0,2,150.5,2,23.0,2,2,16.333333333333332,3
923,924,6,0,6,0,2,0,2,2,2,2,2,2,2,4,0.12987012987012986,0.547945205479452,0.021164021164021163,2835.0,378,189.0,75600,11340,238050.000,57388.74446394000000000000000,121000.3212631400000000000000,178389.0657270800000000000000,59356.33427292000000000000000,162450.000,475795.40,438,0.237012987012987,0,50,2,1,1,"1,2",0.3333333333333333,0.3333333333333333,0.3333333333333333,150.5,0.0,62.5,0.3333333333333333,0.3333333333333333,0.3333333333333333,150.5,0.0,12.5,0,0,0,2,0,0,0,2,2,2,0,0,4,2,2,0,0,0,1,44106,0.0,4,149.5,2,1.0,2,150.5,2,23.0,2,2,12.5,4
924,925,6,0,6,0,2,0,2,2,2,2,2,2,2,4,0.12972972972972974,0.5454545454545455,0.021108179419525065,2842.5,379,189.5,75800,11370,238050.000,57388.74446394000000000000000,121000.3212631400000000000000,178389.0657270800000000000000,59356.33427292000000000000000,162250.000,475795.40,440,0.23783783783783785,0,50,2,1,1,"2,1",0.3333333333333333,0.3333333333333333,0.3333333333333333,150.5,0.0,62.5,0.3333333333333333,0.3333333333333333,0.3333333333333333,150.5,0.0,12.5,0,0,0,1,1,0,0,2,2,2,0,0,4,2,2,0,0,0,1,44106,0.0,4,149.5,2,1.0,2,150.5,2,23.0,2,2,12.5,4
925,926,6,0,6,0,2,0,2,2,2,2,2,2,2,4,0.12958963282937364,0.5429864253393666,0.021052631578947368,2850.0,380,190.0,76000,11400,238050.000,57388.74446394000000000000000,121000.3212631400000000000000,178389.0657270800000000000000,59356.33427292000000000000000,162050.000,475795.40,442,0.2386609071274298,0,50,2,1,1,"2,1",0.3333333333333333,0.3333333333333333,0.3333333333333333,150.5,0.0,62.5,0.3333333333333333,0.3333333333333333,0.3333333333333333,150.5,0.0,12.5,0,0,0,1,0,1,0,1,3,2,0,0,4,2,1,0,0,0,1,44106,0.0,4,149.5,2,1.0,2,150.5,2,23.0,2,3,12.5,4
926,927,6,0,6,0,2,0,2,2,2,2,2,2,2,4,0.12944983818770228,0.5405405405405405,0.020942408376963352,2865.0,382,191.0,76400,11460,238050.000,57388.74446394000000000000000,121000.3212631400000000000000,178389.0657270800000000000000,59356.33427292000000000000000,161650.000,475795.40,444,0.23948220064724918,0,50,2,1,1,"1,2",0.3333333333333333,0.3333333333333333,0.3333333333333333,150.5,0.0,62.5,0.3333333333333333,0.3333333333333333,0.3333333333333333,150.5,0.0,12.5,0,0,0,1,0,1,0,1,3,2,0,0,4,2,1,0,0,0,1,44106,0.0,4,149.5,2,1.0,2,150.5,2,23.0,2,3,12.5,4
927,928,6,0,6,0,2,0,2,2,2,2,2,2,2,4,0.12931034482758622,0.5381165919282511,0.020833333333333332,2880.0,384,192.0,76800,11520,238050.000,57388.74446394000000000000000,121000.3212631400000000000000,178389.0657270800000000000000,59356.33427292000000000000000,161250.000,475795.40,446,0.24030172413793102,0,50,2,1,1,"1,2",0.3333333333333333,0.3333333333333333,0.3333333333333333,150.5,0.0,62.5,0.3333333333333333,0.3333333333333333,0.3333333333333333,150.5,0.0,12.5,0,0,0,1,0,1,0,1,3,2,0,0,4,2,1,0,0,0,1,44106,0.0,4,149.5,2,1.0,2,150.5,2,23.0,2,3,12.5,4
928,929,6,0,6,0,2,0,2,2,2,2,2,2,2,4,0.12917115177610333,0.5357142857142857,0.02072538860103627,2895.0,386,193.0,77200,11580,238050.000,57388.74446394000000000000000,121000.3212631400000000000000,178389.0657270800000000000000,59356.33427292000000000000000,160850.000,475795.40,448,0.2411194833153929,0,50,2,1,1,"2,1",0.3333333333333333,0.3333333333333333,0.3333333333333333,150.5,0.0,62.5,0.3333333333333333,0.3333333333333333,0.3333333333333333,150.5,0.0,12.5,0,0,0,1,0,1,0,1,3,2,0,0,4,2,1,0,0,0,1,44106,0.0,4,149.5,2,1.0,2,150.5,2,23.0,2,3,12.5,4
929,930,6,0,6,0,2,0,2,2,2,2,2,2,2,4,0.12903225806451613,0.5333333333333333,0.020618556701030927,2910.0,388,194.0,77600,11640,238050.000,57388.74446394000000000000000,121000.3212631400000000000000,178389.0657270800000000000000,59356.33427292000000000000000,160450.000,475795.40,450,0.24193548387096775,0,50,2,1,1,"2,1",0.3333333333333333,0.3333333333333333,0.3333333333333333,150.5,0.0,62.5,0.3333333333333333,0.3333333333333333,0.3333333333333333,150.5,0.0,12.5,0,0,0,1,0,1,0,1,3,2,0,0,4,2,1,0,0,0,1,44106,0.0,4,149.5,2,1.0,2,150.5,2,23.0,2,3,12.5,4
930,931,6,0,6,0,2,0,2,2,2,2,2,2,2,4,0.12889366272824918,0.5309734513274337,0.020512820512820513,2925.0,390,195.0,78000,11700,238050.000,57388.74446394000000000000000,121000.3212631400000000000000,178389.0657270800000000000000,59356.33427292000000000000000,160050.000,475795.40,452,0.24274973147153597,0,50,2,1,1,"1,2",0.3333333333333333,0.3333333333333333,0.3333333333333333,150.5,0.0,62.5,0.3333333333333333,0.3333333333333333,0.3333333333333333,150.5,0.0,12.5,0,0,0,1,0,1,0,1,3,2,0,0,4,2,1,0,0,0,1,44106,0.0,4,149.5,2,1.0,2,150.5,2,23.0,2,3,12.5,4
931,932,6,0,6,0,2,0,2,2,2,2,2,2,2,4,0.12875536480686695,0.5286343612334802,0.02040816326530612,2940.0,392,196.0,78400,11760,238050.000,57388.74446394000000000000000,121000.3212631400000000000000,178389.0657270800000000000000,59356.33427292000000000000000,159650.000,475795.40,454,0.24356223175965666,0,50,2,1,1,"2,1",0.3333333333333333,0.3333333333333333,0.3333333333333333,150.5,0.0,62.5,0.3333333333333333,0.3333333333333333,0.3333333333333333,150.5,0.0,12.5,0,0,0,1,0,1,0,1,3,2,0,0,4,2,1,0,0,0,1,44106,0.0,4,149.5,2,1.0,2,150.5,2,23.0,2,3,12.5,4
932,933,6,0,6,0,2,0,2,2,2,2,2,2,2,4,0.12861736334405144,0.5263157894736842,0.02030456852791878,2955.0,394,197.0,78800,11820,238050.000,57388.74446394000000000000000,121000.3212631400000000000000,178389.0657270800000000000000,59356.33427292000000000000000,159250.000,475795.40,456,0.24437299035369775,0,50,2,1,1,"1,2",0.3333333333333333,0.3333333333333333,0.3333333333333333,150.5,0.0,62.5,0.3333333333333333,0.3333333333333333,0.3333333333333333,150.5,0.0,12.5,0,0,0,1,0,1,0,1,3,2,0,0,4,2,1,0,0,0,1,44106,0.0,4,149.5,2,1.0,2,150.5,2,23.0,2,3,12.5,4
933,934,6,0,6,0,2,0,2,2,2,2,2,2,2,4,0.1284796573875803,0.5240174672489083,0.020202020202020204,2970.0,396,198.0,79200,11880,238050.000,57388.74446394000000000000000,121000.3212631400000000000000,178389.0657270800000000000000,59356.33427292000000000000000,158850.000,475795.40,458,0.24518201284796573,0,50,2,1,1,"2,1",0.3333333333333333,0.3333333333333333,0.3333333333333333,150.5,0.0,62.5,0.3333333333333333,0.3333333333333333,0.3333333333333333,150.5,0.0,12.5,0,0,0,1,0,1,0,1,3,2,0,0,4,2,1,0,0,0,1,44106,0.0,4,149.5,2,1.0,2,150.5,2,23.0,2,3,12.5,4
934,935,6,0,6,0,2,0,2,2,2,2,2,2,2,4,0.1283422459893048,0.5217391304347826,0.020100502512562814,2985.0,398,199.0,79600,11940,238050.000,57388.74446394000000000000000,121000.3212631400000000000000,178389.0657270800000000000000,59356.33427292000000000000000,158450.000,475795.40,460,0.24598930481283424,0,50,2,1,1,"1,2",0.3333333333333333,0.3333333333333333,0.3333333333333333,150.5,0.0,62.5,0.3333333333333333,0.3333333333333333,0.3333333333333333,150.5,0.0,12.5,0,0,0,1,0,1,0,1,3,2,0,0,4,2,1,0,0,0,1,44106,0.0,4,149.5,2,1.0,2,150.5,2,23.0,2,3,12.5,4
935,936,6,0,6,0,2,0,2,2,2,2,2,2,2,4,0.12820512820512822,0.5194805194805194,0.02,3000.0,400,200.0,80000,12000,238050.000,57388.74446394000000000000000,121000.3212631400000000000000,178389.0657270800000000000000,59356.33427292000000000000000,158050.000,475795.40,462,0.2467948717948718,0,50,2,1,1,"2,1",0.3333333333333333,0.3333333333333333,0.3333333333333333,150.5,0.0,62.5,0.3333333333333333,0.3333333333333333,0.3333333333333333,150.5,0.0,12.5,0,0,0,1,0,1,0,1,3,2,0,0,4,2,1,0,0,0,1,44106,0.0,4,149.5,2,1.0,2,150.5,2,23.0,2,3,12.5,4
936,937,6,0,6,0,2,0,2,2,2,2,2,2,2,4,0.128068303094984,0.5172413793103449,0.01990049751243781,3015.0,402,201.0,80400,12060,238050.000,57388.74446394000000000000000,121000.3212631400000000000000,178389.0657270800000000000000,59356.33427292000000000000000,157650.000,475795.40,464,0.24759871931696906,0,50,2,1,1,"1,2",0.3333333333333333,0.3333333333333333,0.3333333333333333,150.5,0.0,62.5,0.3333333333333333,0.3333333333333333,0.3333333333333333,150.5,0.0,12.5,0,0,0,1,0,1,0,1,3,2,0,0,4,2,1,0,0,0,1,44106,0.0,4,149.5,2,1.0,2,150.5,2,23.0,2,3,12.5,4
937,938,6,0,6,0,2,0,2,2,2,2,2,2,2,4,0.1279317697228145,0.5150214592274678,0.019801980198019802,3030.0,404,202.0,80800,12120,238050.000,57388.74446394000000000000000,121000.3212631400000000000000,178389.0657270800000000000000,59356.33427292000000000000000,157250.000,475795.40,466,0.2484008528784648,0,50,2,1,1,"1,2",0.3333333333333333,0.3333333333333333,0.3333333333333333,150.5,0.0,62.5,0.3333333333333333,0.3333333333333333,0.3333333333333333,150.5,0.0,12.5,0,0,0,1,0,1,0,1,3,2,0,0,4,2,1,0,0,0,1,44106,0.0,4,149.5,2,1.0,2,150.5,2,23.0,2,3,12.5,4
938,939,6,0,6,0,2,0,2,2,2,2,2,2,2,4,0.12779552715654952,0.5128205128205129,0.019704433497536946,3045.0,406,203.0,81200,12180,238050.000,57388.74446394000000000000000,121000.3212631400000000000000,178389.0657270800000000000000,59356.33427292000000000000000,156850.000,475795.40,468,0.24920127795527156,0,50,2,1,1,"1,2",0.3333333333333333,0.3333333333333333,0.3333333333333333,150.5,0.0,62.5,0.3333333333333333,0.3333333333333333,0.3333333333333333,150.5,0.0,12.5,0,0,0,1,0,1,0,1,3,2,0,0,4,2,1,0,0,0,1,44106,0.0,4,149.5,2,1.0,2,150.5,2,23.0,2,3,12.5,4
939,940,6,0,6,0,2,0,2,2,2,2,2,2,2,4,0.12765957446808512,0.5106382978723405,0.0196078431372549,3060.0,408,204.0,81600,12240,238050.000,57388.74446394000000000000000,121000.3212631400000000000000,178389.0657270800000000000000,59356.33427292000000000000000,156450.000,475795.40,470,0.25,0,50,2,1,1,"1,2",0.3333333333333333,0.3333333333333333,0.3333333333333333,150.5,0.0,62.5,0.3333333333333333,0.3333333333333333,0.3333333333333333,150.5,0.0,12.5,0,0,0,1,0,1,0,1,3,2,0,0,4,2,1,0,0,0,1,44106,0.0,4,149.5,2,1.0,2,150.5,2,23.0,2,3,12.5,4
940,941,6,0,6,0,2,0,2,2,2,2,2,2,2,4,0.1275239107332625,0.5084745762711864,0.01951219512195122,3075.0,410,205.0,82000,12300,238050.000,57388.74446394000000000000000,121000.3212631400000000000000,178389.0657270800000000000000,59356.33427292000000000000000,156050.000,475795.40,472,0.2507970244420829,0,50,2,1,1,"1,2",0.3333333333333333,0.3333333333333333,0.3333333333333333,150.5,0.0,62.5,0.3333333333333333,0.3333333333333333,0.3333333333333333,150.5,0.0,12.5,0,0,0,1,0,1,0,1,3,2,0,0,4,2,1,0,0,0,1,44106,0.0,4,149.5,2,1.0,2,150.5,2,23.0,2,3,12.5,4
941,942,6,0,6,0,2,0,2,2,2,2,2,2,2,4,0.12738853503184713,0.5063291139240506,0.019417475728155338,3090.0,412,206.0,82400,12360,238050.000,57388.74446394000000000000000,121000.3212631400000000000000,178389.0657270800000000000000,59356.33427292000000000000000,155650.000,475795.40,474,0.2515923566878981,0,50,2,1,1,"2,1",0.3333333333333333,0.3333333333333333,0.3333333333333333,150.5,0.0,62.5,0.3333333333333333,0.3333333333333333,0.3333333333333333,150.5,0.0,12.5,0,0,0,1,0,1,0,1,3,2,0,0,4,2,1,0,0,0,1,44106,0.0,4,149.5,2,1.0,2,150.5,2,23.0,2,3,12.5,4
942,943,6,0,6,0,2,0,2,2,2,2,2,2,2,4,0.12725344644750794,0.5042016806722689,0.01932367149758454,3105.0,414,207.0,82800,12420,238050.000,57388.74446394000000000000000,121000.3212631400000000000000,178389.0657270800000000000000,59356.33427292000000000000000,155250.000,475795.40,476,0.2523860021208908,0,50,2,1,1,"1,2",0.3333333333333333,0.3333333333333333,0.3333333333333333,150.5,0.0,62.5,0.3333333333333333,0.3333333333333333,0.3333333333333333,150.5,0.0,12.5,0,0,0,1,0,1,0,1,3,2,0,0,4,2,1,0,0,0,1,44106,0.0,4,149.5,2,1.0,2,150.5,2,23.0,2,3,12.5,4
943,944,6,0,6,0,1,1,2,2,3,2,2,2,2,4,0.1271186440677966,0.502092050209205,0.019230769230769232,3120.0,416,208.0,83200,12480,238050.000,57388.74446394000000000000000,121000.3212631400000000000000,178389.0657270800000000000000,59356.33427292000000000000000,154850.000,475795.40,478,0.2531779661016949,0,50,2,1,1,"2,1",0.3333333333333333,0.3333333333333333,0.3333333333333333,150.5,0.0,62.5,0.3333333333333333,0.3333333333333333,0.3333333333333333,150.5,0.0,12.5,1,0,0,1,0,0,0,1,3,2,0,0,4,2,1,0,0,0,1,44106,0.0,4,120.66666666666667,3,1.0,2,150.5,2,23.0,2,3,12.5,4
944,945,6,0,6,0,1,0,3,2,3,1,1,3,3,6,0.19047619047619047,0.7515657620041754,0.02877697841726619,2085.0,417,208.5,83400,12510,256680.000,85600.78616404000000000000000,166610.6174249200000000000000,252211.4035889600000000000000,76973.39641104000000000000000,173280.000,585864.80,479,0.25343915343915346,0,50,2,1,1,"1,2",0.5,0.3333333333333333,0.16666666666666666,121.66666666666667,0.0,47.666666666666664,0.5,0.3333333333333333,0.16666666666666666,121.66666666666667,0.0,12.5,1,0,0,1,0,0,0,1,3,2,0,0,4,2,1,0,0,0,1,44106,0.0,4,120.66666666666667,3,1.0,3,121.66666666666667,3,23.0,2,3,12.5,4
945,946,6,0,6,0,1,0,3,2,3,1,1,3,3,6,0.19027484143763213,0.75,0.028708133971291867,2090.0,418,209.0,83600,12540,256680.000,85600.78616404000000000000000,166610.6174249200000000000000,252211.4035889600000000000000,76973.39641104000000000000000,173080.000,585864.80,480,0.2536997885835095,0,50,2,1,1,"2,1",0.5,0.3333333333333333,0.16666666666666666,121.66666666666667,0.0,47.666666666666664,0.5,0.3333333333333333,0.16666666666666666,121.66666666666667,0.0,12.5,1,0,0,1,0,0,0,1,3,2,0,0,4,2,1,0,0,0,1,44106,0.0,4,120.66666666666667,3,1.0,3,121.66666666666667,3,23.0,2,3,12.5,4
946,947,6,0,6,0,1,0,3,2,3,1,1,3,3,6,0.1900739176346357,0.7484407484407484,0.028639618138424822,2095.0,419,209.5,83800,12570,256680.000,85600.78616404000000000000000,166610.6174249200000000000000,252211.4035889600000000000000,76973.39641104000000000000000,172880.000,585864.80,481,0.2539598732840549,0,50,2,1,1,"1,2",0.5,0.3333333333333333,0.16666666666666666,121.66666666666667,0.0,47.666666666666664,0.5,0.3333333333333333,0.16666666666666666,121.66666666666667,0.0,12.5,1,0,0,1,0,0,0,1,3,2,0,0,4,2,1,0,0,0,1,44106,0.0,4,120.66666666666667,3,1.0,3,121.66666666666667,3,23.0,2,3,12.5,4
947,948,6,0,6,0,1,0,3,2,3,1,1,3,3,6,0.18987341772151897,0.7468879668049793,0.02857142857142857,2100.0,420,210.0,84000,12600,256680.000,85600.78616404000000000000000,166610.6174249200000000000000,252211.4035889600000000000000,76973.39641104000000000000000,172680.000,585864.80,482,0.2542194092827004,0,50,2,1,1,"1,2",0.5,0.3333333333333333,0.16666666666666666,121.66666666666667,0.0,47.666666666666664,0.5,0.3333333333333333,0.16666666666666666,121.66666666666667,0.0,12.5,1,0,0,0,1,0,0,1,3,2,0,0,4,2,1,0,0,0,1,44106,0.0,4,120.66666666666667,3,1.0,3,121.66666666666667,3,23.0,2,3,12.5,4
948,949,6,0,6,0,1,0,3,2,3,1,1,3,3,6,0.18967334035827188,0.7453416149068323,0.02857142857142857,2100.0,420,210.0,84000,12600,256680.000,85600.78616404000000000000000,166610.6174249200000000000000,252211.4035889600000000000000,76973.39641104000000000000000,172680.000,585864.80,483,0.25447839831401475,0,50,2,1,1,"2,1",0.5,0.3333333333333333,0.16666666666666666,121.66666666666667,0.0,47.666666666666664,0.5,0.3333333333333333,0.16666666666666666,121.66666666666667,0.0,12.5,1,0,0,0,0,1,0,0,4,2,0,0,4,2,0,0,0,0,1,44106,0.0,4,120.66666666666667,3,1.0,3,121.66666666666667,3,23.0,2,4,12.5,4
949,950,6,0,6,0,1,0,3,2,3,1,1,3,3,6,0.18947368421052632,0.7438016528925621,0.028503562945368172,2105.0,421,210.5,84200,12630,256680.000,85600.78616404000000000000000,166610.6174249200000000000000,252211.4035889600000000000000,76973.39641104000000000000000,172480.000,585864.80,484,0.25473684210526315,0,50,2,1,1,"1,2",0.5,0.3333333333333333,0.16666666666666666,121.66666666666667,0.0,47.666666666666664,0.5,0.3333333333333333,0.16666666666666666,121.66666666666667,0.0,12.5,1,0,0,0,0,1,0,0,4,2,0,0,4,2,0,0,0,0,1,44106,0.0,4,120.66666666666667,3,1.0,3,121.66666666666667,3,23.0,2,4,12.5,4
950,951,6,0,6,0,1,0,3,2,3,1,1,3,3,6,0.18927444794952683,0.7422680412371133,0.02843601895734597,2110.0,422,211.0,84400,12660,256680.000,85600.78616404000000000000000,166610.6174249200000000000000,252211.4035889600000000000000,76973.39641104000000000000000,172280.000,585864.80,485,0.25499474237644587,0,50,2,1,1,"1,2",0.5,0.3333333333333333,0.16666666666666666,121.66666666666667,0.0,47.666666666666664,0.5,0.3333333333333333,0.16666666666666666,121.66666666666667,0.0,12.5,1,0,0,0,0,1,0,0,4,2,0,0,4,2,0,0,0,0,1,44106,0.0,4,120.66666666666667,3,1.0,3,121.66666666666667,3,23.0,2,4,12.5,4
951,952,6,0,6,0,1,0,3,2,3,1,1,3,3,6,0.18907563025210083,0.7407407407407408,0.028368794326241134,2115.0,423,211.5,84600,12690,256680.000,85600.78616404000000000000000,166610.6174249200000000000000,252211.4035889600000000000000,76973.39641104000000000000000,172080.000,585864.80,486,0.2552521008403361,0,50,2,1,1,"1,2",0.5,0.3333333333333333,0.16666666666666666,121.66666666666667,0.0,47.666666666666664,0.5,0.3333333333333333,0.16666666666666666,121.66666666666667,0.0,12.5,1,0,0,0,0,1,0,0,4,2,0,0,4,2,0,0,0,0,1,44106,0.0,4,120.66666666666667,3,1.0,3,121.66666666666667,3,23.0,2,4,12.5,4
952,953,6,0,6,0,1,0,3,2,3,1,1,3,3,6,0.1888772298006296,0.7392197125256673,0.02830188679245283,2120.0,424,212.0,84800,12720,256680.000,85600.78616404000000000000000,166610.6174249200000000000000,252211.4035889600000000000000,76973.39641104000000000000000,171880.000,585864.80,487,0.25550891920251834,0,50,2,1,1,"2,1",0.5,0.3333333333333333,0.16666666666666666,121.66666666666667,0.0,47.666666666666664,0.5,0.3333333333333333,0.16666666666666666,121.66666666666667,0.0,12.5,1,0,0,0,0,1,0,0,4,2,0,0,4,2,0,0,0,0,1,44106,0.0,4,120.66666666666667,3,1.0,3,121.66666666666667,3,23.0,2,4,12.5,4
953,954,6,0,6,0,1,0,3,2,3,1,1,3,3,6,0.18867924528301885,0.7377049180327869,0.02823529411764706,2125.0,425,212.5,85000,12750,256680.000,85600.78616404000000000000000,166610.6174249200000000000000,252211.4035889600000000000000,76973.39641104000000000000000,171680.000,585864.80,488,0.2557651991614256,0,50,2,1,1,"2,1",0.5,0.3333333333333333,0.16666666666666666,121.66666666666667,0.0,47.666666666666664,0.5,0.3333333333333333,0.16666666666666666,121.66666666666667,0.0,12.5,1,0,0,0,0,1,0,0,4,2,0,0,4,2,0,0,0,0,1,44106,0.0,4,120.66666666666667,3,1.0,3,121.66666666666667,3,23.0,2,4,12.5,4
954,955,6,0,6,0,1,0,3,2,3,1,1,3,3,6,0.18848167539267016,0.7361963190184049,0.028169014084507043,2130.0,426,213.0,85200,12780,256680.000,85600.78616404000000000000000,166610.6174249200000000000000,252211.4035889600000000000000,76973.39641104000000000000000,171480.000,585864.80,489,0.256020942408377,0,50,2,1,1,"1,2",0.5,0.3333333333333333,0.16666666666666666,121.66666666666667,0.0,47.666666666666664,0.5,0.3333333333333333,0.16666666666666666,121.66666666666667,0.0,12.5,1,0,0,0,0,1,0,0,4,2,0,0,4,2,0,0,0,0,1,44106,0.0,4,120.66666666666667,3,1.0,3,121.66666666666667,3,23.0,2,4,12.5,4
955,956,6,0,6,0,1,0,3,2,3,1,1,3,3,6,0.18828451882845187,0.7346938775510204,0.02810304449648712,2135.0,427,213.5,85400,12810,256680.000,85600.78616404000000000000000,166610.6174249200000000000000,252211.4035889600000000000000,76973.39641104000000000000000,171280.000,585864.80,490,0.25627615062761505,0,50,2,1,1,"2,1",0.5,0.3333333333333333,0.16666666666666666,121.66666666666667,0.0,47.666666666666664,0.5,0.3333333333333333,0.16666666666666666,121.66666666666667,0.0,12.5,1,0,0,0,0,1,0,0,4,2,0,0,4,2,0,0,0,0,1,44106,0.0,4,120.66666666666667,3,1.0,3,121.66666666666667,3,23.0,2,4,12.5,4
956,957,6,0,6,0,1,0,3,2,3,1,1,3,3,6,0.18808777429467086,0.7331975560081466,0.028037383177570093,2140.0,428,214.0,85600,12840,256680.000,85600.78616404000000000000000,166610.6174249200000000000000,252211.4035889600000000000000,76973.39641104000000000000000,171080.000,585864.80,491,0.25653082549634276,0,50,2,1,1,"1,2",0.5,0.3333333333333333,0.16666666666666666,121.66666666666667,0.0,47.666666666666664,0.5,0.3333333333333333,0.16666666666666666,121.66666666666667,0.0,12.5,1,0,0,0,0,1,0,0,4,2,0,0,4,2,0,0,0,0,1,44106,0.0,4,120.66666666666667,3,1.0,3,121.66666666666667,3,23.0,2,4,12.5,4
957,958,6,0,6,0,1,0,3,2,3,1,1,3,3,6,0.18789144050104384,0.7317073170731708,0.027972027972027972,2145.0,429,214.5,85800,12870,256680.000,85600.78616404000000000000000,166610.6174249200000000000000,252211.4035889600000000000000,76973.39641104000000000000000,170880.000,585864.80,492,0.2567849686847599,0,50,2,1,1,"1,2",0.5,0.3333333333333333,0.16666666666666666,121.66666666666667,0.0,47.666666666666664,0.5,0.3333333333333333,0.16666666666666666,121.66666666666667,0.0,12.5,1,0,0,0,0,1,0,0,4,2,0,0,4,2,0,0,0,0,1,44106,0.0,4,120.66666666666667,3,1.0,3,121.66666666666667,3,23.0,2,4,12.5,4
958,959,6,0,6,0,1,0,3,2,3,1,1,3,3,6,0.18769551616266947,0.7302231237322515,0.027906976744186046,2150.0,430,215.0,86000,12900,256680.000,85600.78616404000000000000000,166610.6174249200000000000000,252211.4035889600000000000000,76973.39641104000000000000000,170680.000,585864.80,493,0.2570385818561001,0,50,2,1,1,"1,2",0.5,0.3333333333333333,0.16666666666666666,121.66666666666667,0.0,47.666666666666664,0.5,0.3333333333333333,0.16666666666666666,121.66666666666667,0.0,12.5,1,0,0,0,0,1,0,0,4,2,0,0,4,2,0,0,0,0,1,44106,0.0,4,120.66666666666667,3,1.0,3,121.66666666666667,3,23.0,2,4,12.5,4
959,960,6,0,6,0,1,0,3,2,3,1,1,3,3,6,0.1875,0.7287449392712552,0.027842227378190254,2155.0,431,215.5,86200,12930,256680.000,85600.78616404000000000000000,166610.6174249200000000000000,252211.4035889600000000000000,76973.39641104000000000000000,170480.000,585864.80,494,0.25729166666666664,0,50,2,1,1,"2,1",0.5,0.3333333333333333,0.16666666666666666,121.66666666666667,0.0,47.666666666666664,0.5,0.3333333333333333,0.16666666666666666,121.66666666666667,0.0,12.5,1,0,0,0,0,1,0,0,4,2,0,0,4,2,0,0,0,0,1,44106,0.0,4,120.66666666666667,3,1.0,3,121.66666666666667,3,23.0,2,4,12.5,4
960,961,6,0,6,0,1,0,3,2,3,1,1,3,3,6,0.18730489073881373,0.7272727272727273,0.027777777777777776,2160.0,432,216.0,86400,12960,256680.000,85600.78616404000000000000000,166610.6174249200000000000000,252211.4035889600000000000000,76973.39641104000000000000000,170280.000,585864.80,495,0.2575442247658689,0,50,2,1,1,"1,2",0.5,0.3333333333333333,0.16666666666666666,121.66666666666667,0.0,47.666666666666664,0.5,0.3333333333333333,0.16666666666666666,121.66666666666667,0.0,12.5,1,0,0,0,0,1,0,0,4,2,0,0,4,2,0,0,0,0,1,44106,0.0,4,120.66666666666667,3,1.0,3,121.66666666666667,3,23.0,2,4,12.5,4
961,962,6,0,6,0,1,0,3,2,3,1,1,3,3,6,0.1871101871101871,0.7258064516129031,0.02771362586605081,2165.0,433,216.5,86600,12990,256680.000,85600.78616404000000000000000,166610.6174249200000000000000,252211.4035889600000000000000,76973.39641104000000000000000,170080.000,585864.80,496,0.2577962577962578,0,50,2,1,1,"2,1",0.5,0.3333333333333333,0.16666666666666666,121.66666666666667,0.0,47.666666666666664,0.5,0.3333333333333333,0.16666666666666666,121.66666666666667,0.0,12.5,1,0,0,0,0,1,0,0,4,2,0,0,4,2,0,0,0,0,1,44106,0.0,4,120.66666666666667,3,1.0,3,121.66666666666667,3,23.0,2,4,12.5,4
962,963,6,0,6,0,1,0,3,2,3,1,1,3,3,6,0.18691588785046728,0.7243460764587525,0.027649769585253458,2170.0,434,217.0,86800,13020,256680.000,85600.78616404000000000000000,166610.6174249200000000000000,252211.4035889600000000000000,76973.39641104000000000000000,169880.000,585864.80,497,0.2580477673935618,0,50,2,1,1,"1,2",0.5,0.3333333333333333,0.16666666666666666,121.66666666666667,0.0,47.666666666666664,0.5,0.3333333333333333,0.16666666666666666,121.66666666666667,0.0,12.5,1,0,0,0,0,1,0,0,4,2,0,0,4,2,0,0,0,0,1,44106,0.0,4,120.66666666666667,3,1.0,3,121.66666666666667,3,23.0,2,4,12.5,4
963,964,6,0,6,0,1,0,3,2,3,1,1,3,3,6,0.18672199170124482,0.7228915662650601,0.027586206896551724,2175.0,435,217.5,87000,13050,256680.000,85600.78616404000000000000000,166610.6174249200000000000000,252211.4035889600000000000000,76973.39641104000000000000000,169680.000,585864.80,498,0.258298755186722,0,50,2,1,1,"2,1",0.5,0.3333333333333333,0.16666666666666666,121.66666666666667,0.0,47.666666666666664,0.5,0.3333333333333333,0.16666666666666666,121.66666666666667,0.0,12.5,1,0,0,0,0,1,0,0,4,2,0,0,4,2,0,0,0,0,1,44106,0.0,4,120.66666666666667,3,1.0,3,121.66666666666667,3,23.0,2,4,12.5,4
964,965,6,0,6,0,1,0,3,2,3,1,1,3,3,6,0.18652849740932645,0.7214428857715431,0.027522935779816515,2180.0,436,218.0,87200,13080,256680.000,85600.78616404000000000000000,166610.6174249200000000000000,252211.4035889600000000000000,76973.39641104000000000000000,169480.000,585864.80,499,0.25854922279792747,0,50,2,1,1,"1,2",0.5,0.3333333333333333,0.16666666666666666,121.66666666666667,0.0,47.666666666666664,0.5,0.3333333333333333,0.16666666666666666,121.66666666666667,0.0,12.5,1,0,0,0,0,1,0,0,4,2,0,0,4,2,0,0,0,0,1,44106,0.0,4,120.66666666666667,3,1.0,3,121.66666666666667,3,23.0,2,4,12.5,4
965,966,6,0,6,0,1,0,3,2,3,1,1,3,3,6,0.18633540372670807,0.72,0.02745995423340961,2185.0,437,218.5,87400,13110,256680.000,85600.78616404000000000000000,166610.6174249200000000000000,252211.4035889600000000000000,76973.39641104000000000000000,169280.000,585864.80,500,0.2587991718426501,0,50,2,1,1,"2,1",0.5,0.3333333333333333,0.16666666666666666,121.66666666666667,0.0,47.666666666666664,0.5,0.3333333333333333,0.16666666666666666,121.66666666666667,0.0,12.5,1,0,0,0,0,1,0,0,4,2,0,0,4,2,0,0,0,0,1,44106,0.0,4,120.66666666666667,3,1.0,3,121.66666666666667,3,23.0,2,4,12.5,4
966,967,6,0,6,0,1,0,3,2,3,1,1,3,3,6,0.18614270941054809,0.718562874251497,0.0273972602739726,2190.0,438,219.0,87600,13140,256680.000,85600.78616404000000000000000,166610.6174249200000000000000,252211.4035889600000000000000,76973.39641104000000000000000,169080.000,585864.80,501,0.25904860392967943,0,50,2,1,1,"1,2",0.5,0.3333333333333333,0.16666666666666666,121.66666666666667,0.0,47.666666666666664,0.5,0.3333333333333333,0.16666666666666666,121.66666666666667,0.0,12.5,1,0,0,0,0,1,0,0,4,2,0,0,4,2,0,0,0,0,1,44106,0.0,4,120.66666666666667,3,1.0,3,121.66666666666667,3,23.0,2,4,12.5,4
967,968,6,0,6,0,1,0,3,2,3,1,1,3,3,6,0.18595041322314051,0.7171314741035856,0.02733485193621868,2195.0,439,219.5,87800,13170,256680.000,85600.78616404000000000000000,166610.6174249200000000000000,252211.4035889600000000000000,76973.39641104000000000000000,168880.000,585864.80,502,0.259297520661157,0,50,2,1,1,"1,2",0.5,0.3333333333333333,0.16666666666666666,121.66666666666667,0.0,47.666666666666664,0.5,0.3333333333333333,0.16666666666666666,121.66666666666667,0.0,12.5,1,0,0,0,0,1,0,0,4,2,0,0,4,2,0,0,0,0,1,44106,0.0,4,120.66666666666667,3,1.0,3,121.66666666666667,3,23.0,2,4,12.5,4
968,969,6,0,6,0,1,0,3,2,3,1,1,3,3,6,0.18575851393188855,0.7157057654075547,0.02727272727272727,2200.0,440,220.0,88000,13200,256680.000,85600.78616404000000000000000,166610.6174249200000000000000,252211.4035889600000000000000,76973.39641104000000000000000,168680.000,585864.80,503,0.2595459236326109,0,50,2,1,1,"2,1",0.5,0.3333333333333333,0.16666666666666666,121.66666666666667,0.0,47.666666666666664,0.5,0.3333333333333333,0.16666666666666666,121.66666666666667,0.0,12.5,1,0,0,0,0,1,0,0,4,2,0,0,4,2,0,0,0,0,1,44106,0.0,4,120.66666666666667,3,1.0,3,121.66666666666667,3,23.0,2,4,12.5,4
969,970,6,0,6,0,1,0,3,2,3,1,1,3,3,6,0.18556701030927833,0.7142857142857143,0.027210884353741496,2205.0,441,220.5,88200,13230,256680.000,85600.78616404000000000000000,166610.6174249200000000000000,252211.4035889600000000000000,76973.39641104000000000000000,168480.000,585864.80,504,0.2597938144329897,0,50,2,1,1,"1,2",0.5,0.3333333333333333,0.16666666666666666,121.66666666666667,0.0,47.666666666666664,0.5,0.3333333333333333,0.16666666666666666,121.66666666666667,0.0,12.5,1,0,0,0,0,1,0,0,4,2,0,0,4,2,0,0,0,0,1,44106,0.0,4,120.66666666666667,3,1.0,3,121.66666666666667,3,23.0,2,4,12.5,4
970,971,6,0,6,0,1,0,3,2,3,1,1,3,3,6,0.18537590113285274,0.712871287128713,0.027149321266968326,2210.0,442,221.0,88400,13260,256680.000,85600.78616404000000000000000,166610.6174249200000000000000,252211.4035889600000000000000,76973.39641104000000000000000,168280.000,585864.80,505,0.2600411946446962,0,50,2,1,1,"2,1",0.5,0.3333333333333333,0.16666666666666666,121.66666666666667,0.0,47.666666666666664,0.5,0.3333333333333333,0.16666666666666666,121.66666666666667,0.0,12.5,1,0,0,0,0,1,0,0,4,2,0,0,4,2,0,0,0,0,1,44106,0.0,4,120.66666666666667,3,1.0,3,121.66666666666667,3,23.0,2,4,12.5,4
971,972,6,0,6,0,1,0,3,2,3,1,1,3,3,6,0.1851851851851852,0.7114624505928854,0.02708803611738149,2215.0,443,221.5,88600,13290,256680.000,85600.78616404000000000000000,166610.6174249200000000000000,252211.4035889600000000000000,76973.39641104000000000000000,168080.000,585864.80,506,0.2602880658436214,0,50,2,1,1,"2,1",0.5,0.3333333333333333,0.16666666666666666,121.66666666666667,0.0,47.666666666666664,0.5,0.3333333333333333,0.16666666666666666,121.66666666666667,0.0,12.5,1,0,0,0,0,1,0,0,4,2,0,0,4,2,0,0,0,0,1,44106,0.0,4,120.66666666666667,3,1.0,3,121.66666666666667,3,23.0,2,4,12.5,4
972,973,6,0,6,0,1,0,3,2,3,1,1,3,3,6,0.1849948612538541,0.7100591715976332,0.02702702702702703,2220.0,444,222.0,88800,13320,256680.000,85600.78616404000000000000000,166610.6174249200000000000000,252211.4035889600000000000000,76973.39641104000000000000000,167880.000,585864.80,507,0.2605344295991778,0,50,2,1,1,"1,2",0.5,0.3333333333333333,0.16666666666666666,121.66666666666667,0.0,47.666666666666664,0.5,0.3333333333333333,0.16666666666666666,121.66666666666667,0.0,12.5,1,0,0,0,0,1,0,0,4,2,0,0,4,2,0,0,0,0,1,44106,0.0,4,120.66666666666667,3,1.0,3,121.66666666666667,3,23.0,2,4,12.5,4
973,974,6,0,6,0,1,0,3,2,3,1,1,3,3,6,0.18480492813141683,0.7086614173228346,0.02696629213483146,2225.0,445,222.5,89000,13350,256680.000,85600.78616404000000000000000,166610.6174249200000000000000,252211.4035889600000000000000,76973.39641104000000000000000,167680.000,585864.80,508,0.26078028747433263,0,50,2,1,1,"2,1",0.5,0.3333333333333333,0.16666666666666666,121.66666666666667,0.0,47.666666666666664,0.5,0.3333333333333333,0.16666666666666666,121.66666666666667,0.0,12.5,1,0,0,0,0,1,0,0,4,2,0,0,4,2,0,0,0,0,1,44106,0.0,4,120.66666666666667,3,1.0,3,121.66666666666667,3,23.0,2,4,12.5,4
974,975,6,0,6,0,1,0,3,2,3,1,1,3,3,6,0.18461538461538463,0.7072691552062869,0.026905829596412557,2230.0,446,223.0,89200,13380,256680.000,85600.78616404000000000000000,166610.6174249200000000000000,252211.4035889600000000000000,76973.39641104000000000000000,167480.000,585864.80,509,0.261025641025641,0,50,2,1,1,"2,1",0.5,0.3333333333333333,0.16666666666666666,121.66666666666667,0.0,47.666666666666664,0.5,0.3333333333333333,0.16666666666666666,121.66666666666667,0.0,12.5,1,0,0,0,0,1,0,0,4,2,0,0,4,2,0,0,0,0,1,44106,0.0,4,120.66666666666667,3,1.0,3,121.66666666666667,3,23.0,2,4,12.5,4
975,976,6,0,6,0,1,0,3,2,3,1,1,3,3,6,0.18442622950819673,0.7058823529411765,0.026845637583892617,2235.0,447,223.5,89400,13410,256680.000,85600.78616404000000000000000,166610.6174249200000000000000,252211.4035889600000000000000,76973.39641104000000000000000,167280.000,585864.80,510,0.2612704918032787,0,50,2,1,1,"1,2",0.5,0.3333333333333333,0.16666666666666666,121.66666666666667,0.0,47.666666666666664,0.5,0.3333333333333333,0.16666666666666666,121.66666666666667,0.0,12.5,1,0,0,0,0,1,0,0,4,2,0,0,4,2,0,0,0,0,1,44106,0.0,4,120.66666666666667,3,1.0,3,121.66666666666667,3,23.0,2,4,12.5,4
976,977,6,0,6,0,1,0,3,2,3,1,1,3,3,6,0.18423746161719548,0.7045009784735812,0.026785714285714284,2240.0,448,224.0,89600,13440,256680.000,85600.78616404000000000000000,166610.6174249200000000000000,252211.4035889600000000000000,76973.39641104000000000000000,167080.000,585864.80,511,0.2615148413510747,0,50,2,1,1,"2,1",0.5,0.3333333333333333,0.16666666666666666,121.66666666666667,0.0,47.666666666666664,0.5,0.3333333333333333,0.16666666666666666,121.66666666666667,0.0,12.5,1,0,0,0,0,1,0,0,4,2,0,0,4,2,0,0,0,0,1,44106,0.0,4,120.66666666666667,3,1.0,3,121.66666666666667,3,23.0,2,4,12.5,4
977,978,6,0,6,0,1,0,3,2,3,1,1,3,3,6,0.18404907975460122,0.703125,0.026726057906458798,2245.0,449,224.5,89800,13470,256680.000,85600.78616404000000000000000,166610.6174249200000000000000,252211.4035889600000000000000,76973.39641104000000000000000,166880.000,585864.80,512,0.261758691206544,0,50,2,1,1,"1,2",0.5,0.3333333333333333,0.16666666666666666,121.66666666666667,0.0,47.666666666666664,0.5,0.3333333333333333,0.16666666666666666,121.66666666666667,0.0,12.5,1,0,0,0,0,1,0,0,4,2,0,0,4,2,0,0,0,0,1,44106,0.0,4,120.66666666666667,3,1.0,3,121.66666666666667,3,23.0,2,4,12.5,4
978,979,6,0,6,0,1,0,3,2,3,1,1,3,3,6,0.18386108273748725,0.7017543859649122,0.02666666666666667,2250.0,450,225.0,90000,13500,256680.000,85600.78616404000000000000000,166610.6174249200000000000000,252211.4035889600000000000000,76973.39641104000000000000000,166680.000,585864.80,513,0.26200204290091933,0,50,2,1,1,"2,1",0.5,0.3333333333333333,0.16666666666666666,121.66666666666667,0.0,47.666666666666664,0.5,0.3333333333333333,0.16666666666666666,121.66666666666667,0.0,12.5,1,0,0,0,0,1,0,0,4,2,0,0,4,2,0,0,0,0,1,44106,0.0,4,120.66666666666667,3,1.0,3,121.66666666666667,3,23.0,2,4,12.5,4
979,980,6,0,6,0,1,0,3,2,3,1,1,3,3,6,0.1836734693877551,0.7003891050583658,0.026607538802660754,2255.0,451,225.5,90200,13530,256680.000,85600.78616404000000000000000,166610.6174249200000000000000,252211.4035889600000000000000,76973.39641104000000000000000,166480.000,585864.80,514,0.26224489795918365,0,50,2,1,1,"2,1",0.5,0.3333333333333333,0.16666666666666666,121.66666666666667,0.0,47.666666666666664,0.5,0.3333333333333333,0.16666666666666666,121.66666666666667,0.0,12.5,1,0,0,0,0,1,0,0,4,2,0,0,4,2,0,0,0,0,1,44106,0.0,4,120.66666666666667,3,1.0,3,121.66666666666667,3,23.0,2,4,12.5,4
980,981,6,0,6,0,1,0,3,2,3,1,1,3,3,6,0.18348623853211007,0.6990291262135921,0.02654867256637168,2260.0,452,226.0,90400,13560,256680.000,85600.78616404000000000000000,166610.6174249200000000000000,252211.4035889600000000000000,76973.39641104000000000000000,166280.000,585864.80,515,0.2624872579001019,0,50,2,1,1,"2,1",0.5,0.3333333333333333,0.16666666666666666,121.66666666666667,0.0,47.666666666666664,0.5,0.3333333333333333,0.16666666666666666,121.66666666666667,0.0,12.5,1,0,0,0,0,1,0,0,4,2,0,0,4,2,0,0,0,0,1,44106,0.0,4,120.66666666666667,3,1.0,3,121.66666666666667,3,23.0,2,4,12.5,4
981,982,6,0,6,0,1,0,3,2,3,1,1,3,3,6,0.18329938900203666,0.6976744186046512,0.026490066225165563,2265.0,453,226.5,90600,13590,256680.000,85600.78616404000000000000000,166610.6174249200000000000000,252211.4035889600000000000000,76973.39641104000000000000000,166080.000,585864.80,516,0.26272912423625255,0,50,2,1,1,"1,2",0.5,0.3333333333333333,0.16666666666666666,121.66666666666667,0.0,47.666666666666664,0.5,0.3333333333333333,0.16666666666666666,121.66666666666667,0.0,12.5,1,0,0,0,0,1,0,0,4,2,0,0,4,2,0,0,0,0,1,44106,0.0,4,120.66666666666667,3,1.0,3,121.66666666666667,3,23.0,2,4,12.5,4
982,983,6,0,6,0,1,0,3,2,3,1,1,3,3,6,0.18311291963377416,0.6963249516441006,0.02643171806167401,2270.0,454,227.0,90800,13620,256680.000,85600.78616404000000000000000,166610.6174249200000000000000,252211.4035889600000000000000,76973.39641104000000000000000,165880.000,585864.80,517,0.262970498474059,0,50,2,1,1,"2,1",0.5,0.3333333333333333,0.16666666666666666,121.66666666666667,0.0,47.666666666666664,0.5,0.3333333333333333,0.16666666666666666,121.66666666666667,0.0,12.5,1,0,0,0,0,1,0,0,4,2,0,0,4,2,0,0,0,0,1,44106,0.0,4,120.66666666666667,3,1.0,3,121.66666666666667,3,23.0,2,4,12.5,4
983,984,6,0,6,0,1,0,3,2,3,1,1,3,3,6,0.1829268292682927,0.694980694980695,0.026373626373626374,2275.0,455,227.5,91000,13650,256680.000,85600.78616404000000000000000,166610.6174249200000000000000,252211.4035889600000000000000,76973.39641104000000000000000,165680.000,585864.80,518,0.2632113821138211,0,50,2,1,1,"2,1",0.5,0.3333333333333333,0.16666666666666666,121.66666666666667,0.0,47.666666666666664,0.5,0.3333333333333333,0.16666666666666666,121.66666666666667,0.0,12.5,1,0,0,0,0,1,0,0,4,2,0,0,4,2,0,0,0,0,1,44106,0.0,4,120.66666666666667,3,1.0,3,121.66666666666667,3,23.0,2,4,12.5,4
984,985,6,0,6,0,1,0,3,2,3,1,1,3,3,6,0.18274111675126903,0.6936416184971098,0.02631578947368421,2280.0,456,228.0,91200,13680,256680.000,85600.78616404000000000000000,166610.6174249200000000000000,252211.4035889600000000000000,76973.39641104000000000000000,165480.000,585864.80,519,0.26345177664974617,0,50,2,1,1,"2,1",0.5,0.3333333333333333,0.16666666666666666,121.66666666666667,0.0,47.666666666666664,0.5,0.3333333333333333,0.16666666666666666,121.66666666666667,0.0,12.5,1,0,0,0,0,1,0,0,4,2,0,0,4,2,0,0,0,0,1,44106,0.0,4,120.66666666666667,3,1.0,3,121.66666666666667,3,23.0,2,4,12.5,4
985,986,6,0,6,0,1,0,3,2,3,1,1,3,3,6,0.18255578093306288,0.6923076923076924,0.0262582056892779,2285.0,457,228.5,91400,13710,256680.000,85600.78616404000000000000000,166610.6174249200000000000000,252211.4035889600000000000000,76973.39641104000000000000000,165280.000,585864.80,520,0.26369168356997974,0,50,2,1,1,"1,2",0.5,0.3333333333333333,0.16666666666666666,121.66666666666667,0.0,47.666666666666664,0.5,0.3333333333333333,0.16666666666666666,121.66666666666667,0.0,12.5,1,0,0,0,0,1,0,0,4,2,0,0,4,2,0,0,0,0,1,44106,0.0,4,120.66666666666667,3,1.0,3,121.66666666666667,3,23.0,2,4,12.5,4
986,987,6,0,6,0,1,0,3,2,3,1,1,3,3,6,0.182370820668693,0.690978886756238,0.026200873362445413,2290.0,458,229.0,91600,13740,256680.000,85600.78616404000000000000000,166610.6174249200000000000000,252211.4035889600000000000000,76973.39641104000000000000000,165080.000,585864.80,521,0.26393110435663625,0,50,2,1,1,"1,2",0.5,0.3333333333333333,0.16666666666666666,121.66666666666667,0.0,47.666666666666664,0.5,0.3333333333333333,0.16666666666666666,121.66666666666667,0.0,12.5,1,0,0,0,0,1,0,0,4,2,0,0,4,2,0,0,0,0,1,44106,0.0,4,120.66666666666667,3,1.0,3,121.66666666666667,3,23.0,2,4,12.5,4
987,988,6,0,6,0,1,0,3,2,3,1,1,3,3,6,0.1821862348178138,0.6896551724137931,0.026143790849673203,2295.0,459,229.5,91800,13770,256680.000,85600.78616404000000000000000,166610.6174249200000000000000,252211.4035889600000000000000,76973.39641104000000000000000,164880.000,585864.80,522,0.26417004048583,0,50,2,1,1,"2,1",0.5,0.3333333333333333,0.16666666666666666,121.66666666666667,0.0,47.666666666666664,0.5,0.3333333333333333,0.16666666666666666,121.66666666666667,0.0,12.5,1,0,0,0,0,1,0,0,4,2,0,0,4,2,0,0,0,0,1,44106,0.0,4,120.66666666666667,3,1.0,3,121.66666666666667,3,23.0,2,4,12.5,4
988,989,6,0,6,0,1,0,3,2,3,1,1,3,3,6,0.18200202224469159,0.6883365200764818,0.02608695652173913,2300.0,460,230.0,92000,13800,256680.000,85600.78616404000000000000000,166610.6174249200000000000000,252211.4035889600000000000000,76973.39641104000000000000000,164680.000,585864.80,523,0.2644084934277047,0,50,2,1,1,"2,1",0.5,0.3333333333333333,0.16666666666666666,121.66666666666667,0.0,47.666666666666664,0.5,0.3333333333333333,0.16666666666666666,121.66666666666667,0.0,12.5,1,0,0,0,0,1,0,0,4,2,0,0,4,2,0,0,0,0,1,44106,0.0,4,120.66666666666667,3,1.0,3,121.66666666666667,3,23.0,2,4,12.5,4
989,990,6,0,6,0,1,0,3,2,3,1,1,3,3,6,0.18181818181818182,0.6870229007633588,0.026030368763557483,2305.0,461,230.5,92200,13830,256680.000,85600.78616404000000000000000,166610.6174249200000000000000,252211.4035889600000000000000,76973.39641104000000000000000,164480.000,585864.80,524,0.26464646464646463,0,50,2,1,1,"2,1",0.5,0.3333333333333333,0.16666666666666666,121.66666666666667,0.0,47.666666666666664,0.5,0.3333333333333333,0.16666666666666666,121.66666666666667,0.0,12.5,1,0,0,0,0,1,0,0,4,2,0,0,4,2,0,0,0,0,1,44106,0.0,4,120.66666666666667,3,1.0,3,121.66666666666667,3,23.0,2,4,12.5,4
990,991,6,0,6,0,0,1,3,2,4,1,1,3,3,6,0.18163471241170537,0.6857142857142857,0.025974025974025976,2310.0,462,231.0,92400,13860,256680.000,85600.78616404000000000000000,166610.6174249200000000000000,252211.4035889600000000000000,76973.39641104000000000000000,164280.000,585864.80,525,0.2648839556004036,0,50,2,1,1,"1,2",0.5,0.3333333333333333,0.16666666666666666,121.66666666666667,0.0,47.666666666666664,0.5,0.3333333333333333,0.16666666666666666,121.66666666666667,0.0,12.5,2,0,0,0,0,0,0,0,4,2,0,0,4,2,0,0,0,0,1,44106,0.0,4,130.25,4,1.0,3,121.66666666666667,3,23.0,2,4,12.5,4
991,992,6,0,6,0,0,0,4,2,4,0,0,4,4,8,0.24193548387096772,0.9142857142857143,0.03463203463203463,1732.5,462,231.0,92400,13860,344655.000,110649.4266813600000000000000,167855.5455268600000000000000,278504.9722082200000000000000,90321.12779178000000000000000,252255.000,713481.10,525,0.26461693548387094,0,50,2,1,1,"1,2",0.6666666666666666,0.3333333333333333,0.0,131.25,0.0,46.25,0.6666666666666666,0.3333333333333333,0.0,131.25,0.0,12.5,2,0,0,0,0,0,0,0,4,2,0,0,4,2,0,0,0,0,1,44106,0.0,4,130.25,4,1.0,4,131.25,4,23.0,2,4,12.5,4
992,993,6,0,6,0,0,0,4,2,4,0,0,4,4,8,0.2416918429003021,0.9142857142857143,0.03463203463203463,1732.5,462,231.0,92400,13860,344655.000,110649.4266813600000000000000,167855.5455268600000000000000,278504.9722082200000000000000,90321.12779178000000000000000,252255.000,713481.10,525,0.26435045317220546,0,50,2,1,1,"2,1",0.6666666666666666,0.3333333333333333,0.0,131.25,0.0,46.25,0.6666666666666666,0.3333333333333333,0.0,131.25,0.0,12.5,2,0,0,0,0,0,0,0,4,2,0,0,4,2,0,0,0,0,1,44106,0.0,4,130.25,4,1.0,4,131.25,4,23.0,2,4,12.5,4
993,994,6,0,6,0,0,0,4,2,4,0,0,4,4,8,0.2414486921529175,0.9142857142857143,0.03463203463203463,1732.5,462,231.0,92400,13860,344655.000,110649.4266813600000000000000,167855.5455268600000000000000,278504.9722082200000000000000,90321.12779178000000000000000,252255.000,713481.10,525,0.2640845070422535,0,50,2,1,1,"2,1",0.6666666666666666,0.3333333333333333,0.0,131.25,0.0,46.25,0.6666666666666666,0.3333333333333333,0.0,131.25,0.0,12.5,2,0,0,0,0,0,0,0,4,2,0,0,4,2,0,0,0,0,1,44106,0.0,4,130.25,4,1.0,4,131.25,4,23.0,2,4,12.5,4
994,995,6,0,6,0,0,0,4,2,4,0,0,4,4,8,0.2412060301507538,0.9142857142857143,0.03463203463203463,1732.5,462,231.0,92400,13860,344655.000,110649.4266813600000000000000,167855.5455268600000000000000,278504.9722082200000000000000,90321.12779178000000000000000,252255.000,713481.10,525,0.2638190954773869,0,50,2,1,1,"2,1",0.6666666666666666,0.3333333333333333,0.0,131.25,0.0,46.25,0.6666666666666666,0.3333333333333333,0.0,131.25,0.0,12.5,2,0,0,0,0,0,0,0,4,2,0,0,4,2,0,0,0,0,1,44106,0.0,4,130.25,4,1.0,4,131.25,4,23.0,2,4,12.5,4
995,996,6,0,6,0,0,0,4,2,4,0,0,4,4,8,0.24096385542168672,0.9142857142857143,0.03463203463203463,1732.5,462,231.0,92400,13860,344655.000,110649.4266813600000000000000,167855.5455268600000000000000,278504.9722082200000000000000,90321.12779178000000000000000,252255.000,713481.10,525,0.2635542168674699,0,50,2,1,1,"1,2",0.6666666666666666,0.3333333333333333,0.0,131.25,0.0,46.25,0.6666666666666666,0.3333333333333333,0.0,131.25,0.0,12.5,2,0,0,0,0,0,0,0,4,2,0,0,4,2,0,0,0,0,1,44106,0.0,4,130.25,4,1.0,4,131.25,4,23.0,2,4,12.5,4
996,997,6,0,6,0,0,0,4,2,4,0,0,4,4,8,0.24072216649949849,0.9142857142857143,0.03463203463203463,1732.5,462,231.0,92400,13860,344655.000,110649.4266813600000000000000,167855.5455268600000000000000,278504.9722082200000000000000,90321.12779178000000000000000,252255.000,713481.10,525,0.2632898696088265,0,50,2,1,1,"2,1",0.6666666666666666,0.3333333333333333,0.0,131.25,0.0,46.25,0.6666666666666666,0.3333333333333333,0.0,131.25,0.0,12.5,2,0,0,0,0,0,0,0,4,2,0,0,4,2,0,0,0,0,1,44106,0.0,4,130.25,4,1.0,4,131.25,4,23.0,2,4,12.5,4
997,998,6,0,6,0,0,0,4,2,4,0,0,4,4,8,0.2404809619238477,0.9142857142857143,0.03463203463203463,1732.5,462,231.0,92400,13860,344655.000,110649.4266813600000000000000,167855.5455268600000000000000,278504.9722082200000000000000,90321.12779178000000000000000,252255.000,713481.10,525,0.26302605210420843,0,50,2,1,1,"2,1",0.6666666666666666,0.3333333333333333,0.0,131.25,0.0,46.25,0.6666666666666666,0.3333333333333333,0.0,131.25,0.0,12.5,2,0,0,0,0,0,0,0,4,2,0,0,4,2,0,0,0,0,1,44106,0.0,4,130.25,4,1.0,4,131.25,4,23.0,2,4,12.5,4
998,999,6,0,6,0,0,0,4,2,4,0,0,4,4,8,0.24024024024024027,0.9142857142857143,0.03463203463203463,1732.5,462,231.0,92400,13860,344655.000,110649.4266813600000000000000,167855.5455268600000000000000,278504.9722082200000000000000,90321.12779178000000000000000,252255.000,713481.10,525,0.2627627627627628,0,50,2,1,1,"1,2",0.6666666666666666,0.3333333333333333,0.0,131.25,0.0,46.25,0.6666666666666666,0.3333333333333333,0.0,131.25,0.0,12.5,2,0,0,0,0,0,0,0,4,2,0,0,4,2,0,0,0,0,1,44106,0.0,4,130.25,4,1.0,4,131.25,4,23.0,2,4,12.5,4
999,1000,6,0,6,0,0,0,4,2,4,0,0,4,4,8,0.24,0.9142857142857143,0.03463203463203463,1732.5,462,231.0,92400,13860,344655.000,110649.4266813600000000000000,167855.5455268600000000000000,278504.9722082200000000000000,90321.12779178000000000000000,252255.000,713481.10,525,0.2625,0,50,2,1,1,"1,2",0.6666666666666666,0.3333333333333333,0.0,131.25,0.0,46.25,0.6666666666666666,0.3333333333333333,0.0,131.25,0.0,12.5,2,0,0,0,0,0,0,0,4,2,0,0,4,2,0,0,0,0,1,44106,0.0,4,130.25,4,1.0,4,131.25,4,23.0,2,4,12.5,4
1000,1001,6,0,6,0,0,0,4,2,4,0,0,4,4,8,0.23976023976023975,0.9142857142857143,0.03463203463203463,1732.5,462,231.0,92400,13860,344655.000,110649.4266813600000000000000,167855.5455268600000000000000,278504.9722082200000000000000,90321.12779178000000000000000,252255.000,713481.10,525,0.26223776223776224,0,50,2,1,1,"2,1",0.6666666666666666,0.3333333333333333,0.0,131.25,0.0,46.25,0.6666666666666666,0.3333333333333333,0.0,131.25,0.0,12.5,2,0,0,0,0,0,0,0,4,2,0,0,4,2,0,0,0,0,1,44106,0.0,4,130.25,4,1.0,4,131.25,4,23.0,2,4,12.5,4
1001,1002,6,0,6,0,0,0,4,2,4,0,0,4,4,8,0.23952095808383234,0.9142857142857143,0.03463203463203463,1732.5,462,231.0,92400,13860,344655.000,110649.4266813600000000000000,167855.5455268600000000000000,278504.9722082200000000000000,90321.12779178000000000000000,252255.000,713481.10,525,0.2619760479041916,0,50,2,1,1,"1,2",0.6666666666666666,0.3333333333333333,0.0,131.25,0.0,46.25,0.6666666666666666,0.3333333333333333,0.0,131.25,0.0,12.5,2,0,0,0,0,0,0,0,4,2,0,0,4,2,0,0,0,0,1,44106,0.0,4,130.25,4,1.0,4,131.25,4,23.0,2,4,12.5,4
1002,1003,6,0,6,0,0,0,4,2,4,0,0,4,4,8,0.23928215353938187,0.9142857142857143,0.03463203463203463,1732.5,462,231.0,92400,13860,344655.000,110649.4266813600000000000000,167855.5455268600000000000000,278504.9722082200000000000000,90321.12779178000000000000000,252255.000,713481.10,525,0.2617148554336989,0,50,2,1,1,"1,2",0.6666666666666666,0.3333333333333333,0.0,131.25,0.0,46.25,0.6666666666666666,0.3333333333333333,0.0,131.25,0.0,12.5,2,0,0,0,0,0,0,0,4,2,0,0,4,2,0,0,0,0,1,44106,0.0,4,130.25,4,1.0,4,131.25,4,23.0,2,4,12.5,4
1003,1004,6,0,6,0,0,0,4,2,4,0,0,4,4,8,0.2390438247011952,0.9142857142857143,0.03463203463203463,1732.5,462,231.0,92400,13860,344655.000,110649.4266813600000000000000,167855.5455268600000000000000,278504.9722082200000000000000,90321.12779178000000000000000,252255.000,713481.10,525,0.26145418326693226,0,50,2,1,1,"2,1",0.6666666666666666,0.3333333333333333,0.0,131.25,0.0,46.25,0.6666666666666666,0.3333333333333333,0.0,131.25,0.0,12.5,2,0,0,0,0,0,0,0,4,2,0,0,4,2,0,0,0,0,1,44106,0.0,4,130.25,4,1.0,4,131.25,4,23.0,2,4,12.5,4
1004,1005,6,0,6,0,0,0,4,2,4,0,0,4,4,8,0.23880597014925373,0.9142857142857143,0.03463203463203463,1732.5,462,231.0,92400,13860,344655.000,110649.4266813600000000000000,167855.5455268600000000000000,278504.9722082200000000000000,90321.12779178000000000000000,252255.000,713481.10,525,0.26119402985074625,0,50,2,1,1,"1,2",0.6666666666666666,0.3333333333333333,0.0,131.25,0.0,46.25,0.6666666666666666,0.3333333333333333,0.0,131.25,0.0,12.5,2,0,0,0,0,0,0,0,4,2,0,0,4,2,0,0,0,0,1,44106,0.0,4,130.25,4,1.0,4,131.25,4,23.0,2,4,12.5,4
1005,1006,6,0,6,0,0,0,4,2,4,0,0,4,4,8,0.2385685884691849,0.9142857142857143,0.03463203463203463,1732.5,462,231.0,92400,13860,344655.000,110649.4266813600000000000000,167855.5455268600000000000000,278504.9722082200000000000000,90321.12779178000000000000000,252255.000,713481.10,525,0.26093439363817095,0,50,2,1,1,"1,2",0.6666666666666666,0.3333333333333333,0.0,131.25,0.0,46.25,0.6666666666666666,0.3333333333333333,0.0,131.25,0.0,12.5,2,0,0,0,0,0,0,0,4,2,0,0,4,2,0,0,0,0,1,44106,0.0,4,130.25,4,1.0,4,131.25,4,23.0,2,4,12.5,4
1006,1007,6,0,6,0,0,0,4,2,4,0,0,4,4,8,0.23833167825223434,0.9142857142857143,0.03463203463203463,1732.5,462,231.0,92400,13860,344655.000,110649.4266813600000000000000,167855.5455268600000000000000,278504.9722082200000000000000,90321.12779178000000000000000,252255.000,713481.10,525,0.26067527308838134,0,50,2,1,1,"2,1",0.6666666666666666,0.3333333333333333,0.0,131.25,0.0,46.25,0.6666666666666666,0.3333333333333333,0.0,131.25,0.0,12.5,2,0,0,0,0,0,0,0,4,2,0,0,4,2,0,0,0,0,1,44106,0.0,4,130.25,4,1.0,4,131.25,4,23.0,2,4,12.5,4
1007,1008,6,0,6,0,0,0,4,2,4,0,0,4,4,8,0.23809523809523808,0.9142857142857143,0.03463203463203463,1732.5,462,231.0,92400,13860,344655.000,110649.4266813600000000000000,167855.5455268600000000000000,278504.9722082200000000000000,90321.12779178000000000000000,252255.000,713481.10,525,0.2604166666666667,0,50,2,1,1,"2,1",0.6666666666666666,0.3333333333333333,0.0,131.25,0.0,46.25,0.6666666666666666,0.3333333333333333,0.0,131.25,0.0,12.5,2,0,0,0,0,0,0,0,4,2,0,0,4,2,0,0,0,0,1,44106,0.0,4,130.25,4,1.0,4,131.25,4,23.0,2,4,12.5,4
1008,1009,6,0,6,0,0,0,4,2,4,0,0,4,4,8,0.23785926660059464,0.9142857142857143,0.03463203463203463,1732.5,462,231.0,92400,13860,344655.000,110649.4266813600000000000000,167855.5455268600000000000000,278504.9722082200000000000000,90321.12779178000000000000000,252255.000,713481.10,525,0.2601585728444004,0,50,2,1,1,"1,2",0.6666666666666666,0.3333333333333333,0.0,131.25,0.0,46.25,0.6666666666666666,0.3333333333333333,0.0,131.25,0.0,12.5,2,0,0,0,0,0,0,0,4,2,0,0,4,2,0,0,0,0,1,44106,0.0,4,130.25,4,1.0,4,131.25,4,23.0,2,4,12.5,4
1009,1010,6,0,6,0,0,0,4,2,4,0,0,4,4,8,0.23762376237623764,0.9142857142857143,0.03463203463203463,1732.5,462,231.0,92400,13860,344655.000,110649.4266813600000000000000,167855.5455268600000000000000,278504.9722082200000000000000,90321.12779178000000000000000,252255.000,713481.10,525,0.2599009900990099,0,50,2,1,1,"1,2",0.6666666666666666,0.3333333333333333,0.0,131.25,0.0,46.25,0.6666666666666666,0.3333333333333333,0.0,131.25,0.0,12.5,2,0,0,0,0,0,0,0,4,2,0,0,4,2,0,0,0,0,1,44106,0.0,4,130.25,4,1.0,4,131.25,4,23.0,2,4,12.5,4
1010,1011,6,0,6,0,0,0,4,2,4,0,0,4,4,8,0.2373887240356083,0.9142857142857143,0.03463203463203463,1732.5,462,231.0,92400,13860,344655.000,110649.4266813600000000000000,167855.5455268600000000000000,278504.9722082200000000000000,90321.12779178000000000000000,252255.000,713481.10,525,0.2596439169139466,0,50,2,1,1,"1,2",0.6666666666666666,0.3333333333333333,0.0,131.25,0.0,46.25,0.6666666666666666,0.3333333333333333,0.0,131.25,0.0,12.5,2,0,0,0,0,0,0,0,4,2,0,0,4,2,0,0,0,0,1,44106,0.0,4,130.25,4,1.0,4,131.25,4,23.0,2,4,12.5,4
1011,1012,6,0,6,0,0,0,4,2,4,0,0,4,4,8,0.23715415019762845,0.9142857142857143,0.03463203463203463,1732.5,462,231.0,92400,13860,344655.000,110649.4266813600000000000000,167855.5455268600000000000000,278504.9722082200000000000000,90321.12779178000000000000000,252255.000,713481.10,525,0.25938735177865613,0,50,2,1,1,"2,1",0.6666666666666666,0.3333333333333333,0.0,131.25,0.0,46.25,0.6666666666666666,0.3333333333333333,0.0,131.25,0.0,12.5,2,0,0,0,0,0,0,0,4,2,0,0,4,2,0,0,0,0,1,44106,0.0,4,130.25,4,1.0,4,131.25,4,23.0,2,4,12.5,4
1012,1013,6,0,6,0,0,0,4,2,4,0,0,4,4,8,0.23692003948667326,0.9142857142857143,0.03463203463203463,1732.5,462,231.0,92400,13860,344655.000,110649.4266813600000000000000,167855.5455268600000000000000,278504.9722082200000000000000,90321.12779178000000000000000,252255.000,713481.10,525,0.2591312931885489,0,50,2,1,1,"2,1",0.6666666666666666,0.3333333333333333,0.0,131.25,0.0,46.25,0.6666666666666666,0.3333333333333333,0.0,131.25,0.0,12.5,2,0,0,0,0,0,0,0,4,2,0,0,4,2,0,0,0,0,1,44106,0.0,4,130.25,4,1.0,4,131.25,4,23.0,2,4,12.5,4
1013,1014,6,0,6,0,0,0,4,2,4,0,0,4,4,8,0.2366863905325444,0.9142857142857143,0.03463203463203463,1732.5,462,231.0,92400,13860,344655.000,110649.4266813600000000000000,167855.5455268600000000000000,278504.9722082200000000000000,90321.12779178000000000000000,252255.000,713481.10,525,0.2588757396449704,0,50,2,1,1,"1,2",0.6666666666666666,0.3333333333333333,0.0,131.25,0.0,46.25,0.6666666666666666,0.3333333333333333,0.0,131.25,0.0,12.5,2,0,0,0,0,0,0,0,4,2,0,0,4,2,0,0,0,0,1,44106,0.0,4,130.25,4,1.0,4,131.25,4,23.0,2,4,12.5,4
1014,1015,6,0,6,0,0,0,4,2,4,0,0,4,4,8,0.23645320197044334,0.9142857142857143,0.03463203463203463,1732.5,462,231.0,92400,13860,344655.000,110649.4266813600000000000000,167855.5455268600000000000000,278504.9722082200000000000000,90321.12779178000000000000000,252255.000,713481.10,525,0.25862068965517243,0,50,2,1,1,"2,1",0.6666666666666666,0.3333333333333333,0.0,131.25,0.0,46.25,0.6666666666666666,0.3333333333333333,0.0,131.25,0.0,12.5,2,0,0,0,0,0,0,0,4,2,0,0,4,2,0,0,0,0,1,44106,0.0,4,130.25,4,1.0,4,131.25,4,23.0,2,4,12.5,4
1015,1016,6,0,6,0,0,0,4,2,4,0,0,4,4,8,0.23622047244094488,0.9142857142857143,0.03463203463203463,1732.5,462,231.0,92400,13860,344655.000,110649.4266813600000000000000,167855.5455268600000000000000,278504.9722082200000000000000,90321.12779178000000000000000,252255.000,713481.10,525,0.25836614173228345,0,50,2,1,1,"1,2",0.6666666666666666,0.3333333333333333,0.0,131.25,0.0,46.25,0.6666666666666666,0.3333333333333333,0.0,131.25,0.0,12.5,2,0,0,0,0,0,0,0,4,2,0,0,4,2,0,0,0,0,1,44106,0.0,4,130.25,4,1.0,4,131.25,4,23.0,2,4,12.5,4
1016,1017,6,0,6,0,0,0,4,2,4,0,0,4,4,8,0.2359882005899705,0.9142857142857143,0.03463203463203463,1732.5,462,231.0,92400,13860,344655.000,110649.4266813600000000000000,167855.5455268600000000000000,278504.9722082200000000000000,90321.12779178000000000000000,252255.000,713481.10,525,0.2581120943952802,0,50,2,1,1,"2,1",0.6666666666666666,0.3333333333333333,0.0,131.25,0.0,46.25,0.6666666666666666,0.3333333333333333,0.0,131.25,0.0,12.5,2,0,0,0,0,0,0,0,4,2,0,0,4,2,0,0,0,0,1,44106,0.0,4,130.25,4,1.0,4,131.25,4,23.0,2,4,12.5,4
1017,1018,6,0,6,0,0,0,4,2,4,0,0,4,4,8,0.23575638506876231,0.9142857142857143,0.03463203463203463,1732.5,462,231.0,92400,13860,344655.000,110649.4266813600000000000000,167855.5455268600000000000000,278504.9722082200000000000000,90321.12779178000000000000000,252255.000,713481.10,525,0.25785854616895876,0,50,2,1,1,"1,2",0.6666666666666666,0.3333333333333333,0.0,131.25,0.0,46.25,0.6666666666666666,0.3333333333333333,0.0,131.25,0.0,12.5,2,0,0,0,0,0,0,0,4,2,0,0,4,2,0,0,0,0,1,44106,0.0,4,130.25,4,1.0,4,131.25,4,23.0,2,4,12.5,4
1018,1019,6,0,6,0,0,0,4,2,4,0,0,4,4,8,0.2355250245338567,0.9142857142857143,0.03463203463203463,1732.5,462,231.0,92400,13860,344655.000,110649.4266813600000000000000,167855.5455268600000000000000,278504.9722082200000000000000,90321.12779178000000000000000,252255.000,713481.10,525,0.2576054955839058,0,50,2,1,1,"1,2",0.6666666666666666,0.3333333333333333,0.0,131.25,0.0,46.25,0.6666666666666666,0.3333333333333333,0.0,131.25,0.0,12.5,2,0,0,0,0,0,0,0,4,2,0,0,4,2,0,0,0,0,1,44106,0.0,4,130.25,4,1.0,4,131.25,4,23.0,2,4,12.5,4
1019,1020,6,0,6,0,0,0,4,2,4,0,0,4,4,8,0.23529411764705882,0.9142857142857143,0.03463203463203463,1732.5,462,231.0,92400,13860,344655.000,110649.4266813600000000000000,167855.5455268600000000000000,278504.9722082200000000000000,90321.12779178000000000000000,252255.000,713481.10,525,0.25735294117647056,0,50,2,1,1,"1,2",0.6666666666666666,0.3333333333333333,0.0,131.25,0.0,46.25,0.6666666666666666,0.3333333333333333,0.0,131.25,0.0,12.5,2,0,0,0,0,0,0,0,4,2,0,0,4,2,0,0,0,0,1,44106,0.0,4,130.25,4,1.0,4,131.25,4,23.0,2,4,12.5,4
1020,1021,6,0,6,0,0,0,4,2,4,0,0,4,4,8,0.23506366307541626,0.9142857142857143,0.03463203463203463,1732.5,462,231.0,92400,13860,344655.000,110649.4266813600000000000000,167855.5455268600000000000000,278504.9722082200000000000000,90321.12779178000000000000000,252255.000,713481.10,525,0.25710088148873655,0,50,2,1,1,"2,1",0.6666666666666666,0.3333333333333333,0.0,131.25,0.0,46.25,0.6666666666666666,0.3333333333333333,0.0,131.25,0.0,12.5,2,0,0,0,0,0,0,0,4,2,0,0,4,2,0,0,0,0,1,44106,0.0,4,130.25,4,1.0,4,131.25,4,23.0,2,4,12.5,4
1021,1022,6,0,6,0,0,0,4,2,4,0,0,4,4,8,0.23483365949119372,0.9142857142857143,0.03463203463203463,1732.5,462,231.0,92400,13860,344655.000,110649.4266813600000000000000,167855.5455268600000000000000,278504.9722082200000000000000,90321.12779178000000000000000,252255.000,713481.10,525,0.2568493150684932,0,50,2,1,1,"2,1",0.6666666666666666,0.3333333333333333,0.0,131.25,0.0,46.25,0.6666666666666666,0.3333333333333333,0.0,131.25,0.0,12.5,2,0,0,0,0,0,0,0,4,2,0,0,4,2,0,0,0,0,1,44106,0.0,4,130.25,4,1.0,4,131.25,4,23.0,2,4,12.5,4
1022,1023,6,0,6,0,0,0,4,2,4,0,0,4,4,8,0.2346041055718475,0.9142857142857143,0.03463203463203463,1732.5,462,231.0,92400,13860,344655.000,110649.4266813600000000000000,167855.5455268600000000000000,278504.9722082200000000000000,90321.12779178000000000000000,252255.000,713481.10,525,0.2565982404692082,0,50,2,1,1,"2,1",0.6666666666666666,0.3333333333333333,0.0,131.25,0.0,46.25,0.6666666666666666,0.3333333333333333,0.0,131.25,0.0,12.5,2,0,0,0,0,0,0,0,4,2,0,0,4,2,0,0,0,0,1,44106,0.0,4,130.25,4,1.0,4,131.25,4,23.0,2,4,12.5,4
1023,1024,6,0,6,0,0,0,4,2,4,0,0,4,4,8,0.234375,0.9142857142857143,0.03463203463203463,1732.5,462,231.0,92400,13860,344655.000,110649.4266813600000000000000,167855.5455268600000000000000,278504.9722082200000000000000,90321.12779178000000000000000,252255.000,713481.10,525,0.25634765625,0,50,2,1,1,"2,1",0.6666666666666666,0.3333333333333333,0.0,131.25,0.0,46.25,0.6666666666666666,0.3333333333333333,0.0,131.25,0.0,12.5,2,0,0,0,0,0,0,0,4,2,0,0,4,2,0,0,0,0,1,44106,0.0,4,130.25,4,1.0,4,131.25,4,23.0,2,4,12.5,4
1024,1025,6,0,6,0,0,0,4,2,4,0,0,4,4,8,0.23414634146341465,0.9142857142857143,0.03463203463203463,1732.5,462,231.0,92400,13860,344655.000,110649.4266813600000000000000,167855.5455268600000000000000,278504.9722082200000000000000,90321.12779178000000000000000,252255.000,713481.10,525,0.25609756097560976,0,50,2,1,1,"1,2",0.6666666666666666,0.3333333333333333,0.0,131.25,0.0,46.25,0.6666666666666666,0.3333333333333333,0.0,131.25,0.0,12.5,2,0,0,0,0,0,0,0,4,2,0,0,4,2,0,0,0,0,1,44106,0.0,4,130.25,4,1.0,4,131.25,4,23.0,2,4,12.5,4
1025,1026,6,0,6,0,0,0,4,2,4,0,0,4,4,8,0.23391812865497075,0.9142857142857143,0.03463203463203463,1732.5,462,231.0,92400,13860,344655.000,110649.4266813600000000000000,167855.5455268600000000000000,278504.9722082200000000000000,90321.12779178000000000000000,252255.000,713481.10,525,0.25584795321637427,0,50,2,1,1,"1,2",0.6666666666666666,0.3333333333333333,0.0,131.25,0.0,46.25,0.6666666666666666,0.3333333333333333,0.0,131.25,0.0,12.5,2,0,0,0,0,0,0,0,4,2,0,0,4,2,0,0,0,0,1,44106,0.0,4,130.25,4,1.0,4,131.25,4,23.0,2,4,12.5,4
1026,1027,6,0,6,0,0,0,4,2,4,0,0,4,4,8,0.23369036027263876,0.9142857142857143,0.03463203463203463,1732.5,462,231.0,92400,13860,344655.000,110649.4266813600000000000000,167855.5455268600000000000000,278504.9722082200000000000000,90321.12779178000000000000000,252255.000,713481.10,525,0.2555988315481986,0,50,2,1,1,"1,2",0.6666666666666666,0.3333333333333333,0.0,131.25,0.0,46.25,0.6666666666666666,0.3333333333333333,0.0,131.25,0.0,12.5,2,0,0,0,0,0,0,0,4,2,0,0,4,2,0,0,0,0,1,44106,0.0,4,130.25,4,1.0,4,131.25,4,23.0,2,4,12.5,4
1027,1028,6,0,6,0,0,0,4,2,4,0,0,4,4,8,0.23346303501945526,0.9142857142857143,0.03463203463203463,1732.5,462,231.0,92400,13860,344655.000,110649.4266813600000000000000,167855.5455268600000000000000,278504.9722082200000000000000,90321.12779178000000000000000,252255.000,713481.10,525,0.25535019455252916,0,50,2,1,1,"1,2",0.6666666666666666,0.3333333333333333,0.0,131.25,0.0,46.25,0.6666666666666666,0.3333333333333333,0.0,131.25,0.0,12.5,2,0,0,0,0,0,0,0,4,2,0,0,4,2,0,0,0,0,1,44106,0.0,4,130.25,4,1.0,4,131.25,4,23.0,2,4,12.5,4
1028,1029,6,0,6,0,0,0,4,2,4,0,0,4,4,8,0.23323615160349856,0.9142857142857143,0.03463203463203463,1732.5,462,231.0,92400,13860,344655.000,110649.4266813600000000000000,167855.5455268600000000000000,278504.9722082200000000000000,90321.12779178000000000000000,252255.000,713481.10,525,0.25510204081632654,0,50,2,1,1,"2,1",0.6666666666666666,0.3333333333333333,0.0,131.25,0.0,46.25,0.6666666666666666,0.3333333333333333,0.0,131.25,0.0,12.5,2,0,0,0,0,0,0,0,4,2,0,0,4,2,0,0,0,0,1,44106,0.0,4,130.25,4,1.0,4,131.25,4,23.0,2,4,12.5,4
1029,1030,6,0,6,0,0,0,4,2,4,0,0,4,4,8,0.23300970873786406,0.9142857142857143,0.03463203463203463,1732.5,462,231.0,92400,13860,344655.000,110649.4266813600000000000000,167855.5455268600000000000000,278504.9722082200000000000000,90321.12779178000000000000000,252255.000,713481.10,525,0.25485436893203883,0,50,2,1,1,"1,2",0.6666666666666666,0.3333333333333333,0.0,131.25,0.0,46.25,0.6666666666666666,0.3333333333333333,0.0,131.25,0.0,12.5,2,0,0,0,0,0,0,0,4,2,0,0,4,2,0,0,0,0,1,44106,0.0,4,130.25,4,1.0,4,131.25,4,23.0,2,4,12.5,4
1030,1031,6,0,6,0,0,0,4,2,4,0,0,4,4,8,0.23278370514064015,0.9142857142857143,0.03463203463203463,1732.5,462,231.0,92400,13860,344655.000,110649.4266813600000000000000,167855.5455268600000000000000,278504.9722082200000000000000,90321.12779178000000000000000,252255.000,713481.10,525,0.25460717749757517,0,50,2,1,1,"2,1",0.6666666666666666,0.3333333333333333,0.0,131.25,0.0,46.25,0.6666666666666666,0.3333333333333333,0.0,131.25,0.0,12.5,2,0,0,0,0,0,0,0,4,2,0,0,4,2,0,0,0,0,1,44106,0.0,4,130.25,4,1.0,4,131.25,4,23.0,2,4,12.5,4
1031,1032,6,0,6,0,0,0,4,2,4,0,0,4,4,8,0.23255813953488372,0.9142857142857143,0.03463203463203463,1732.5,462,231.0,92400,13860,344655.000,110649.4266813600000000000000,167855.5455268600000000000000,278504.9722082200000000000000,90321.12779178000000000000000,252255.000,713481.10,525,0.2543604651162791,0,50,2,1,1,"1,2",0.6666666666666666,0.3333333333333333,0.0,131.25,0.0,46.25,0.6666666666666666,0.3333333333333333,0.0,131.25,0.0,12.5,2,0,0,0,0,0,0,0,4,2,0,0,4,2,0,0,0,0,1,44106,0.0,4,130.25,4,1.0,4,131.25,4,23.0,2,4,12.5,4
1032,1033,6,0,6,0,0,0,4,2,4,0,0,4,4,8,0.23233301064859635,0.9142857142857143,0.03463203463203463,1732.5,462,231.0,92400,13860,344655.000,110649.4266813600000000000000,167855.5455268600000000000000,278504.9722082200000000000000,90321.12779178000000000000000,252255.000,713481.10,525,0.25411423039690223,0,50,2,1,1,"2,1",0.6666666666666666,0.3333333333333333,0.0,131.25,0.0,46.25,0.6666666666666666,0.3333333333333333,0.0,131.25,0.0,12.5,2,0,0,0,0,0,0,0,4,2,0,0,4,2,0,0,0,0,1,44106,0.0,4,130.25,4,1.0,4,131.25,4,23.0,2,4,12.5,4
1033,1034,6,0,6,0,0,0,4,2,4,0,0,4,4,8,0.23210831721470018,0.9142857142857143,0.03463203463203463,1732.5,462,231.0,92400,13860,344655.000,110649.4266813600000000000000,167855.5455268600000000000000,278504.9722082200000000000000,90321.12779178000000000000000,252255.000,713481.10,525,0.2538684719535783,0,50,2,1,1,"1,2",0.6666666666666666,0.3333333333333333,0.0,131.25,0.0,46.25,0.6666666666666666,0.3333333333333333,0.0,131.25,0.0,12.5,2,0,0,0,0,0,0,0,4,2,0,0,4,2,0,0,0,0,1,44106,0.0,4,130.25,4,1.0,4,131.25,4,23.0,2,4,12.5,4
1034,1035,6,0,6,0,0,0,4,2,4,0,0,4,4,8,0.2318840579710145,0.9142857142857143,0.03463203463203463,1732.5,462,231.0,92400,13860,344655.000,110649.4266813600000000000000,167855.5455268600000000000000,278504.9722082200000000000000,90321.12779178000000000000000,252255.000,713481.10,525,0.2536231884057971,0,50,2,1,1,"2,1",0.6666666666666666,0.3333333333333333,0.0,131.25,0.0,46.25,0.6666666666666666,0.3333333333333333,0.0,131.25,0.0,12.5,2,0,0,0,0,0,0,0,4,2,0,0,4,2,0,0,0,0,1,44106,0.0,4,130.25,4,1.0,4,131.25,4,23.0,2,4,12.5,4
1035,1036,6,0,6,0,0,0,4,2,4,0,0,4,4,8,0.23166023166023167,0.9142857142857143,0.03463203463203463,1732.5,462,231.0,92400,13860,344655.000,110649.4266813600000000000000,167855.5455268600000000000000,278504.9722082200000000000000,90321.12779178000000000000000,252255.000,713481.10,525,0.2533783783783784,0,50,2,1,1,"1,2",0.6666666666666666,0.3333333333333333,0.0,131.25,0.0,46.25,0.6666666666666666,0.3333333333333333,0.0,131.25,0.0,12.5,2,0,0,0,0,0,0,0,4,2,0,0,4,2,0,0,0,0,1,44106,0.0,4,130.25,4,1.0,4,131.25,4,23.0,2,4,12.5,4
1036,1037,6,0,6,0,0,0,4,2,4,0,0,4,4,8,0.2314368370298939,0.9142857142857143,0.03463203463203463,1732.5,462,231.0,92400,13860,344655.000,110649.4266813600000000000000,167855.5455268600000000000000,278504.9722082200000000000000,90321.12779178000000000000000,252255.000,713481.10,525,0.2531340405014465,0,50,2,1,1,"2,1",0.6666666666666666,0.3333333333333333,0.0,131.25,0.0,46.25,0.6666666666666666,0.3333333333333333,0.0,131.25,0.0,12.5,2,0,0,0,0,0,0,0,4,2,0,0,4,2,0,0,0,0,1,44106,0.0,4,130.25,4,1.0,4,131.25,4,23.0,2,4,12.5,4
1037,1038,6,0,6,0,0,0,4,2,4,0,0,4,4,8,0.23121387283236994,0.9142857142857143,0.03463203463203463,1732.5,462,231.0,92400,13860,344655.000,110649.4266813600000000000000,167855.5455268600000000000000,278504.9722082200000000000000,90321.12779178000000000000000,252255.000,713481.10,525,0.25289017341040465,0,50,2,1,1,"2,1",0.6666666666666666,0.3333333333333333,0.0,131.25,0.0,46.25,0.6666666666666666,0.3333333333333333,0.0,131.25,0.0,12.5,2,0,0,0,0,0,0,0,4,2,0,0,4,2,0,0,0,0,1,44106,0.0,4,130.25,4,1.0,4,131.25,4,23.0,2,4,12.5,4
1038,1039,6,0,6,0,0,0,4,2,4,0,0,4,4,8,0.23099133782483158,0.9142857142857143,0.03463203463203463,1732.5,462,231.0,92400,13860,344655.000,110649.4266813600000000000000,167855.5455268600000000000000,278504.9722082200000000000000,90321.12779178000000000000000,252255.000,713481.10,525,0.25264677574590955,0,50,2,1,1,"1,2",0.6666666666666666,0.3333333333333333,0.0,131.25,0.0,46.25,0.6666666666666666,0.3333333333333333,0.0,131.25,0.0,12.5,2,0,0,0,0,0,0,0,4,2,0,0,4,2,0,0,0,0,1,44106,0.0,4,130.25,4,1.0,4,131.25,4,23.0,2,4,12.5,4
1039,1040,6,0,6,0,0,0,4,2,4,0,0,4,4,8,0.23076923076923078,0.9142857142857143,0.03463203463203463,1732.5,462,231.0,92400,13860,344655.000,110649.4266813600000000000000,167855.5455268600000000000000,278504.9722082200000000000000,90321.12779178000000000000000,252255.000,713481.10,525,0.25240384615384615,0,50,2,1,1,"2,1",0.6666666666666666,0.3333333333333333,0.0,131.25,0.0,46.25,0.6666666666666666,0.3333333333333333,0.0,131.25,0.0,12.5,2,0,0,0,0,0,0,0,4,2,0,0,4,2,0,0,0,0,1,44106,0.0,4,130.25,4,1.0,4,131.25,4,23.0,2,4,12.5,4
1040,1041,6,0,6,0,0,0,4,2,4,0,0,4,4,8,0.23054755043227665,0.9142857142857143,0.03463203463203463,1732.5,462,231.0,92400,13860,344655.000,110649.4266813600000000000000,167855.5455268600000000000000,278504.9722082200000000000000,90321.12779178000000000000000,252255.000,713481.10,525,0.2521613832853026,0,50,2,1,1,"1,2",0.6666666666666666,0.3333333333333333,0.0,131.25,0.0,46.25,0.6666666666666666,0.3333333333333333,0.0,131.25,0.0,12.5,2,0,0,0,0,0,0,0,4,2,0,0,4,2,0,0,0,0,1,44106,0.0,4,130.25,4,1.0,4,131.25,4,23.0,2,4,12.5,4
1041,1042,6,0,6,0,0,0,4,2,4,0,0,4,4,8,0.23032629558541265,0.9142857142857143,0.03463203463203463,1732.5,462,231.0,92400,13860,344655.000,110649.4266813600000000000000,167855.5455268600000000000000,278504.9722082200000000000000,90321.12779178000000000000000,252255.000,713481.10,525,0.2519193857965451,0,50,2,1,1,"2,1",0.6666666666666666,0.3333333333333333,0.0,131.25,0.0,46.25,0.6666666666666666,0.3333333333333333,0.0,131.25,0.0,12.5,2,0,0,0,0,0,0,0,4,2,0,0,4,2,0,0,0,0,1,44106,0.0,4,130.25,4,1.0,4,131.25,4,23.0,2,4,12.5,4
1042,1043,6,0,6,0,0,0,4,2,4,0,0,4,4,8,0.23010546500479387,0.9142857142857143,0.03463203463203463,1732.5,462,231.0,92400,13860,344655.000,110649.4266813600000000000000,167855.5455268600000000000000,278504.9722082200000000000000,90321.12779178000000000000000,252255.000,713481.10,525,0.2516778523489933,0,50,2,1,1,"1,2",0.6666666666666666,0.3333333333333333,0.0,131.25,0.0,46.25,0.6666666666666666,0.3333333333333333,0.0,131.25,0.0,12.5,2,0,0,0,0,0,0,0,4,2,0,0,4,2,0,0,0,0,1,44106,0.0,4,130.25,4,1.0,4,131.25,4,23.0,2,4,12.5,4
1043,1044,6,0,6,0,0,0,4,2,4,0,0,4,4,8,0.2298850574712644,0.9142857142857143,0.03463203463203463,1732.5,462,231.0,92400,13860,344655.000,110649.4266813600000000000000,167855.5455268600000000000000,278504.9722082200000000000000,90321.12779178000000000000000,252255.000,713481.10,525,0.2514367816091954,0,50,2,1,1,"1,2",0.6666666666666666,0.3333333333333333,0.0,131.25,0.0,46.25,0.6666666666666666,0.3333333333333333,0.0,131.25,0.0,12.5,2,0,0,0,0,0,0,0,4,2,0,0,4,2,0,0,0,0,1,44106,0.0,4,130.25,4,1.0,4,131.25,4,23.0,2,4,12.5,4
1044,1045,6,0,6,0,0,0,4,2,4,0,0,4,4,8,0.2296650717703349,0.9142857142857143,0.03463203463203463,1732.5,462,231.0,92400,13860,344655.000,110649.4266813600000000000000,167855.5455268600000000000000,278504.9722082200000000000000,90321.12779178000000000000000,252255.000,713481.10,525,0.2511961722488038,0,50,2,1,1,"1,2",0.6666666666666666,0.3333333333333333,0.0,131.25,0.0,46.25,0.6666666666666666,0.3333333333333333,0.0,131.25,0.0,12.5,2,0,0,0,0,0,0,0,4,2,0,0,4,2,0,0,0,0,1,44106,0.0,4,130.25,4,1.0,4,131.25,4,23.0,2,4,12.5,4
1045,1046,6,0,6,0,0,0,4,2,4,0,0,4,4,8,0.2294455066921606,0.9142857142857143,0.03463203463203463,1732.5,462,231.0,92400,13860,344655.000,110649.4266813600000000000000,167855.5455268600000000000000,278504.9722082200000000000000,90321.12779178000000000000000,252255.000,713481.10,525,0.25095602294455066,0,50,2,1,1,"1,2",0.6666666666666666,0.3333333333333333,0.0,131.25,0.0,46.25,0.6666666666666666,0.3333333333333333,0.0,131.25,0.0,12.5,2,0,0,0,0,0,0,0,4,2,0,0,4,2,0,0,0,0,1,44106,0.0,4,130.25,4,1.0,4,131.25,4,23.0,2,4,12.5,4
1046,1047,6,0,6,0,0,0,4,2,4,0,0,4,4,8,0.22922636103151864,0.9142857142857143,0.03463203463203463,1732.5,462,231.0,92400,13860,344655.000,110649.4266813600000000000000,167855.5455268600000000000000,278504.9722082200000000000000,90321.12779178000000000000000,252255.000,713481.10,525,0.2507163323782235,0,50,2,1,1,"2,1",0.6666666666666666,0.3333333333333333,0.0,131.25,0.0,46.25,0.6666666666666666,0.3333333333333333,0.0,131.25,0.0,12.5,2,0,0,0,0,0,0,0,4,2,0,0,4,2,0,0,0,0,1,44106,0.0,4,130.25,4,1.0,4,131.25,4,23.0,2,4,12.5,4
1047,1048,6,0,6,0,0,0,4,2,4,0,0,4,4,8,0.22900763358778628,0.9142857142857143,0.03463203463203463,1732.5,462,231.0,92400,13860,344655.000,110649.4266813600000000000000,167855.5455268600000000000000,278504.9722082200000000000000,90321.12779178000000000000000,252255.000,713481.10,525,0.25047709923664124,0,50,2,1,1,"1,2",0.6666666666666666,0.3333333333333333,0.0,131.25,0.0,46.25,0.6666666666666666,0.3333333333333333,0.0,131.25,0.0,12.5,2,0,0,0,0,0,0,0,4,2,0,0,4,2,0,0,0,0,1,44106,0.0,4,130.25,4,1.0,4,131.25,4,23.0,2,4,12.5,4
1048,1049,6,0,6,0,0,0,4,2,4,0,0,4,4,8,0.22878932316491896,0.9142857142857143,0.03463203463203463,1732.5,462,231.0,92400,13860,344655.000,110649.4266813600000000000000,167855.5455268600000000000000,278504.9722082200000000000000,90321.12779178000000000000000,252255.000,713481.10,525,0.2502383222116301,0,50,2,1,1,"1,2",0.6666666666666666,0.3333333333333333,0.0,131.25,0.0,46.25,0.6666666666666666,0.3333333333333333,0.0,131.25,0.0,12.5,2,0,0,0,0,0,0,0,4,2,0,0,4,2,0,0,0,0,1,44106,0.0,4,130.25,4,1.0,4,131.25,4,23.0,2,4,12.5,4
1049,1050,6,0,6,0,0,0,4,2,4,0,0,4,4,8,0.22857142857142856,0.9142857142857143,0.03463203463203463,1732.5,462,231.0,92400,13860,344655.000,110649.4266813600000000000000,167855.5455268600000000000000,278504.9722082200000000000000,90321.12779178000000000000000,252255.000,713481.10,525,0.25,0,50,2,1,1,"1,2",0.6666666666666666,0.3333333333333333,0.0,131.25,0.0,46.25,0.6666666666666666,0.3333333333333333,0.0,131.25,0.0,12.5,2,0,0,0,0,0,0,0,4,2,0,0,4,2,0,0,0,0,1,44106,0.0,4,130.25,4,1.0,4,131.25,4,23.0,2,4,12.5,4
1050,1051,6,0,6,0,0,0,4,2,4,0,0,4,4,8,0.22835394862036157,0.9142857142857143,0.03463203463203463,1732.5,462,231.0,92400,13860,344655.000,110649.4266813600000000000000,167855.5455268600000000000000,278504.9722082200000000000000,90321.12779178000000000000000,252255.000,713481.10,525,0.24976213130352046,0,50,2,1,1,"2,1",0.6666666666666666,0.3333333333333333,0.0,131.25,0.0,46.25,0.6666666666666666,0.3333333333333333,0.0,131.25,0.0,12.5,2,0,0,0,0,0,0,0,4,2,0,0,4,2,0,0,0,0,1,44106,0.0,4,130.25,4,1.0,4,131.25,4,23.0,2,4,12.5,4
1051,1052,6,0,6,0,0,0,4,2,4,0,0,4,4,8,0.22813688212927755,0.9142857142857143,0.03463203463203463,1732.5,462,231.0,92400,13860,344655.000,110649.4266813600000000000000,167855.5455268600000000000000,278504.9722082200000000000000,90321.12779178000000000000000,252255.000,713481.10,525,0.24952471482889735,0,50,2,1,1,"2,1",0.6666666666666666,0.3333333333333333,0.0,131.25,0.0,46.25,0.6666666666666666,0.3333333333333333,0.0,131.25,0.0,12.5,2,0,0,0,0,0,0,0,4,2,0,0,4,2,0,0,0,0,1,44106,0.0,4,130.25,4,1.0,4,131.25,4,23.0,2,4,12.5,4
1052,1053,6,0,6,0,0,0,4,2,4,0,0,4,4,8,0.22792022792022792,0.9142857142857143,0.03463203463203463,1732.5,462,231.0,92400,13860,344655.000,110649.4266813600000000000000,167855.5455268600000000000000,278504.9722082200000000000000,90321.12779178000000000000000,252255.000,713481.10,525,0.2492877492877493,0,50,2,1,1,"1,2",0.6666666666666666,0.3333333333333333,0.0,131.25,0.0,46.25,0.6666666666666666,0.3333333333333333,0.0,131.25,0.0,12.5,2,0,0,0,0,0,0,0,4,2,0,0,4,2,0,0,0,0,1,44106,0.0,4,130.25,4,1.0,4,131.25,4,23.0,2,4,12.5,4
1053,1054,6,0,6,0,0,0,4,2,4,0,0,4,4,8,0.22770398481973436,0.9142857142857143,0.03463203463203463,1732.5,462,231.0,92400,13860,344655.000,110649.4266813600000000000000,167855.5455268600000000000000,278504.9722082200000000000000,90321.12779178000000000000000,252255.000,713481.10,525,0.24905123339658444,0,50,2,1,1,"2,1",0.6666666666666666,0.3333333333333333,0.0,131.25,0.0,46.25,0.6666666666666666,0.3333333333333333,0.0,131.25,0.0,12.5,2,0,0,0,0,0,0,0,4,2,0,0,4,2,0,0,0,0,1,44106,0.0,4,130.25,4,1.0,4,131.25,4,23.0,2,4,12.5,4
1054,1055,6,0,6,0,0,0,4,2,4,0,0,4,4,8,0.2274881516587678,0.9142857142857143,0.03463203463203463,1732.5,462,231.0,92400,13860,344655.000,110649.4266813600000000000000,167855.5455268600000000000000,278504.9722082200000000000000,90321.12779178000000000000000,252255.000,713481.10,525,0.24881516587677724,0,50,2,1,1,"2,1",0.6666666666666666,0.3333333333333333,0.0,131.25,0.0,46.25,0.6666666666666666,0.3333333333333333,0.0,131.25,0.0,12.5,2,0,0,0,0,0,0,0,4,2,0,0,4,2,0,0,0,0,1,44106,0.0,4,130.25,4,1.0,4,131.25,4,23.0,2,4,12.5,4
1055,1056,6,0,6,0,0,0,4,2,4,0,0,4,4,8,0.22727272727272727,0.9142857142857143,0.03463203463203463,1732.5,462,231.0,92400,13860,344655.000,110649.4266813600000000000000,167855.5455268600000000000000,278504.9722082200000000000000,90321.12779178000000000000000,252255.000,713481.10,525,0.24857954545454544,0,50,2,1,1,"1,2",0.6666666666666666,0.3333333333333333,0.0,131.25,0.0,46.25,0.6666666666666666,0.3333333333333333,0.0,131.25,0.0,12.5,2,0,0,0,0,0,0,0,4,2,0,0,4,2,0,0,0,0,1,44106,0.0,4,130.25,4,1.0,4,131.25,4,23.0,2,4,12.5,4
1056,1057,6,0,6,0,0,0,4,2,4,0,0,4,4,8,0.2270577105014191,0.9142857142857143,0.03463203463203463,1732.5,462,231.0,92400,13860,344655.000,110649.4266813600000000000000,167855.5455268600000000000000,278504.9722082200000000000000,90321.12779178000000000000000,252255.000,713481.10,525,0.24834437086092714,0,50,2,1,1,"1,2",0.6666666666666666,0.3333333333333333,0.0,131.25,0.0,46.25,0.6666666666666666,0.3333333333333333,0.0,131.25,0.0,12.5,2,0,0,0,0,0,0,0,4,2,0,0,4,2,0,0,0,0,1,44106,0.0,4,130.25,4,1.0,4,131.25,4,23.0,2,4,12.5,4
1057,1058,6,0,6,0,0,0,4,2,4,0,0,4,4,8,0.22684310018903592,0.9142857142857143,0.03463203463203463,1732.5,462,231.0,92400,13860,344655.000,110649.4266813600000000000000,167855.5455268600000000000000,278504.9722082200000000000000,90321.12779178000000000000000,252255.000,713481.10,525,0.24810964083175804,0,50,2,1,1,"2,1",0.6666666666666666,0.3333333333333333,0.0,131.25,0.0,46.25,0.6666666666666666,0.3333333333333333,0.0,131.25,0.0,12.5,2,0,0,0,0,0,0,0,4,2,0,0,4,2,0,0,0,0,1,44106,0.0,4,130.25,4,1.0,4,131.25,4,23.0,2,4,12.5,4
1058,1059,6,0,6,0,0,0,4,2,4,0,0,4,4,8,0.226628895184136,0.9142857142857143,0.03463203463203463,1732.5,462,231.0,92400,13860,344655.000,110649.4266813600000000000000,167855.5455268600000000000000,278504.9722082200000000000000,90321.12779178000000000000000,252255.000,713481.10,525,0.24787535410764872,0,50,2,1,1,"2,1",0.6666666666666666,0.3333333333333333,0.0,131.25,0.0,46.25,0.6666666666666666,0.3333333333333333,0.0,131.25,0.0,12.5,2,0,0,0,0,0,0,0,4,2,0,0,4,2,0,0,0,0,1,44106,0.0,4,130.25,4,1.0,4,131.25,4,23.0,2,4,12.5,4
1059,1060,6,0,6,0,0,0,4,2,4,0,0,4,4,8,0.22641509433962262,0.9142857142857143,0.03463203463203463,1732.5,462,231.0,92400,13860,344655.000,110649.4266813600000000000000,167855.5455268600000000000000,278504.9722082200000000000000,90321.12779178000000000000000,252255.000,713481.10,525,0.24764150943396226,0,50,2,1,1,"1,2",0.6666666666666666,0.3333333333333333,0.0,131.25,0.0,46.25,0.6666666666666666,0.3333333333333333,0.0,131.25,0.0,12.5,2,0,0,0,0,0,0,0,4,2,0,0,4,2,0,0,0,0,1,44106,0.0,4,130.25,4,1.0,4,131.25,4,23.0,2,4,12.5,4
1060,1061,6,0,6,0,0,0,4,2,4,0,0,4,4,8,0.22620169651272384,0.9142857142857143,0.03463203463203463,1732.5,462,231.0,92400,13860,344655.000,110649.4266813600000000000000,167855.5455268600000000000000,278504.9722082200000000000000,90321.12779178000000000000000,252255.000,713481.10,525,0.2474081055607917,0,50,2,1,1,"2,1",0.6666666666666666,0.3333333333333333,0.0,131.25,0.0,46.25,0.6666666666666666,0.3333333333333333,0.0,131.25,0.0,12.5,2,0,0,0,0,0,0,0,4,2,0,0,4,2,0,0,0,0,1,44106,0.0,4,130.25,4,1.0,4,131.25,4,23.0,2,4,12.5,4
1061,1062,6,0,6,0,0,0,4,2,4,0,0,4,4,8,0.22598870056497175,0.9142857142857143,0.03463203463203463,1732.5,462,231.0,92400,13860,344655.000,110649.4266813600000000000000,167855.5455268600000000000000,278504.9722082200000000000000,90321.12779178000000000000000,252255.000,713481.10,525,0.24717514124293785,0,50,2,1,1,"1,2",0.6666666666666666,0.3333333333333333,0.0,131.25,0.0,46.25,0.6666666666666666,0.3333333333333333,0.0,131.25,0.0,12.5,2,0,0,0,0,0,0,0,4,2,0,0,4,2,0,0,0,0,1,44106,0.0,4,130.25,4,1.0,4,131.25,4,23.0,2,4,12.5,4
1062,1063,6,0,6,0,0,0,4,2,4,0,0,4,4,8,0.2257761053621825,0.9142857142857143,0.03463203463203463,1732.5,462,231.0,92400,13860,344655.000,110649.4266813600000000000000,167855.5455268600000000000000,278504.9722082200000000000000,90321.12779178000000000000000,252255.000,713481.10,525,0.24694261523988711,0,50,2,1,1,"2,1",0.6666666666666666,0.3333333333333333,0.0,131.25,0.0,46.25,0.6666666666666666,0.3333333333333333,0.0,131.25,0.0,12.5,2,0,0,0,0,0,0,0,4,2,0,0,4,2,0,0,0,0,1,44106,0.0,4,130.25,4,1.0,4,131.25,4,23.0,2,4,12.5,4
1063,1064,6,0,6,0,0,0,4,2,4,0,0,4,4,8,0.22556390977443608,0.9142857142857143,0.03463203463203463,1732.5,462,231.0,92400,13860,344655.000,110649.4266813600000000000000,167855.5455268600000000000000,278504.9722082200000000000000,90321.12779178000000000000000,252255.000,713481.10,525,0.24671052631578946,0,50,2,1,1,"1,2",0.6666666666666666,0.3333333333333333,0.0,131.25,0.0,46.25,0.6666666666666666,0.3333333333333333,0.0,131.25,0.0,12.5,2,0,0,0,0,0,0,0,4,2,0,0,4,2,0,0,0,0,1,44106,0.0,4,130.25,4,1.0,4,131.25,4,23.0,2,4,12.5,4
1064,1065,6,0,6,0,0,0,4,2,4,0,0,4,4,8,0.22535211267605634,0.9142857142857143,0.03463203463203463,1732.5,462,231.0,92400,13860,344655.000,110649.4266813600000000000000,167855.5455268600000000000000,278504.9722082200000000000000,90321.12779178000000000000000,252255.000,713481.10,525,0.24647887323943662,0,50,2,1,1,"1,2",0.6666666666666666,0.3333333333333333,0.0,131.25,0.0,46.25,0.6666666666666666,0.3333333333333333,0.0,131.25,0.0,12.5,2,0,0,0,0,0,0,0,4,2,0,0,4,2,0,0,0,0,1,44106,0.0,4,130.25,4,1.0,4,131.25,4,23.0,2,4,12.5,4
1065,1066,6,0,6,0,0,0,4,2,4,0,0,4,4,8,0.22514071294559101,0.9142857142857143,0.03463203463203463,1732.5,462,231.0,92400,13860,344655.000,110649.4266813600000000000000,167855.5455268600000000000000,278504.9722082200000000000000,90321.12779178000000000000000,252255.000,713481.10,525,0.24624765478424016,0,50,2,1,1,"1,2",0.6666666666666666,0.3333333333333333,0.0,131.25,0.0,46.25,0.6666666666666666,0.3333333333333333,0.0,131.25,0.0,12.5,2,0,0,0,0,0,0,0,4,2,0,0,4,2,0,0,0,0,1,44106,0.0,4,130.25,4,1.0,4,131.25,4,23.0,2,4,12.5,4
1066,1067,6,0,6,0,0,0,4,2,4,0,0,4,4,8,0.2249297094657919,0.9142857142857143,0.03463203463203463,1732.5,462,231.0,92400,13860,344655.000,110649.4266813600000000000000,167855.5455268600000000000000,278504.9722082200000000000000,90321.12779178000000000000000,252255.000,713481.10,525,0.24601686972820994,0,50,2,1,1,"1,2",0.6666666666666666,0.3333333333333333,0.0,131.25,0.0,46.25,0.6666666666666666,0.3333333333333333,0.0,131.25,0.0,12.5,2,0,0,0,0,0,0,0,4,2,0,0,4,2,0,0,0,0,1,44106,0.0,4,130.25,4,1.0,4,131.25,4,23.0,2,4,12.5,4
1067,1068,6,0,6,0,0,0,4,2,4,0,0,4,4,8,0.2247191011235955,0.9142857142857143,0.03463203463203463,1732.5,462,231.0,92400,13860,344655.000,110649.4266813600000000000000,167855.5455268600000000000000,278504.9722082200000000000000,90321.12779178000000000000000,252255.000,713481.10,525,0.24578651685393257,0,50,2,1,1,"1,2",0.6666666666666666,0.3333333333333333,0.0,131.25,0.0,46.25,0.6666666666666666,0.3333333333333333,0.0,131.25,0.0,12.5,2,0,0,0,0,0,0,0,4,2,0,0,4,2,0,0,0,0,1,44106,0.0,4,130.25,4,1.0,4,131.25,4,23.0,2,4,12.5,4
1068,1069,6,0,6,0,0,0,4,2,4,0,0,4,4,8,0.2245088868101029,0.9142857142857143,0.03463203463203463,1732.5,462,231.0,92400,13860,344655.000,110649.4266813600000000000000,167855.5455268600000000000000,278504.9722082200000000000000,90321.12779178000000000000000,252255.000,713481.10,525,0.24555659494855003,0,50,2,1,1,"1,2",0.6666666666666666,0.3333333333333333,0.0,131.25,0.0,46.25,0.6666666666666666,0.3333333333333333,0.0,131.25,0.0,12.5,2,0,0,0,0,0,0,0,4,2,0,0,4,2,0,0,0,0,1,44106,0.0,4,130.25,4,1.0,4,131.25,4,23.0,2,4,12.5,4
1069,1070,6,0,6,0,0,0,4,2,4,0,0,4,4,8,0.22429906542056077,0.9142857142857143,0.03463203463203463,1732.5,462,231.0,92400,13860,344655.000,110649.4266813600000000000000,167855.5455268600000000000000,278504.9722082200000000000000,90321.12779178000000000000000,252255.000,713481.10,525,0.24532710280373832,0,50,2,1,1,"2,1",0.6666666666666666,0.3333333333333333,0.0,131.25,0.0,46.25,0.6666666666666666,0.3333333333333333,0.0,131.25,0.0,12.5,2,0,0,0,0,0,0,0,4,2,0,0,4,2,0,0,0,0,1,44106,0.0,4,130.25,4,1.0,4,131.25,4,23.0,2,4,12.5,4
1070,1071,6,0,6,0,0,0,4,2,4,0,0,4,4,8,0.22408963585434172,0.9142857142857143,0.03463203463203463,1732.5,462,231.0,92400,13860,344655.000,110649.4266813600000000000000,167855.5455268600000000000000,278504.9722082200000000000000,90321.12779178000000000000000,252255.000,713481.10,525,0.24509803921568626,0,50,2,1,1,"2,1",0.6666666666666666,0.3333333333333333,0.0,131.25,0.0,46.25,0.6666666666666666,0.3333333333333333,0.0,131.25,0.0,12.5,2,0,0,0,0,0,0,0,4,2,0,0,4,2,0,0,0,0,1,44106,0.0,4,130.25,4,1.0,4,131.25,4,23.0,2,4,12.5,4
1071,1072,7,0,7,0,1,0,4,2,4,1,1,4,4,8,0.22388059701492538,0.9125475285171102,0.03463203463203463,1732.5,462,231.0,92400,13860,344655.000,110649.4266813600000000000000,167855.5455268600000000000000,278504.9722082200000000000000,90321.12779178000000000000000,252255.000,713481.10,526,0.2453358208955224,0,50,2,1,1,"2,1",0.5714285714285714,0.2857142857142857,0.14285714285714285,131.25,0.0,46.25,0.5714285714285714,0.2857142857142857,0.14285714285714285,131.25,0.0,12.5,1,1,0,0,0,0,1,0,4,2,0,1,4,2,1,0,0,1,1,44106,0.0,5,130.25,4,1.0,4,131.25,4,23.0,2,4,12.5,4
1072,1073,7,0,7,0,1,0,4,2,4,1,1,4,4,8,0.22367194780987884,0.9108159392789374,0.03455723542116631,1736.25,463,231.5,92600,13890,344655.000,110649.4266813600000000000000,167855.5455268600000000000000,278504.9722082200000000000000,90321.12779178000000000000000,252055.000,713481.10,527,0.2455731593662628,0,50,2,1,1,"2,1",0.5714285714285714,0.2857142857142857,0.14285714285714285,131.25,0.0,46.25,0.5714285714285714,0.2857142857142857,0.14285714285714285,131.25,0.0,12.5,1,1,0,0,0,0,1,0,4,2,0,1,4,2,1,0,0,1,1,44106,0.0,5,130.25,4,1.0,4,131.25,4,23.0,2,4,12.5,4
1073,1074,7,0,7,0,1,0,4,2,4,1,1,4,4,8,0.223463687150838,0.9090909090909091,0.034482758620689655,1740.0,464,232.0,92800,13920,344655.000,110649.4266813600000000000000,167855.5455268600000000000000,278504.9722082200000000000000,90321.12779178000000000000000,251855.000,713481.10,528,0.24581005586592178,0,50,2,1,1,"2,1",0.5714285714285714,0.2857142857142857,0.14285714285714285,131.25,0.0,46.25,0.5714285714285714,0.2857142857142857,0.14285714285714285,131.25,0.0,12.5,1,1,0,0,0,0,1,0,4,2,0,1,4,2,1,0,0,1,1,44106,0.0,5,130.25,4,1.0,4,131.25,4,23.0,2,4,12.5,4
1074,1075,7,0,7,0,1,0,4,2,4,1,1,4,4,8,0.22325581395348837,0.9073724007561437,0.034408602150537634,1743.75,465,232.5,93000,13950,344655.000,110649.4266813600000000000000,167855.5455268600000000000000,278504.9722082200000000000000,90321.12779178000000000000000,251655.000,713481.10,529,0.24604651162790697,0,50,2,1,1,"1,2",0.5714285714285714,0.2857142857142857,0.14285714285714285,131.25,0.0,46.25,0.5714285714285714,0.2857142857142857,0.14285714285714285,131.25,0.0,12.5,1,1,0,0,0,0,1,0,4,2,0,1,4,2,1,0,0,1,1,44106,0.0,5,130.25,4,1.0,4,131.25,4,23.0,2,4,12.5,4
1075,1076,7,0,7,0,1,0,4,2,4,1,1,4,4,8,0.22304832713754646,0.9056603773584905,0.034334763948497854,1747.5,466,233.0,93200,13980,344655.000,110649.4266813600000000000000,167855.5455268600000000000000,278504.9722082200000000000000,90321.12779178000000000000000,251455.000,713481.10,530,0.24628252788104088,0,50,2,1,1,"1,2",0.5714285714285714,0.2857142857142857,0.14285714285714285,131.25,0.0,46.25,0.5714285714285714,0.2857142857142857,0.14285714285714285,131.25,0.0,12.5,1,1,0,0,0,0,1,0,4,2,0,1,4,2,1,0,0,1,1,44106,0.0,5,130.25,4,1.0,4,131.25,4,23.0,2,4,12.5,4
1076,1077,7,0,7,0,1,0,4,2,4,1,1,4,4,8,0.22284122562674097,0.903954802259887,0.034261241970021415,1751.25,467,233.5,93400,14010,344655.000,110649.4266813600000000000000,167855.5455268600000000000000,278504.9722082200000000000000,90321.12779178000000000000000,251255.000,713481.10,531,0.24651810584958217,0,50,2,1,1,"2,1",0.5714285714285714,0.2857142857142857,0.14285714285714285,131.25,0.0,46.25,0.5714285714285714,0.2857142857142857,0.14285714285714285,131.25,0.0,12.5,1,1,0,0,0,0,1,0,4,2,0,1,4,2,1,0,0,1,1,44106,0.0,5,130.25,4,1.0,4,131.25,4,23.0,2,4,12.5,4
1077,1078,7,0,7,0,1,0,4,2,4,1,1,4,4,8,0.22263450834879409,0.9022556390977443,0.03418803418803419,1755.0,468,234.0,93600,14040,344655.000,110649.4266813600000000000000,167855.5455268600000000000000,278504.9722082200000000000000,90321.12779178000000000000000,251055.000,713481.10,532,0.24675324675324675,0,50,2,1,1,"2,1",0.5714285714285714,0.2857142857142857,0.14285714285714285,131.25,0.0,46.25,0.5714285714285714,0.2857142857142857,0.14285714285714285,131.25,0.0,12.5,1,1,0,0,0,0,1,0,4,2,0,1,4,2,1,0,0,1,1,44106,0.0,5,130.25,4,1.0,4,131.25,4,23.0,2,4,12.5,4
1078,1079,7,0,7,0,1,0,4,2,4,1,1,4,4,8,0.22242817423540315,0.9005628517823641,0.03411513859275053,1758.75,469,234.5,93800,14070,344655.000,110649.4266813600000000000000,167855.5455268600000000000000,278504.9722082200000000000000,90321.12779178000000000000000,250855.000,713481.10,533,0.2469879518072289,0,50,2,1,1,"1,2",0.5714285714285714,0.2857142857142857,0.14285714285714285,131.25,0.0,46.25,0.5714285714285714,0.2857142857142857,0.14285714285714285,131.25,0.0,12.5,1,1,0,0,0,0,1,0,4,2,0,1,4,2,1,0,0,1,1,44106,0.0,5,130.25,4,1.0,4,131.25,4,23.0,2,4,12.5,4
1079,1080,7,0,7,0,1,0,4,2,4,1,1,4,4,8,0.2222222222222222,0.898876404494382,0.03404255319148936,1762.5,470,235.0,94000,14100,344655.000,110649.4266813600000000000000,167855.5455268600000000000000,278504.9722082200000000000000,90321.12779178000000000000000,250655.000,713481.10,534,0.24722222222222223,0,50,2,1,1,"1,2",0.5714285714285714,0.2857142857142857,0.14285714285714285,131.25,0.0,46.25,0.5714285714285714,0.2857142857142857,0.14285714285714285,131.25,0.0,12.5,1,1,0,0,0,0,1,0,4,2,0,1,4,2,1,0,0,1,1,44106,0.0,5,130.25,4,1.0,4,131.25,4,23.0,2,4,12.5,4
1080,1081,7,0,7,0,1,0,4,2,4,1,1,4,4,8,0.22201665124884368,0.8971962616822431,0.03397027600849257,1766.25,471,235.5,94200,14130,344655.000,110649.4266813600000000000000,167855.5455268600000000000000,278504.9722082200000000000000,90321.12779178000000000000000,250455.000,713481.10,535,0.24745605920444033,0,50,2,1,1,"1,2",0.5714285714285714,0.2857142857142857,0.14285714285714285,131.25,0.0,46.25,0.5714285714285714,0.2857142857142857,0.14285714285714285,131.25,0.0,12.5,1,1,0,0,0,0,1,0,4,2,0,1,4,2,1,0,0,1,1,44106,0.0,5,130.25,4,1.0,4,131.25,4,23.0,2,4,12.5,4
1081,1082,7,0,7,0,1,0,4,2,4,1,1,4,4,8,0.22181146025878,0.8955223880597015,0.03389830508474576,1770.0,472,236.0,94400,14160,344655.000,110649.4266813600000000000000,167855.5455268600000000000000,278504.9722082200000000000000,90321.12779178000000000000000,250255.000,713481.10,536,0.2476894639556377,0,50,2,1,1,"2,1",0.5714285714285714,0.2857142857142857,0.14285714285714285,131.25,0.0,46.25,0.5714285714285714,0.2857142857142857,0.14285714285714285,131.25,0.0,12.5,1,1,0,0,0,0,1,0,4,2,0,1,4,2,1,0,0,1,1,44106,0.0,5,130.25,4,1.0,4,131.25,4,23.0,2,4,12.5,4
1082,1083,7,0,7,0,1,0,4,2,4,1,1,4,4,8,0.22160664819944598,0.893854748603352,0.03382663847780127,1773.75,473,236.5,94600,14190,344655.000,110649.4266813600000000000000,167855.5455268600000000000000,278504.9722082200000000000000,90321.12779178000000000000000,250055.000,713481.10,537,0.24792243767313019,0,50,2,1,1,"1,2",0.5714285714285714,0.2857142857142857,0.14285714285714285,131.25,0.0,46.25,0.5714285714285714,0.2857142857142857,0.14285714285714285,131.25,0.0,12.5,1,1,0,0,0,0,1,0,4,2,0,1,4,2,1,0,0,1,1,44106,0.0,5,130.25,4,1.0,4,131.25,4,23.0,2,4,12.5,4
1083,1084,7,0,7,0,1,0,4,2,4,1,1,4,4,8,0.22140221402214022,0.8921933085501859,0.03375527426160337,1777.5,474,237.0,94800,14220,344655.000,110649.4266813600000000000000,167855.5455268600000000000000,278504.9722082200000000000000,90321.12779178000000000000000,249855.000,713481.10,538,0.2481549815498155,0,50,2,1,1,"2,1",0.5714285714285714,0.2857142857142857,0.14285714285714285,131.25,0.0,46.25,0.5714285714285714,0.2857142857142857,0.14285714285714285,131.25,0.0,12.5,1,1,0,0,0,0,0,1,4,2,0,1,4,2,1,0,0,1,1,44106,0.0,5,130.25,4,1.0,4,131.25,4,23.0,2,4,12.5,4
1084,1085,7,0,7,0,1,0,4,2,4,1,1,4,4,8,0.22119815668202766,0.8905380333951763,0.03368421052631579,1781.25,475,237.5,95000,14250,344655.000,110649.4266813600000000000000,167855.5455268600000000000000,278504.9722082200000000000000,90321.12779178000000000000000,249655.000,713481.10,539,0.24838709677419354,0,50,2,1,1,"1,2",0.5714285714285714,0.2857142857142857,0.14285714285714285,131.25,0.0,46.25,0.5714285714285714,0.2857142857142857,0.14285714285714285,131.25,0.0,12.5,1,1,0,0,0,0,0,1,4,2,0,1,4,2,1,0,0,1,1,44106,0.0,5,130.25,4,1.0,4,131.25,4,23.0,2,4,12.5,4
1085,1086,7,0,7,0,1,0,4,2,4,1,1,4,4,8,0.22099447513812154,0.8888888888888888,0.03361344537815126,1785.0,476,238.0,95200,14280,344655.000,110649.4266813600000000000000,167855.5455268600000000000000,278504.9722082200000000000000,90321.12779178000000000000000,249455.000,713481.10,540,0.24861878453038674,0,50,2,1,1,"2,1",0.5714285714285714,0.2857142857142857,0.14285714285714285,131.25,0.0,46.25,0.5714285714285714,0.2857142857142857,0.14285714285714285,131.25,0.0,12.5,1,1,0,0,0,0,0,1,4,2,0,1,4,2,1,0,0,1,1,44106,0.0,5,130.25,4,1.0,4,131.25,4,23.0,2,4,12.5,4
1086,1087,7,0,7,0,1,0,4,2,4,1,1,4,4,8,0.22079116835326587,0.88724584103512,0.033542976939203356,1788.75,477,238.5,95400,14310,344655.000,110649.4266813600000000000000,167855.5455268600000000000000,278504.9722082200000000000000,90321.12779178000000000000000,249255.000,713481.10,541,0.24885004599816007,0,50,2,1,1,"1,2",0.5714285714285714,0.2857142857142857,0.14285714285714285,131.25,0.0,46.25,0.5714285714285714,0.2857142857142857,0.14285714285714285,131.25,0.0,12.5,1,1,0,0,0,0,0,1,4,2,0,1,4,2,1,0,0,1,1,44106,0.0,5,130.25,4,1.0,4,131.25,4,23.0,2,4,12.5,4
1087,1088,7,0,7,0,1,0,4,2,4,1,1,4,4,8,0.22058823529411764,0.8856088560885609,0.03347280334728033,1792.5,478,239.0,95600,14340,344655.000,110649.4266813600000000000000,167855.5455268600000000000000,278504.9722082200000000000000,90321.12779178000000000000000,249055.000,713481.10,542,0.24908088235294118,0,50,2,1,1,"1,2",0.5714285714285714,0.2857142857142857,0.14285714285714285,131.25,0.0,46.25,0.5714285714285714,0.2857142857142857,0.14285714285714285,131.25,0.0,12.5,1,1,0,0,0,0,0,1,4,2,0,1,4,2,1,0,0,1,1,44106,0.0,5,130.25,4,1.0,4,131.25,4,23.0,2,4,12.5,4
1088,1089,7,0,7,0,1,0,4,2,4,1,1,4,4,8,0.22038567493112948,0.8839779005524862,0.033402922755741124,1796.25,479,239.5,95800,14370,344655.000,110649.4266813600000000000000,167855.5455268600000000000000,278504.9722082200000000000000,90321.12779178000000000000000,248855.000,713481.10,543,0.2493112947658402,0,50,2,1,1,"1,2",0.5714285714285714,0.2857142857142857,0.14285714285714285,131.25,0.0,46.25,0.5714285714285714,0.2857142857142857,0.14285714285714285,131.25,0.0,12.5,1,1,0,0,0,0,0,1,4,2,0,1,4,2,1,0,0,1,1,44106,0.0,5,130.25,4,1.0,4,131.25,4,23.0,2,4,12.5,4
1089,1090,7,0,7,0,1,0,4,2,4,1,1,4,4,8,0.2201834862385321,0.8823529411764706,0.03333333333333333,1800.0,480,240.0,96000,14400,344655.000,110649.4266813600000000000000,167855.5455268600000000000000,278504.9722082200000000000000,90321.12779178000000000000000,248655.000,713481.10,544,0.24954128440366974,0,50,2,1,1,"2,1",0.5714285714285714,0.2857142857142857,0.14285714285714285,131.25,0.0,46.25,0.5714285714285714,0.2857142857142857,0.14285714285714285,131.25,0.0,12.5,1,0,1,0,0,0,0,1,4,2,0,1,4,2,1,0,0,1,1,44106,0.0,5,130.25,4,1.0,4,131.25,4,23.0,2,4,12.5,4
1090,1091,7,0,7,0,1,0,4,2,4,1,1,4,4,8,0.21998166819431714,0.8807339449541284,0.03333333333333333,1800.0,480,240.0,96000,14400,344655.000,110649.4266813600000000000000,167855.5455268600000000000000,278504.9722082200000000000000,90321.12779178000000000000000,248655.000,713481.10,545,0.24977085242896424,0,50,2,1,1,"2,1",0.5714285714285714,0.2857142857142857,0.14285714285714285,131.25,0.0,46.25,0.5714285714285714,0.2857142857142857,0.14285714285714285,131.25,0.0,10.0,1,0,0,1,0,0,0,1,4,2,0,0,5,2,1,0,0,0,1,44106,0.0,5,130.25,4,1.0,4,131.25,4,23.0,2,4,10.0,5
1091,1092,7,0,7,0,1,0,4,2,4,1,1,4,4,8,0.21978021978021978,0.8791208791208791,0.033264033264033266,1803.75,481,240.5,96200,14430,344655.000,110649.4266813600000000000000,167855.5455268600000000000000,278504.9722082200000000000000,90321.12779178000000000000000,248455.000,713481.10,546,0.25,0,50,2,1,1,"1,2",0.5714285714285714,0.2857142857142857,0.14285714285714285,131.25,0.0,46.25,0.5714285714285714,0.2857142857142857,0.14285714285714285,131.25,0.0,10.0,1,0,0,1,0,0,0,1,4,2,0,0,5,2,1,0,0,0,1,44106,0.0,5,130.25,4,1.0,4,131.25,4,23.0,2,4,10.0,5
1092,1093,7,0,7,0,1,0,4,2,4,1,1,4,4,8,0.21957913998170175,0.8775137111517367,0.03319502074688797,1807.5,482,241.0,96400,14460,344655.000,110649.4266813600000000000000,167855.5455268600000000000000,278504.9722082200000000000000,90321.12779178000000000000000,248255.000,713481.10,547,0.25022872827081427,0,50,2,1,1,"2,1",0.5714285714285714,0.2857142857142857,0.14285714285714285,131.25,0.0,46.25,0.5714285714285714,0.2857142857142857,0.14285714285714285,131.25,0.0,10.0,1,0,0,1,0,0,0,1,4,2,0,0,5,2,1,0,0,0,1,44106,0.0,5,130.25,4,1.0,4,131.25,4,23.0,2,4,10.0,5
1093,1094,7,0,7,0,1,0,4,2,4,1,1,4,4,8,0.21937842778793418,0.8759124087591241,0.033126293995859216,1811.25,483,241.5,96600,14490,344655.000,110649.4266813600000000000000,167855.5455268600000000000000,278504.9722082200000000000000,90321.12779178000000000000000,248055.000,713481.10,548,0.25045703839122485,0,50,2,1,1,"1,2",0.5714285714285714,0.2857142857142857,0.14285714285714285,131.25,0.0,46.25,0.5714285714285714,0.2857142857142857,0.14285714285714285,131.25,0.0,10.0,1,0,0,1,0,0,0,1,4,2,0,0,5,2,1,0,0,0,1,44106,0.0,5,130.25,4,1.0,4,131.25,4,23.0,2,4,10.0,5
1094,1095,7,0,7,0,1,0,4,2,4,1,1,4,4,8,0.2191780821917808,0.8743169398907104,0.03305785123966942,1815.0,484,242.0,96800,14520,344655.000,110649.4266813600000000000000,167855.5455268600000000000000,278504.9722082200000000000000,90321.12779178000000000000000,247855.000,713481.10,549,0.25068493150684934,0,50,2,1,1,"2,1",0.5714285714285714,0.2857142857142857,0.14285714285714285,131.25,0.0,46.25,0.5714285714285714,0.2857142857142857,0.14285714285714285,131.25,0.0,10.0,1,0,0,1,0,0,0,1,4,2,0,0,5,2,1,0,0,0,1,44106,0.0,5,130.25,4,1.0,4,131.25,4,23.0,2,4,10.0,5
1095,1096,7,0,7,0,1,0,4,2,4,1,1,4,4,8,0.21897810218978103,0.8727272727272728,0.032989690721649485,1818.75,485,242.5,97000,14550,344655.000,110649.4266813600000000000000,167855.5455268600000000000000,278504.9722082200000000000000,90321.12779178000000000000000,247655.000,713481.10,550,0.2509124087591241,0,50,2,1,1,"2,1",0.5714285714285714,0.2857142857142857,0.14285714285714285,131.25,0.0,46.25,0.5714285714285714,0.2857142857142857,0.14285714285714285,131.25,0.0,10.0,1,0,0,1,0,0,0,1,4,2,0,0,5,2,1,0,0,0,1,44106,0.0,5,130.25,4,1.0,4,131.25,4,23.0,2,4,10.0,5
1096,1097,7,0,7,0,1,0,4,2,4,1,1,4,4,8,0.21877848678213307,0.8711433756805808,0.03292181069958848,1822.5,486,243.0,97200,14580,344655.000,110649.4266813600000000000000,167855.5455268600000000000000,278504.9722082200000000000000,90321.12779178000000000000000,247455.000,713481.10,551,0.2511394712853236,0,50,2,1,1,"1,2",0.5714285714285714,0.2857142857142857,0.14285714285714285,131.25,0.0,46.25,0.5714285714285714,0.2857142857142857,0.14285714285714285,131.25,0.0,10.0,1,0,0,1,0,0,0,1,4,2,0,0,5,2,1,0,0,0,1,44106,0.0,5,130.25,4,1.0,4,131.25,4,23.0,2,4,10.0,5
1097,1098,7,0,7,0,1,0,4,2,4,1,1,4,4,8,0.2185792349726776,0.8695652173913044,0.03285420944558522,1826.25,487,243.5,97400,14610,344655.000,110649.4266813600000000000000,167855.5455268600000000000000,278504.9722082200000000000000,90321.12779178000000000000000,247255.000,713481.10,552,0.25136612021857924,0,50,2,1,1,"1,2",0.5714285714285714,0.2857142857142857,0.14285714285714285,131.25,0.0,46.25,0.5714285714285714,0.2857142857142857,0.14285714285714285,131.25,0.0,10.0,1,0,0,1,0,0,0,1,4,2,0,0,5,2,1,0,0,0,1,44106,0.0,5,130.25,4,1.0,4,131.25,4,23.0,2,4,10.0,5
1098,1099,7,0,7,0,1,0,4,2,4,1,1,4,4,8,0.2183803457688808,0.8679927667269439,0.03278688524590164,1830.0,488,244.0,97600,14640,344655.000,110649.4266813600000000000000,167855.5455268600000000000000,278504.9722082200000000000000,90321.12779178000000000000000,247055.000,713481.10,553,0.2515923566878981,0,50,2,1,1,"2,1",0.5714285714285714,0.2857142857142857,0.14285714285714285,131.25,0.0,46.25,0.5714285714285714,0.2857142857142857,0.14285714285714285,131.25,0.0,10.0,1,0,0,1,0,0,0,1,4,2,0,0,5,2,1,0,0,0,1,44106,0.0,5,130.25,4,1.0,4,131.25,4,23.0,2,4,10.0,5
1099,1100,7,0,7,0,1,0,4,2,4,1,1,4,4,8,0.2181818181818182,0.8664259927797835,0.032719836400818,1833.75,489,244.5,97800,14670,344655.000,110649.4266813600000000000000,167855.5455268600000000000000,278504.9722082200000000000000,90321.12779178000000000000000,246855.000,713481.10,554,0.25181818181818183,0,50,2,1,1,"1,2",0.5714285714285714,0.2857142857142857,0.14285714285714285,131.25,0.0,46.25,0.5714285714285714,0.2857142857142857,0.14285714285714285,131.25,0.0,10.0,1,0,0,1,0,0,0,1,4,2,0,0,5,2,1,0,0,0,1,44106,0.0,5,130.25,4,1.0,4,131.25,4,23.0,2,4,10.0,5
1100,1101,7,0,7,0,1,0,4,2,4,1,1,4,4,8,0.217983651226158,0.8648648648648649,0.0326530612244898,1837.5,490,245.0,98000,14700,344655.000,110649.4266813600000000000000,167855.5455268600000000000000,278504.9722082200000000000000,90321.12779178000000000000000,246655.000,713481.10,555,0.25204359673024523,0,50,2,1,1,"2,1",0.5714285714285714,0.2857142857142857,0.14285714285714285,131.25,0.0,46.25,0.5714285714285714,0.2857142857142857,0.14285714285714285,131.25,0.0,10.0,1,0,0,1,0,0,0,1,4,2,0,0,5,2,1,0,0,0,1,44106,0.0,5,130.25,4,1.0,4,131.25,4,23.0,2,4,10.0,5
1101,1102,7,0,7,0,1,0,4,2,4,1,1,4,4,8,0.2177858439201452,0.8633093525179856,0.032586558044806514,1841.25,491,245.5,98200,14730,344655.000,110649.4266813600000000000000,167855.5455268600000000000000,278504.9722082200000000000000,90321.12779178000000000000000,246455.000,713481.10,556,0.25226860254083483,0,50,2,1,1,"1,2",0.5714285714285714,0.2857142857142857,0.14285714285714285,131.25,0.0,46.25,0.5714285714285714,0.2857142857142857,0.14285714285714285,131.25,0.0,10.0,1,0,0,1,0,0,0,1,4,2,0,0,5,2,1,0,0,0,1,44106,0.0,5,130.25,4,1.0,4,131.25,4,23.0,2,4,10.0,5
1102,1103,7,0,7,0,1,0,4,2,4,1,1,4,4,8,0.21758839528558477,0.8617594254937163,0.032520325203252036,1845.0,492,246.0,98400,14760,344655.000,110649.4266813600000000000000,167855.5455268600000000000000,278504.9722082200000000000000,90321.12779178000000000000000,246255.000,713481.10,557,0.25249320036264733,0,50,2,1,1,"2,1",0.5714285714285714,0.2857142857142857,0.14285714285714285,131.25,0.0,46.25,0.5714285714285714,0.2857142857142857,0.14285714285714285,131.25,0.0,10.0,1,0,0,1,0,0,0,1,4,2,0,0,5,2,1,0,0,0,1,44106,0.0,5,130.25,4,1.0,4,131.25,4,23.0,2,4,10.0,5
1103,1104,7,0,7,0,1,0,4,2,4,1,1,4,4,8,0.2173913043478261,0.8602150537634408,0.032454361054766734,1848.75,493,246.5,98600,14790,344655.000,110649.4266813600000000000000,167855.5455268600000000000000,278504.9722082200000000000000,90321.12779178000000000000000,246055.000,713481.10,558,0.25271739130434784,0,50,2,1,1,"2,1",0.5714285714285714,0.2857142857142857,0.14285714285714285,131.25,0.0,46.25,0.5714285714285714,0.2857142857142857,0.14285714285714285,131.25,0.0,10.0,1,0,0,1,0,0,0,1,4,2,0,0,5,2,1,0,0,0,1,44106,0.0,5,130.25,4,1.0,4,131.25,4,23.0,2,4,10.0,5
1104,1105,7,0,7,0,1,0,4,2,4,1,1,4,4,8,0.21719457013574658,0.8586762075134169,0.032388663967611336,1852.5,494,247.0,98800,14820,344655.000,110649.4266813600000000000000,167855.5455268600000000000000,278504.9722082200000000000000,90321.12779178000000000000000,245855.000,713481.10,559,0.2529411764705882,0,50,2,1,1,"1,2",0.5714285714285714,0.2857142857142857,0.14285714285714285,131.25,0.0,46.25,0.5714285714285714,0.2857142857142857,0.14285714285714285,131.25,0.0,10.0,1,0,0,1,0,0,0,1,4,2,0,0,5,2,1,0,0,0,1,44106,0.0,5,130.25,4,1.0,4,131.25,4,23.0,2,4,10.0,5
1105,1106,7,0,7,0,1,0,4,2,4,1,1,4,4,8,0.21699819168173598,0.8571428571428571,0.03232323232323232,1856.25,495,247.5,99000,14850,344655.000,110649.4266813600000000000000,167855.5455268600000000000000,278504.9722082200000000000000,90321.12779178000000000000000,245655.000,713481.10,560,0.25316455696202533,0,50,2,1,1,"1,2",0.5714285714285714,0.2857142857142857,0.14285714285714285,131.25,0.0,46.25,0.5714285714285714,0.2857142857142857,0.14285714285714285,131.25,0.0,10.0,1,0,0,0,1,0,0,1,4,2,0,0,5,2,1,0,0,0,1,44106,0.0,5,130.25,4,1.0,4,131.25,4,23.0,2,4,10.0,5
1106,1107,7,0,7,0,1,0,4,2,4,1,1,4,4,8,0.21680216802168023,0.8556149732620321,0.03232323232323232,1856.25,495,247.5,99000,14850,344655.000,110649.4266813600000000000000,167855.5455268600000000000000,278504.9722082200000000000000,90321.12779178000000000000000,245655.000,713481.10,561,0.25338753387533874,0,50,2,1,1,"1,2",0.5714285714285714,0.2857142857142857,0.14285714285714285,131.25,0.0,46.25,0.5714285714285714,0.2857142857142857,0.14285714285714285,131.25,0.0,10.0,1,0,0,0,0,1,0,0,5,2,0,0,5,2,0,0,0,0,1,44106,0.0,5,130.25,4,1.0,4,131.25,4,23.0,2,5,10.0,5
1107,1108,7,0,7,0,1,0,4,2,4,1,1,4,4,8,0.21660649819494587,0.8540925266903914,0.03225806451612903,1860.0,496,248.0,99200,14880,344655.000,110649.4266813600000000000000,167855.5455268600000000000000,278504.9722082200000000000000,90321.12779178000000000000000,245455.000,713481.10,562,0.2536101083032491,0,50,2,1,1,"2,1",0.5714285714285714,0.2857142857142857,0.14285714285714285,131.25,0.0,46.25,0.5714285714285714,0.2857142857142857,0.14285714285714285,131.25,0.0,10.0,1,0,0,0,0,1,0,0,5,2,0,0,5,2,0,0,0,0,1,44106,0.0,5,130.25,4,1.0,4,131.25,4,23.0,2,5,10.0,5
1108,1109,7,0,7,0,1,0,4,2,4,1,1,4,4,8,0.2164111812443643,0.852575488454707,0.03219315895372234,1863.75,497,248.5,99400,14910,344655.000,110649.4266813600000000000000,167855.5455268600000000000000,278504.9722082200000000000000,90321.12779178000000000000000,245255.000,713481.10,563,0.2538322813345356,0,50,2,1,1,"1,2",0.5714285714285714,0.2857142857142857,0.14285714285714285,131.25,0.0,46.25,0.5714285714285714,0.2857142857142857,0.14285714285714285,131.25,0.0,10.0,1,0,0,0,0,1,0,0,5,2,0,0,5,2,0,0,0,0,1,44106,0.0,5,130.25,4,1.0,4,131.25,4,23.0,2,5,10.0,5
1109,1110,7,0,7,0,1,0,4,2,4,1,1,4,4,8,0.21621621621621623,0.851063829787234,0.0321285140562249,1867.5,498,249.0,99600,14940,344655.000,110649.4266813600000000000000,167855.5455268600000000000000,278504.9722082200000000000000,90321.12779178000000000000000,245055.000,713481.10,564,0.25405405405405407,0,50,2,1,1,"2,1",0.5714285714285714,0.2857142857142857,0.14285714285714285,131.25,0.0,46.25,0.5714285714285714,0.2857142857142857,0.14285714285714285,131.25,0.0,10.0,1,0,0,0,0,1,0,0,5,2,0,0,5,2,0,0,0,0,1,44106,0.0,5,130.25,4,1.0,4,131.25,4,23.0,2,5,10.0,5
1110,1111,7,0,7,0,1,0,4,2,4,1,1,4,4,8,0.21602160216021604,0.8495575221238939,0.03206412825651302,1871.25,499,249.5,99800,14970,344655.000,110649.4266813600000000000000,167855.5455268600000000000000,278504.9722082200000000000000,90321.12779178000000000000000,244855.000,713481.10,565,0.2542754275427543,0,50,2,1,1,"1,2",0.5714285714285714,0.2857142857142857,0.14285714285714285,131.25,0.0,46.25,0.5714285714285714,0.2857142857142857,0.14285714285714285,131.25,0.0,10.0,1,0,0,0,0,1,0,0,5,2,0,0,5,2,0,0,0,0,1,44106,0.0,5,130.25,4,1.0,4,131.25,4,23.0,2,5,10.0,5
1111,1112,7,0,7,0,1,0,4,2,4,1,1,4,4,8,0.2158273381294964,0.8480565371024735,0.032,1875.0,500,250.0,100000,15000,344655.000,110649.4266813600000000000000,167855.5455268600000000000000,278504.9722082200000000000000,90321.12779178000000000000000,244655.000,713481.10,566,0.25449640287769787,0,50,2,1,1,"1,2",0.5714285714285714,0.2857142857142857,0.14285714285714285,131.25,0.0,46.25,0.5714285714285714,0.2857142857142857,0.14285714285714285,131.25,0.0,10.0,1,0,0,0,0,1,0,0,5,2,0,0,5,2,0,0,0,0,1,44106,0.0,5,130.25,4,1.0,4,131.25,4,23.0,2,5,10.0,5
1112,1113,7,0,7,0,1,0,4,2,4,1,1,4,4,8,0.21563342318059298,0.8465608465608466,0.031936127744510975,1878.75,501,250.5,100200,15030,344655.000,110649.4266813600000000000000,167855.5455268600000000000000,278504.9722082200000000000000,90321.12779178000000000000000,244455.000,713481.10,567,0.25471698113207547,0,50,2,1,1,"1,2",0.5714285714285714,0.2857142857142857,0.14285714285714285,131.25,0.0,46.25,0.5714285714285714,0.2857142857142857,0.14285714285714285,131.25,0.0,10.0,1,0,0,0,0,1,0,0,5,2,0,0,5,2,0,0,0,0,1,44106,0.0,5,130.25,4,1.0,4,131.25,4,23.0,2,5,10.0,5
1113,1114,7,0,7,0,1,0,4,2,4,1,1,4,4,8,0.21543985637342908,0.8450704225352113,0.03187250996015936,1882.5,502,251.0,100400,15060,344655.000,110649.4266813600000000000000,167855.5455268600000000000000,278504.9722082200000000000000,90321.12779178000000000000000,244255.000,713481.10,568,0.25493716337522443,0,50,2,1,1,"1,2",0.5714285714285714,0.2857142857142857,0.14285714285714285,131.25,0.0,46.25,0.5714285714285714,0.2857142857142857,0.14285714285714285,131.25,0.0,10.0,1,0,0,0,0,1,0,0,5,2,0,0,5,2,0,0,0,0,1,44106,0.0,5,130.25,4,1.0,4,131.25,4,23.0,2,5,10.0,5
1114,1115,7,0,7,0,1,0,4,2,4,1,1,4,4,8,0.21524663677130046,0.843585237258348,0.03180914512922465,1886.25,503,251.5,100600,15090,344655.000,110649.4266813600000000000000,167855.5455268600000000000000,278504.9722082200000000000000,90321.12779178000000000000000,244055.000,713481.10,569,0.25515695067264577,0,50,2,1,1,"2,1",0.5714285714285714,0.2857142857142857,0.14285714285714285,131.25,0.0,46.25,0.5714285714285714,0.2857142857142857,0.14285714285714285,131.25,0.0,10.0,1,0,0,0,0,1,0,0,5,2,0,0,5,2,0,0,0,0,1,44106,0.0,5,130.25,4,1.0,4,131.25,4,23.0,2,5,10.0,5
1115,1116,7,0,7,0,1,0,4,2,4,1,1,4,4,8,0.2150537634408602,0.8421052631578947,0.031746031746031744,1890.0,504,252.0,100800,15120,344655.000,110649.4266813600000000000000,167855.5455268600000000000000,278504.9722082200000000000000,90321.12779178000000000000000,243855.000,713481.10,570,0.2553763440860215,0,50,2,1,1,"2,1",0.5714285714285714,0.2857142857142857,0.14285714285714285,131.25,0.0,46.25,0.5714285714285714,0.2857142857142857,0.14285714285714285,131.25,0.0,10.0,1,0,0,0,0,1,0,0,5,2,0,0,5,2,0,0,0,0,1,44106,0.0,5,130.25,4,1.0,4,131.25,4,23.0,2,5,10.0,5
1116,1117,7,0,7,0,1,0,4,2,4,1,1,4,4,8,0.21486123545210384,0.8406304728546409,0.031683168316831684,1893.75,505,252.5,101000,15150,344655.000,110649.4266813600000000000000,167855.5455268600000000000000,278504.9722082200000000000000,90321.12779178000000000000000,243655.000,713481.10,571,0.25559534467323186,0,50,2,1,1,"1,2",0.5714285714285714,0.2857142857142857,0.14285714285714285,131.25,0.0,46.25,0.5714285714285714,0.2857142857142857,0.14285714285714285,131.25,0.0,10.0,1,0,0,0,0,1,0,0,5,2,0,0,5,2,0,0,0,0,1,44106,0.0,5,130.25,4,1.0,4,131.25,4,23.0,2,5,10.0,5
1117,1118,7,0,7,0,1,0,4,2,4,1,1,4,4,8,0.21466905187835422,0.8391608391608392,0.03162055335968379,1897.5,506,253.0,101200,15180,344655.000,110649.4266813600000000000000,167855.5455268600000000000000,278504.9722082200000000000000,90321.12779178000000000000000,243455.000,713481.10,572,0.2558139534883721,0,50,2,1,1,"2,1",0.5714285714285714,0.2857142857142857,0.14285714285714285,131.25,0.0,46.25,0.5714285714285714,0.2857142857142857,0.14285714285714285,131.25,0.0,10.0,1,0,0,0,0,1,0,0,5,2,0,0,5,2,0,0,0,0,1,44106,0.0,5,130.25,4,1.0,4,131.25,4,23.0,2,5,10.0,5
1118,1119,7,0,7,0,1,0,4,2,4,1,1,4,4,8,0.21447721179624665,0.8376963350785339,0.03155818540433925,1901.25,507,253.5,101400,15210,344655.000,110649.4266813600000000000000,167855.5455268600000000000000,278504.9722082200000000000000,90321.12779178000000000000000,243255.000,713481.10,573,0.25603217158176944,0,50,2,1,1,"2,1",0.5714285714285714,0.2857142857142857,0.14285714285714285,131.25,0.0,46.25,0.5714285714285714,0.2857142857142857,0.14285714285714285,131.25,0.0,10.0,1,0,0,0,0,1,0,0,5,2,0,0,5,2,0,0,0,0,1,44106,0.0,5,130.25,4,1.0,4,131.25,4,23.0,2,5,10.0,5
1119,1120,7,0,7,0,1,0,4,2,4,1,1,4,4,8,0.21428571428571427,0.8362369337979094,0.031496062992125984,1905.0,508,254.0,101600,15240,344655.000,110649.4266813600000000000000,167855.5455268600000000000000,278504.9722082200000000000000,90321.12779178000000000000000,243055.000,713481.10,574,0.25625,0,50,2,1,1,"2,1",0.5714285714285714,0.2857142857142857,0.14285714285714285,131.25,0.0,46.25,0.5714285714285714,0.2857142857142857,0.14285714285714285,131.25,0.0,10.0,1,0,0,0,0,1,0,0,5,2,0,0,5,2,0,0,0,0,1,44106,0.0,5,130.25,4,1.0,4,131.25,4,23.0,2,5,10.0,5
1120,1121,7,0,7,0,1,0,4,2,4,1,1,4,4,8,0.21409455842997324,0.8347826086956521,0.03143418467583497,1908.75,509,254.5,101800,15270,344655.000,110649.4266813600000000000000,167855.5455268600000000000000,278504.9722082200000000000000,90321.12779178000000000000000,242855.000,713481.10,575,0.2564674397859054,0,50,2,1,1,"2,1",0.5714285714285714,0.2857142857142857,0.14285714285714285,131.25,0.0,46.25,0.5714285714285714,0.2857142857142857,0.14285714285714285,131.25,0.0,10.0,1,0,0,0,0,1,0,0,5,2,0,0,5,2,0,0,0,0,1,44106,0.0,5,130.25,4,1.0,4,131.25,4,23.0,2,5,10.0,5
1121,1122,7,0,7,0,1,0,4,2,4,1,1,4,4,8,0.21390374331550802,0.8333333333333334,0.03137254901960784,1912.5,510,255.0,102000,15300,344655.000,110649.4266813600000000000000,167855.5455268600000000000000,278504.9722082200000000000000,90321.12779178000000000000000,242655.000,713481.10,576,0.25668449197860965,0,50,2,1,1,"2,1",0.5714285714285714,0.2857142857142857,0.14285714285714285,131.25,0.0,46.25,0.5714285714285714,0.2857142857142857,0.14285714285714285,131.25,0.0,10.0,1,0,0,0,0,1,0,0,5,2,0,0,5,2,0,0,0,0,1,44106,0.0,5,130.25,4,1.0,4,131.25,4,23.0,2,5,10.0,5
1122,1123,7,0,7,0,1,0,4,2,4,1,1,4,4,8,0.213713268032057,0.8318890814558059,0.03131115459882583,1916.25,511,255.5,102200,15330,344655.000,110649.4266813600000000000000,167855.5455268600000000000000,278504.9722082200000000000000,90321.12779178000000000000000,242455.000,713481.10,577,0.25690115761353516,0,50,2,1,1,"1,2",0.5714285714285714,0.2857142857142857,0.14285714285714285,131.25,0.0,46.25,0.5714285714285714,0.2857142857142857,0.14285714285714285,131.25,0.0,10.0,1,0,0,0,0,1,0,0,5,2,0,0,5,2,0,0,0,0,1,44106,0.0,5,130.25,4,1.0,4,131.25,4,23.0,2,5,10.0,5
1123,1124,7,0,7,0,1,0,4,2,4,1,1,4,4,8,0.21352313167259784,0.8304498269896194,0.03125,1920.0,512,256.0,102400,15360,344655.000,110649.4266813600000000000000,167855.5455268600000000000000,278504.9722082200000000000000,90321.12779178000000000000000,242255.000,713481.10,578,0.2571174377224199,0,50,2,1,1,"1,2",0.5714285714285714,0.2857142857142857,0.14285714285714285,131.25,0.0,46.25,0.5714285714285714,0.2857142857142857,0.14285714285714285,131.25,0.0,10.0,1,0,0,0,0,1,0,0,5,2,0,0,5,2,0,0,0,0,1,44106,0.0,5,130.25,4,1.0,4,131.25,4,23.0,2,5,10.0,5
1124,1125,7,0,7,0,1,0,4,2,4,1,1,4,4,8,0.21333333333333335,0.8290155440414507,0.031189083820662766,1923.75,513,256.5,102600,15390,344655.000,110649.4266813600000000000000,167855.5455268600000000000000,278504.9722082200000000000000,90321.12779178000000000000000,242055.000,713481.10,579,0.25733333333333336,0,50,2,1,1,"1,2",0.5714285714285714,0.2857142857142857,0.14285714285714285,131.25,0.0,46.25,0.5714285714285714,0.2857142857142857,0.14285714285714285,131.25,0.0,10.0,1,0,0,0,0,1,0,0,5,2,0,0,5,2,0,0,0,0,1,44106,0.0,5,130.25,4,1.0,4,131.25,4,23.0,2,5,10.0,5
1125,1126,7,0,7,0,1,0,4,2,4,1,1,4,4,8,0.21314387211367675,0.8275862068965518,0.0311284046692607,1927.5,514,257.0,102800,15420,344655.000,110649.4266813600000000000000,167855.5455268600000000000000,278504.9722082200000000000000,90321.12779178000000000000000,241855.000,713481.10,580,0.25754884547069273,0,50,2,1,1,"1,2",0.5714285714285714,0.2857142857142857,0.14285714285714285,131.25,0.0,46.25,0.5714285714285714,0.2857142857142857,0.14285714285714285,131.25,0.0,10.0,1,0,0,0,0,1,0,0,5,2,0,0,5,2,0,0,0,0,1,44106,0.0,5,130.25,4,1.0,4,131.25,4,23.0,2,5,10.0,5
1126,1127,7,0,7,0,1,0,4,2,4,1,1,4,4,8,0.21295474711623777,0.8261617900172117,0.031067961165048542,1931.25,515,257.5,103000,15450,344655.000,110649.4266813600000000000000,167855.5455268600000000000000,278504.9722082200000000000000,90321.12779178000000000000000,241655.000,713481.10,581,0.2577639751552795,0,50,2,1,1,"1,2",0.5714285714285714,0.2857142857142857,0.14285714285714285,131.25,0.0,46.25,0.5714285714285714,0.2857142857142857,0.14285714285714285,131.25,0.0,10.0,1,0,0,0,0,1,0,0,5,2,0,0,5,2,0,0,0,0,1,44106,0.0,5,130.25,4,1.0,4,131.25,4,23.0,2,5,10.0,5
1127,1128,7,0,7,0,1,0,4,2,4,1,1,4,4,8,0.2127659574468085,0.8247422680412372,0.031007751937984496,1935.0,516,258.0,103200,15480,344655.000,110649.4266813600000000000000,167855.5455268600000000000000,278504.9722082200000000000000,90321.12779178000000000000000,241455.000,713481.10,582,0.2579787234042553,0,50,2,1,1,"2,1",0.5714285714285714,0.2857142857142857,0.14285714285714285,131.25,0.0,46.25,0.5714285714285714,0.2857142857142857,0.14285714285714285,131.25,0.0,10.0,1,0,0,0,0,1,0,0,5,2,0,0,5,2,0,0,0,0,1,44106,0.0,5,130.25,4,1.0,4,131.25,4,23.0,2,5,10.0,5
1128,1129,7,0,7,0,1,0,4,2,4,1,1,4,4,8,0.21257750221434898,0.823327615780446,0.030947775628626693,1938.75,517,258.5,103400,15510,344655.000,110649.4266813600000000000000,167855.5455268600000000000000,278504.9722082200000000000000,90321.12779178000000000000000,241255.000,713481.10,583,0.258193091231178,0,50,2,1,1,"2,1",0.5714285714285714,0.2857142857142857,0.14285714285714285,131.25,0.0,46.25,0.5714285714285714,0.2857142857142857,0.14285714285714285,131.25,0.0,10.0,1,0,0,0,0,1,0,0,5,2,0,0,5,2,0,0,0,0,1,44106,0.0,5,130.25,4,1.0,4,131.25,4,23.0,2,5,10.0,5
1129,1130,7,0,7,0,1,0,4,2,4,1,1,4,4,8,0.21238938053097348,0.8219178082191781,0.03088803088803089,1942.5,518,259.0,103600,15540,344655.000,110649.4266813600000000000000,167855.5455268600000000000000,278504.9722082200000000000000,90321.12779178000000000000000,241055.000,713481.10,584,0.2584070796460177,0,50,2,1,1,"2,1",0.5714285714285714,0.2857142857142857,0.14285714285714285,131.25,0.0,46.25,0.5714285714285714,0.2857142857142857,0.14285714285714285,131.25,0.0,10.0,1,0,0,0,0,1,0,0,5,2,0,0,5,2,0,0,0,0,1,44106,0.0,5,130.25,4,1.0,4,131.25,4,23.0,2,5,10.0,5
1130,1131,8,0,8,0,2,0,4,2,4,2,2,4,4,8,0.21220159151193632,0.8191126279863481,0.030828516377649325,1946.25,519,259.5,103800,15570,344655.000,110649.4266813600000000000000,167855.5455268600000000000000,278504.9722082200000000000000,90321.12779178000000000000000,240855.000,713481.10,586,0.25906277630415564,0,50,2,1,1,"1,2",0.5,0.25,0.25,131.25,0.0,46.25,0.5,0.25,0.25,131.25,0.0,10.0,0,1,0,0,0,1,1,0,5,2,1,0,5,2,1,0,0,1,1,44106,0.0,6,130.25,4,1.0,4,131.25,4,23.0,2,5,10.0,5
1131,1132,8,0,8,0,2,0,4,2,4,2,2,4,4,8,0.21201413427561838,0.8163265306122448,0.030710172744721688,1953.75,521,260.5,104200,15630,344655.000,110649.4266813600000000000000,167855.5455268600000000000000,278504.9722082200000000000000,90321.12779178000000000000000,240455.000,713481.10,588,0.2597173144876325,0,50,2,1,1,"2,1",0.5,0.25,0.25,131.25,0.0,46.25,0.5,0.25,0.25,131.25,0.0,10.0,0,1,0,0,0,1,1,0,5,2,1,0,5,2,1,0,0,1,1,44106,0.0,6,130.25,4,1.0,4,131.25,4,23.0,2,5,10.0,5
1132,1133,8,0,8,0,2,0,4,2,4,2,2,4,4,8,0.2118270079435128,0.8135593220338982,0.030592734225621414,1961.25,523,261.5,104600,15690,344655.000,110649.4266813600000000000000,167855.5455268600000000000000,278504.9722082200000000000000,90321.12779178000000000000000,240055.000,713481.10,590,0.26037069726390116,0,50,2,1,1,"1,2",0.5,0.25,0.25,131.25,0.0,46.25,0.5,0.25,0.25,131.25,0.0,10.0,0,1,0,0,0,1,1,0,5,2,1,0,5,2,1,0,0,1,1,44106,0.0,6,130.25,4,1.0,4,131.25,4,23.0,2,5,10.0,5
1133,1134,8,0,8,0,2,0,4,2,4,2,2,4,4,8,0.21164021164021166,0.8108108108108107,0.030476190476190476,1968.75,525,262.5,105000,15750,344655.000,110649.4266813600000000000000,167855.5455268600000000000000,278504.9722082200000000000000,90321.12779178000000000000000,239655.000,713481.10,592,0.26102292768959434,0,50,2,1,1,"2,1",0.5,0.25,0.25,131.25,0.0,46.25,0.5,0.25,0.25,131.25,0.0,10.0,0,1,0,0,0,1,1,0,5,2,1,0,5,2,1,0,0,1,1,44106,0.0,6,130.25,4,1.0,4,131.25,4,23.0,2,5,10.0,5
1134,1135,8,0,8,0,1,1,4,2,5,2,2,4,4,8,0.21145374449339205,0.8080808080808081,0.030360531309297913,1976.25,527,263.5,105400,15810,344655.000,110649.4266813600000000000000,167855.5455268600000000000000,278504.9722082200000000000000,90321.12779178000000000000000,239255.000,713481.10,594,0.2616740088105727,0,50,2,1,1,"1,2",0.5,0.25,0.25,131.25,0.0,46.25,0.5,0.25,0.25,131.25,0.0,10.0,1,1,0,0,0,0,1,0,5,2,1,0,5,2,1,0,0,1,1,44106,0.0,6,116.8,5,1.0,4,131.25,4,23.0,2,5,10.0,5
1135,1136,8,0,8,0,1,0,5,2,5,1,1,5,5,10,0.2640845070422535,1.0084033613445378,0.03787878787878788,1584.0,528,264.0,105600,15840,389160.000,147923.1345875200000000000000,194173.5245010600000000000000,342096.6590885800000000000000,107971.2409114200000000000000,283560.000,839227.90,595,0.26188380281690143,0,50,2,1,1,"1,2",0.625,0.25,0.125,117.8,0.0,42.6,0.625,0.25,0.125,117.8,0.0,10.0,1,1,0,0,0,0,1,0,5,2,1,0,5,2,1,0,0,1,1,44106,0.0,6,116.8,5,1.0,5,117.8,5,23.0,2,5,10.0,5
1136,1137,8,0,8,0,1,0,5,2,5,1,1,5,5,10,0.2638522427440633,1.006711409395973,0.03780718336483932,1587.0,529,264.5,105800,15870,389160.000,147923.1345875200000000000000,194173.5245010600000000000000,342096.6590885800000000000000,107971.2409114200000000000000,283360.000,839227.90,596,0.2620932277924362,0,50,2,1,1,"1,2",0.625,0.25,0.125,117.8,0.0,42.6,0.625,0.25,0.125,117.8,0.0,10.0,1,1,0,0,0,0,1,0,5,2,1,0,5,2,1,0,0,1,1,44106,0.0,6,116.8,5,1.0,5,117.8,5,23.0,2,5,10.0,5
1137,1138,8,0,8,0,1,0,5,2,5,1,1,5,5,10,0.2636203866432338,1.0050251256281408,0.03773584905660377,1590.0,530,265.0,106000,15900,389160.000,147923.1345875200000000000000,194173.5245010600000000000000,342096.6590885800000000000000,107971.2409114200000000000000,283160.000,839227.90,597,0.2623022847100176,0,50,2,1,1,"2,1",0.625,0.25,0.125,117.8,0.0,42.6,0.625,0.25,0.125,117.8,0.0,10.0,1,1,0,0,0,0,1,0,5,2,1,0,5,2,1,0,0,1,1,44106,0.0,6,116.8,5,1.0,5,117.8,5,23.0,2,5,10.0,5
1138,1139,8,0,8,0,1,0,5,2,5,1,1,5,5,10,0.2633889376646181,1.0033444816053512,0.03766478342749529,1593.0,531,265.5,106200,15930,389160.000,147923.1345875200000000000000,194173.5245010600000000000000,342096.6590885800000000000000,107971.2409114200000000000000,282960.000,839227.90,598,0.26251097453906935,0,50,2,1,1,"2,1",0.625,0.25,0.125,117.8,0.0,42.6,0.625,0.25,0.125,117.8,0.0,10.0,1,1,0,0,0,0,1,0,5,2,1,0,5,2,1,0,0,1,1,44106,0.0,6,116.8,5,1.0,5,117.8,5,23.0,2,5,10.0,5
1139,1140,8,0,8,0,1,0,5,2,5,1,1,5,5,10,0.2631578947368421,1.001669449081803,0.03759398496240601,1596.0,532,266.0,106400,15960,389160.000,147923.1345875200000000000000,194173.5245010600000000000000,342096.6590885800000000000000,107971.2409114200000000000000,282760.000,839227.90,599,0.262719298245614,0,50,2,1,1,"1,2",0.625,0.25,0.125,117.8,0.0,42.6,0.625,0.25,0.125,117.8,0.0,10.0,1,1,0,0,0,0,1,0,5,2,1,0,5,2,1,0,0,1,1,44106,0.0,6,116.8,5,1.0,5,117.8,5,23.0,2,5,10.0,5
1140,1141,8,0,8,0,1,0,5,2,5,1,1,5,5,10,0.26292725679228746,1.0,0.0375234521575985,1599.0,533,266.5,106600,15990,389160.000,147923.1345875200000000000000,194173.5245010600000000000000,342096.6590885800000000000000,107971.2409114200000000000000,282560.000,839227.90,600,0.26292725679228746,0,50,2,1,1,"1,2",0.625,0.25,0.125,117.8,0.0,42.6,0.625,0.25,0.125,117.8,0.0,10.0,1,1,0,0,0,0,1,0,5,2,1,0,5,2,1,0,0,1,1,44106,0.0,6,116.8,5,1.0,5,117.8,5,23.0,2,5,10.0,5
1141,1142,8,0,8,0,1,0,5,2,5,1,1,5,5,10,0.2626970227670753,0.9983361064891846,0.03745318352059925,1602.0,534,267.0,106800,16020,389160.000,147923.1345875200000000000000,194173.5245010600000000000000,342096.6590885800000000000000,107971.2409114200000000000000,282360.000,839227.90,601,0.2631348511383538,0,50,2,1,1,"1,2",0.625,0.25,0.125,117.8,0.0,42.6,0.625,0.25,0.125,117.8,0.0,10.0,1,1,0,0,0,0,1,0,5,2,1,0,5,2,1,0,0,1,1,44106,0.0,6,116.8,5,1.0,5,117.8,5,23.0,2,5,10.0,5
1142,1143,8,0,8,0,1,0,5,2,5,1,1,5,5,10,0.26246719160104987,0.9966777408637874,0.037383177570093455,1605.0,535,267.5,107000,16050,389160.000,147923.1345875200000000000000,194173.5245010600000000000000,342096.6590885800000000000000,107971.2409114200000000000000,282160.000,839227.90,602,0.26334208223972005,0,50,2,1,1,"1,2",0.625,0.25,0.125,117.8,0.0,42.6,0.625,0.25,0.125,117.8,0.0,10.0,1,1,0,0,0,0,1,0,5,2,1,0,5,2,1,0,0,1,1,44106,0.0,6,116.8,5,1.0,5,117.8,5,23.0,2,5,10.0,5
1143,1144,8,0,8,0,1,0,5,2,5,1,1,5,5,10,0.26223776223776224,0.9950248756218905,0.03731343283582089,1608.0,536,268.0,107200,16080,389160.000,147923.1345875200000000000000,194173.5245010600000000000000,342096.6590885800000000000000,107971.2409114200000000000000,281960.000,839227.90,603,0.26354895104895104,0,50,2,1,1,"1,2",0.625,0.25,0.125,117.8,0.0,42.6,0.625,0.25,0.125,117.8,0.0,10.0,1,1,0,0,0,0,1,0,5,2,1,0,5,2,1,0,0,1,1,44106,0.0,6,116.8,5,1.0,5,117.8,5,23.0,2,5,10.0,5
1144,1145,8,0,8,0,1,0,5,2,5,1,1,5,5,10,0.26200873362445415,0.9933774834437087,0.037243947858473,1611.0,537,268.5,107400,16110,389160.000,147923.1345875200000000000000,194173.5245010600000000000000,342096.6590885800000000000000,107971.2409114200000000000000,281760.000,839227.90,604,0.26375545851528387,0,50,2,1,1,"1,2",0.625,0.25,0.125,117.8,0.0,42.6,0.625,0.25,0.125,117.8,0.0,10.0,1,1,0,0,0,0,0,1,5,2,1,0,5,2,1,0,0,1,1,44106,0.0,6,116.8,5,1.0,5,117.8,5,23.0,2,5,10.0,5
1145,1146,8,0,8,0,1,0,5,2,5,1,1,5,5,10,0.2617801047120419,0.9917355371900826,0.03717472118959108,1614.0,538,269.0,107600,16140,389160.000,147923.1345875200000000000000,194173.5245010600000000000000,342096.6590885800000000000000,107971.2409114200000000000000,281560.000,839227.90,605,0.2639616055846422,0,50,2,1,1,"2,1",0.625,0.25,0.125,117.8,0.0,42.6,0.625,0.25,0.125,117.8,0.0,10.0,1,1,0,0,0,0,0,1,5,2,1,0,5,2,1,0,0,1,1,44106,0.0,6,116.8,5,1.0,5,117.8,5,23.0,2,5,10.0,5
1146,1147,8,0,8,0,1,0,5,2,5,1,1,5,5,10,0.26155187445510025,0.9900990099009901,0.03710575139146568,1617.0,539,269.5,107800,16170,389160.000,147923.1345875200000000000000,194173.5245010600000000000000,342096.6590885800000000000000,107971.2409114200000000000000,281360.000,839227.90,606,0.26416739319965127,0,50,2,1,1,"2,1",0.625,0.25,0.125,117.8,0.0,42.6,0.625,0.25,0.125,117.8,0.0,10.0,1,1,0,0,0,0,0,1,5,2,1,0,5,2,1,0,0,1,1,44106,0.0,6,116.8,5,1.0,5,117.8,5,23.0,2,5,10.0,5
1147,1148,8,0,8,0,1,0,5,2,5,1,1,5,5,10,0.2613240418118467,0.9884678747940692,0.037037037037037035,1620.0,540,270.0,108000,16200,389160.000,147923.1345875200000000000000,194173.5245010600000000000000,342096.6590885800000000000000,107971.2409114200000000000000,281160.000,839227.90,607,0.2643728222996516,0,50,2,1,1,"2,1",0.625,0.25,0.125,117.8,0.0,42.6,0.625,0.25,0.125,117.8,0.0,10.0,1,1,0,0,0,0,0,1,5,2,1,0,5,2,1,0,0,1,1,44106,0.0,6,116.8,5,1.0,5,117.8,5,23.0,2,5,10.0,5
1148,1149,8,0,8,0,1,0,5,2,5,1,1,5,5,10,0.26109660574412535,0.986842105263158,0.036968576709796676,1623.0,541,270.5,108200,16230,389160.000,147923.1345875200000000000000,194173.5245010600000000000000,342096.6590885800000000000000,107971.2409114200000000000000,280960.000,839227.90,608,0.26457789382071367,0,50,2,1,1,"1,2",0.625,0.25,0.125,117.8,0.0,42.6,0.625,0.25,0.125,117.8,0.0,10.0,1,1,0,0,0,0,0,1,5,2,1,0,5,2,1,0,0,1,1,44106,0.0,6,116.8,5,1.0,5,117.8,5,23.0,2,5,10.0,5
1149,1150,8,0,8,0,1,0,5,2,5,1,1,5,5,10,0.2608695652173913,0.9852216748768473,0.03690036900369004,1626.0,542,271.0,108400,16260,389160.000,147923.1345875200000000000000,194173.5245010600000000000000,342096.6590885800000000000000,107971.2409114200000000000000,280760.000,839227.90,609,0.2647826086956522,0,50,2,1,1,"2,1",0.625,0.25,0.125,117.8,0.0,42.6,0.625,0.25,0.125,117.8,0.0,10.0,1,1,0,0,0,0,0,1,5,2,1,0,5,2,1,0,0,1,1,44106,0.0,6,116.8,5,1.0,5,117.8,5,23.0,2,5,10.0,5
1150,1151,8,0,8,0,1,0,5,2,5,1,1,5,5,10,0.26064291920069504,0.9836065573770493,0.03683241252302026,1629.0,543,271.5,108600,16290,389160.000,147923.1345875200000000000000,194173.5245010600000000000000,342096.6590885800000000000000,107971.2409114200000000000000,280560.000,839227.90,610,0.26498696785403997,0,50,2,1,1,"1,2",0.625,0.25,0.125,117.8,0.0,42.6,0.625,0.25,0.125,117.8,0.0,10.0,1,1,0,0,0,0,0,1,5,2,1,0,5,2,1,0,0,1,1,44106,0.0,6,116.8,5,1.0,5,117.8,5,23.0,2,5,10.0,5
1151,1152,8,0,8,0,1,0,5,2,5,1,1,5,5,10,0.2604166666666667,0.9819967266775778,0.03676470588235294,1632.0,544,272.0,108800,16320,389160.000,147923.1345875200000000000000,194173.5245010600000000000000,342096.6590885800000000000000,107971.2409114200000000000000,280360.000,839227.90,611,0.2651909722222222,0,50,2,1,1,"2,1",0.625,0.25,0.125,117.8,0.0,42.6,0.625,0.25,0.125,117.8,0.0,10.0,1,1,0,0,0,0,0,1,5,2,1,0,5,2,1,0,0,1,1,44106,0.0,6,116.8,5,1.0,5,117.8,5,23.0,2,5,10.0,5
1152,1153,8,0,8,0,1,0,5,2,5,1,1,5,5,10,0.26019080659150046,0.9803921568627452,0.03669724770642202,1635.0,545,272.5,109000,16350,389160.000,147923.1345875200000000000000,194173.5245010600000000000000,342096.6590885800000000000000,107971.2409114200000000000000,280160.000,839227.90,612,0.2653946227233304,0,50,2,1,1,"1,2",0.625,0.25,0.125,117.8,0.0,42.6,0.625,0.25,0.125,117.8,0.0,10.0,1,1,0,0,0,0,0,1,5,2,1,0,5,2,1,0,0,1,1,44106,0.0,6,116.8,5,1.0,5,117.8,5,23.0,2,5,10.0,5
1153,1154,8,0,8,0,1,0,5,2,5,1,1,5,5,10,0.2599653379549393,0.9787928221859706,0.03663003663003663,1638.0,546,273.0,109200,16380,389160.000,147923.1345875200000000000000,194173.5245010600000000000000,342096.6590885800000000000000,107971.2409114200000000000000,279960.000,839227.90,613,0.26559792027729634,0,50,2,1,1,"2,1",0.625,0.25,0.125,117.8,0.0,42.6,0.625,0.25,0.125,117.8,0.0,10.0,1,1,0,0,0,0,0,1,5,2,1,0,5,2,1,0,0,1,1,44106,0.0,6,116.8,5,1.0,5,117.8,5,23.0,2,5,10.0,5
1154,1155,8,0,8,0,1,0,5,2,5,1,1,5,5,10,0.2597402597402597,0.977198697068404,0.03656307129798903,1641.0,547,273.5,109400,16410,389160.000,147923.1345875200000000000000,194173.5245010600000000000000,342096.6590885800000000000000,107971.2409114200000000000000,279760.000,839227.90,614,0.2658008658008658,0,50,2,1,1,"2,1",0.625,0.25,0.125,117.8,0.0,42.6,0.625,0.25,0.125,117.8,0.0,10.0,1,1,0,0,0,0,0,1,5,2,1,0,5,2,1,0,0,1,1,44106,0.0,6,116.8,5,1.0,5,117.8,5,23.0,2,5,10.0,5
1155,1156,8,0,8,0,1,0,5,2,5,1,1,5,5,10,0.2595155709342561,0.975609756097561,0.0364963503649635,1644.0,548,274.0,109600,16440,389160.000,147923.1345875200000000000000,194173.5245010600000000000000,342096.6590885800000000000000,107971.2409114200000000000000,279560.000,839227.90,615,0.26600346020761245,0,50,2,1,1,"1,2",0.625,0.25,0.125,117.8,0.0,42.6,0.625,0.25,0.125,117.8,0.0,10.0,1,1,0,0,0,0,0,1,5,2,1,0,5,2,1,0,0,1,1,44106,0.0,6,116.8,5,1.0,5,117.8,5,23.0,2,5,10.0,5
1156,1157,8,0,8,0,1,0,5,2,5,1,1,5,5,10,0.25929127052722556,0.9740259740259739,0.03642987249544627,1647.0,549,274.5,109800,16470,389160.000,147923.1345875200000000000000,194173.5245010600000000000000,342096.6590885800000000000000,107971.2409114200000000000000,279360.000,839227.90,616,0.2662057044079516,0,50,2,1,1,"2,1",0.625,0.25,0.125,117.8,0.0,42.6,0.625,0.25,0.125,117.8,0.0,10.0,1,1,0,0,0,0,0,1,5,2,1,0,5,2,1,0,0,1,1,44106,0.0,6,116.8,5,1.0,5,117.8,5,23.0,2,5,10.0,5
1157,1158,8,0,8,0,1,0,5,2,5,1,1,5,5,10,0.25906735751295334,0.9724473257698542,0.03636363636363636,1650.0,550,275.0,110000,16500,389160.000,147923.1345875200000000000000,194173.5245010600000000000000,342096.6590885800000000000000,107971.2409114200000000000000,279160.000,839227.90,617,0.2664075993091537,0,50,2,1,1,"1,2",0.625,0.25,0.125,117.8,0.0,42.6,0.625,0.25,0.125,117.8,0.0,10.0,1,1,0,0,0,0,0,1,5,2,1,0,5,2,1,0,0,1,1,44106,0.0,6,116.8,5,1.0,5,117.8,5,23.0,2,5,10.0,5
1158,1159,8,0,8,0,1,0,5,2,5,1,1,5,5,10,0.25884383088869717,0.9708737864077669,0.036297640653357534,1653.0,551,275.5,110200,16530,389160.000,147923.1345875200000000000000,194173.5245010600000000000000,342096.6590885800000000000000,107971.2409114200000000000000,278960.000,839227.90,618,0.26660914581535805,0,50,2,1,1,"2,1",0.625,0.25,0.125,117.8,0.0,42.6,0.625,0.25,0.125,117.8,0.0,10.0,1,1,0,0,0,0,0,1,5,2,1,0,5,2,1,0,0,1,1,44106,0.0,6,116.8,5,1.0,5,117.8,5,23.0,2,5,10.0,5
1159,1160,8,0,8,0,1,0,5,2,5,1,1,5,5,10,0.25862068965517243,0.9693053311793215,0.036231884057971016,1656.0,552,276.0,110400,16560,389160.000,147923.1345875200000000000000,194173.5245010600000000000000,342096.6590885800000000000000,107971.2409114200000000000000,278760.000,839227.90,619,0.2668103448275862,0,50,2,1,1,"2,1",0.625,0.25,0.125,117.8,0.0,42.6,0.625,0.25,0.125,117.8,0.0,10.0,1,1,0,0,0,0,0,1,5,2,1,0,5,2,1,0,0,1,1,44106,0.0,6,116.8,5,1.0,5,117.8,5,23.0,2,5,10.0,5
1160,1161,8,0,8,0,1,0,5,2,5,1,1,5,5,10,0.25839793281653745,0.9677419354838709,0.03616636528028933,1659.0,553,276.5,110600,16590,389160.000,147923.1345875200000000000000,194173.5245010600000000000000,342096.6590885800000000000000,107971.2409114200000000000000,278560.000,839227.90,620,0.2670111972437554,0,50,2,1,1,"2,1",0.625,0.25,0.125,117.8,0.0,42.6,0.625,0.25,0.125,117.8,0.0,10.0,1,1,0,0,0,0,0,1,5,2,0,1,5,2,1,0,0,1,1,44106,0.0,6,116.8,5,1.0,5,117.8,5,23.0,2,5,10.0,5
1161,1162,8,0,8,0,1,0,5,2,5,1,1,5,5,10,0.25817555938037867,0.9661835748792271,0.036101083032490974,1662.0,554,277.0,110800,16620,389160.000,147923.1345875200000000000000,194173.5245010600000000000000,342096.6590885800000000000000,107971.2409114200000000000000,278360.000,839227.90,621,0.2672117039586919,0,50,2,1,1,"1,2",0.625,0.25,0.125,117.8,0.0,42.6,0.625,0.25,0.125,117.8,0.0,10.0,1,1,0,0,0,0,0,1,5,2,0,1,5,2,1,0,0,1,1,44106,0.0,6,116.8,5,1.0,5,117.8,5,23.0,2,5,10.0,5
1162,1163,8,0,8,0,1,0,5,2,5,1,1,5,5,10,0.2579535683576956,0.9646302250803858,0.036036036036036036,1665.0,555,277.5,111000,16650,389160.000,147923.1345875200000000000000,194173.5245010600000000000000,342096.6590885800000000000000,107971.2409114200000000000000,278160.000,839227.90,622,0.26741186586414445,0,50,2,1,1,"2,1",0.625,0.25,0.125,117.8,0.0,42.6,0.625,0.25,0.125,117.8,0.0,10.0,1,1,0,0,0,0,0,1,5,2,0,1,5,2,1,0,0,1,1,44106,0.0,6,116.8,5,1.0,5,117.8,5,23.0,2,5,10.0,5
1163,1164,8,0,8,0,1,0,5,2,5,1,1,5,5,10,0.2577319587628866,0.9630818619582665,0.03597122302158273,1668.0,556,278.0,111200,16680,389160.000,147923.1345875200000000000000,194173.5245010600000000000000,342096.6590885800000000000000,107971.2409114200000000000000,277960.000,839227.90,623,0.26761168384879724,0,50,2,1,1,"1,2",0.625,0.25,0.125,117.8,0.0,42.6,0.625,0.25,0.125,117.8,0.0,10.0,1,1,0,0,0,0,0,1,5,2,0,1,5,2,1,0,0,1,1,44106,0.0,6,116.8,5,1.0,5,117.8,5,23.0,2,5,10.0,5
1164,1165,8,0,8,0,1,0,5,2,5,1,1,5,5,10,0.2575107296137339,0.9615384615384615,0.03590664272890485,1671.0,557,278.5,111400,16710,389160.000,147923.1345875200000000000000,194173.5245010600000000000000,342096.6590885800000000000000,107971.2409114200000000000000,277760.000,839227.90,624,0.26781115879828327,0,50,2,1,1,"2,1",0.625,0.25,0.125,117.8,0.0,42.6,0.625,0.25,0.125,117.8,0.0,10.0,1,1,0,0,0,0,0,1,5,2,0,1,5,2,1,0,0,1,1,44106,0.0,6,116.8,5,1.0,5,117.8,5,23.0,2,5,10.0,5
1165,1166,8,0,8,0,1,0,5,2,5,1,1,5,5,10,0.25728987993138935,0.9600000000000001,0.035842293906810034,1674.0,558,279.0,111600,16740,389160.000,147923.1345875200000000000000,194173.5245010600000000000000,342096.6590885800000000000000,107971.2409114200000000000000,277560.000,839227.90,625,0.26801029159519724,0,50,2,1,1,"2,1",0.625,0.25,0.125,117.8,0.0,42.6,0.625,0.25,0.125,117.8,0.0,10.0,1,1,0,0,0,0,0,1,5,2,0,1,5,2,1,0,0,1,1,44106,0.0,6,116.8,5,1.0,5,117.8,5,23.0,2,5,10.0,5
1166,1167,8,0,8,0,1,0,5,2,5,1,1,5,5,10,0.2570694087403599,0.9584664536741214,0.03577817531305903,1677.0,559,279.5,111800,16770,389160.000,147923.1345875200000000000000,194173.5245010600000000000000,342096.6590885800000000000000,107971.2409114200000000000000,277360.000,839227.90,626,0.26820908311910885,0,50,2,1,1,"1,2",0.625,0.25,0.125,117.8,0.0,42.6,0.625,0.25,0.125,117.8,0.0,10.0,1,1,0,0,0,0,0,1,5,2,0,1,5,2,1,0,0,1,1,44106,0.0,6,116.8,5,1.0,5,117.8,5,23.0,2,5,10.0,5
1167,1168,8,0,8,0,1,0,5,2,5,1,1,5,5,10,0.2568493150684932,0.9569377990430623,0.03571428571428571,1680.0,560,280.0,112000,16800,389160.000,147923.1345875200000000000000,194173.5245010600000000000000,342096.6590885800000000000000,107971.2409114200000000000000,277160.000,839227.90,627,0.2684075342465753,0,50,2,1,1,"2,1",0.625,0.25,0.125,117.8,0.0,42.6,0.625,0.25,0.125,117.8,0.0,10.0,1,1,0,0,0,0,0,1,5,2,0,1,5,2,1,0,0,1,1,44106,0.0,6,116.8,5,1.0,5,117.8,5,23.0,2,5,10.0,5
1168,1169,8,0,8,0,1,0,5,2,5,1,1,5,5,10,0.2566295979469632,0.9554140127388535,0.035650623885918005,1683.0,561,280.5,112200,16830,389160.000,147923.1345875200000000000000,194173.5245010600000000000000,342096.6590885800000000000000,107971.2409114200000000000000,276960.000,839227.90,628,0.2686056458511548,0,50,2,1,1,"2,1",0.625,0.25,0.125,117.8,0.0,42.6,0.625,0.25,0.125,117.8,0.0,10.0,1,1,0,0,0,0,0,1,5,2,0,1,5,2,1,0,0,1,1,44106,0.0,6,116.8,5,1.0,5,117.8,5,23.0,2,5,10.0,5
1169,1170,8,0,8,0,1,0,5,2,5,1,1,5,5,10,0.2564102564102564,0.9538950715421305,0.03558718861209965,1686.0,562,281.0,112400,16860,389160.000,147923.1345875200000000000000,194173.5245010600000000000000,342096.6590885800000000000000,107971.2409114200000000000000,276760.000,839227.90,629,0.2688034188034188,0,50,2,1,1,"2,1",0.625,0.25,0.125,117.8,0.0,42.6,0.625,0.25,0.125,117.8,0.0,10.0,1,1,0,0,0,0,0,1,5,2,0,1,5,2,1,0,0,1,1,44106,0.0,6,116.8,5,1.0,5,117.8,5,23.0,2,5,10.0,5
1170,1171,8,0,8,0,1,0,5,2,5,1,1,5,5,10,0.25619128949615716,0.9523809523809523,0.035523978685612786,1689.0,563,281.5,112600,16890,389160.000,147923.1345875200000000000000,194173.5245010600000000000000,342096.6590885800000000000000,107971.2409114200000000000000,276560.000,839227.90,630,0.269000853970965,0,50,2,1,1,"2,1",0.625,0.25,0.125,117.8,0.0,42.6,0.625,0.25,0.125,117.8,0.0,10.0,1,1,0,0,0,0,0,1,5,2,0,1,5,2,1,0,0,1,1,44106,0.0,6,116.8,5,1.0,5,117.8,5,23.0,2,5,10.0,5
1171,1172,8,0,8,0,1,0,5,2,5,1,1,5,5,10,0.25597269624573377,0.9508716323296355,0.03546099290780142,1692.0,564,282.0,112800,16920,389160.000,147923.1345875200000000000000,194173.5245010600000000000000,342096.6590885800000000000000,107971.2409114200000000000000,276360.000,839227.90,631,0.26919795221843,0,50,2,1,1,"1,2",0.625,0.25,0.125,117.8,0.0,42.6,0.625,0.25,0.125,117.8,0.0,10.0,1,1,0,0,0,0,0,1,5,2,0,1,5,2,1,0,0,1,1,44106,0.0,6,116.8,5,1.0,5,117.8,5,23.0,2,5,10.0,5
1172,1173,8,0,8,0,1,0,5,2,5,1,1,5,5,10,0.2557544757033248,0.949367088607595,0.035398230088495575,1695.0,565,282.5,113000,16950,389160.000,147923.1345875200000000000000,194173.5245010600000000000000,342096.6590885800000000000000,107971.2409114200000000000000,276160.000,839227.90,632,0.2693947144075021,0,50,2,1,1,"1,2",0.625,0.25,0.125,117.8,0.0,42.6,0.625,0.25,0.125,117.8,0.0,10.0,1,1,0,0,0,0,0,1,5,2,0,1,5,2,1,0,0,1,1,44106,0.0,6,116.8,5,1.0,5,117.8,5,23.0,2,5,10.0,5
1173,1174,8,0,8,0,1,0,5,2,5,1,1,5,5,10,0.2555366269165247,0.947867298578199,0.0353356890459364,1698.0,566,283.0,113200,16980,389160.000,147923.1345875200000000000000,194173.5245010600000000000000,342096.6590885800000000000000,107971.2409114200000000000000,275960.000,839227.90,633,0.2695911413969336,0,50,2,1,1,"1,2",0.625,0.25,0.125,117.8,0.0,42.6,0.625,0.25,0.125,117.8,0.0,10.0,1,1,0,0,0,0,0,1,5,2,0,1,5,2,1,0,0,1,1,44106,0.0,6,116.8,5,1.0,5,117.8,5,23.0,2,5,10.0,5
1174,1175,8,0,8,0,1,0,5,2,5,1,1,5,5,10,0.25531914893617025,0.9463722397476341,0.03527336860670194,1701.0,567,283.5,113400,17010,389160.000,147923.1345875200000000000000,194173.5245010600000000000000,342096.6590885800000000000000,107971.2409114200000000000000,275760.000,839227.90,634,0.26978723404255317,0,50,2,1,1,"2,1",0.625,0.25,0.125,117.8,0.0,42.6,0.625,0.25,0.125,117.8,0.0,10.0,1,1,0,0,0,0,0,1,5,2,0,1,5,2,1,0,0,1,1,44106,0.0,6,116.8,5,1.0,5,117.8,5,23.0,2,5,10.0,5
1175,1176,8,0,8,0,1,0,5,2,5,1,1,5,5,10,0.25510204081632654,0.9448818897637795,0.035211267605633804,1704.0,568,284.0,113600,17040,389160.000,147923.1345875200000000000000,194173.5245010600000000000000,342096.6590885800000000000000,107971.2409114200000000000000,275560.000,839227.90,635,0.2699829931972789,0,50,2,1,1,"2,1",0.625,0.25,0.125,117.8,0.0,42.6,0.625,0.25,0.125,117.8,0.0,10.0,1,1,0,0,0,0,0,1,5,2,0,1,5,2,1,0,0,1,1,44106,0.0,6,116.8,5,1.0,5,117.8,5,23.0,2,5,10.0,5
1176,1177,8,0,8,0,1,0,5,2,5,1,1,5,5,10,0.2548853016142736,0.9433962264150944,0.0351493848857645,1707.0,569,284.5,113800,17070,389160.000,147923.1345875200000000000000,194173.5245010600000000000000,342096.6590885800000000000000,107971.2409114200000000000000,275360.000,839227.90,636,0.27017841971113,0,50,2,1,1,"1,2",0.625,0.25,0.125,117.8,0.0,42.6,0.625,0.25,0.125,117.8,0.0,10.0,1,1,0,0,0,0,0,1,5,2,0,1,5,2,1,0,0,1,1,44106,0.0,6,116.8,5,1.0,5,117.8,5,23.0,2,5,10.0,5
1177,1178,8,0,8,0,1,0,5,2,5,1,1,5,5,10,0.2546689303904924,0.9419152276295133,0.03508771929824561,1710.0,570,285.0,114000,17100,389160.000,147923.1345875200000000000000,194173.5245010600000000000000,342096.6590885800000000000000,107971.2409114200000000000000,275160.000,839227.90,637,0.2703735144312394,0,50,2,1,1,"2,1",0.625,0.25,0.125,117.8,0.0,42.6,0.625,0.25,0.125,117.8,0.0,10.0,1,1,0,0,0,0,0,1,5,2,0,1,5,2,1,0,0,1,1,44106,0.0,6,116.8,5,1.0,5,117.8,5,23.0,2,5,10.0,5
1178,1179,8,0,8,0,1,0,5,2,5,1,1,5,5,10,0.2544529262086514,0.9404388714733543,0.03502626970227671,1713.0,571,285.5,114200,17130,389160.000,147923.1345875200000000000000,194173.5245010600000000000000,342096.6590885800000000000000,107971.2409114200000000000000,274960.000,839227.90,638,0.27056827820186596,0,50,2,1,1,"2,1",0.625,0.25,0.125,117.8,0.0,42.6,0.625,0.25,0.125,117.8,0.0,10.0,1,1,0,0,0,0,0,1,5,2,0,1,5,2,1,0,0,1,1,44106,0.0,6,116.8,5,1.0,5,117.8,5,23.0,2,5,10.0,5
1179,1180,8,0,8,0,1,0,5,2,5,1,1,5,5,10,0.2542372881355932,0.9389671361502347,0.03496503496503497,1716.0,572,286.0,114400,17160,389160.000,147923.1345875200000000000000,194173.5245010600000000000000,342096.6590885800000000000000,107971.2409114200000000000000,274760.000,839227.90,639,0.27076271186440676,0,50,2,1,1,"1,2",0.625,0.25,0.125,117.8,0.0,42.6,0.625,0.25,0.125,117.8,0.0,10.0,1,1,0,0,0,0,0,1,5,2,0,1,5,2,1,0,0,1,1,44106,0.0,6,116.8,5,1.0,5,117.8,5,23.0,2,5,10.0,5
1180,1181,8,0,8,0,1,0,5,2,5,1,1,5,5,10,0.2540220152413209,0.9375,0.034904013961605584,1719.0,573,286.5,114600,17190,389160.000,147923.1345875200000000000000,194173.5245010600000000000000,342096.6590885800000000000000,107971.2409114200000000000000,274560.000,839227.90,640,0.270956816257409,0,50,2,1,1,"2,1",0.625,0.25,0.125,117.8,0.0,42.6,0.625,0.25,0.125,117.8,0.0,10.0,1,1,0,0,0,0,0,1,5,2,0,1,5,2,1,0,0,1,1,44106,0.0,6,116.8,5,1.0,5,117.8,5,23.0,2,5,10.0,5
1181,1182,8,0,8,0,1,0,5,2,5,1,1,5,5,10,0.25380710659898476,0.9360374414976599,0.03484320557491289,1722.0,574,287.0,114800,17220,389160.000,147923.1345875200000000000000,194173.5245010600000000000000,342096.6590885800000000000000,107971.2409114200000000000000,274360.000,839227.90,641,0.27115059221658205,0,50,2,1,1,"1,2",0.625,0.25,0.125,117.8,0.0,42.6,0.625,0.25,0.125,117.8,0.0,10.0,1,1,0,0,0,0,0,1,5,2,0,1,5,2,1,0,0,1,1,44106,0.0,6,116.8,5,1.0,5,117.8,5,23.0,2,5,10.0,5
1182,1183,8,0,8,0,1,0,5,2,5,1,1,5,5,10,0.253592561284869,0.9345794392523366,0.034782608695652174,1725.0,575,287.5,115000,17250,389160.000,147923.1345875200000000000000,194173.5245010600000000000000,342096.6590885800000000000000,107971.2409114200000000000000,274160.000,839227.90,642,0.2713440405748098,0,50,2,1,1,"2,1",0.625,0.25,0.125,117.8,0.0,42.6,0.625,0.25,0.125,117.8,0.0,10.0,1,1,0,0,0,0,0,1,5,2,0,1,5,2,1,0,0,1,1,44106,0.0,6,116.8,5,1.0,5,117.8,5,23.0,2,5,10.0,5
1183,1184,8,0,8,0,1,0,5,2,5,1,1,5,5,10,0.25337837837837834,0.9331259720062208,0.034722222222222224,1728.0,576,288.0,115200,17280,389160.000,147923.1345875200000000000000,194173.5245010600000000000000,342096.6590885800000000000000,107971.2409114200000000000000,273960.000,839227.90,643,0.27153716216216217,0,50,2,1,1,"1,2",0.625,0.25,0.125,117.8,0.0,42.6,0.625,0.25,0.125,117.8,0.0,10.0,1,1,0,0,0,0,0,1,5,2,0,1,5,2,1,0,0,1,1,44106,0.0,6,116.8,5,1.0,5,117.8,5,23.0,2,5,10.0,5
1184,1185,8,0,8,0,1,0,5,2,5,1,1,5,5,10,0.25316455696202533,0.9316770186335405,0.03466204506065858,1731.0,577,288.5,115400,17310,389160.000,147923.1345875200000000000000,194173.5245010600000000000000,342096.6590885800000000000000,107971.2409114200000000000000,273760.000,839227.90,644,0.2717299578059072,0,50,2,1,1,"1,2",0.625,0.25,0.125,117.8,0.0,42.6,0.625,0.25,0.125,117.8,0.0,10.0,1,1,0,0,0,0,0,1,5,2,0,1,5,2,1,0,0,1,1,44106,0.0,6,116.8,5,1.0,5,117.8,5,23.0,2,5,10.0,5
1185,1186,8,0,8,0,1,0,5,2,5,1,1,5,5,10,0.25295109612141653,0.9302325581395349,0.03460207612456748,1734.0,578,289.0,115600,17340,389160.000,147923.1345875200000000000000,194173.5245010600000000000000,342096.6590885800000000000000,107971.2409114200000000000000,273560.000,839227.90,645,0.27192242833052277,0,50,2,1,1,"2,1",0.625,0.25,0.125,117.8,0.0,42.6,0.625,0.25,0.125,117.8,0.0,10.0,1,1,0,0,0,0,0,1,5,2,0,1,5,2,1,0,0,1,1,44106,0.0,6,116.8,5,1.0,5,117.8,5,23.0,2,5,10.0,5
1186,1187,8,0,8,0,1,0,5,2,5,1,1,5,5,10,0.2527379949452401,0.9287925696594427,0.03454231433506045,1737.0,579,289.5,115800,17370,389160.000,147923.1345875200000000000000,194173.5245010600000000000000,342096.6590885800000000000000,107971.2409114200000000000000,273360.000,839227.90,646,0.2721145745577085,0,50,2,1,1,"1,2",0.625,0.25,0.125,117.8,0.0,42.6,0.625,0.25,0.125,117.8,0.0,10.0,1,1,0,0,0,0,0,1,5,2,0,1,5,2,1,0,0,1,1,44106,0.0,6,116.8,5,1.0,5,117.8,5,23.0,2,5,10.0,5
1187,1188,8,0,8,0,1,0,5,2,5,1,1,5,5,10,0.25252525252525254,0.9273570324574961,0.034482758620689655,1740.0,580,290.0,116000,17400,389160.000,147923.1345875200000000000000,194173.5245010600000000000000,342096.6590885800000000000000,107971.2409114200000000000000,273160.000,839227.90,647,0.27230639730639733,0,50,2,1,1,"2,1",0.625,0.25,0.125,117.8,0.0,42.6,0.625,0.25,0.125,117.8,0.0,10.0,1,0,1,0,0,0,0,1,5,2,0,1,5,2,1,0,0,1,1,44106,0.0,6,116.8,5,1.0,5,117.8,5,23.0,2,5,10.0,5
1188,1189,8,0,8,0,1,0,5,2,5,1,1,5,5,10,0.2523128679562658,0.9259259259259258,0.034482758620689655,1740.0,580,290.0,116000,17400,389160.000,147923.1345875200000000000000,194173.5245010600000000000000,342096.6590885800000000000000,107971.2409114200000000000000,273160.000,839227.90,648,0.27249789739276703,0,50,2,1,1,"1,2",0.625,0.25,0.125,117.8,0.0,42.6,0.625,0.25,0.125,117.8,0.0,8.333333333333334,1,0,0,1,0,0,0,1,5,2,0,0,6,2,1,0,0,0,1,44106,0.0,6,116.8,5,1.0,5,117.8,5,23.0,2,5,8.333333333333334,6
1189,1190,8,0,8,0,1,0,5,2,5,1,1,5,5,10,0.25210084033613445,0.9244992295839753,0.03442340791738382,1743.0,581,290.5,116200,17430,389160.000,147923.1345875200000000000000,194173.5245010600000000000000,342096.6590885800000000000000,107971.2409114200000000000000,272960.000,839227.90,649,0.2726890756302521,0,50,2,1,1,"1,2",0.625,0.25,0.125,117.8,0.0,42.6,0.625,0.25,0.125,117.8,0.0,8.333333333333334,1,0,0,1,0,0,0,1,5,2,0,0,6,2,1,0,0,0,1,44106,0.0,6,116.8,5,1.0,5,117.8,5,23.0,2,5,8.333333333333334,6
1190,1191,8,0,8,0,1,0,5,2,5,1,1,5,5,10,0.2518891687657431,0.923076923076923,0.03436426116838488,1746.0,582,291.0,116400,17460,389160.000,147923.1345875200000000000000,194173.5245010600000000000000,342096.6590885800000000000000,107971.2409114200000000000000,272760.000,839227.90,650,0.27287993282955497,0,50,2,1,1,"1,2",0.625,0.25,0.125,117.8,0.0,42.6,0.625,0.25,0.125,117.8,0.0,8.333333333333334,1,0,0,1,0,0,0,1,5,2,0,0,6,2,1,0,0,0,1,44106,0.0,6,116.8,5,1.0,5,117.8,5,23.0,2,5,8.333333333333334,6
1191,1192,8,0,8,0,1,0,5,2,5,1,1,5,5,10,0.25167785234899326,0.9216589861751152,0.03430531732418525,1749.0,583,291.5,116600,17490,389160.000,147923.1345875200000000000000,194173.5245010600000000000000,342096.6590885800000000000000,107971.2409114200000000000000,272560.000,839227.90,651,0.27307046979865773,0,50,2,1,1,"1,2",0.625,0.25,0.125,117.8,0.0,42.6,0.625,0.25,0.125,117.8,0.0,8.333333333333334,1,0,0,1,0,0,0,1,5,2,0,0,6,2,1,0,0,0,1,44106,0.0,6,116.8,5,1.0,5,117.8,5,23.0,2,5,8.333333333333334,6
1192,1193,9,0,9,0,2,0,5,2,5,2,2,5,5,10,0.2514668901927913,0.9188361408882083,0.03424657534246575,1752.0,584,292.0,116800,17520,389160.000,147923.1345875200000000000000,194173.5245010600000000000000,342096.6590885800000000000000,107971.2409114200000000000000,272360.000,839227.90,653,0.27367979882648785,0,50,2,1,1,"2,1",0.5555555555555556,0.2222222222222222,0.2222222222222222,117.8,0.0,42.6,0.5555555555555556,0.2222222222222222,0.2222222222222222,117.8,0.0,8.333333333333334,0,1,0,1,0,0,1,1,5,2,1,0,6,2,2,0,0,1,1,44106,0.0,7,116.8,5,1.0,5,117.8,5,23.0,2,5,8.333333333333334,6
1193,1194,9,0,9,0,2,0,5,2,5,2,2,5,5,10,0.2512562814070352,0.9160305343511451,0.034129692832764506,1758.0,586,293.0,117200,17580,389160.000,147923.1345875200000000000000,194173.5245010600000000000000,342096.6590885800000000000000,107971.2409114200000000000000,271960.000,839227.90,655,0.27428810720268004,0,50,2,1,1,"1,2",0.5555555555555556,0.2222222222222222,0.2222222222222222,117.8,0.0,42.6,0.5555555555555556,0.2222222222222222,0.2222222222222222,117.8,0.0,8.333333333333334,0,1,0,1,0,0,1,1,5,2,1,0,6,2,2,0,0,1,1,44106,0.0,7,116.8,5,1.0,5,117.8,5,23.0,2,5,8.333333333333334,6
1194,1195,9,0,9,0,2,0,5,2,5,2,2,5,5,10,0.2510460251046025,0.9132420091324202,0.034013605442176874,1764.0,588,294.0,117600,17640,389160.000,147923.1345875200000000000000,194173.5245010600000000000000,342096.6590885800000000000000,107971.2409114200000000000000,271560.000,839227.90,657,0.27489539748953973,0,50,2,1,1,"1,2",0.5555555555555556,0.2222222222222222,0.2222222222222222,117.8,0.0,42.6,0.5555555555555556,0.2222222222222222,0.2222222222222222,117.8,0.0,8.333333333333334,0,1,0,1,0,0,1,1,5,2,1,0,6,2,2,0,0,1,1,44106,0.0,7,116.8,5,1.0,5,117.8,5,23.0,2,5,8.333333333333334,6
1195,1196,9,0,9,0,2,0,5,2,5,2,2,5,5,10,0.2508361204013378,0.9104704097116845,0.03389830508474576,1770.0,590,295.0,118000,17700,389160.000,147923.1345875200000000000000,194173.5245010600000000000000,342096.6590885800000000000000,107971.2409114200000000000000,271160.000,839227.90,659,0.2755016722408027,0,50,2,1,1,"2,1",0.5555555555555556,0.2222222222222222,0.2222222222222222,117.8,0.0,42.6,0.5555555555555556,0.2222222222222222,0.2222222222222222,117.8,0.0,8.333333333333334,0,1,0,1,0,0,1,1,5,2,1,0,6,2,2,0,0,1,1,44106,0.0,7,116.8,5,1.0,5,117.8,5,23.0,2,5,8.333333333333334,6
1196,1197,9,0,9,0,2,0,5,2,5,2,2,5,5,10,0.2506265664160401,0.9077155824508321,0.033783783783783786,1776.0,592,296.0,118400,17760,389160.000,147923.1345875200000000000000,194173.5245010600000000000000,342096.6590885800000000000000,107971.2409114200000000000000,270760.000,839227.90,661,0.27610693400167086,0,50,2,1,1,"2,1",0.5555555555555556,0.2222222222222222,0.2222222222222222,117.8,0.0,42.6,0.5555555555555556,0.2222222222222222,0.2222222222222222,117.8,0.0,8.333333333333334,0,1,0,1,0,0,1,1,5,2,1,0,6,2,2,0,0,1,1,44106,0.0,7,116.8,5,1.0,5,117.8,5,23.0,2,5,8.333333333333334,6
1197,1198,9,0,9,0,2,0,5,2,5,2,2,5,5,10,0.25041736227045075,0.9049773755656108,0.03367003367003367,1782.0,594,297.0,118800,17820,389160.000,147923.1345875200000000000000,194173.5245010600000000000000,342096.6590885800000000000000,107971.2409114200000000000000,270360.000,839227.90,663,0.2767111853088481,0,50,2,1,1,"1,2",0.5555555555555556,0.2222222222222222,0.2222222222222222,117.8,0.0,42.6,0.5555555555555556,0.2222222222222222,0.2222222222222222,117.8,0.0,8.333333333333334,0,1,0,1,0,0,1,1,5,2,1,0,6,2,2,0,0,1,1,44106,0.0,7,116.8,5,1.0,5,117.8,5,23.0,2,5,8.333333333333334,6
1198,1199,9,0,9,0,2,0,5,2,5,2,2,5,5,10,0.25020850708924103,0.9022556390977443,0.03355704697986577,1788.0,596,298.0,119200,17880,389160.000,147923.1345875200000000000000,194173.5245010600000000000000,342096.6590885800000000000000,107971.2409114200000000000000,269960.000,839227.90,665,0.2773144286905755,0,50,2,1,1,"2,1",0.5555555555555556,0.2222222222222222,0.2222222222222222,117.8,0.0,42.6,0.5555555555555556,0.2222222222222222,0.2222222222222222,117.8,0.0,8.333333333333334,0,1,0,1,0,0,1,1,5,2,1,0,6,2,2,0,0,1,1,44106,0.0,7,116.8,5,1.0,5,117.8,5,23.0,2,5,8.333333333333334,6
1199,1200,9,0,9,0,2,0,5,2,5,2,2,5,5,10,0.25,0.8995502248875562,0.033444816053511704,1794.0,598,299.0,119600,17940,389160.000,147923.1345875200000000000000,194173.5245010600000000000000,342096.6590885800000000000000,107971.2409114200000000000000,269560.000,839227.90,667,0.27791666666666665,0,50,2,1,1,"2,1",0.5555555555555556,0.2222222222222222,0.2222222222222222,117.8,0.0,42.6,0.5555555555555556,0.2222222222222222,0.2222222222222222,117.8,0.0,8.333333333333334,0,1,0,1,0,0,1,1,5,2,1,0,6,2,2,0,0,1,1,44106,0.0,7,116.8,5,1.0,5,117.8,5,23.0,2,5,8.333333333333334,6
1200,1201,9,0,9,0,2,0,5,2,5,2,2,5,5,10,0.24979184013322234,0.8968609865470851,0.03333333333333333,1800.0,600,300.0,120000,18000,389160.000,147923.1345875200000000000000,194173.5245010600000000000000,342096.6590885800000000000000,107971.2409114200000000000000,269160.000,839227.90,669,0.2785179017485429,0,50,2,1,1,"1,2",0.5555555555555556,0.2222222222222222,0.2222222222222222,117.8,0.0,42.6,0.5555555555555556,0.2222222222222222,0.2222222222222222,117.8,0.0,8.333333333333334,0,1,0,1,0,0,1,1,5,2,1,0,6,2,2,0,0,1,1,44106,0.0,7,116.8,5,1.0,5,117.8,5,23.0,2,5,8.333333333333334,6
1201,1202,9,0,9,0,2,0,5,2,5,2,2,5,5,10,0.24958402662229615,0.8941877794336811,0.03322259136212625,1806.0,602,301.0,120400,18060,389160.000,147923.1345875200000000000000,194173.5245010600000000000000,342096.6590885800000000000000,107971.2409114200000000000000,268760.000,839227.90,671,0.27911813643926786,0,50,2,1,1,"1,2",0.5555555555555556,0.2222222222222222,0.2222222222222222,117.8,0.0,42.6,0.5555555555555556,0.2222222222222222,0.2222222222222222,117.8,0.0,8.333333333333334,0,1,0,1,0,0,1,1,5,2,1,0,6,2,2,0,0,1,1,44106,0.0,7,116.8,5,1.0,5,117.8,5,23.0,2,5,8.333333333333334,6
1202,1203,9,0,9,0,2,0,5,2,5,2,2,5,5,10,0.24937655860349126,0.8915304606240713,0.033112582781456956,1812.0,604,302.0,120800,18120,389160.000,147923.1345875200000000000000,194173.5245010600000000000000,342096.6590885800000000000000,107971.2409114200000000000000,268360.000,839227.90,673,0.2797173732335827,0,50,2,1,1,"1,2",0.5555555555555556,0.2222222222222222,0.2222222222222222,117.8,0.0,42.6,0.5555555555555556,0.2222222222222222,0.2222222222222222,117.8,0.0,8.333333333333334,0,1,0,1,0,0,1,1,5,2,1,0,6,2,2,0,0,1,1,44106,0.0,7,116.8,5,1.0,5,117.8,5,23.0,2,5,8.333333333333334,6
1203,1204,9,0,9,0,2,0,5,2,5,2,2,5,5,10,0.24916943521594684,0.8888888888888888,0.033003300330033,1818.0,606,303.0,121200,18180,389160.000,147923.1345875200000000000000,194173.5245010600000000000000,342096.6590885800000000000000,107971.2409114200000000000000,267960.000,839227.90,675,0.2803156146179402,0,50,2,1,1,"2,1",0.5555555555555556,0.2222222222222222,0.2222222222222222,117.8,0.0,42.6,0.5555555555555556,0.2222222222222222,0.2222222222222222,117.8,0.0,8.333333333333334,0,1,0,1,0,0,1,1,5,2,1,0,6,2,2,0,0,1,1,44106,0.0,7,116.8,5,1.0,5,117.8,5,23.0,2,5,8.333333333333334,6
1204,1205,9,0,9,0,2,0,5,2,5,2,2,5,5,10,0.24896265560165975,0.8862629246676514,0.03289473684210526,1824.0,608,304.0,121600,18240,389160.000,147923.1345875200000000000000,194173.5245010600000000000000,342096.6590885800000000000000,107971.2409114200000000000000,267560.000,839227.90,677,0.2809128630705394,0,50,2,1,1,"1,2",0.5555555555555556,0.2222222222222222,0.2222222222222222,117.8,0.0,42.6,0.5555555555555556,0.2222222222222222,0.2222222222222222,117.8,0.0,8.333333333333334,0,1,0,1,0,0,1,1,5,2,1,0,6,2,2,0,0,1,1,44106,0.0,7,116.8,5,1.0,5,117.8,5,23.0,2,5,8.333333333333334,6
1205,1206,9,0,9,0,2,0,5,2,5,2,2,5,5,10,0.24875621890547261,0.8836524300441826,0.03278688524590164,1830.0,610,305.0,122000,18300,389160.000,147923.1345875200000000000000,194173.5245010600000000000000,342096.6590885800000000000000,107971.2409114200000000000000,267160.000,839227.90,679,0.2815091210613599,0,50,2,1,1,"2,1",0.5555555555555556,0.2222222222222222,0.2222222222222222,117.8,0.0,42.6,0.5555555555555556,0.2222222222222222,0.2222222222222222,117.8,0.0,8.333333333333334,0,1,0,1,0,0,1,1,5,2,1,0,6,2,2,0,0,1,1,44106,0.0,7,116.8,5,1.0,5,117.8,5,23.0,2,5,8.333333333333334,6
1206,1207,9,0,9,0,2,0,5,2,5,2,2,5,5,10,0.24855012427506212,0.881057268722467,0.032679738562091505,1836.0,612,306.0,122400,18360,389160.000,147923.1345875200000000000000,194173.5245010600000000000000,342096.6590885800000000000000,107971.2409114200000000000000,266760.000,839227.90,681,0.28210439105219554,0,50,2,1,1,"2,1",0.5555555555555556,0.2222222222222222,0.2222222222222222,117.8,0.0,42.6,0.5555555555555556,0.2222222222222222,0.2222222222222222,117.8,0.0,8.333333333333334,0,1,0,1,0,0,1,1,5,2,1,0,6,2,2,0,0,1,1,44106,0.0,7,116.8,5,1.0,5,117.8,5,23.0,2,5,8.333333333333334,6
1207,1208,9,0,9,0,2,0,5,2,5,2,2,5,5,10,0.24834437086092717,0.8784773060029283,0.03257328990228013,1842.0,614,307.0,122800,18420,389160.000,147923.1345875200000000000000,194173.5245010600000000000000,342096.6590885800000000000000,107971.2409114200000000000000,266360.000,839227.90,683,0.28269867549668876,0,50,2,1,1,"1,2",0.5555555555555556,0.2222222222222222,0.2222222222222222,117.8,0.0,42.6,0.5555555555555556,0.2222222222222222,0.2222222222222222,117.8,0.0,8.333333333333334,0,1,0,1,0,0,0,2,5,2,0,1,6,2,2,0,0,1,1,44106,0.0,7,116.8,5,1.0,5,117.8,5,23.0,2,5,8.333333333333334,6
1208,1209,9,0,9,0,2,0,5,2,5,2,2,5,5,10,0.24813895781637718,0.8759124087591241,0.032467532467532464,1848.0,616,308.0,123200,18480,389160.000,147923.1345875200000000000000,194173.5245010600000000000000,342096.6590885800000000000000,107971.2409114200000000000000,265960.000,839227.90,685,0.28329197684036395,0,50,2,1,1,"2,1",0.5555555555555556,0.2222222222222222,0.2222222222222222,117.8,0.0,42.6,0.5555555555555556,0.2222222222222222,0.2222222222222222,117.8,0.0,8.333333333333334,0,1,0,1,0,0,0,2,5,2,0,1,6,2,2,0,0,1,1,44106,0.0,7,116.8,5,1.0,5,117.8,5,23.0,2,5,8.333333333333334,6
1209,1210,9,0,9,0,2,0,5,2,5,2,2,5,5,10,0.24793388429752064,0.8733624454148472,0.032362459546925564,1854.0,618,309.0,123600,18540,389160.000,147923.1345875200000000000000,194173.5245010600000000000000,342096.6590885800000000000000,107971.2409114200000000000000,265560.000,839227.90,687,0.28388429752066113,0,50,2,1,1,"1,2",0.5555555555555556,0.2222222222222222,0.2222222222222222,117.8,0.0,42.6,0.5555555555555556,0.2222222222222222,0.2222222222222222,117.8,0.0,8.333333333333334,0,1,0,1,0,0,0,2,5,2,0,1,6,2,2,0,0,1,1,44106,0.0,7,116.8,5,1.0,5,117.8,5,23.0,2,5,8.333333333333334,6
1210,1211,9,0,9,0,2,0,5,2,5,2,2,5,5,10,0.2477291494632535,0.8708272859216256,0.03225806451612903,1860.0,620,310.0,124000,18600,389160.000,147923.1345875200000000000000,194173.5245010600000000000000,342096.6590885800000000000000,107971.2409114200000000000000,265160.000,839227.90,689,0.28447563996696945,0,50,2,1,1,"2,1",0.5555555555555556,0.2222222222222222,0.2222222222222222,117.8,0.0,42.6,0.5555555555555556,0.2222222222222222,0.2222222222222222,117.8,0.0,8.333333333333334,0,1,0,0,1,0,0,2,5,2,0,1,6,2,2,0,0,1,1,44106,0.0,7,116.8,5,1.0,5,117.8,5,23.0,2,5,8.333333333333334,6
1211,1212,9,0,9,0,2,0,5,2,5,2,2,5,5,10,0.24752475247524752,0.8683068017366136,0.0322061191626409,1863.0,621,310.5,124200,18630,389160.000,147923.1345875200000000000000,194173.5245010600000000000000,342096.6590885800000000000000,107971.2409114200000000000000,264960.000,839227.90,691,0.28506600660066006,0,50,2,1,1,"1,2",0.5555555555555556,0.2222222222222222,0.2222222222222222,117.8,0.0,42.6,0.5555555555555556,0.2222222222222222,0.2222222222222222,117.8,0.0,8.333333333333334,0,0,1,0,0,1,0,1,6,2,0,1,6,2,1,0,0,1,1,44106,0.0,7,116.8,5,1.0,5,117.8,5,23.0,2,6,8.333333333333334,6
1212,1213,9,0,9,0,2,0,5,2,5,2,2,5,5,10,0.247320692497939,0.8658008658008658,0.03215434083601286,1866.0,622,311.0,124400,18660,389160.000,147923.1345875200000000000000,194173.5245010600000000000000,342096.6590885800000000000000,107971.2409114200000000000000,264760.000,839227.90,693,0.28565539983511956,0,50,2,1,1,"1,2",0.5555555555555556,0.2222222222222222,0.2222222222222222,117.8,0.0,42.6,0.5555555555555556,0.2222222222222222,0.2222222222222222,117.8,0.0,7.142857142857143,0,0,0,1,0,1,0,1,6,2,0,0,7,2,1,0,0,0,1,44106,0.0,7,116.8,5,1.0,5,117.8,5,23.0,2,6,7.142857142857143,7
1213,1214,9,0,9,0,2,0,5,2,5,2,2,5,5,10,0.2471169686985173,0.8633093525179856,0.03205128205128205,1872.0,624,312.0,124800,18720,389160.000,147923.1345875200000000000000,194173.5245010600000000000000,342096.6590885800000000000000,107971.2409114200000000000000,264360.000,839227.90,695,0.28624382207578253,0,50,2,1,1,"2,1",0.5555555555555556,0.2222222222222222,0.2222222222222222,117.8,0.0,42.6,0.5555555555555556,0.2222222222222222,0.2222222222222222,117.8,0.0,7.142857142857143,0,0,0,1,0,1,0,1,6,2,0,0,7,2,1,0,0,0,1,44106,0.0,7,116.8,5,1.0,5,117.8,5,23.0,2,6,7.142857142857143,7
1214,1215,9,0,9,0,2,0,5,2,5,2,2,5,5,10,0.24691358024691357,0.860832137733142,0.03194888178913738,1878.0,626,313.0,125200,18780,389160.000,147923.1345875200000000000000,194173.5245010600000000000000,342096.6590885800000000000000,107971.2409114200000000000000,263960.000,839227.90,697,0.2868312757201646,0,50,2,1,1,"2,1",0.5555555555555556,0.2222222222222222,0.2222222222222222,117.8,0.0,42.6,0.5555555555555556,0.2222222222222222,0.2222222222222222,117.8,0.0,7.142857142857143,0,0,0,1,0,1,0,1,6,2,0,0,7,2,1,0,0,0,1,44106,0.0,7,116.8,5,1.0,5,117.8,5,23.0,2,6,7.142857142857143,7
1215,1216,9,0,9,0,2,0,5,2,5,2,2,5,5,10,0.2467105263157895,0.8583690987124464,0.03184713375796178,1884.0,628,314.0,125600,18840,389160.000,147923.1345875200000000000000,194173.5245010600000000000000,342096.6590885800000000000000,107971.2409114200000000000000,263560.000,839227.90,699,0.28741776315789475,0,50,2,1,1,"2,1",0.5555555555555556,0.2222222222222222,0.2222222222222222,117.8,0.0,42.6,0.5555555555555556,0.2222222222222222,0.2222222222222222,117.8,0.0,7.142857142857143,0,0,0,1,0,1,0,1,6,2,0,0,7,2,1,0,0,0,1,44106,0.0,7,116.8,5,1.0,5,117.8,5,23.0,2,6,7.142857142857143,7
1216,1217,9,0,9,0,2,0,5,2,5,2,2,5,5,10,0.24650780608052586,0.8559201141226819,0.031746031746031744,1890.0,630,315.0,126000,18900,389160.000,147923.1345875200000000000000,194173.5245010600000000000000,342096.6590885800000000000000,107971.2409114200000000000000,263160.000,839227.90,701,0.2880032867707477,0,50,2,1,1,"2,1",0.5555555555555556,0.2222222222222222,0.2222222222222222,117.8,0.0,42.6,0.5555555555555556,0.2222222222222222,0.2222222222222222,117.8,0.0,7.142857142857143,0,0,0,1,0,1,0,1,6,2,0,0,7,2,1,0,0,0,1,44106,0.0,7,116.8,5,1.0,5,117.8,5,23.0,2,6,7.142857142857143,7
1217,1218,9,0,9,0,2,0,5,2,5,2,2,5,5,10,0.24630541871921183,0.8534850640113798,0.03164556962025317,1896.0,632,316.0,126400,18960,389160.000,147923.1345875200000000000000,194173.5245010600000000000000,342096.6590885800000000000000,107971.2409114200000000000000,262760.000,839227.90,703,0.2885878489326765,0,50,2,1,1,"2,1",0.5555555555555556,0.2222222222222222,0.2222222222222222,117.8,0.0,42.6,0.5555555555555556,0.2222222222222222,0.2222222222222222,117.8,0.0,7.142857142857143,0,0,0,1,0,1,0,1,6,2,0,0,7,2,1,0,0,0,1,44106,0.0,7,116.8,5,1.0,5,117.8,5,23.0,2,6,7.142857142857143,7
1218,1219,10,0,10,1,2,0,5,2,5,3,3,5,5,10,0.2461033634126333,0.851063829787234,0.031545741324921134,1902.0,634,317.0,126800,19020,389160.000,147923.1345875200000000000000,194173.5245010600000000000000,342096.6590885800000000000000,107971.2409114200000000000000,262360.000,839227.90,705,0.2891714520098441,0,50,2,1,1,"1,2",0.5,0.2,0.3,117.8,0.0,42.6,0.5,0.2,0.3,117.8,0.0,7.142857142857143,0,0,0,1,0,1,1,1,6,2,1,0,7,2,2,0,0,1,1,44106,0.0,7,116.8,5,1.0,5,117.8,5,23.0,2,6,7.142857142857143,7
1219,1220,10,0,10,1,2,0,5,2,5,3,3,5,5,10,0.24590163934426232,0.8486562942008486,0.031446540880503145,1908.0,636,318.0,127200,19080,389160.000,147923.1345875200000000000000,194173.5245010600000000000000,342096.6590885800000000000000,107971.2409114200000000000000,261960.000,839227.90,707,0.28975409836065574,0,50,2,1,1,"1,2",0.5,0.2,0.3,117.8,0.0,42.6,0.5,0.2,0.3,117.8,0.0,7.142857142857143,0,0,0,1,0,1,1,1,6,2,1,0,7,2,2,0,0,1,1,44106,0.0,7,116.8,5,1.0,5,117.8,5,23.0,2,6,7.142857142857143,7
1220,1221,10,0,10,1,2,0,5,2,5,3,3,5,5,10,0.24570024570024568,0.846262341325811,0.03134796238244514,1914.0,638,319.0,127600,19140,389160.000,147923.1345875200000000000000,194173.5245010600000000000000,342096.6590885800000000000000,107971.2409114200000000000000,261560.000,839227.90,709,0.2903357903357903,0,50,2,1,1,"1,2",0.5,0.2,0.3,117.8,0.0,42.6,0.5,0.2,0.3,117.8,0.0,7.142857142857143,0,0,0,1,0,1,1,1,6,2,1,0,7,2,2,0,0,1,1,44106,0.0,7,116.8,5,1.0,5,117.8,5,23.0,2,6,7.142857142857143,7
1221,1222,10,0,10,1,2,0,5,2,5,3,3,5,5,10,0.24549918166939444,0.8438818565400844,0.03125,1920.0,640,320.0,128000,19200,389160.000,147923.1345875200000000000000,194173.5245010600000000000000,342096.6590885800000000000000,107971.2409114200000000000000,261160.000,839227.90,711,0.2909165302782324,0,50,2,1,1,"2,1",0.5,0.2,0.3,117.8,0.0,42.6,0.5,0.2,0.3,117.8,0.0,7.142857142857143,0,0,0,1,0,1,1,1,6,2,1,0,7,2,2,0,0,1,1,44106,0.0,7,116.8,5,1.0,5,117.8,5,23.0,2,6,7.142857142857143,7
1222,1223,10,0,10,1,2,0,5,2,5,3,3,5,5,10,0.24529844644317253,0.841514726507714,0.03115264797507788,1926.0,642,321.0,128400,19260,389160.000,147923.1345875200000000000000,194173.5245010600000000000000,342096.6590885800000000000000,107971.2409114200000000000000,260760.000,839227.90,713,0.2914963205233034,0,50,2,1,1,"2,1",0.5,0.2,0.3,117.8,0.0,42.6,0.5,0.2,0.3,117.8,0.0,7.142857142857143,0,0,0,1,0,1,1,1,6,2,1,0,7,2,2,0,0,1,1,44106,0.0,7,116.8,5,1.0,5,117.8,5,23.0,2,6,7.142857142857143,7
1223,1224,10,0,10,1,2,0,5,2,5,3,3,5,5,10,0.2450980392156863,0.8391608391608392,0.031055900621118012,1932.0,644,322.0,128800,19320,389160.000,147923.1345875200000000000000,194173.5245010600000000000000,342096.6590885800000000000000,107971.2409114200000000000000,260360.000,839227.90,715,0.2920751633986928,0,50,2,1,1,"1,2",0.5,0.2,0.3,117.8,0.0,42.6,0.5,0.2,0.3,117.8,0.0,7.142857142857143,0,0,0,1,0,1,1,1,6,2,1,0,7,2,2,0,0,1,1,44106,0.0,7,116.8,5,1.0,5,117.8,5,23.0,2,6,7.142857142857143,7
1224,1225,10,0,10,1,2,0,5,2,5,3,3,5,5,10,0.24489795918367346,0.8368200836820084,0.030959752321981424,1938.0,646,323.0,129200,19380,389160.000,147923.1345875200000000000000,194173.5245010600000000000000,342096.6590885800000000000000,107971.2409114200000000000000,259960.000,839227.90,717,0.2926530612244898,0,50,2,1,1,"2,1",0.5,0.2,0.3,117.8,0.0,42.6,0.5,0.2,0.3,117.8,0.0,7.142857142857143,0,0,0,1,0,1,1,1,6,2,1,0,7,2,2,0,0,1,1,44106,0.0,7,116.8,5,1.0,5,117.8,5,23.0,2,6,7.142857142857143,7
1225,1226,10,0,10,1,2,0,5,2,5,3,3,5,5,10,0.24469820554649266,0.8344923504867873,0.030864197530864196,1944.0,648,324.0,129600,19440,389160.000,147923.1345875200000000000000,194173.5245010600000000000000,342096.6590885800000000000000,107971.2409114200000000000000,259560.000,839227.90,719,0.2932300163132137,0,50,2,1,1,"2,1",0.5,0.2,0.3,117.8,0.0,42.6,0.5,0.2,0.3,117.8,0.0,7.142857142857143,0,0,0,1,0,1,1,1,6,2,1,0,7,2,2,0,0,1,1,44106,0.0,7,116.8,5,1.0,5,117.8,5,23.0,2,6,7.142857142857143,7
1226,1227,10,0,10,1,2,0,5,2,5,3,3,5,5,10,0.24449877750611249,0.8321775312066574,0.03076923076923077,1950.0,650,325.0,130000,19500,389160.000,147923.1345875200000000000000,194173.5245010600000000000000,342096.6590885800000000000000,107971.2409114200000000000000,259160.000,839227.90,721,0.29380603096984514,0,50,2,1,1,"2,1",0.5,0.2,0.3,117.8,0.0,42.6,0.5,0.2,0.3,117.8,0.0,7.142857142857143,0,0,0,1,0,1,1,1,6,2,1,0,7,2,2,0,0,1,1,44106,0.0,7,116.8,5,1.0,5,117.8,5,23.0,2,6,7.142857142857143,7
1227,1228,10,0,10,1,2,0,5,2,5,3,3,5,5,10,0.244299674267101,0.8298755186721991,0.03067484662576687,1956.0,652,326.0,130400,19560,389160.000,147923.1345875200000000000000,194173.5245010600000000000000,342096.6590885800000000000000,107971.2409114200000000000000,258760.000,839227.90,723,0.2943811074918567,0,50,2,1,1,"2,1",0.5,0.2,0.3,117.8,0.0,42.6,0.5,0.2,0.3,117.8,0.0,7.142857142857143,0,0,0,1,0,1,1,1,6,2,1,0,7,2,2,0,0,1,1,44106,0.0,7,116.8,5,1.0,5,117.8,5,23.0,2,6,7.142857142857143,7
1228,1229,10,0,10,1,2,0,5,2,5,3,3,5,5,10,0.2441008950366151,0.8275862068965517,0.03058103975535168,1962.0,654,327.0,130800,19620,389160.000,147923.1345875200000000000000,194173.5245010600000000000000,342096.6590885800000000000000,107971.2409114200000000000000,258360.000,839227.90,725,0.2949552481692433,0,50,2,1,1,"2,1",0.5,0.2,0.3,117.8,0.0,42.6,0.5,0.2,0.3,117.8,0.0,7.142857142857143,0,0,0,1,0,1,0,2,6,2,1,0,7,2,2,0,0,1,1,44106,0.0,7,116.8,5,1.0,5,117.8,5,23.0,2,6,7.142857142857143,7
1229,1230,10,0,10,1,2,0,5,2,5,3,3,5,5,10,0.24390243902439024,0.8253094910591472,0.03048780487804878,1968.0,656,328.0,131200,19680,389160.000,147923.1345875200000000000000,194173.5245010600000000000000,342096.6590885800000000000000,107971.2409114200000000000000,257960.000,839227.90,727,0.29552845528455285,0,50,2,1,1,"1,2",0.5,0.2,0.3,117.8,0.0,42.6,0.5,0.2,0.3,117.8,0.0,7.142857142857143,0,0,0,1,0,1,0,2,6,2,1,0,7,2,2,0,0,1,1,44106,0.0,7,116.8,5,1.0,5,117.8,5,23.0,2,6,7.142857142857143,7
1230,1231,10,0,10,1,2,0,5,2,5,3,3,5,5,10,0.2437043054427295,0.823045267489712,0.030395136778115502,1974.0,658,329.0,131600,19740,389160.000,147923.1345875200000000000000,194173.5245010600000000000000,342096.6590885800000000000000,107971.2409114200000000000000,257560.000,839227.90,729,0.29610073111291635,0,50,2,1,1,"2,1",0.5,0.2,0.3,117.8,0.0,42.6,0.5,0.2,0.3,117.8,0.0,7.142857142857143,0,0,0,1,0,1,0,2,6,2,1,0,7,2,2,0,0,1,1,44106,0.0,7,116.8,5,1.0,5,117.8,5,23.0,2,6,7.142857142857143,7
1231,1232,10,0,10,1,2,0,5,2,5,3,3,5,5,10,0.24350649350649348,0.8207934336525308,0.030303030303030304,1980.0,660,330.0,132000,19800,389160.000,147923.1345875200000000000000,194173.5245010600000000000000,342096.6590885800000000000000,107971.2409114200000000000000,257160.000,839227.90,731,0.29667207792207795,0,50,2,1,1,"2,1",0.5,0.2,0.3,117.8,0.0,42.6,0.5,0.2,0.3,117.8,0.0,7.142857142857143,0,0,0,1,0,1,0,2,6,2,0,1,7,2,2,0,0,1,1,44106,0.0,7,116.8,5,1.0,5,117.8,5,23.0,2,6,7.142857142857143,7
1232,1233,10,0,10,1,2,0,5,2,5,3,3,5,5,10,0.24330900243309,0.8185538881309686,0.030211480362537766,1986.0,662,331.0,132400,19860,389160.000,147923.1345875200000000000000,194173.5245010600000000000000,342096.6590885800000000000000,107971.2409114200000000000000,256760.000,839227.90,733,0.29724249797242497,0,50,2,1,1,"2,1",0.5,0.2,0.3,117.8,0.0,42.6,0.5,0.2,0.3,117.8,0.0,7.142857142857143,0,0,0,1,0,1,0,2,6,2,0,1,7,2,2,0,0,1,1,44106,0.0,7,116.8,5,1.0,5,117.8,5,23.0,2,6,7.142857142857143,7
1233,1234,10,0,10,1,2,0,5,2,5,3,3,5,5,10,0.24311183144246354,0.8163265306122449,0.030120481927710843,1992.0,664,332.0,132800,19920,389160.000,147923.1345875200000000000000,194173.5245010600000000000000,342096.6590885800000000000000,107971.2409114200000000000000,256360.000,839227.90,735,0.2978119935170178,0,50,2,1,1,"2,1",0.5,0.2,0.3,117.8,0.0,42.6,0.5,0.2,0.3,117.8,0.0,7.142857142857143,0,0,0,1,0,1,0,2,6,2,0,1,7,2,2,0,0,1,1,44106,0.0,7,116.8,5,1.0,5,117.8,5,23.0,2,6,7.142857142857143,7
1234,1235,10,0,10,1,2,0,5,2,5,3,3,5,5,10,0.24291497975708504,0.8141112618724559,0.03003003003003003,1998.0,666,333.0,133200,19980,389160.000,147923.1345875200000000000000,194173.5245010600000000000000,342096.6590885800000000000000,107971.2409114200000000000000,255960.000,839227.90,737,0.29838056680161945,0,50,2,1,1,"1,2",0.5,0.2,0.3,117.8,0.0,42.6,0.5,0.2,0.3,117.8,0.0,7.142857142857143,0,0,0,1,0,1,0,2,6,2,0,1,7,2,2,0,0,1,1,44106,0.0,7,116.8,5,1.0,5,117.8,5,23.0,2,6,7.142857142857143,7
1235,1236,10,0,10,1,2,0,5,2,5,3,3,5,5,10,0.24271844660194172,0.8119079837618404,0.029940119760479042,2004.0,668,334.0,133600,20040,389160.000,147923.1345875200000000000000,194173.5245010600000000000000,342096.6590885800000000000000,107971.2409114200000000000000,255560.000,839227.90,739,0.29894822006472493,0,50,2,1,1,"1,2",0.5,0.2,0.3,117.8,0.0,42.6,0.5,0.2,0.3,117.8,0.0,7.142857142857143,0,0,0,1,0,1,0,2,6,2,0,1,7,2,2,0,0,1,1,44106,0.0,7,116.8,5,1.0,5,117.8,5,23.0,2,6,7.142857142857143,7
1236,1237,10,0,10,1,2,0,5,2,5,3,3,5,5,10,0.24252223120452707,0.8097165991902834,0.029850746268656716,2010.0,670,335.0,134000,20100,389160.000,147923.1345875200000000000000,194173.5245010600000000000000,342096.6590885800000000000000,107971.2409114200000000000000,255160.000,839227.90,741,0.29951495553759094,0,50,2,1,1,"2,1",0.5,0.2,0.3,117.8,0.0,42.6,0.5,0.2,0.3,117.8,0.0,7.142857142857143,0,0,0,1,0,1,0,2,6,2,0,1,7,2,2,0,0,1,1,44106,0.0,7,116.8,5,1.0,5,117.8,5,23.0,2,6,7.142857142857143,7
1237,1238,10,0,10,1,2,0,5,2,5,3,3,5,5,10,0.24232633279483037,0.8075370121130552,0.02976190476190476,2016.0,672,336.0,134400,20160,389160.000,147923.1345875200000000000000,194173.5245010600000000000000,342096.6590885800000000000000,107971.2409114200000000000000,254760.000,839227.90,743,0.3000807754442649,0,50,2,1,1,"1,2",0.5,0.2,0.3,117.8,0.0,42.6,0.5,0.2,0.3,117.8,0.0,7.142857142857143,0,0,0,1,0,1,0,2,6,2,0,1,7,2,2,0,0,1,1,44106,0.0,7,116.8,5,1.0,5,117.8,5,23.0,2,6,7.142857142857143,7
1238,1239,10,0,10,1,2,0,5,2,5,3,3,5,5,10,0.2421307506053269,0.8053691275167786,0.02967359050445104,2022.0,674,337.0,134800,20220,389160.000,147923.1345875200000000000000,194173.5245010600000000000000,342096.6590885800000000000000,107971.2409114200000000000000,254360.000,839227.90,745,0.3006456820016142,0,50,2,1,1,"2,1",0.5,0.2,0.3,117.8,0.0,42.6,0.5,0.2,0.3,117.8,0.0,7.142857142857143,0,0,0,1,0,1,0,2,6,2,0,1,7,2,2,0,0,1,1,44106,0.0,7,116.8,5,1.0,5,117.8,5,23.0,2,6,7.142857142857143,7
1239,1240,10,0,10,1,1,1,5,2,6,3,3,5,5,10,0.24193548387096772,0.8032128514056225,0.029585798816568046,2028.0,676,338.0,135200,20280,389160.000,147923.1345875200000000000000,194173.5245010600000000000000,342096.6590885800000000000000,107971.2409114200000000000000,253960.000,839227.90,747,0.30120967741935484,0,50,2,1,1,"2,1",0.5,0.2,0.3,117.8,0.0,42.6,0.5,0.2,0.3,117.8,0.0,7.142857142857143,1,0,0,1,0,0,0,2,6,2,0,1,7,2,2,0,0,1,1,44106,0.0,7,115.5,6,1.0,5,117.8,5,23.0,2,6,7.142857142857143,7
1240,1241,10,0,10,0,2,0,6,2,6,2,2,6,6,12,0.290088638195004,0.9612817089452604,0.03545051698670606,1692.5,677,338.5,135400,20310,440910.000,183085.7988349800000000000000,194173.5245010600000000000000,377259.3233360400000000000000,120090.8766639600000000000000,305510.000,938260.20,749,0.30177276390008057,0,50,2,1,1,"2,1",0.6,0.2,0.2,116.5,0.0,40.166666666666664,0.6,0.2,0.2,116.5,0.0,7.142857142857143,0,1,0,1,0,0,0,2,6,2,0,1,7,2,2,0,0,1,1,44106,2.75,8,115.5,6,1.0,6,116.5,6,23.0,2,6,7.142857142857143,7
1241,1242,10,0,10,0,2,0,6,2,6,2,2,6,6,12,0.2898550724637681,0.9587217043941411,0.035346097201767304,1697.5,679,339.5,135800,20370,440910.000,183085.7988349800000000000000,194173.5245010600000000000000,377259.3233360400000000000000,120090.8766639600000000000000,305110.000,938260.20,751,0.3023349436392915,0,50,2,1,1,"2,1",0.6,0.2,0.2,116.5,0.0,40.166666666666664,0.6,0.2,0.2,116.5,0.0,7.142857142857143,0,1,0,1,0,0,0,2,6,2,0,1,7,2,2,0,0,1,1,44106,2.75,8,115.5,6,1.0,6,116.5,6,23.0,2,6,7.142857142857143,7
1242,1243,10,0,10,0,2,0,6,2,6,2,2,6,6,12,0.28962188254223653,0.9561752988047808,0.03524229074889868,1702.5,681,340.5,136200,20430,440910.000,183085.7988349800000000000000,194173.5245010600000000000000,377259.3233360400000000000000,120090.8766639600000000000000,304710.000,938260.20,753,0.3028962188254224,0,50,2,1,1,"1,2",0.6,0.2,0.2,116.5,0.0,40.166666666666664,0.6,0.2,0.2,116.5,0.0,7.142857142857143,0,1,0,1,0,0,0,2,6,2,0,1,7,2,2,0,0,1,1,44106,2.75,8,115.5,6,1.0,6,116.5,6,23.0,2,6,7.142857142857143,7
1243,1244,10,0,10,0,2,0,6,2,6,2,2,6,6,12,0.28938906752411575,0.9536423841059603,0.03513909224011713,1707.5,683,341.5,136600,20490,440910.000,183085.7988349800000000000000,194173.5245010600000000000000,377259.3233360400000000000000,120090.8766639600000000000000,304310.000,938260.20,755,0.3034565916398714,0,50,2,1,1,"1,2",0.6,0.2,0.2,116.5,0.0,40.166666666666664,0.6,0.2,0.2,116.5,0.0,7.142857142857143,0,0,1,1,0,0,0,2,6,2,0,1,7,2,2,0,0,1,1,44106,2.75,8,115.5,6,1.0,6,116.5,6,23.0,2,6,7.142857142857143,7
1244,1245,10,0,10,0,2,0,6,2,6,2,2,6,6,12,0.2891566265060241,0.9511228533685601,0.03508771929824561,1710.0,684,342.0,136800,20520,440910.000,183085.7988349800000000000000,194173.5245010600000000000000,377259.3233360400000000000000,120090.8766639600000000000000,304110.000,938260.20,757,0.3040160642570281,0,50,2,1,1,"2,1",0.6,0.2,0.2,116.5,0.0,40.166666666666664,0.6,0.2,0.2,116.5,0.0,6.25,0,0,0,2,0,0,0,2,6,2,0,0,8,2,2,0,0,0,1,44106,2.75,8,115.5,6,1.0,6,116.5,6,23.0,2,6,6.25,8
1245,1246,10,0,10,0,2,0,6,2,6,2,2,6,6,12,0.28892455858747995,0.9486166007905138,0.03498542274052478,1715.0,686,343.0,137200,20580,440910.000,183085.7988349800000000000000,194173.5245010600000000000000,377259.3233360400000000000000,120090.8766639600000000000000,303710.000,938260.20,759,0.30457463884430175,0,50,2,1,1,"1,2",0.6,0.2,0.2,116.5,0.0,40.166666666666664,0.6,0.2,0.2,116.5,0.0,6.25,0,0,0,2,0,0,0,2,6,2,0,0,8,2,2,0,0,0,1,44106,2.75,8,115.5,6,1.0,6,116.5,6,23.0,2,6,6.25,8
1246,1247,10,0,10,0,2,0,6,2,6,2,2,6,6,12,0.28869286287089013,0.9461235216819973,0.03488372093023256,1720.0,688,344.0,137600,20640,440910.000,183085.7988349800000000000000,194173.5245010600000000000000,377259.3233360400000000000000,120090.8766639600000000000000,303310.000,938260.20,761,0.30513231756214915,0,50,2,1,1,"2,1",0.6,0.2,0.2,116.5,0.0,40.166666666666664,0.6,0.2,0.2,116.5,0.0,6.25,0,0,0,1,1,0,0,2,6,2,0,0,8,2,2,0,0,0,1,44106,2.75,8,115.5,6,1.0,6,116.5,6,23.0,2,6,6.25,8
1247,1248,10,0,10,0,2,0,6,2,6,2,2,6,6,12,0.28846153846153844,0.9436435124508519,0.03483309143686502,1722.5,689,344.5,137800,20670,440910.000,183085.7988349800000000000000,194173.5245010600000000000000,377259.3233360400000000000000,120090.8766639600000000000000,303110.000,938260.20,763,0.3056891025641026,0,50,2,1,1,"2,1",0.6,0.2,0.2,116.5,0.0,40.166666666666664,0.6,0.2,0.2,116.5,0.0,6.25,0,0,0,1,0,1,0,1,7,2,0,0,8,2,1,0,0,0,1,44106,2.75,8,115.5,6,1.0,6,116.5,6,23.0,2,7,6.25,8
1248,1249,10,0,10,0,2,0,6,2,6,2,2,6,6,12,0.28823058446757405,0.9411764705882353,0.03473227206946455,1727.5,691,345.5,138200,20730,440910.000,183085.7988349800000000000000,194173.5245010600000000000000,377259.3233360400000000000000,120090.8766639600000000000000,302710.000,938260.20,765,0.30624499599679744,0,50,2,1,1,"1,2",0.6,0.2,0.2,116.5,0.0,40.166666666666664,0.6,0.2,0.2,116.5,0.0,6.25,0,0,0,1,0,1,0,1,7,2,0,0,8,2,1,0,0,0,1,44106,2.75,8,115.5,6,1.0,6,116.5,6,23.0,2,7,6.25,8
1249,1250,10,0,10,0,2,0,6,2,6,2,2,6,6,12,0.28800000000000003,0.9387222946544981,0.03463203463203463,1732.5,693,346.5,138600,20790,440910.000,183085.7988349800000000000000,194173.5245010600000000000000,377259.3233360400000000000000,120090.8766639600000000000000,302310.000,938260.20,767,0.3068,0,50,2,1,1,"2,1",0.6,0.2,0.2,116.5,0.0,40.166666666666664,0.6,0.2,0.2,116.5,0.0,6.25,0,0,0,1,0,1,0,1,7,2,0,0,8,2,1,0,0,0,1,44106,2.75,8,115.5,6,1.0,6,116.5,6,23.0,2,7,6.25,8
1250,1251,10,0,10,0,2,0,6,2,6,2,2,6,6,12,0.28776978417266186,0.9362808842652796,0.034532374100719423,1737.5,695,347.5,139000,20850,440910.000,183085.7988349800000000000000,194173.5245010600000000000000,377259.3233360400000000000000,120090.8766639600000000000000,301910.000,938260.20,769,0.3073541167066347,0,50,2,1,1,"2,1",0.6,0.2,0.2,116.5,0.0,40.166666666666664,0.6,0.2,0.2,116.5,0.0,6.25,0,0,0,1,0,1,0,1,7,2,0,0,8,2,1,0,0,0,1,44106,2.75,8,115.5,6,1.0,6,116.5,6,23.0,2,7,6.25,8
1251,1252,10,0,10,0,2,0,6,2,6,2,2,6,6,12,0.28753993610223644,0.933852140077821,0.03443328550932568,1742.5,697,348.5,139400,20910,440910.000,183085.7988349800000000000000,194173.5245010600000000000000,377259.3233360400000000000000,120090.8766639600000000000000,301510.000,938260.20,771,0.3079073482428115,0,50,2,1,1,"1,2",0.6,0.2,0.2,116.5,0.0,40.166666666666664,0.6,0.2,0.2,116.5,0.0,6.25,0,0,0,1,0,1,0,1,7,2,0,0,8,2,1,0,0,0,1,44106,2.75,8,115.5,6,1.0,6,116.5,6,23.0,2,7,6.25,8
1252,1253,10,0,10,0,2,0,6,2,6,2,2,6,6,12,0.28731045490822027,0.9314359637774904,0.034334763948497854,1747.5,699,349.5,139800,20970,440910.000,183085.7988349800000000000000,194173.5245010600000000000000,377259.3233360400000000000000,120090.8766639600000000000000,301110.000,938260.20,773,0.30845969672785317,0,50,2,1,1,"1,2",0.6,0.2,0.2,116.5,0.0,40.166666666666664,0.6,0.2,0.2,116.5,0.0,6.25,0,0,0,1,0,1,0,1,7,2,0,0,8,2,1,0,0,0,1,44106,2.75,8,115.5,6,1.0,6,116.5,6,23.0,2,7,6.25,8
1253,1254,10,0,10,0,2,0,6,2,6,2,2,6,6,12,0.28708133971291866,0.9290322580645162,0.034236804564907276,1752.5,701,350.5,140200,21030,440910.000,183085.7988349800000000000000,194173.5245010600000000000000,377259.3233360400000000000000,120090.8766639600000000000000,300710.000,938260.20,775,0.3090111642743222,0,50,2,1,1,"1,2",0.6,0.2,0.2,116.5,0.0,40.166666666666664,0.6,0.2,0.2,116.5,0.0,6.25,0,0,0,1,0,1,0,1,7,2,0,0,8,2,1,0,0,0,1,44106,2.75,8,115.5,6,1.0,6,116.5,6,23.0,2,7,6.25,8
1254,1255,10,0,10,0,2,0,6,2,6,2,2,6,6,12,0.28685258964143423,0.9266409266409267,0.034139402560455195,1757.5,703,351.5,140600,21090,440910.000,183085.7988349800000000000000,194173.5245010600000000000000,377259.3233360400000000000000,120090.8766639600000000000000,300310.000,938260.20,777,0.30956175298804783,0,50,2,1,1,"1,2",0.6,0.2,0.2,116.5,0.0,40.166666666666664,0.6,0.2,0.2,116.5,0.0,6.25,0,0,0,1,0,1,0,1,7,2,0,0,8,2,1,0,0,0,1,44106,2.75,8,115.5,6,1.0,6,116.5,6,23.0,2,7,6.25,8
1255,1256,10,0,10,0,2,0,6,2,6,2,2,6,6,12,0.28662420382165604,0.9242618741976895,0.03404255319148936,1762.5,705,352.5,141000,21150,440910.000,183085.7988349800000000000000,194173.5245010600000000000000,377259.3233360400000000000000,120090.8766639600000000000000,299910.000,938260.20,779,0.31011146496815284,0,50,2,1,1,"2,1",0.6,0.2,0.2,116.5,0.0,40.166666666666664,0.6,0.2,0.2,116.5,0.0,6.25,0,0,0,1,0,1,0,1,7,2,0,0,8,2,1,0,0,0,1,44106,2.75,8,115.5,6,1.0,6,116.5,6,23.0,2,7,6.25,8
1256,1257,10,0,10,0,2,0,6,2,6,2,2,6,6,12,0.2863961813842482,0.9218950064020486,0.033946251768033946,1767.5,707,353.5,141400,21210,440910.000,183085.7988349800000000000000,194173.5245010600000000000000,377259.3233360400000000000000,120090.8766639600000000000000,299510.000,938260.20,781,0.31066030230708036,0,50,2,1,1,"2,1",0.6,0.2,0.2,116.5,0.0,40.166666666666664,0.6,0.2,0.2,116.5,0.0,6.25,0,0,0,1,0,1,0,1,7,2,0,0,8,2,1,0,0,0,1,44106,2.75,8,115.5,6,1.0,6,116.5,6,23.0,2,7,6.25,8
1257,1258,10,0,10,0,2,0,6,2,6,2,2,6,6,12,0.28616852146263916,0.9195402298850575,0.03385049365303244,1772.5,709,354.5,141800,21270,440910.000,183085.7988349800000000000000,194173.5245010600000000000000,377259.3233360400000000000000,120090.8766639600000000000000,299110.000,938260.20,783,0.31120826709062005,0,50,2,1,1,"2,1",0.6,0.2,0.2,116.5,0.0,40.166666666666664,0.6,0.2,0.2,116.5,0.0,6.25,0,0,0,1,0,1,0,1,7,2,0,0,8,2,1,0,0,0,1,44106,2.75,8,115.5,6,1.0,6,116.5,6,23.0,2,7,6.25,8
1258,1259,10,0,10,0,2,0,6,2,6,2,2,6,6,12,0.2859412231930103,0.9171974522292993,0.03375527426160337,1777.5,711,355.5,142200,21330,440910.000,183085.7988349800000000000000,194173.5245010600000000000000,377259.3233360400000000000000,120090.8766639600000000000000,298710.000,938260.20,785,0.31175536139793486,0,50,2,1,1,"2,1",0.6,0.2,0.2,116.5,0.0,40.166666666666664,0.6,0.2,0.2,116.5,0.0,6.25,0,0,0,1,0,1,0,1,7,2,0,0,8,2,1,0,0,0,1,44106,2.75,8,115.5,6,1.0,6,116.5,6,23.0,2,7,6.25,8
1259,1260,10,0,10,0,2,0,6,2,6,2,2,6,6,12,0.2857142857142857,0.9148665819567979,0.033660589060308554,1782.5,713,356.5,142600,21390,440910.000,183085.7988349800000000000000,194173.5245010600000000000000,377259.3233360400000000000000,120090.8766639600000000000000,298310.000,938260.20,787,0.3123015873015873,0,50,2,1,1,"2,1",0.6,0.2,0.2,116.5,0.0,40.166666666666664,0.6,0.2,0.2,116.5,0.0,6.25,0,0,0,1,0,1,0,1,7,2,0,0,8,2,1,0,0,0,1,44106,2.75,8,115.5,6,1.0,6,116.5,6,23.0,2,7,6.25,8
1260,1261,10,0,10,0,2,0,6,2,6,2,2,6,6,12,0.2854877081681206,0.9125475285171103,0.033566433566433566,1787.5,715,357.5,143000,21450,440910.000,183085.7988349800000000000000,194173.5245010600000000000000,377259.3233360400000000000000,120090.8766639600000000000000,297910.000,938260.20,789,0.3128469468675654,0,50,2,1,1,"1,2",0.6,0.2,0.2,116.5,0.0,40.166666666666664,0.6,0.2,0.2,116.5,0.0,6.25,0,0,0,1,0,1,0,1,7,2,0,0,8,2,1,0,0,0,1,44106,2.75,8,115.5,6,1.0,6,116.5,6,23.0,2,7,6.25,8
1261,1262,10,0,10,0,2,0,6,2,6,2,2,6,6,12,0.28526148969889065,0.9102402022756005,0.03347280334728033,1792.5,717,358.5,143400,21510,440910.000,183085.7988349800000000000000,194173.5245010600000000000000,377259.3233360400000000000000,120090.8766639600000000000000,297510.000,938260.20,791,0.313391442155309,0,50,2,1,1,"1,2",0.6,0.2,0.2,116.5,0.0,40.166666666666664,0.6,0.2,0.2,116.5,0.0,6.25,0,0,0,1,0,1,0,1,7,2,0,0,8,2,1,0,0,0,1,44106,2.75,8,115.5,6,1.0,6,116.5,6,23.0,2,7,6.25,8
1262,1263,10,0,10,0,2,0,6,2,6,2,2,6,6,12,0.2850356294536817,0.9079445145018915,0.03337969401947149,1797.5,719,359.5,143800,21570,440910.000,183085.7988349800000000000000,194173.5245010600000000000000,377259.3233360400000000000000,120090.8766639600000000000000,297110.000,938260.20,793,0.31393507521773556,0,50,2,1,1,"2,1",0.6,0.2,0.2,116.5,0.0,40.166666666666664,0.6,0.2,0.2,116.5,0.0,6.25,0,0,0,1,0,1,0,1,7,2,0,0,8,2,1,0,0,0,1,44106,2.75,8,115.5,6,1.0,6,116.5,6,23.0,2,7,6.25,8
1263,1264,10,0,10,0,2,0,6,2,6,2,2,6,6,12,0.2848101265822785,0.9056603773584906,0.033287101248266296,1802.5,721,360.5,144200,21630,440910.000,183085.7988349800000000000000,194173.5245010600000000000000,377259.3233360400000000000000,120090.8766639600000000000000,296710.000,938260.20,795,0.31447784810126583,0,50,2,1,1,"2,1",0.6,0.2,0.2,116.5,0.0,40.166666666666664,0.6,0.2,0.2,116.5,0.0,6.25,0,0,0,1,0,1,0,1,7,2,0,0,8,2,1,0,0,0,1,44106,2.75,8,115.5,6,1.0,6,116.5,6,23.0,2,7,6.25,8
1264,1265,10,0,10,0,2,0,6,2,6,2,2,6,6,12,0.2845849802371542,0.903387703889586,0.03319502074688797,1807.5,723,361.5,144600,21690,440910.000,183085.7988349800000000000000,194173.5245010600000000000000,377259.3233360400000000000000,120090.8766639600000000000000,296310.000,938260.20,797,0.3150197628458498,0,50,2,1,1,"2,1",0.6,0.2,0.2,116.5,0.0,40.166666666666664,0.6,0.2,0.2,116.5,0.0,6.25,0,0,0,1,0,1,0,1,7,2,0,0,8,2,1,0,0,0,1,44106,2.75,8,115.5,6,1.0,6,116.5,6,23.0,2,7,6.25,8
1265,1266,10,0,10,0,2,0,6,2,6,2,2,6,6,12,0.2843601895734597,0.9011264080100125,0.03310344827586207,1812.5,725,362.5,145000,21750,440910.000,183085.7988349800000000000000,194173.5245010600000000000000,377259.3233360400000000000000,120090.8766639600000000000000,295910.000,938260.20,799,0.3155608214849921,0,50,2,1,1,"1,2",0.6,0.2,0.2,116.5,0.0,40.166666666666664,0.6,0.2,0.2,116.5,0.0,6.25,0,0,0,1,0,1,0,1,7,2,0,0,8,2,1,0,0,0,1,44106,2.75,8,115.5,6,1.0,6,116.5,6,23.0,2,7,6.25,8
1266,1267,10,0,10,0,2,0,6,2,6,2,2,6,6,12,0.2841357537490134,0.898876404494382,0.033012379642365884,1817.5,727,363.5,145400,21810,440910.000,183085.7988349800000000000000,194173.5245010600000000000000,377259.3233360400000000000000,120090.8766639600000000000000,295510.000,938260.20,801,0.31610102604577744,0,50,2,1,1,"2,1",0.6,0.2,0.2,116.5,0.0,40.166666666666664,0.6,0.2,0.2,116.5,0.0,6.25,0,0,0,1,0,1,0,1,7,2,0,0,8,2,1,0,0,0,1,44106,2.75,8,115.5,6,1.0,6,116.5,6,23.0,2,7,6.25,8
1267,1268,10,0,10,0,2,0,6,2,6,2,2,6,6,12,0.28391167192429023,0.8966376089663761,0.03292181069958848,1822.5,729,364.5,145800,21870,440910.000,183085.7988349800000000000000,194173.5245010600000000000000,377259.3233360400000000000000,120090.8766639600000000000000,295110.000,938260.20,803,0.3166403785488959,0,50,2,1,1,"1,2",0.6,0.2,0.2,116.5,0.0,40.166666666666664,0.6,0.2,0.2,116.5,0.0,6.25,0,0,0,1,0,1,0,1,7,2,0,0,8,2,1,0,0,0,1,44106,2.75,8,115.5,6,1.0,6,116.5,6,23.0,2,7,6.25,8
1268,1269,10,0,10,0,2,0,6,2,6,2,2,6,6,12,0.28368794326241137,0.8944099378881988,0.03283173734610123,1827.5,731,365.5,146200,21930,440910.000,183085.7988349800000000000000,194173.5245010600000000000000,377259.3233360400000000000000,120090.8766639600000000000000,294710.000,938260.20,805,0.31717888100866826,0,50,2,1,1,"1,2",0.6,0.2,0.2,116.5,0.0,40.166666666666664,0.6,0.2,0.2,116.5,0.0,6.25,0,0,0,1,0,1,0,1,7,2,0,0,8,2,1,0,0,0,1,44106,2.75,8,115.5,6,1.0,6,116.5,6,23.0,2,7,6.25,8
1269,1270,10,0,10,0,2,0,6,2,6,2,2,6,6,12,0.28346456692913385,0.892193308550186,0.03274215552523874,1832.5,733,366.5,146600,21990,440910.000,183085.7988349800000000000000,194173.5245010600000000000000,377259.3233360400000000000000,120090.8766639600000000000000,294310.000,938260.20,807,0.3177165354330709,0,50,2,1,1,"2,1",0.6,0.2,0.2,116.5,0.0,40.166666666666664,0.6,0.2,0.2,116.5,0.0,6.25,0,0,0,1,0,1,0,1,7,2,0,0,8,2,1,0,0,0,1,44106,2.75,8,115.5,6,1.0,6,116.5,6,23.0,2,7,6.25,8
1270,1271,10,0,10,0,2,0,6,2,6,2,2,6,6,12,0.2832415420928403,0.8899876390605687,0.0326530612244898,1837.5,735,367.5,147000,22050,440910.000,183085.7988349800000000000000,194173.5245010600000000000000,377259.3233360400000000000000,120090.8766639600000000000000,293910.000,938260.20,809,0.3182533438237608,0,50,2,1,1,"2,1",0.6,0.2,0.2,116.5,0.0,40.166666666666664,0.6,0.2,0.2,116.5,0.0,6.25,0,0,0,1,0,1,0,1,7,2,0,0,8,2,1,0,0,0,1,44106,2.75,8,115.5,6,1.0,6,116.5,6,23.0,2,7,6.25,8
1271,1272,10,0,10,0,2,0,6,2,6,2,2,6,6,12,0.2830188679245283,0.8877928483353884,0.032564450474898234,1842.5,737,368.5,147400,22110,440910.000,183085.7988349800000000000000,194173.5245010600000000000000,377259.3233360400000000000000,120090.8766639600000000000000,293510.000,938260.20,811,0.3187893081761006,0,50,2,1,1,"2,1",0.6,0.2,0.2,116.5,0.0,40.166666666666664,0.6,0.2,0.2,116.5,0.0,6.25,0,0,0,1,0,1,0,1,7,2,0,0,8,2,1,0,0,0,1,44106,2.75,8,115.5,6,1.0,6,116.5,6,23.0,2,7,6.25,8
1272,1273,10,0,10,0,2,0,6,2,6,2,2,6,6,12,0.2827965435978005,0.8856088560885609,0.03247631935047361,1847.5,739,369.5,147800,22170,440910.000,183085.7988349800000000000000,194173.5245010600000000000000,377259.3233360400000000000000,120090.8766639600000000000000,293110.000,938260.20,813,0.319324430479183,0,50,2,1,1,"1,2",0.6,0.2,0.2,116.5,0.0,40.166666666666664,0.6,0.2,0.2,116.5,0.0,6.25,0,0,0,0,1,1,0,1,7,2,0,0,8,2,1,0,0,0,1,44106,2.75,8,115.5,6,1.0,6,116.5,6,23.0,2,7,6.25,8
1273,1274,10,0,10,0,2,0,6,2,6,2,2,6,6,12,0.28257456828885397,0.8834355828220859,0.032432432432432434,1850.0,740,370.0,148000,22200,440910.000,183085.7988349800000000000000,194173.5245010600000000000000,377259.3233360400000000000000,120090.8766639600000000000000,292910.000,938260.20,815,0.3198587127158556,0,50,2,1,1,"2,1",0.6,0.2,0.2,116.5,0.0,40.166666666666664,0.6,0.2,0.2,116.5,0.0,6.25,0,0,0,0,0,2,0,0,8,2,0,0,8,2,0,0,0,0,1,44106,2.75,8,115.5,6,1.0,6,116.5,6,23.0,2,8,6.25,8
1274,1275,10,0,10,0,2,0,6,2,6,2,2,6,6,12,0.2823529411764706,0.8812729498164015,0.03234501347708895,1855.0,742,371.0,148400,22260,440910.000,183085.7988349800000000000000,194173.5245010600000000000000,377259.3233360400000000000000,120090.8766639600000000000000,292510.000,938260.20,817,0.3203921568627451,0,50,2,1,1,"1,2",0.6,0.2,0.2,116.5,0.0,40.166666666666664,0.6,0.2,0.2,116.5,0.0,6.25,0,0,0,0,0,2,0,0,8,2,0,0,8,2,0,0,0,0,1,44106,2.75,8,115.5,6,1.0,6,116.5,6,23.0,2,8,6.25,8
1275,1276,10,0,10,0,2,0,6,2,6,2,2,6,6,12,0.2821316614420063,0.8791208791208791,0.03225806451612903,1860.0,744,372.0,148800,22320,440910.000,183085.7988349800000000000000,194173.5245010600000000000000,377259.3233360400000000000000,120090.8766639600000000000000,292110.000,938260.20,819,0.32092476489028215,0,50,2,1,1,"2,1",0.6,0.2,0.2,116.5,0.0,40.166666666666664,0.6,0.2,0.2,116.5,0.0,6.25,0,0,0,0,0,2,0,0,8,2,0,0,8,2,0,0,0,0,1,44106,2.75,8,115.5,6,1.0,6,116.5,6,23.0,2,8,6.25,8
1276,1277,10,0,10,0,2,0,6,2,6,2,2,6,6,12,0.28191072826938135,0.8769792935444579,0.032171581769437,1865.0,746,373.0,149200,22380,440910.000,183085.7988349800000000000000,194173.5245010600000000000000,377259.3233360400000000000000,120090.8766639600000000000000,291710.000,938260.20,821,0.3214565387627251,0,50,2,1,1,"1,2",0.6,0.2,0.2,116.5,0.0,40.166666666666664,0.6,0.2,0.2,116.5,0.0,6.25,0,0,0,0,0,2,0,0,8,2,0,0,8,2,0,0,0,0,1,44106,2.75,8,115.5,6,1.0,6,116.5,6,23.0,2,8,6.25,8
1277,1278,10,0,10,0,2,0,6,2,6,2,2,6,6,12,0.28169014084507044,0.8748481166464156,0.03208556149732621,1870.0,748,374.0,149600,22440,440910.000,183085.7988349800000000000000,194173.5245010600000000000000,377259.3233360400000000000000,120090.8766639600000000000000,291310.000,938260.20,823,0.32198748043818465,0,50,2,1,1,"1,2",0.6,0.2,0.2,116.5,0.0,40.166666666666664,0.6,0.2,0.2,116.5,0.0,6.25,0,0,0,0,0,2,0,0,8,2,0,0,8,2,0,0,0,0,1,44106,2.75,8,115.5,6,1.0,6,116.5,6,23.0,2,8,6.25,8
1278,1279,10,0,10,0,2,0,6,2,6,2,2,6,6,12,0.2814698983580923,0.8727272727272727,0.032,1875.0,750,375.0,150000,22500,440910.000,183085.7988349800000000000000,194173.5245010600000000000000,377259.3233360400000000000000,120090.8766639600000000000000,290910.000,938260.20,825,0.32251759186864737,0,50,2,1,1,"1,2",0.6,0.2,0.2,116.5,0.0,40.166666666666664,0.6,0.2,0.2,116.5,0.0,6.25,0,0,0,0,0,2,0,0,8,2,0,0,8,2,0,0,0,0,1,44106,2.75,8,115.5,6,1.0,6,116.5,6,23.0,2,8,6.25,8
1279,1280,10,0,10,0,2,0,6,2,6,2,2,6,6,12,0.28125,0.8706166868198307,0.031914893617021274,1880.0,752,376.0,150400,22560,440910.000,183085.7988349800000000000000,194173.5245010600000000000000,377259.3233360400000000000000,120090.8766639600000000000000,290510.000,938260.20,827,0.323046875,0,50,2,1,1,"2,1",0.6,0.2,0.2,116.5,0.0,40.166666666666664,0.6,0.2,0.2,116.5,0.0,6.25,0,0,0,0,0,2,0,0,8,2,0,0,8,2,0,0,0,0,1,44106,2.75,8,115.5,6,1.0,6,116.5,6,23.0,2,8,6.25,8
1280,1281,10,0,10,0,2,0,6,2,6,2,2,6,6,12,0.2810304449648712,0.8685162846803378,0.03183023872679045,1885.0,754,377.0,150800,22620,440910.000,183085.7988349800000000000000,194173.5245010600000000000000,377259.3233360400000000000000,120090.8766639600000000000000,290110.000,938260.20,829,0.3235753317720531,0,50,2,1,1,"1,2",0.6,0.2,0.2,116.5,0.0,40.166666666666664,0.6,0.2,0.2,116.5,0.0,6.25,0,0,0,0,0,2,0,0,8,2,0,0,8,2,0,0,0,0,1,44106,2.75,8,115.5,6,1.0,6,116.5,6,23.0,2,8,6.25,8
1281,1282,10,0,10,0,2,0,6,2,6,2,2,6,6,12,0.28081123244929795,0.8664259927797834,0.031746031746031744,1890.0,756,378.0,151200,22680,440910.000,183085.7988349800000000000000,194173.5245010600000000000000,377259.3233360400000000000000,120090.8766639600000000000000,289710.000,938260.20,831,0.32410296411856476,0,50,2,1,1,"1,2",0.6,0.2,0.2,116.5,0.0,40.166666666666664,0.6,0.2,0.2,116.5,0.0,6.25,0,0,0,0,0,2,0,0,8,2,0,0,8,2,0,0,0,0,1,44106,2.75,8,115.5,6,1.0,6,116.5,6,23.0,2,8,6.25,8
1282,1283,10,0,10,0,2,0,6,2,6,2,2,6,6,12,0.2805923616523772,0.8643457382953181,0.0316622691292876,1895.0,758,379.0,151600,22740,440910.000,183085.7988349800000000000000,194173.5245010600000000000000,377259.3233360400000000000000,120090.8766639600000000000000,289310.000,938260.20,833,0.3246297739672642,0,50,2,1,1,"2,1",0.6,0.2,0.2,116.5,0.0,40.166666666666664,0.6,0.2,0.2,116.5,0.0,6.25,0,0,0,0,0,2,0,0,8,2,0,0,8,2,0,0,0,0,1,44106,2.75,8,115.5,6,1.0,6,116.5,6,23.0,2,8,6.25,8
1283,1284,10,0,10,0,2,0,6,2,6,2,2,6,6,12,0.28037383177570097,0.8622754491017964,0.031578947368421054,1900.0,760,380.0,152000,22800,440910.000,183085.7988349800000000000000,194173.5245010600000000000000,377259.3233360400000000000000,120090.8766639600000000000000,288910.000,938260.20,835,0.3251557632398754,0,50,2,1,1,"1,2",0.6,0.2,0.2,116.5,0.0,40.166666666666664,0.6,0.2,0.2,116.5,0.0,6.25,0,0,0,0,0,2,0,0,8,2,0,0,8,2,0,0,0,0,1,44106,2.75,8,115.5,6,1.0,6,116.5,6,23.0,2,8,6.25,8
1284,1285,10,0,10,0,2,0,6,2,6,2,2,6,6,12,0.2801556420233463,0.8602150537634409,0.031496062992125984,1905.0,762,381.0,152400,22860,440910.000,183085.7988349800000000000000,194173.5245010600000000000000,377259.3233360400000000000000,120090.8766639600000000000000,288510.000,938260.20,837,0.3256809338521401,0,50,2,1,1,"1,2",0.6,0.2,0.2,116.5,0.0,40.166666666666664,0.6,0.2,0.2,116.5,0.0,6.25,0,0,0,0,0,2,0,0,8,2,0,0,8,2,0,0,0,0,1,44106,2.75,8,115.5,6,1.0,6,116.5,6,23.0,2,8,6.25,8
1285,1286,10,0,10,0,2,0,6,2,6,2,2,6,6,12,0.27993779160186627,0.8581644815256257,0.031413612565445025,1910.0,764,382.0,152800,22920,440910.000,183085.7988349800000000000000,194173.5245010600000000000000,377259.3233360400000000000000,120090.8766639600000000000000,288110.000,938260.20,839,0.3262052877138414,0,50,2,1,1,"1,2",0.6,0.2,0.2,116.5,0.0,40.166666666666664,0.6,0.2,0.2,116.5,0.0,6.25,0,0,0,0,0,2,0,0,8,2,0,0,8,2,0,0,0,0,1,44106,2.75,8,115.5,6,1.0,6,116.5,6,23.0,2,8,6.25,8
1286,1287,10,0,10,0,2,0,6,2,6,2,2,6,6,12,0.27972027972027974,0.8561236623067776,0.031331592689295036,1915.0,766,383.0,153200,22980,440910.000,183085.7988349800000000000000,194173.5245010600000000000000,377259.3233360400000000000000,120090.8766639600000000000000,287710.000,938260.20,841,0.32672882672882675,0,50,2,1,1,"2,1",0.6,0.2,0.2,116.5,0.0,40.166666666666664,0.6,0.2,0.2,116.5,0.0,6.25,0,0,0,0,0,2,0,0,8,2,0,0,8,2,0,0,0,0,1,44106,2.75,8,115.5,6,1.0,6,116.5,6,23.0,2,8,6.25,8
1287,1288,10,0,10,0,2,0,6,2,6,2,2,6,6,12,0.27950310559006214,0.8540925266903914,0.03125,1920.0,768,384.0,153600,23040,440910.000,183085.7988349800000000000000,194173.5245010600000000000000,377259.3233360400000000000000,120090.8766639600000000000000,287310.000,938260.20,843,0.32725155279503104,0,50,2,1,1,"2,1",0.6,0.2,0.2,116.5,0.0,40.166666666666664,0.6,0.2,0.2,116.5,0.0,6.25,0,0,0,0,0,2,0,0,8,2,0,0,8,2,0,0,0,0,1,44106,2.75,8,115.5,6,1.0,6,116.5,6,23.0,2,8,6.25,8
1288,1289,10,0,10,0,2,0,6,2,6,2,2,6,6,12,0.27928626842513576,0.8520710059171597,0.03116883116883117,1925.0,770,385.0,154000,23100,440910.000,183085.7988349800000000000000,194173.5245010600000000000000,377259.3233360400000000000000,120090.8766639600000000000000,286910.000,938260.20,845,0.3277734678044996,0,50,2,1,1,"1,2",0.6,0.2,0.2,116.5,0.0,40.166666666666664,0.6,0.2,0.2,116.5,0.0,6.25,0,0,0,0,0,2,0,0,8,2,0,0,8,2,0,0,0,0,1,44106,2.75,8,115.5,6,1.0,6,116.5,6,23.0,2,8,6.25,8
1289,1290,10,0,10,0,2,0,6,2,6,2,2,6,6,12,0.27906976744186046,0.8500590318772137,0.031088082901554404,1930.0,772,386.0,154400,23160,440910.000,183085.7988349800000000000000,194173.5245010600000000000000,377259.3233360400000000000000,120090.8766639600000000000000,286510.000,938260.20,847,0.32829457364341086,0,50,2,1,1,"1,2",0.6,0.2,0.2,116.5,0.0,40.166666666666664,0.6,0.2,0.2,116.5,0.0,6.25,0,0,0,0,0,2,0,0,8,2,0,0,8,2,0,0,0,0,1,44106,2.75,8,115.5,6,1.0,6,116.5,6,23.0,2,8,6.25,8
1290,1291,10,0,10,0,2,0,6,2,6,2,2,6,6,12,0.278853601859024,0.8480565371024735,0.031007751937984496,1935.0,774,387.0,154800,23220,440910.000,183085.7988349800000000000000,194173.5245010600000000000000,377259.3233360400000000000000,120090.8766639600000000000000,286110.000,938260.20,849,0.32881487219209915,0,50,2,1,1,"2,1",0.6,0.2,0.2,116.5,0.0,40.166666666666664,0.6,0.2,0.2,116.5,0.0,6.25,0,0,0,0,0,2,0,0,8,2,0,0,8,2,0,0,0,0,1,44106,2.75,8,115.5,6,1.0,6,116.5,6,23.0,2,8,6.25,8
1291,1292,10,0,10,0,1,1,6,2,7,2,2,6,6,12,0.2786377708978328,0.8460634547591069,0.030927835051546393,1940.0,776,388.0,155200,23280,440910.000,183085.7988349800000000000000,194173.5245010600000000000000,377259.3233360400000000000000,120090.8766639600000000000000,285710.000,938260.20,851,0.32933436532507737,0,50,2,1,1,"2,1",0.6,0.2,0.2,116.5,0.0,40.166666666666664,0.6,0.2,0.2,116.5,0.0,6.25,1,0,0,0,0,1,0,0,8,2,0,0,8,2,0,0,0,0,1,44106,2.75,8,113.14285714285714,7,1.0,6,116.5,6,23.0,2,8,6.25,8
1292,1293,10,0,10,0,1,0,7,2,7,1,1,7,7,14,0.3248259860788863,0.9859154929577465,0.036036036036036036,1665.0,777,388.5,155400,23310,521640.000,211296.0323606400000000000000,194173.5245010600000000000000,405469.5568617000000000000000,133223.9431383000000000000000,366240.000,1060333.50,852,0.3294663573085847,0,50,2,1,1,"1,2",0.7,0.2,0.1,114.14285714285714,0.0,40.714285714285715,0.7,0.2,0.1,114.14285714285714,0.0,6.25,1,0,0,0,0,1,0,0,8,2,0,0,8,2,0,0,0,0,1,44106,2.75,8,113.14285714285714,7,1.0,7,114.14285714285714,7,23.0,2,8,6.25,8
1293,1294,10,0,10,0,1,0,7,2,7,1,1,7,7,14,0.32457496136012365,0.984759671746776,0.03598971722365039,1667.142857142857,778,389.0,155600,23340,521640.000,211296.0323606400000000000000,194173.5245010600000000000000,405469.5568617000000000000000,133223.9431383000000000000000,366040.000,1060333.50,853,0.32959814528593506,0,50,2,1,1,"2,1",0.7,0.2,0.1,114.14285714285714,0.0,40.714285714285715,0.7,0.2,0.1,114.14285714285714,0.0,6.25,1,0,0,0,0,1,0,0,8,2,0,0,8,2,0,0,0,0,1,44106,2.75,8,113.14285714285714,7,1.0,7,114.14285714285714,7,23.0,2,8,6.25,8
1294,1295,10,0,10,0,1,0,7,2,7,1,1,7,7,14,0.32432432432432434,0.9836065573770493,0.03594351732991014,1669.2857142857142,779,389.5,155800,23370,521640.000,211296.0323606400000000000000,194173.5245010600000000000000,405469.5568617000000000000000,133223.9431383000000000000000,365840.000,1060333.50,854,0.32972972972972975,0,50,2,1,1,"2,1",0.7,0.2,0.1,114.14285714285714,0.0,40.714285714285715,0.7,0.2,0.1,114.14285714285714,0.0,6.25,1,0,0,0,0,1,0,0,8,2,0,0,8,2,0,0,0,0,1,44106,2.75,8,113.14285714285714,7,1.0,7,114.14285714285714,7,23.0,2,8,6.25,8
1295,1296,10,0,10,0,1,0,7,2,7,1,1,7,7,14,0.32407407407407407,0.9824561403508771,0.035897435897435895,1671.4285714285713,780,390.0,156000,23400,521640.000,211296.0323606400000000000000,194173.5245010600000000000000,405469.5568617000000000000000,133223.9431383000000000000000,365640.000,1060333.50,855,0.3298611111111111,0,50,2,1,1,"1,2",0.7,0.2,0.1,114.14285714285714,0.0,40.714285714285715,0.7,0.2,0.1,114.14285714285714,0.0,6.25,1,0,0,0,0,1,0,0,8,2,0,0,8,2,0,0,0,0,1,44106,2.75,8,113.14285714285714,7,1.0,7,114.14285714285714,7,23.0,2,8,6.25,8
1296,1297,10,0,10,0,1,0,7,2,7,1,1,7,7,14,0.3238242097147263,0.9813084112149533,0.03585147247119078,1673.5714285714287,781,390.5,156200,23430,521640.000,211296.0323606400000000000000,194173.5245010600000000000000,405469.5568617000000000000000,133223.9431383000000000000000,365440.000,1060333.50,856,0.3299922898997687,0,50,2,1,1,"1,2",0.7,0.2,0.1,114.14285714285714,0.0,40.714285714285715,0.7,0.2,0.1,114.14285714285714,0.0,6.25,1,0,0,0,0,1,0,0,8,2,0,0,8,2,0,0,0,0,1,44106,2.75,8,113.14285714285714,7,1.0,7,114.14285714285714,7,23.0,2,8,6.25,8
1297,1298,10,0,10,0,1,0,7,2,7,1,1,7,7,14,0.3235747303543914,0.9801633605600933,0.03580562659846547,1675.7142857142858,782,391.0,156400,23460,521640.000,211296.0323606400000000000000,194173.5245010600000000000000,405469.5568617000000000000000,133223.9431383000000000000000,365240.000,1060333.50,857,0.33012326656394453,0,50,2,1,1,"2,1",0.7,0.2,0.1,114.14285714285714,0.0,40.714285714285715,0.7,0.2,0.1,114.14285714285714,0.0,6.25,1,0,0,0,0,1,0,0,8,2,0,0,8,2,0,0,0,0,1,44106,2.75,8,113.14285714285714,7,1.0,7,114.14285714285714,7,23.0,2,8,6.25,8
1298,1299,10,0,10,0,1,0,7,2,7,1,1,7,7,14,0.32332563510392615,0.979020979020979,0.035759897828863345,1677.857142857143,783,391.5,156600,23490,521640.000,211296.0323606400000000000000,194173.5245010600000000000000,405469.5568617000000000000000,133223.9431383000000000000000,365040.000,1060333.50,858,0.3302540415704388,0,50,2,1,1,"2,1",0.7,0.2,0.1,114.14285714285714,0.0,40.714285714285715,0.7,0.2,0.1,114.14285714285714,0.0,6.25,1,0,0,0,0,1,0,0,8,2,0,0,8,2,0,0,0,0,1,44106,2.75,8,113.14285714285714,7,1.0,7,114.14285714285714,7,23.0,2,8,6.25,8
1299,1300,10,0,10,0,1,0,7,2,7,1,1,7,7,14,0.32307692307692304,0.9778812572759022,0.03571428571428571,1680.0,784,392.0,156800,23520,521640.000,211296.0323606400000000000000,194173.5245010600000000000000,405469.5568617000000000000000,133223.9431383000000000000000,364840.000,1060333.50,859,0.3303846153846154,0,50,2,1,1,"2,1",0.7,0.2,0.1,114.14285714285714,0.0,40.714285714285715,0.7,0.2,0.1,114.14285714285714,0.0,6.25,1,0,0,0,0,1,0,0,8,2,0,0,8,2,0,0,0,0,1,44106,2.75,8,113.14285714285714,7,1.0,7,114.14285714285714,7,23.0,2,8,6.25,8
1300,1301,10,0,10,0,1,0,7,2,7,1,1,7,7,14,0.3228285933897002,0.9767441860465116,0.035668789808917196,1682.142857142857,785,392.5,157000,23550,521640.000,211296.0323606400000000000000,194173.5245010600000000000000,405469.5568617000000000000000,133223.9431383000000000000000,364640.000,1060333.50,860,0.3305149884704074,0,50,2,1,1,"2,1",0.7,0.2,0.1,114.14285714285714,0.0,40.714285714285715,0.7,0.2,0.1,114.14285714285714,0.0,6.25,1,0,0,0,0,1,0,0,8,2,0,0,8,2,0,0,0,0,1,44106,2.75,8,113.14285714285714,7,1.0,7,114.14285714285714,7,23.0,2,8,6.25,8
1301,1302,10,0,10,0,1,0,7,2,7,1,1,7,7,14,0.3225806451612903,0.975609756097561,0.035623409669211195,1684.2857142857142,786,393.0,157200,23580,521640.000,211296.0323606400000000000000,194173.5245010600000000000000,405469.5568617000000000000000,133223.9431383000000000000000,364440.000,1060333.50,861,0.33064516129032256,0,50,2,1,1,"2,1",0.7,0.2,0.1,114.14285714285714,0.0,40.714285714285715,0.7,0.2,0.1,114.14285714285714,0.0,6.25,1,0,0,0,0,1,0,0,8,2,0,0,8,2,0,0,0,0,1,44106,2.75,8,113.14285714285714,7,1.0,7,114.14285714285714,7,23.0,2,8,6.25,8
1302,1303,10,0,10,0,1,0,7,2,7,1,1,7,7,14,0.32233307751343054,0.974477958236659,0.035578144853875476,1686.4285714285713,787,393.5,157400,23610,521640.000,211296.0323606400000000000000,194173.5245010600000000000000,405469.5568617000000000000000,133223.9431383000000000000000,364240.000,1060333.50,862,0.33077513430544897,0,50,2,1,1,"2,1",0.7,0.2,0.1,114.14285714285714,0.0,40.714285714285715,0.7,0.2,0.1,114.14285714285714,0.0,6.25,1,0,0,0,0,1,0,0,8,2,0,0,8,2,0,0,0,0,1,44106,2.75,8,113.14285714285714,7,1.0,7,114.14285714285714,7,23.0,2,8,6.25,8
1303,1304,10,0,10,0,1,0,7,2,7,1,1,7,7,14,0.3220858895705521,0.9733487833140209,0.03553299492385787,1688.5714285714287,788,394.0,157600,23640,521640.000,211296.0323606400000000000000,194173.5245010600000000000000,405469.5568617000000000000000,133223.9431383000000000000000,364040.000,1060333.50,863,0.3309049079754601,0,50,2,1,1,"2,1",0.7,0.2,0.1,114.14285714285714,0.0,40.714285714285715,0.7,0.2,0.1,114.14285714285714,0.0,6.25,1,0,0,0,0,1,0,0,8,2,0,0,8,2,0,0,0,0,1,44106,2.75,8,113.14285714285714,7,1.0,7,114.14285714285714,7,23.0,2,8,6.25,8
1304,1305,10,0,10,0,1,0,7,2,7,1,1,7,7,14,0.3218390804597701,0.9722222222222222,0.035487959442332066,1690.7142857142858,789,394.5,157800,23670,521640.000,211296.0323606400000000000000,194173.5245010600000000000000,405469.5568617000000000000000,133223.9431383000000000000000,363840.000,1060333.50,864,0.3310344827586207,0,50,2,1,1,"2,1",0.7,0.2,0.1,114.14285714285714,0.0,40.714285714285715,0.7,0.2,0.1,114.14285714285714,0.0,6.25,1,0,0,0,0,1,0,0,8,2,0,0,8,2,0,0,0,0,1,44106,2.75,8,113.14285714285714,7,1.0,7,114.14285714285714,7,23.0,2,8,6.25,8
1305,1306,10,0,10,0,1,0,7,2,7,1,1,7,7,14,0.3215926493108729,0.9710982658959538,0.035443037974683546,1692.857142857143,790,395.0,158000,23700,521640.000,211296.0323606400000000000000,194173.5245010600000000000000,405469.5568617000000000000000,133223.9431383000000000000000,363640.000,1060333.50,865,0.33116385911179175,0,50,2,1,1,"1,2",0.7,0.2,0.1,114.14285714285714,0.0,40.714285714285715,0.7,0.2,0.1,114.14285714285714,0.0,6.25,1,0,0,0,0,1,0,0,8,2,0,0,8,2,0,0,0,0,1,44106,2.75,8,113.14285714285714,7,1.0,7,114.14285714285714,7,23.0,2,8,6.25,8
1306,1307,10,0,10,0,1,0,7,2,7,1,1,7,7,14,0.32134659525631215,0.9699769053117783,0.035398230088495575,1695.0,791,395.5,158200,23730,521640.000,211296.0323606400000000000000,194173.5245010600000000000000,405469.5568617000000000000000,133223.9431383000000000000000,363440.000,1060333.50,866,0.3312930374904361,0,50,2,1,1,"2,1",0.7,0.2,0.1,114.14285714285714,0.0,40.714285714285715,0.7,0.2,0.1,114.14285714285714,0.0,6.25,1,0,0,0,0,1,0,0,8,2,0,0,8,2,0,0,0,0,1,44106,2.75,8,113.14285714285714,7,1.0,7,114.14285714285714,7,23.0,2,8,6.25,8
1307,1308,10,0,10,0,1,0,7,2,7,1,1,7,7,14,0.3211009174311926,0.9688581314878894,0.03535353535353535,1697.142857142857,792,396.0,158400,23760,521640.000,211296.0323606400000000000000,194173.5245010600000000000000,405469.5568617000000000000000,133223.9431383000000000000000,363240.000,1060333.50,867,0.33142201834862384,0,50,2,1,1,"1,2",0.7,0.2,0.1,114.14285714285714,0.0,40.714285714285715,0.7,0.2,0.1,114.14285714285714,0.0,6.25,1,0,0,0,0,1,0,0,8,2,0,0,8,2,0,0,0,0,1,44106,2.75,8,113.14285714285714,7,1.0,7,114.14285714285714,7,23.0,2,8,6.25,8
1308,1309,10,0,10,0,1,0,7,2,7,1,1,7,7,14,0.32085561497326204,0.967741935483871,0.03530895334174023,1699.2857142857142,793,396.5,158600,23790,521640.000,211296.0323606400000000000000,194173.5245010600000000000000,405469.5568617000000000000000,133223.9431383000000000000000,363040.000,1060333.50,868,0.3315508021390374,0,50,2,1,1,"2,1",0.7,0.2,0.1,114.14285714285714,0.0,40.714285714285715,0.7,0.2,0.1,114.14285714285714,0.0,6.25,1,0,0,0,0,1,0,0,8,2,0,0,8,2,0,0,0,0,1,44106,2.75,8,113.14285714285714,7,1.0,7,114.14285714285714,7,23.0,2,8,6.25,8
1309,1310,10,0,10,0,0,1,7,2,8,1,1,7,7,14,0.3206106870229008,0.9666283084004603,0.03526448362720403,1701.4285714285713,794,397.0,158800,23820,521640.000,211296.0323606400000000000000,194173.5245010600000000000000,405469.5568617000000000000000,133223.9431383000000000000000,362840.000,1060333.50,869,0.3316793893129771,0,50,2,1,1,"2,1",0.7,0.2,0.1,114.14285714285714,0.0,40.714285714285715,0.7,0.2,0.1,114.14285714285714,0.0,6.25,2,0,0,0,0,0,0,0,8,2,0,0,8,2,0,0,0,0,1,44106,2.75,8,110.375,8,1.0,7,114.14285714285714,7,23.0,2,8,6.25,8
1310,1311,10,0,10,0,0,0,8,2,8,0,0,8,8,16,0.36613272311212813,1.1047180667433834,0.04030226700251889,1488.75,794,397.0,158800,23820,587880.000,239349.8587972400000000000000,258852.8283070800000000000000,498202.6871043200000000000000,159078.9128956800000000000000,429080.000,1245161.60,869,0.3314263920671243,0,50,2,1,1,"1,2",0.8,0.2,0.0,111.375,0.0,40.125,0.8,0.2,0.0,111.375,0.0,6.25,2,0,0,0,0,0,0,0,8,2,0,0,8,2,0,0,0,0,1,44106,2.75,8,110.375,8,1.0,8,111.375,8,23.0,2,8,6.25,8
1311,1312,10,0,10,0,0,0,8,2,8,0,0,8,8,16,0.36585365853658536,1.1047180667433834,0.04030226700251889,1488.75,794,397.0,158800,23820,587880.000,239349.8587972400000000000000,258852.8283070800000000000000,498202.6871043200000000000000,159078.9128956800000000000000,429080.000,1245161.60,869,0.3311737804878049,0,50,2,1,1,"1,2",0.8,0.2,0.0,111.375,0.0,40.125,0.8,0.2,0.0,111.375,0.0,6.25,2,0,0,0,0,0,0,0,8,2,0,0,8,2,0,0,0,0,1,44106,2.75,8,110.375,8,1.0,8,111.375,8,23.0,2,8,6.25,8
1312,1313,10,0,10,0,0,0,8,2,8,0,0,8,8,16,0.3655750190403656,1.1047180667433834,0.04030226700251889,1488.75,794,397.0,158800,23820,587880.000,239349.8587972400000000000000,258852.8283070800000000000000,498202.6871043200000000000000,159078.9128956800000000000000,429080.000,1245161.60,869,0.3309215536938309,0,50,2,1,1,"2,1",0.8,0.2,0.0,111.375,0.0,40.125,0.8,0.2,0.0,111.375,0.0,6.25,2,0,0,0,0,0,0,0,8,2,0,0,8,2,0,0,0,0,1,44106,2.75,8,110.375,8,1.0,8,111.375,8,23.0,2,8,6.25,8
1313,1314,10,0,10,0,0,0,8,2,8,0,0,8,8,16,0.36529680365296807,1.1047180667433834,0.04030226700251889,1488.75,794,397.0,158800,23820,587880.000,239349.8587972400000000000000,258852.8283070800000000000000,498202.6871043200000000000000,159078.9128956800000000000000,429080.000,1245161.60,869,0.3306697108066971,0,50,2,1,1,"2,1",0.8,0.2,0.0,111.375,0.0,40.125,0.8,0.2,0.0,111.375,0.0,6.25,2,0,0,0,0,0,0,0,8,2,0,0,8,2,0,0,0,0,1,44106,2.75,8,110.375,8,1.0,8,111.375,8,23.0,2,8,6.25,8
1314,1315,10,0,10,0,0,0,8,2,8,0,0,8,8,16,0.36501901140684406,1.1047180667433834,0.04030226700251889,1488.75,794,397.0,158800,23820,587880.000,239349.8587972400000000000000,258852.8283070800000000000000,498202.6871043200000000000000,159078.9128956800000000000000,429080.000,1245161.60,869,0.33041825095057037,0,50,2,1,1,"1,2",0.8,0.2,0.0,111.375,0.0,40.125,0.8,0.2,0.0,111.375,0.0,6.25,2,0,0,0,0,0,0,0,8,2,0,0,8,2,0,0,0,0,1,44106,2.75,8,110.375,8,1.0,8,111.375,8,23.0,2,8,6.25,8
1315,1316,10,0,10,0,0,0,8,2,8,0,0,8,8,16,0.364741641337386,1.1047180667433834,0.04030226700251889,1488.75,794,397.0,158800,23820,587880.000,239349.8587972400000000000000,258852.8283070800000000000000,498202.6871043200000000000000,159078.9128956800000000000000,429080.000,1245161.60,869,0.3301671732522796,0,50,2,1,1,"1,2",0.8,0.2,0.0,111.375,0.0,40.125,0.8,0.2,0.0,111.375,0.0,6.25,2,0,0,0,0,0,0,0,8,2,0,0,8,2,0,0,0,0,1,44106,2.75,8,110.375,8,1.0,8,111.375,8,23.0,2,8,6.25,8
1316,1317,10,0,10,0,0,0,8,2,8,0,0,8,8,16,0.36446469248291574,1.1047180667433834,0.04030226700251889,1488.75,794,397.0,158800,23820,587880.000,239349.8587972400000000000000,258852.8283070800000000000000,498202.6871043200000000000000,159078.9128956800000000000000,429080.000,1245161.60,869,0.329916476841306,0,50,2,1,1,"2,1",0.8,0.2,0.0,111.375,0.0,40.125,0.8,0.2,0.0,111.375,0.0,6.25,2,0,0,0,0,0,0,0,8,2,0,0,8,2,0,0,0,0,1,44106,2.75,8,110.375,8,1.0,8,111.375,8,23.0,2,8,6.25,8
1317,1318,10,0,10,0,0,0,8,2,8,0,0,8,8,16,0.3641881638846738,1.1047180667433834,0.04030226700251889,1488.75,794,397.0,158800,23820,587880.000,239349.8587972400000000000000,258852.8283070800000000000000,498202.6871043200000000000000,159078.9128956800000000000000,429080.000,1245161.60,869,0.3296661608497724,0,50,2,1,1,"1,2",0.8,0.2,0.0,111.375,0.0,40.125,0.8,0.2,0.0,111.375,0.0,6.25,2,0,0,0,0,0,0,0,8,2,0,0,8,2,0,0,0,0,1,44106,2.75,8,110.375,8,1.0,8,111.375,8,23.0,2,8,6.25,8
1318,1319,10,0,10,0,0,0,8,2,8,0,0,8,8,16,0.3639120545868082,1.1047180667433834,0.04030226700251889,1488.75,794,397.0,158800,23820,587880.000,239349.8587972400000000000000,258852.8283070800000000000000,498202.6871043200000000000000,159078.9128956800000000000000,429080.000,1245161.60,869,0.3294162244124337,0,50,2,1,1,"2,1",0.8,0.2,0.0,111.375,0.0,40.125,0.8,0.2,0.0,111.375,0.0,6.25,2,0,0,0,0,0,0,0,8,2,0,0,8,2,0,0,0,0,1,44106,2.75,8,110.375,8,1.0,8,111.375,8,23.0,2,8,6.25,8
1319,1320,10,0,10,0,0,0,8,2,8,0,0,8,8,16,0.36363636363636365,1.1047180667433834,0.04030226700251889,1488.75,794,397.0,158800,23820,587880.000,239349.8587972400000000000000,258852.8283070800000000000000,498202.6871043200000000000000,159078.9128956800000000000000,429080.000,1245161.60,869,0.32916666666666666,0,50,2,1,1,"2,1",0.8,0.2,0.0,111.375,0.0,40.125,0.8,0.2,0.0,111.375,0.0,6.25,2,0,0,0,0,0,0,0,8,2,0,0,8,2,0,0,0,0,1,44106,2.75,8,110.375,8,1.0,8,111.375,8,23.0,2,8,6.25,8
1320,1321,10,0,10,0,0,0,8,2,8,0,0,8,8,16,0.3633610900832703,1.1047180667433834,0.04030226700251889,1488.75,794,397.0,158800,23820,587880.000,239349.8587972400000000000000,258852.8283070800000000000000,498202.6871043200000000000000,159078.9128956800000000000000,429080.000,1245161.60,869,0.32891748675246024,0,50,2,1,1,"2,1",0.8,0.2,0.0,111.375,0.0,40.125,0.8,0.2,0.0,111.375,0.0,6.25,2,0,0,0,0,0,0,0,8,2,0,0,8,2,0,0,0,0,1,44106,2.75,8,110.375,8,1.0,8,111.375,8,23.0,2,8,6.25,8
1321,1322,10,0,10,0,0,0,8,2,8,0,0,8,8,16,0.3630862329803328,1.1047180667433834,0.04030226700251889,1488.75,794,397.0,158800,23820,587880.000,239349.8587972400000000000000,258852.8283070800000000000000,498202.6871043200000000000000,159078.9128956800000000000000,429080.000,1245161.60,869,0.32866868381240544,0,50,2,1,1,"1,2",0.8,0.2,0.0,111.375,0.0,40.125,0.8,0.2,0.0,111.375,0.0,6.25,2,0,0,0,0,0,0,0,8,2,0,0,8,2,0,0,0,0,1,44106,2.75,8,110.375,8,1.0,8,111.375,8,23.0,2,8,6.25,8
1322,1323,10,0,10,0,0,0,8,2,8,0,0,8,8,16,0.36281179138321995,1.1047180667433834,0.04030226700251889,1488.75,794,397.0,158800,23820,587880.000,239349.8587972400000000000000,258852.8283070800000000000000,498202.6871043200000000000000,159078.9128956800000000000000,429080.000,1245161.60,869,0.3284202569916856,0,50,2,1,1,"2,1",0.8,0.2,0.0,111.375,0.0,40.125,0.8,0.2,0.0,111.375,0.0,6.25,2,0,0,0,0,0,0,0,8,2,0,0,8,2,0,0,0,0,1,44106,2.75,8,110.375,8,1.0,8,111.375,8,23.0,2,8,6.25,8
1323,1324,10,0,10,0,0,0,8,2,8,0,0,8,8,16,0.36253776435045315,1.1047180667433834,0.04030226700251889,1488.75,794,397.0,158800,23820,587880.000,239349.8587972400000000000000,258852.8283070800000000000000,498202.6871043200000000000000,159078.9128956800000000000000,429080.000,1245161.60,869,0.32817220543806647,0,50,2,1,1,"1,2",0.8,0.2,0.0,111.375,0.0,40.125,0.8,0.2,0.0,111.375,0.0,6.25,2,0,0,0,0,0,0,0,8,2,0,0,8,2,0,0,0,0,1,44106,2.75,8,110.375,8,1.0,8,111.375,8,23.0,2,8,6.25,8
1324,1325,10,0,10,0,0,0,8,2,8,0,0,8,8,16,0.36226415094339626,1.1047180667433834,0.04030226700251889,1488.75,794,397.0,158800,23820,587880.000,239349.8587972400000000000000,258852.8283070800000000000000,498202.6871043200000000000000,159078.9128956800000000000000,429080.000,1245161.60,869,0.3279245283018868,0,50,2,1,1,"1,2",0.8,0.2,0.0,111.375,0.0,40.125,0.8,0.2,0.0,111.375,0.0,6.25,2,0,0,0,0,0,0,0,8,2,0,0,8,2,0,0,0,0,1,44106,2.75,8,110.375,8,1.0,8,111.375,8,23.0,2,8,6.25,8
1325,1326,10,0,10,0,0,0,8,2,8,0,0,8,8,16,0.36199095022624433,1.1047180667433834,0.04030226700251889,1488.75,794,397.0,158800,23820,587880.000,239349.8587972400000000000000,258852.8283070800000000000000,498202.6871043200000000000000,159078.9128956800000000000000,429080.000,1245161.60,869,0.32767722473604827,0,50,2,1,1,"1,2",0.8,0.2,0.0,111.375,0.0,40.125,0.8,0.2,0.0,111.375,0.0,6.25,2,0,0,0,0,0,0,0,8,2,0,0,8,2,0,0,0,0,1,44106,2.75,8,110.375,8,1.0,8,111.375,8,23.0,2,8,6.25,8
1326,1327,10,0,10,0,0,0,8,2,8,0,0,8,8,16,0.3617181612660136,1.1047180667433834,0.04030226700251889,1488.75,794,397.0,158800,23820,587880.000,239349.8587972400000000000000,258852.8283070800000000000000,498202.6871043200000000000000,159078.9128956800000000000000,429080.000,1245161.60,869,0.32743029389600603,0,50,2,1,1,"1,2",0.8,0.2,0.0,111.375,0.0,40.125,0.8,0.2,0.0,111.375,0.0,6.25,2,0,0,0,0,0,0,0,8,2,0,0,8,2,0,0,0,0,1,44106,2.75,8,110.375,8,1.0,8,111.375,8,23.0,2,8,6.25,8
1327,1328,10,0,10,0,0,0,8,2,8,0,0,8,8,16,0.3614457831325301,1.1047180667433834,0.04030226700251889,1488.75,794,397.0,158800,23820,587880.000,239349.8587972400000000000000,258852.8283070800000000000000,498202.6871043200000000000000,159078.9128956800000000000000,429080.000,1245161.60,869,0.32718373493975905,0,50,2,1,1,"2,1",0.8,0.2,0.0,111.375,0.0,40.125,0.8,0.2,0.0,111.375,0.0,6.25,2,0,0,0,0,0,0,0,8,2,0,0,8,2,0,0,0,0,1,44106,2.75,8,110.375,8,1.0,8,111.375,8,23.0,2,8,6.25,8
1328,1329,10,0,10,0,0,0,8,2,8,0,0,8,8,16,0.3611738148984199,1.1047180667433834,0.04030226700251889,1488.75,794,397.0,158800,23820,587880.000,239349.8587972400000000000000,258852.8283070800000000000000,498202.6871043200000000000000,159078.9128956800000000000000,429080.000,1245161.60,869,0.3269375470278405,0,50,2,1,1,"2,1",0.8,0.2,0.0,111.375,0.0,40.125,0.8,0.2,0.0,111.375,0.0,6.25,2,0,0,0,0,0,0,0,8,2,0,0,8,2,0,0,0,0,1,44106,2.75,8,110.375,8,1.0,8,111.375,8,23.0,2,8,6.25,8
1329,1330,10,0,10,0,0,0,8,2,8,0,0,8,8,16,0.3609022556390977,1.1047180667433834,0.04030226700251889,1488.75,794,397.0,158800,23820,587880.000,239349.8587972400000000000000,258852.8283070800000000000000,498202.6871043200000000000000,159078.9128956800000000000000,429080.000,1245161.60,869,0.32669172932330826,0,50,2,1,1,"2,1",0.8,0.2,0.0,111.375,0.0,40.125,0.8,0.2,0.0,111.375,0.0,6.25,2,0,0,0,0,0,0,0,8,2,0,0,8,2,0,0,0,0,1,44106,2.75,8,110.375,8,1.0,8,111.375,8,23.0,2,8,6.25,8
1330,1331,10,0,10,0,0,0,8,2,8,0,0,8,8,16,0.3606311044327573,1.1047180667433834,0.04030226700251889,1488.75,794,397.0,158800,23820,587880.000,239349.8587972400000000000000,258852.8283070800000000000000,498202.6871043200000000000000,159078.9128956800000000000000,429080.000,1245161.60,869,0.32644628099173556,0,50,2,1,1,"2,1",0.8,0.2,0.0,111.375,0.0,40.125,0.8,0.2,0.0,111.375,0.0,6.25,2,0,0,0,0,0,0,0,8,2,0,0,8,2,0,0,0,0,1,44106,2.75,8,110.375,8,1.0,8,111.375,8,23.0,2,8,6.25,8
1331,1332,10,0,10,0,0,0,8,2,8,0,0,8,8,16,0.3603603603603604,1.1047180667433834,0.04030226700251889,1488.75,794,397.0,158800,23820,587880.000,239349.8587972400000000000000,258852.8283070800000000000000,498202.6871043200000000000000,159078.9128956800000000000000,429080.000,1245161.60,869,0.3262012012012012,0,50,2,1,1,"2,1",0.8,0.2,0.0,111.375,0.0,40.125,0.8,0.2,0.0,111.375,0.0,6.25,2,0,0,0,0,0,0,0,8,2,0,0,8,2,0,0,0,0,1,44106,2.75,8,110.375,8,1.0,8,111.375,8,23.0,2,8,6.25,8
1332,1333,10,0,10,0,0,0,8,2,8,0,0,8,8,16,0.36009002250562644,1.1047180667433834,0.04030226700251889,1488.75,794,397.0,158800,23820,587880.000,239349.8587972400000000000000,258852.8283070800000000000000,498202.6871043200000000000000,159078.9128956800000000000000,429080.000,1245161.60,869,0.3259564891222806,0,50,2,1,1,"1,2",0.8,0.2,0.0,111.375,0.0,40.125,0.8,0.2,0.0,111.375,0.0,6.25,2,0,0,0,0,0,0,0,8,2,0,0,8,2,0,0,0,0,1,44106,2.75,8,110.375,8,1.0,8,111.375,8,23.0,2,8,6.25,8
1333,1334,10,0,10,0,0,0,8,2,8,0,0,8,8,16,0.35982008995502246,1.1047180667433834,0.04030226700251889,1488.75,794,397.0,158800,23820,587880.000,239349.8587972400000000000000,258852.8283070800000000000000,498202.6871043200000000000000,159078.9128956800000000000000,429080.000,1245161.60,869,0.325712143928036,0,50,2,1,1,"1,2",0.8,0.2,0.0,111.375,0.0,40.125,0.8,0.2,0.0,111.375,0.0,6.25,2,0,0,0,0,0,0,0,8,2,0,0,8,2,0,0,0,0,1,44106,2.75,8,110.375,8,1.0,8,111.375,8,23.0,2,8,6.25,8
1334,1335,10,0,10,0,0,0,8,2,8,0,0,8,8,16,0.3595505617977528,1.1047180667433834,0.04030226700251889,1488.75,794,397.0,158800,23820,587880.000,239349.8587972400000000000000,258852.8283070800000000000000,498202.6871043200000000000000,159078.9128956800000000000000,429080.000,1245161.60,869,0.3254681647940075,0,50,2,1,1,"2,1",0.8,0.2,0.0,111.375,0.0,40.125,0.8,0.2,0.0,111.375,0.0,6.25,2,0,0,0,0,0,0,0,8,2,0,0,8,2,0,0,0,0,1,44106,2.75,8,110.375,8,1.0,8,111.375,8,23.0,2,8,6.25,8
1335,1336,10,0,10,0,0,0,8,2,8,0,0,8,8,16,0.3592814371257485,1.1047180667433834,0.04030226700251889,1488.75,794,397.0,158800,23820,587880.000,239349.8587972400000000000000,258852.8283070800000000000000,498202.6871043200000000000000,159078.9128956800000000000000,429080.000,1245161.60,869,0.32522455089820357,0,50,2,1,1,"1,2",0.8,0.2,0.0,111.375,0.0,40.125,0.8,0.2,0.0,111.375,0.0,6.25,2,0,0,0,0,0,0,0,8,2,0,0,8,2,0,0,0,0,1,44106,2.75,8,110.375,8,1.0,8,111.375,8,23.0,2,8,6.25,8
1336,1337,10,0,10,0,0,0,8,2,8,0,0,8,8,16,0.3590127150336574,1.1047180667433834,0.04030226700251889,1488.75,794,397.0,158800,23820,587880.000,239349.8587972400000000000000,258852.8283070800000000000000,498202.6871043200000000000000,159078.9128956800000000000000,429080.000,1245161.60,869,0.324981301421092,0,50,2,1,1,"2,1",0.8,0.2,0.0,111.375,0.0,40.125,0.8,0.2,0.0,111.375,0.0,6.25,2,0,0,0,0,0,0,0,8,2,0,0,8,2,0,0,0,0,1,44106,2.75,8,110.375,8,1.0,8,111.375,8,23.0,2,8,6.25,8
1337,1338,10,0,10,0,0,0,8,2,8,0,0,8,8,16,0.35874439461883406,1.1047180667433834,0.04030226700251889,1488.75,794,397.0,158800,23820,587880.000,239349.8587972400000000000000,258852.8283070800000000000000,498202.6871043200000000000000,159078.9128956800000000000000,429080.000,1245161.60,869,0.3247384155455904,0,50,2,1,1,"1,2",0.8,0.2,0.0,111.375,0.0,40.125,0.8,0.2,0.0,111.375,0.0,6.25,2,0,0,0,0,0,0,0,8,2,0,0,8,2,0,0,0,0,1,44106,2.75,8,110.375,8,1.0,8,111.375,8,23.0,2,8,6.25,8
1338,1339,10,0,10,0,0,0,8,2,8,0,0,8,8,16,0.35847647498132934,1.1047180667433834,0.04030226700251889,1488.75,794,397.0,158800,23820,587880.000,239349.8587972400000000000000,258852.8283070800000000000000,498202.6871043200000000000000,159078.9128956800000000000000,429080.000,1245161.60,869,0.3244958924570575,0,50,2,1,1,"2,1",0.8,0.2,0.0,111.375,0.0,40.125,0.8,0.2,0.0,111.375,0.0,6.25,2,0,0,0,0,0,0,0,8,2,0,0,8,2,0,0,0,0,1,44106,2.75,8,110.375,8,1.0,8,111.375,8,23.0,2,8,6.25,8
1339,1340,10,0,10,0,0,0,8,2,8,0,0,8,8,16,0.35820895522388063,1.1047180667433834,0.04030226700251889,1488.75,794,397.0,158800,23820,587880.000,239349.8587972400000000000000,258852.8283070800000000000000,498202.6871043200000000000000,159078.9128956800000000000000,429080.000,1245161.60,869,0.32425373134328356,0,50,2,1,1,"2,1",0.8,0.2,0.0,111.375,0.0,40.125,0.8,0.2,0.0,111.375,0.0,6.25,2,0,0,0,0,0,0,0,8,2,0,0,8,2,0,0,0,0,1,44106,2.75,8,110.375,8,1.0,8,111.375,8,23.0,2,8,6.25,8
1340,1341,10,0,10,0,0,0,8,2,8,0,0,8,8,16,0.35794183445190153,1.1047180667433834,0.04030226700251889,1488.75,794,397.0,158800,23820,587880.000,239349.8587972400000000000000,258852.8283070800000000000000,498202.6871043200000000000000,159078.9128956800000000000000,429080.000,1245161.60,869,0.32401193139448176,0,50,2,1,1,"1,2",0.8,0.2,0.0,111.375,0.0,40.125,0.8,0.2,0.0,111.375,0.0,6.25,2,0,0,0,0,0,0,0,8,2,0,0,8,2,0,0,0,0,1,44106,2.75,8,110.375,8,1.0,8,111.375,8,23.0,2,8,6.25,8
1341,1342,10,0,10,0,0,0,8,2,8,0,0,8,8,16,0.35767511177347244,1.1047180667433834,0.04030226700251889,1488.75,794,397.0,158800,23820,587880.000,239349.8587972400000000000000,258852.8283070800000000000000,498202.6871043200000000000000,159078.9128956800000000000000,429080.000,1245161.60,869,0.3237704918032787,0,50,2,1,1,"2,1",0.8,0.2,0.0,111.375,0.0,40.125,0.8,0.2,0.0,111.375,0.0,6.25,2,0,0,0,0,0,0,0,8,2,0,0,8,2,0,0,0,0,1,44106,2.75,8,110.375,8,1.0,8,111.375,8,23.0,2,8,6.25,8
1342,1343,10,0,10,0,0,0,8,2,8,0,0,8,8,16,0.3574087862993299,1.1047180667433834,0.04030226700251889,1488.75,794,397.0,158800,23820,587880.000,239349.8587972400000000000000,258852.8283070800000000000000,498202.6871043200000000000000,159078.9128956800000000000000,429080.000,1245161.60,869,0.3235294117647059,0,50,2,1,1,"2,1",0.8,0.2,0.0,111.375,0.0,40.125,0.8,0.2,0.0,111.375,0.0,6.25,2,0,0,0,0,0,0,0,8,2,0,0,8,2,0,0,0,0,1,44106,2.75,8,110.375,8,1.0,8,111.375,8,23.0,2,8,6.25,8
1343,1344,10,0,10,0,0,0,8,2,8,0,0,8,8,16,0.35714285714285715,1.1047180667433834,0.04030226700251889,1488.75,794,397.0,158800,23820,587880.000,239349.8587972400000000000000,258852.8283070800000000000000,498202.6871043200000000000000,159078.9128956800000000000000,429080.000,1245161.60,869,0.32328869047619047,0,50,2,1,1,"1,2",0.8,0.2,0.0,111.375,0.0,40.125,0.8,0.2,0.0,111.375,0.0,6.25,2,0,0,0,0,0,0,0,8,2,0,0,8,2,0,0,0,0,1,44106,2.75,8,110.375,8,1.0,8,111.375,8,23.0,2,8,6.25,8
1344,1345,10,0,10,0,0,0,8,2,8,0,0,8,8,16,0.35687732342007433,1.1047180667433834,0.04030226700251889,1488.75,794,397.0,158800,23820,587880.000,239349.8587972400000000000000,258852.8283070800000000000000,498202.6871043200000000000000,159078.9128956800000000000000,429080.000,1245161.60,869,0.32304832713754644,0,50,2,1,1,"2,1",0.8,0.2,0.0,111.375,0.0,40.125,0.8,0.2,0.0,111.375,0.0,6.25,2,0,0,0,0,0,0,0,8,2,0,0,8,2,0,0,0,0,1,44106,2.75,8,110.375,8,1.0,8,111.375,8,23.0,2,8,6.25,8
1345,1346,10,0,10,0,0,0,8,2,8,0,0,8,8,16,0.35661218424962854,1.1047180667433834,0.04030226700251889,1488.75,794,397.0,158800,23820,587880.000,239349.8587972400000000000000,258852.8283070800000000000000,498202.6871043200000000000000,159078.9128956800000000000000,429080.000,1245161.60,869,0.32280832095096584,0,50,2,1,1,"1,2",0.8,0.2,0.0,111.375,0.0,40.125,0.8,0.2,0.0,111.375,0.0,6.25,2,0,0,0,0,0,0,0,8,2,0,0,8,2,0,0,0,0,1,44106,2.75,8,110.375,8,1.0,8,111.375,8,23.0,2,8,6.25,8
1346,1347,10,0,10,0,0,0,8,2,8,0,0,8,8,16,0.35634743875278396,1.1047180667433834,0.04030226700251889,1488.75,794,397.0,158800,23820,587880.000,239349.8587972400000000000000,258852.8283070800000000000000,498202.6871043200000000000000,159078.9128956800000000000000,429080.000,1245161.60,869,0.3225686711210097,0,50,2,1,1,"2,1",0.8,0.2,0.0,111.375,0.0,40.125,0.8,0.2,0.0,111.375,0.0,6.25,2,0,0,0,0,0,0,0,8,2,0,0,8,2,0,0,0,0,1,44106,2.75,8,110.375,8,1.0,8,111.375,8,23.0,2,8,6.25,8
1347,1348,10,0,10,0,0,0,8,2,8,0,0,8,8,16,0.3560830860534125,1.1047180667433834,0.04030226700251889,1488.75,794,397.0,158800,23820,587880.000,239349.8587972400000000000000,258852.8283070800000000000000,498202.6871043200000000000000,159078.9128956800000000000000,429080.000,1245161.60,869,0.3223293768545994,0,50,2,1,1,"1,2",0.8,0.2,0.0,111.375,0.0,40.125,0.8,0.2,0.0,111.375,0.0,6.25,2,0,0,0,0,0,0,0,8,2,0,0,8,2,0,0,0,0,1,44106,2.75,8,110.375,8,1.0,8,111.375,8,23.0,2,8,6.25,8
1348,1349,10,0,10,0,0,0,8,2,8,0,0,8,8,16,0.35581912527798365,1.1047180667433834,0.04030226700251889,1488.75,794,397.0,158800,23820,587880.000,239349.8587972400000000000000,258852.8283070800000000000000,498202.6871043200000000000000,159078.9128956800000000000000,429080.000,1245161.60,869,0.3220904373610082,0,50,2,1,1,"2,1",0.8,0.2,0.0,111.375,0.0,40.125,0.8,0.2,0.0,111.375,0.0,6.25,2,0,0,0,0,0,0,0,8,2,0,0,8,2,0,0,0,0,1,44106,2.75,8,110.375,8,1.0,8,111.375,8,23.0,2,8,6.25,8
1349,1350,10,0,10,0,0,0,8,2,8,0,0,8,8,16,0.35555555555555557,1.1047180667433834,0.04030226700251889,1488.75,794,397.0,158800,23820,587880.000,239349.8587972400000000000000,258852.8283070800000000000000,498202.6871043200000000000000,159078.9128956800000000000000,429080.000,1245161.60,869,0.32185185185185183,0,50,2,1,1,"1,2",0.8,0.2,0.0,111.375,0.0,40.125,0.8,0.2,0.0,111.375,0.0,6.25,2,0,0,0,0,0,0,0,8,2,0,0,8,2,0,0,0,0,1,44106,2.75,8,110.375,8,1.0,8,111.375,8,23.0,2,8,6.25,8
1350,1351,10,0,10,0,0,0,8,2,8,0,0,8,8,16,0.35529237601776464,1.1047180667433834,0.04030226700251889,1488.75,794,397.0,158800,23820,587880.000,239349.8587972400000000000000,258852.8283070800000000000000,498202.6871043200000000000000,159078.9128956800000000000000,429080.000,1245161.60,869,0.3216136195410807,0,50,2,1,1,"2,1",0.8,0.2,0.0,111.375,0.0,40.125,0.8,0.2,0.0,111.375,0.0,6.25,2,0,0,0,0,0,0,0,8,2,0,0,8,2,0,0,0,0,1,44106,2.75,8,110.375,8,1.0,8,111.375,8,23.0,2,8,6.25,8
1351,1352,10,0,10,0,0,0,8,2,8,0,0,8,8,16,0.35502958579881655,1.1047180667433834,0.04030226700251889,1488.75,794,397.0,158800,23820,587880.000,239349.8587972400000000000000,258852.8283070800000000000000,498202.6871043200000000000000,159078.9128956800000000000000,429080.000,1245161.60,869,0.3213757396449704,0,50,2,1,1,"2,1",0.8,0.2,0.0,111.375,0.0,40.125,0.8,0.2,0.0,111.375,0.0,6.25,2,0,0,0,0,0,0,0,8,2,0,0,8,2,0,0,0,0,1,44106,2.75,8,110.375,8,1.0,8,111.375,8,23.0,2,8,6.25,8
1352,1353,10,0,10,0,0,0,8,2,8,0,0,8,8,16,0.3547671840354767,1.1047180667433834,0.04030226700251889,1488.75,794,397.0,158800,23820,587880.000,239349.8587972400000000000000,258852.8283070800000000000000,498202.6871043200000000000000,159078.9128956800000000000000,429080.000,1245161.60,869,0.32113821138211385,0,50,2,1,1,"2,1",0.8,0.2,0.0,111.375,0.0,40.125,0.8,0.2,0.0,111.375,0.0,6.25,2,0,0,0,0,0,0,0,8,2,0,0,8,2,0,0,0,0,1,44106,2.75,8,110.375,8,1.0,8,111.375,8,23.0,2,8,6.25,8
1353,1354,10,0,10,0,0,0,8,2,8,0,0,8,8,16,0.35450516986706054,1.1047180667433834,0.04030226700251889,1488.75,794,397.0,158800,23820,587880.000,239349.8587972400000000000000,258852.8283070800000000000000,498202.6871043200000000000000,159078.9128956800000000000000,429080.000,1245161.60,869,0.32090103397341213,0,50,2,1,1,"1,2",0.8,0.2,0.0,111.375,0.0,40.125,0.8,0.2,0.0,111.375,0.0,6.25,2,0,0,0,0,0,0,0,8,2,0,0,8,2,0,0,0,0,1,44106,2.75,8,110.375,8,1.0,8,111.375,8,23.0,2,8,6.25,8
1354,1355,10,0,10,0,0,0,8,2,8,0,0,8,8,16,0.3542435424354244,1.1047180667433834,0.04030226700251889,1488.75,794,397.0,158800,23820,587880.000,239349.8587972400000000000000,258852.8283070800000000000000,498202.6871043200000000000000,159078.9128956800000000000000,429080.000,1245161.60,869,0.3206642066420664,0,50,2,1,1,"2,1",0.8,0.2,0.0,111.375,0.0,40.125,0.8,0.2,0.0,111.375,0.0,6.25,2,0,0,0,0,0,0,0,8,2,0,0,8,2,0,0,0,0,1,44106,2.75,8,110.375,8,1.0,8,111.375,8,23.0,2,8,6.25,8
1355,1356,10,0,10,0,0,0,8,2,8,0,0,8,8,16,0.35398230088495575,1.1047180667433834,0.04030226700251889,1488.75,794,397.0,158800,23820,587880.000,239349.8587972400000000000000,258852.8283070800000000000000,498202.6871043200000000000000,159078.9128956800000000000000,429080.000,1245161.60,869,0.32042772861356933,0,50,2,1,1,"2,1",0.8,0.2,0.0,111.375,0.0,40.125,0.8,0.2,0.0,111.375,0.0,6.25,2,0,0,0,0,0,0,0,8,2,0,0,8,2,0,0,0,0,1,44106,2.75,8,110.375,8,1.0,8,111.375,8,23.0,2,8,6.25,8
1356,1357,10,0,10,0,0,0,8,2,8,0,0,8,8,16,0.3537214443625645,1.1047180667433834,0.04030226700251889,1488.75,794,397.0,158800,23820,587880.000,239349.8587972400000000000000,258852.8283070800000000000000,498202.6871043200000000000000,159078.9128956800000000000000,429080.000,1245161.60,869,0.3201915991156964,0,50,2,1,1,"2,1",0.8,0.2,0.0,111.375,0.0,40.125,0.8,0.2,0.0,111.375,0.0,6.25,2,0,0,0,0,0,0,0,8,2,0,0,8,2,0,0,0,0,1,44106,2.75,8,110.375,8,1.0,8,111.375,8,23.0,2,8,6.25,8
1357,1358,10,0,10,0,0,0,8,2,8,0,0,8,8,16,0.35346097201767307,1.1047180667433834,0.04030226700251889,1488.75,794,397.0,158800,23820,587880.000,239349.8587972400000000000000,258852.8283070800000000000000,498202.6871043200000000000000,159078.9128956800000000000000,429080.000,1245161.60,869,0.31995581737849776,0,50,2,1,1,"1,2",0.8,0.2,0.0,111.375,0.0,40.125,0.8,0.2,0.0,111.375,0.0,6.25,2,0,0,0,0,0,0,0,8,2,0,0,8,2,0,0,0,0,1,44106,2.75,8,110.375,8,1.0,8,111.375,8,23.0,2,8,6.25,8
1358,1359,10,0,10,0,0,0,8,2,8,0,0,8,8,16,0.35320088300220753,1.1047180667433834,0.04030226700251889,1488.75,794,397.0,158800,23820,587880.000,239349.8587972400000000000000,258852.8283070800000000000000,498202.6871043200000000000000,159078.9128956800000000000000,429080.000,1245161.60,869,0.3197203826342899,0,50,2,1,1,"2,1",0.8,0.2,0.0,111.375,0.0,40.125,0.8,0.2,0.0,111.375,0.0,6.25,2,0,0,0,0,0,0,0,8,2,0,0,8,2,0,0,0,0,1,44106,2.75,8,110.375,8,1.0,8,111.375,8,23.0,2,8,6.25,8
1359,1360,10,0,10,0,0,0,8,2,8,0,0,8,8,16,0.3529411764705882,1.1047180667433834,0.04030226700251889,1488.75,794,397.0,158800,23820,587880.000,239349.8587972400000000000000,258852.8283070800000000000000,498202.6871043200000000000000,159078.9128956800000000000000,429080.000,1245161.60,869,0.31948529411764703,0,50,2,1,1,"1,2",0.8,0.2,0.0,111.375,0.0,40.125,0.8,0.2,0.0,111.375,0.0,6.25,2,0,0,0,0,0,0,0,8,2,0,0,8,2,0,0,0,0,1,44106,2.75,8,110.375,8,1.0,8,111.375,8,23.0,2,8,6.25,8
1360,1361,10,0,10,0,0,0,8,2,8,0,0,8,8,16,0.3526818515797208,1.1047180667433834,0.04030226700251889,1488.75,794,397.0,158800,23820,587880.000,239349.8587972400000000000000,258852.8283070800000000000000,498202.6871043200000000000000,159078.9128956800000000000000,429080.000,1245161.60,869,0.3192505510653931,0,50,2,1,1,"1,2",0.8,0.2,0.0,111.375,0.0,40.125,0.8,0.2,0.0,111.375,0.0,6.25,2,0,0,0,0,0,0,0,8,2,0,0,8,2,0,0,0,0,1,44106,2.75,8,110.375,8,1.0,8,111.375,8,23.0,2,8,6.25,8
1361,1362,10,0,10,0,0,0,8,2,8,0,0,8,8,16,0.3524229074889868,1.1047180667433834,0.04030226700251889,1488.75,794,397.0,158800,23820,587880.000,239349.8587972400000000000000,258852.8283070800000000000000,498202.6871043200000000000000,159078.9128956800000000000000,429080.000,1245161.60,869,0.3190161527165932,0,50,2,1,1,"2,1",0.8,0.2,0.0,111.375,0.0,40.125,0.8,0.2,0.0,111.375,0.0,6.25,2,0,0,0,0,0,0,0,8,2,0,0,8,2,0,0,0,0,1,44106,2.75,8,110.375,8,1.0,8,111.375,8,23.0,2,8,6.25,8
1362,1363,10,0,10,0,0,0,8,2,8,0,0,8,8,16,0.3521643433602348,1.1047180667433834,0.04030226700251889,1488.75,794,397.0,158800,23820,587880.000,239349.8587972400000000000000,258852.8283070800000000000000,498202.6871043200000000000000,159078.9128956800000000000000,429080.000,1245161.60,869,0.31878209831254584,0,50,2,1,1,"1,2",0.8,0.2,0.0,111.375,0.0,40.125,0.8,0.2,0.0,111.375,0.0,6.25,2,0,0,0,0,0,0,0,8,2,0,0,8,2,0,0,0,0,1,44106,2.75,8,110.375,8,1.0,8,111.375,8,23.0,2,8,6.25,8
1363,1364,10,0,10,0,0,0,8,2,8,0,0,8,8,16,0.3519061583577712,1.1047180667433834,0.04030226700251889,1488.75,794,397.0,158800,23820,587880.000,239349.8587972400000000000000,258852.8283070800000000000000,498202.6871043200000000000000,159078.9128956800000000000000,429080.000,1245161.60,869,0.3185483870967742,0,50,2,1,1,"1,2",0.8,0.2,0.0,111.375,0.0,40.125,0.8,0.2,0.0,111.375,0.0,6.25,2,0,0,0,0,0,0,0,8,2,0,0,8,2,0,0,0,0,1,44106,2.75,8,110.375,8,1.0,8,111.375,8,23.0,2,8,6.25,8
1364,1365,10,0,10,0,0,0,8,2,8,0,0,8,8,16,0.3516483516483517,1.1047180667433834,0.04030226700251889,1488.75,794,397.0,158800,23820,587880.000,239349.8587972400000000000000,258852.8283070800000000000000,498202.6871043200000000000000,159078.9128956800000000000000,429080.000,1245161.60,869,0.3183150183150183,0,50,2,1,1,"1,2",0.8,0.2,0.0,111.375,0.0,40.125,0.8,0.2,0.0,111.375,0.0,6.25,2,0,0,0,0,0,0,0,8,2,0,0,8,2,0,0,0,0,1,44106,2.75,8,110.375,8,1.0,8,111.375,8,23.0,2,8,6.25,8
1365,1366,10,0,10,0,0,0,8,2,8,0,0,8,8,16,0.3513909224011713,1.1047180667433834,0.04030226700251889,1488.75,794,397.0,158800,23820,587880.000,239349.8587972400000000000000,258852.8283070800000000000000,498202.6871043200000000000000,159078.9128956800000000000000,429080.000,1245161.60,869,0.31808199121522696,0,50,2,1,1,"2,1",0.8,0.2,0.0,111.375,0.0,40.125,0.8,0.2,0.0,111.375,0.0,6.25,2,0,0,0,0,0,0,0,8,2,0,0,8,2,0,0,0,0,1,44106,2.75,8,110.375,8,1.0,8,111.375,8,23.0,2,8,6.25,8
1366,1367,10,0,10,0,0,0,8,2,8,0,0,8,8,16,0.3511338697878566,1.1047180667433834,0.04030226700251889,1488.75,794,397.0,158800,23820,587880.000,239349.8587972400000000000000,258852.8283070800000000000000,498202.6871043200000000000000,159078.9128956800000000000000,429080.000,1245161.60,869,0.3178493050475494,0,50,2,1,1,"1,2",0.8,0.2,0.0,111.375,0.0,40.125,0.8,0.2,0.0,111.375,0.0,6.25,2,0,0,0,0,0,0,0,8,2,0,0,8,2,0,0,0,0,1,44106,2.75,8,110.375,8,1.0,8,111.375,8,23.0,2,8,6.25,8
1367,1368,10,0,10,0,0,0,8,2,8,0,0,8,8,16,0.3508771929824561,1.1047180667433834,0.04030226700251889,1488.75,794,397.0,158800,23820,587880.000,239349.8587972400000000000000,258852.8283070800000000000000,498202.6871043200000000000000,159078.9128956800000000000000,429080.000,1245161.60,869,0.31761695906432746,0,50,2,1,1,"1,2",0.8,0.2,0.0,111.375,0.0,40.125,0.8,0.2,0.0,111.375,0.0,6.25,2,0,0,0,0,0,0,0,8,2,0,0,8,2,0,0,0,0,1,44106,2.75,8,110.375,8,1.0,8,111.375,8,23.0,2,8,6.25,8
1368,1369,10,0,10,0,0,0,8,2,8,0,0,8,8,16,0.3506208911614317,1.1047180667433834,0.04030226700251889,1488.75,794,397.0,158800,23820,587880.000,239349.8587972400000000000000,258852.8283070800000000000000,498202.6871043200000000000000,159078.9128956800000000000000,429080.000,1245161.60,869,0.31738495252008764,0,50,2,1,1,"2,1",0.8,0.2,0.0,111.375,0.0,40.125,0.8,0.2,0.0,111.375,0.0,6.25,2,0,0,0,0,0,0,0,8,2,0,0,8,2,0,0,0,0,1,44106,2.75,8,110.375,8,1.0,8,111.375,8,23.0,2,8,6.25,8
1369,1370,10,0,10,0,0,0,8,2,8,0,0,8,8,16,0.35036496350364965,1.1047180667433834,0.04030226700251889,1488.75,794,397.0,158800,23820,587880.000,239349.8587972400000000000000,258852.8283070800000000000000,498202.6871043200000000000000,159078.9128956800000000000000,429080.000,1245161.60,869,0.31715328467153286,0,50,2,1,1,"2,1",0.8,0.2,0.0,111.375,0.0,40.125,0.8,0.2,0.0,111.375,0.0,6.25,2,0,0,0,0,0,0,0,8,2,0,0,8,2,0,0,0,0,1,44106,2.75,8,110.375,8,1.0,8,111.375,8,23.0,2,8,6.25,8
1370,1371,10,0,10,0,0,0,8,2,8,0,0,8,8,16,0.350109409190372,1.1047180667433834,0.04030226700251889,1488.75,794,397.0,158800,23820,587880.000,239349.8587972400000000000000,258852.8283070800000000000000,498202.6871043200000000000000,159078.9128956800000000000000,429080.000,1245161.60,869,0.31692195477753465,0,50,2,1,1,"2,1",0.8,0.2,0.0,111.375,0.0,40.125,0.8,0.2,0.0,111.375,0.0,6.25,2,0,0,0,0,0,0,0,8,2,0,0,8,2,0,0,0,0,1,44106,2.75,8,110.375,8,1.0,8,111.375,8,23.0,2,8,6.25,8
1371,1372,10,0,10,0,0,0,8,2,8,0,0,8,8,16,0.3498542274052478,1.1047180667433834,0.04030226700251889,1488.75,794,397.0,158800,23820,587880.000,239349.8587972400000000000000,258852.8283070800000000000000,498202.6871043200000000000000,159078.9128956800000000000000,429080.000,1245161.60,869,0.31669096209912534,0,50,2,1,1,"2,1",0.8,0.2,0.0,111.375,0.0,40.125,0.8,0.2,0.0,111.375,0.0,6.25,2,0,0,0,0,0,0,0,8,2,0,0,8,2,0,0,0,0,1,44106,2.75,8,110.375,8,1.0,8,111.375,8,23.0,2,8,6.25,8
1372,1373,10,0,10,0,0,0,8,2,8,0,0,8,8,16,0.34959941733430444,1.1047180667433834,0.04030226700251889,1488.75,794,397.0,158800,23820,587880.000,239349.8587972400000000000000,258852.8283070800000000000000,498202.6871043200000000000000,159078.9128956800000000000000,429080.000,1245161.60,869,0.31646030589949015,0,50,2,1,1,"2,1",0.8,0.2,0.0,111.375,0.0,40.125,0.8,0.2,0.0,111.375,0.0,6.25,2,0,0,0,0,0,0,0,8,2,0,0,8,2,0,0,0,0,1,44106,2.75,8,110.375,8,1.0,8,111.375,8,23.0,2,8,6.25,8
1373,1374,10,0,10,0,0,0,8,2,8,0,0,8,8,16,0.3493449781659389,1.1047180667433834,0.04030226700251889,1488.75,794,397.0,158800,23820,587880.000,239349.8587972400000000000000,258852.8283070800000000000000,498202.6871043200000000000000,159078.9128956800000000000000,429080.000,1245161.60,869,0.31622998544395925,0,50,2,1,1,"1,2",0.8,0.2,0.0,111.375,0.0,40.125,0.8,0.2,0.0,111.375,0.0,6.25,2,0,0,0,0,0,0,0,8,2,0,0,8,2,0,0,0,0,1,44106,2.75,8,110.375,8,1.0,8,111.375,8,23.0,2,8,6.25,8
1374,1375,10,0,10,0,0,0,8,2,8,0,0,8,8,16,0.34909090909090906,1.1047180667433834,0.04030226700251889,1488.75,794,397.0,158800,23820,587880.000,239349.8587972400000000000000,258852.8283070800000000000000,498202.6871043200000000000000,159078.9128956800000000000000,429080.000,1245161.60,869,0.316,0,50,2,1,1,"1,2",0.8,0.2,0.0,111.375,0.0,40.125,0.8,0.2,0.0,111.375,0.0,6.25,2,0,0,0,0,0,0,0,8,2,0,0,8,2,0,0,0,0,1,44106,2.75,8,110.375,8,1.0,8,111.375,8,23.0,2,8,6.25,8
1375,1376,10,0,10,0,0,0,8,2,8,0,0,8,8,16,0.3488372093023256,1.1047180667433834,0.04030226700251889,1488.75,794,397.0,158800,23820,587880.000,239349.8587972400000000000000,258852.8283070800000000000000,498202.6871043200000000000000,159078.9128956800000000000000,429080.000,1245161.60,869,0.3157703488372093,0,50,2,1,1,"1,2",0.8,0.2,0.0,111.375,0.0,40.125,0.8,0.2,0.0,111.375,0.0,6.25,2,0,0,0,0,0,0,0,8,2,0,0,8,2,0,0,0,0,1,44106,2.75,8,110.375,8,1.0,8,111.375,8,23.0,2,8,6.25,8
1376,1377,10,0,10,0,0,0,8,2,8,0,0,8,8,16,0.3485838779956427,1.1047180667433834,0.04030226700251889,1488.75,794,397.0,158800,23820,587880.000,239349.8587972400000000000000,258852.8283070800000000000000,498202.6871043200000000000000,159078.9128956800000000000000,429080.000,1245161.60,869,0.31554103122730576,0,50,2,1,1,"2,1",0.8,0.2,0.0,111.375,0.0,40.125,0.8,0.2,0.0,111.375,0.0,6.25,2,0,0,0,0,0,0,0,8,2,0,0,8,2,0,0,0,0,1,44106,2.75,8,110.375,8,1.0,8,111.375,8,23.0,2,8,6.25,8
1377,1378,10,0,10,0,0,0,8,2,8,0,0,8,8,16,0.34833091436865027,1.1047180667433834,0.04030226700251889,1488.75,794,397.0,158800,23820,587880.000,239349.8587972400000000000000,258852.8283070800000000000000,498202.6871043200000000000000,159078.9128956800000000000000,429080.000,1245161.60,869,0.3153120464441219,0,50,2,1,1,"2,1",0.8,0.2,0.0,111.375,0.0,40.125,0.8,0.2,0.0,111.375,0.0,6.25,2,0,0,0,0,0,0,0,8,2,0,0,8,2,0,0,0,0,1,44106,2.75,8,110.375,8,1.0,8,111.375,8,23.0,2,8,6.25,8
1378,1379,10,0,10,0,0,0,8,2,8,0,0,8,8,16,0.3480783176214648,1.1047180667433834,0.04030226700251889,1488.75,794,397.0,158800,23820,587880.000,239349.8587972400000000000000,258852.8283070800000000000000,498202.6871043200000000000000,159078.9128956800000000000000,429080.000,1245161.60,869,0.3150833937635968,0,50,2,1,1,"2,1",0.8,0.2,0.0,111.375,0.0,40.125,0.8,0.2,0.0,111.375,0.0,6.25,2,0,0,0,0,0,0,0,8,2,0,0,8,2,0,0,0,0,1,44106,2.75,8,110.375,8,1.0,8,111.375,8,23.0,2,8,6.25,8
1379,1380,10,0,10,0,0,0,8,2,8,0,0,8,8,16,0.34782608695652173,1.1047180667433834,0.04030226700251889,1488.75,794,397.0,158800,23820,587880.000,239349.8587972400000000000000,258852.8283070800000000000000,498202.6871043200000000000000,159078.9128956800000000000000,429080.000,1245161.60,869,0.3148550724637681,0,50,2,1,1,"1,2",0.8,0.2,0.0,111.375,0.0,40.125,0.8,0.2,0.0,111.375,0.0,6.25,2,0,0,0,0,0,0,0,8,2,0,0,8,2,0,0,0,0,1,44106,2.75,8,110.375,8,1.0,8,111.375,8,23.0,2,8,6.25,8
1380,1381,10,0,10,0,0,0,8,2,8,0,0,8,8,16,0.34757422157856627,1.1047180667433834,0.04030226700251889,1488.75,794,397.0,158800,23820,587880.000,239349.8587972400000000000000,258852.8283070800000000000000,498202.6871043200000000000000,159078.9128956800000000000000,429080.000,1245161.60,869,0.3146270818247647,0,50,2,1,1,"2,1",0.8,0.2,0.0,111.375,0.0,40.125,0.8,0.2,0.0,111.375,0.0,6.25,2,0,0,0,0,0,0,0,8,2,0,0,8,2,0,0,0,0,1,44106,2.75,8,110.375,8,1.0,8,111.375,8,23.0,2,8,6.25,8
1381,1382,10,0,10,0,0,0,8,2,8,0,0,8,8,16,0.3473227206946454,1.1047180667433834,0.04030226700251889,1488.75,794,397.0,158800,23820,587880.000,239349.8587972400000000000000,258852.8283070800000000000000,498202.6871043200000000000000,159078.9128956800000000000000,429080.000,1245161.60,869,0.3143994211287988,0,50,2,1,1,"1,2",0.8,0.2,0.0,111.375,0.0,40.125,0.8,0.2,0.0,111.375,0.0,6.25,2,0,0,0,0,0,0,0,8,2,0,0,8,2,0,0,0,0,1,44106,2.75,8,110.375,8,1.0,8,111.375,8,23.0,2,8,6.25,8
1382,1383,10,0,10,0,0,0,8,2,8,0,0,8,8,16,0.3470715835140998,1.1047180667433834,0.04030226700251889,1488.75,794,397.0,158800,23820,587880.000,239349.8587972400000000000000,258852.8283070800000000000000,498202.6871043200000000000000,159078.9128956800000000000000,429080.000,1245161.60,869,0.3141720896601591,0,50,2,1,1,"2,1",0.8,0.2,0.0,111.375,0.0,40.125,0.8,0.2,0.0,111.375,0.0,6.25,2,0,0,0,0,0,0,0,8,2,0,0,8,2,0,0,0,0,1,44106,2.75,8,110.375,8,1.0,8,111.375,8,23.0,2,8,6.25,8
1383,1384,10,0,10,0,0,0,8,2,8,0,0,8,8,16,0.3468208092485549,1.1047180667433834,0.04030226700251889,1488.75,794,397.0,158800,23820,587880.000,239349.8587972400000000000000,258852.8283070800000000000000,498202.6871043200000000000000,159078.9128956800000000000000,429080.000,1245161.60,869,0.3139450867052023,0,50,2,1,1,"1,2",0.8,0.2,0.0,111.375,0.0,40.125,0.8,0.2,0.0,111.375,0.0,6.25,2,0,0,0,0,0,0,0,8,2,0,0,8,2,0,0,0,0,1,44106,2.75,8,110.375,8,1.0,8,111.375,8,23.0,2,8,6.25,8
1384,1385,10,0,10,0,0,0,8,2,8,0,0,8,8,16,0.3465703971119134,1.1047180667433834,0.04030226700251889,1488.75,794,397.0,158800,23820,587880.000,239349.8587972400000000000000,258852.8283070800000000000000,498202.6871043200000000000000,159078.9128956800000000000000,429080.000,1245161.60,869,0.3137184115523466,0,50,2,1,1,"1,2",0.8,0.2,0.0,111.375,0.0,40.125,0.8,0.2,0.0,111.375,0.0,6.25,2,0,0,0,0,0,0,0,8,2,0,0,8,2,0,0,0,0,1,44106,2.75,8,110.375,8,1.0,8,111.375,8,23.0,2,8,6.25,8
1385,1386,10,0,10,0,0,0,8,2,8,0,0,8,8,16,0.3463203463203463,1.1047180667433834,0.04030226700251889,1488.75,794,397.0,158800,23820,587880.000,239349.8587972400000000000000,258852.8283070800000000000000,498202.6871043200000000000000,159078.9128956800000000000000,429080.000,1245161.60,869,0.3134920634920635,0,50,2,1,1,"2,1",0.8,0.2,0.0,111.375,0.0,40.125,0.8,0.2,0.0,111.375,0.0,6.25,2,0,0,0,0,0,0,0,8,2,0,0,8,2,0,0,0,0,1,44106,2.75,8,110.375,8,1.0,8,111.375,8,23.0,2,8,6.25,8
1386,1387,10,0,10,0,0,0,8,2,8,0,0,8,8,16,0.3460706560922855,1.1047180667433834,0.04030226700251889,1488.75,794,397.0,158800,23820,587880.000,239349.8587972400000000000000,258852.8283070800000000000000,498202.6871043200000000000000,159078.9128956800000000000000,429080.000,1245161.60,869,0.31326604181687095,0,50,2,1,1,"1,2",0.8,0.2,0.0,111.375,0.0,40.125,0.8,0.2,0.0,111.375,0.0,6.25,2,0,0,0,0,0,0,0,8,2,0,0,8,2,0,0,0,0,1,44106,2.75,8,110.375,8,1.0,8,111.375,8,23.0,2,8,6.25,8
1387,1388,10,0,10,0,0,0,8,2,8,0,0,8,8,16,0.345821325648415,1.1047180667433834,0.04030226700251889,1488.75,794,397.0,158800,23820,587880.000,239349.8587972400000000000000,258852.8283070800000000000000,498202.6871043200000000000000,159078.9128956800000000000000,429080.000,1245161.60,869,0.31304034582132567,0,50,2,1,1,"2,1",0.8,0.2,0.0,111.375,0.0,40.125,0.8,0.2,0.0,111.375,0.0,6.25,2,0,0,0,0,0,0,0,8,2,0,0,8,2,0,0,0,0,1,44106,2.75,8,110.375,8,1.0,8,111.375,8,23.0,2,8,6.25,8
1388,1389,10,0,10,0,0,0,8,2,8,0,0,8,8,16,0.3455723542116631,1.1047180667433834,0.04030226700251889,1488.75,794,397.0,158800,23820,587880.000,239349.8587972400000000000000,258852.8283070800000000000000,498202.6871043200000000000000,159078.9128956800000000000000,429080.000,1245161.60,869,0.31281497480201587,0,50,2,1,1,"2,1",0.8,0.2,0.0,111.375,0.0,40.125,0.8,0.2,0.0,111.375,0.0,6.25,2,0,0,0,0,0,0,0,8,2,0,0,8,2,0,0,0,0,1,44106,2.75,8,110.375,8,1.0,8,111.375,8,23.0,2,8,6.25,8
1389,1390,10,0,10,0,0,0,8,2,8,0,0,8,8,16,0.3453237410071942,1.1047180667433834,0.04030226700251889,1488.75,794,397.0,158800,23820,587880.000,239349.8587972400000000000000,258852.8283070800000000000000,498202.6871043200000000000000,159078.9128956800000000000000,429080.000,1245161.60,869,0.312589928057554,0,50,2,1,1,"1,2",0.8,0.2,0.0,111.375,0.0,40.125,0.8,0.2,0.0,111.375,0.0,6.25,2,0,0,0,0,0,0,0,8,2,0,0,8,2,0,0,0,0,1,44106,2.75,8,110.375,8,1.0,8,111.375,8,23.0,2,8,6.25,8
1390,1391,10,0,10,0,0,0,8,2,8,0,0,8,8,16,0.34507548526240117,1.1047180667433834,0.04030226700251889,1488.75,794,397.0,158800,23820,587880.000,239349.8587972400000000000000,258852.8283070800000000000000,498202.6871043200000000000000,159078.9128956800000000000000,429080.000,1245161.60,869,0.3123652048885694,0,50,2,1,1,"1,2",0.8,0.2,0.0,111.375,0.0,40.125,0.8,0.2,0.0,111.375,0.0,6.25,2,0,0,0,0,0,0,0,8,2,0,0,8,2,0,0,0,0,1,44106,2.75,8,110.375,8,1.0,8,111.375,8,23.0,2,8,6.25,8
1391,1392,10,0,10,0,0,0,8,2,8,0,0,8,8,16,0.3448275862068966,1.1047180667433834,0.04030226700251889,1488.75,794,397.0,158800,23820,587880.000,239349.8587972400000000000000,258852.8283070800000000000000,498202.6871043200000000000000,159078.9128956800000000000000,429080.000,1245161.60,869,0.31214080459770116,0,50,2,1,1,"2,1",0.8,0.2,0.0,111.375,0.0,40.125,0.8,0.2,0.0,111.375,0.0,6.25,2,0,0,0,0,0,0,0,8,2,0,0,8,2,0,0,0,0,1,44106,2.75,8,110.375,8,1.0,8,111.375,8,23.0,2,8,6.25,8
1392,1393,10,0,10,0,0,0,8,2,8,0,0,8,8,16,0.3445800430725054,1.1047180667433834,0.04030226700251889,1488.75,794,397.0,158800,23820,587880.000,239349.8587972400000000000000,258852.8283070800000000000000,498202.6871043200000000000000,159078.9128956800000000000000,429080.000,1245161.60,869,0.3119167264895908,0,50,2,1,1,"2,1",0.8,0.2,0.0,111.375,0.0,40.125,0.8,0.2,0.0,111.375,0.0,6.25,2,0,0,0,0,0,0,0,8,2,0,0,8,2,0,0,0,0,1,44106,2.75,8,110.375,8,1.0,8,111.375,8,23.0,2,8,6.25,8
1393,1394,10,0,10,0,0,0,8,2,8,0,0,8,8,16,0.3443328550932568,1.1047180667433834,0.04030226700251889,1488.75,794,397.0,158800,23820,587880.000,239349.8587972400000000000000,258852.8283070800000000000000,498202.6871043200000000000000,159078.9128956800000000000000,429080.000,1245161.60,869,0.3116929698708752,0,50,2,1,1,"2,1",0.8,0.2,0.0,111.375,0.0,40.125,0.8,0.2,0.0,111.375,0.0,6.25,2,0,0,0,0,0,0,0,8,2,0,0,8,2,0,0,0,0,1,44106,2.75,8,110.375,8,1.0,8,111.375,8,23.0,2,8,6.25,8
1394,1395,10,0,10,0,0,0,8,2,8,0,0,8,8,16,0.34408602150537637,1.1047180667433834,0.04030226700251889,1488.75,794,397.0,158800,23820,587880.000,239349.8587972400000000000000,258852.8283070800000000000000,498202.6871043200000000000000,159078.9128956800000000000000,429080.000,1245161.60,869,0.3114695340501792,0,50,2,1,1,"2,1",0.8,0.2,0.0,111.375,0.0,40.125,0.8,0.2,0.0,111.375,0.0,6.25,2,0,0,0,0,0,0,0,8,2,0,0,8,2,0,0,0,0,1,44106,2.75,8,110.375,8,1.0,8,111.375,8,23.0,2,8,6.25,8
1395,1396,10,0,10,0,0,0,8,2,8,0,0,8,8,16,0.34383954154727797,1.1047180667433834,0.04030226700251889,1488.75,794,397.0,158800,23820,587880.000,239349.8587972400000000000000,258852.8283070800000000000000,498202.6871043200000000000000,159078.9128956800000000000000,429080.000,1245161.60,869,0.3112464183381089,0,50,2,1,1,"2,1",0.8,0.2,0.0,111.375,0.0,40.125,0.8,0.2,0.0,111.375,0.0,6.25,2,0,0,0,0,0,0,0,8,2,0,0,8,2,0,0,0,0,1,44106,2.75,8,110.375,8,1.0,8,111.375,8,23.0,2,8,6.25,8
1396,1397,10,0,10,0,0,0,8,2,8,0,0,8,8,16,0.34359341445955616,1.1047180667433834,0.04030226700251889,1488.75,794,397.0,158800,23820,587880.000,239349.8587972400000000000000,258852.8283070800000000000000,498202.6871043200000000000000,159078.9128956800000000000000,429080.000,1245161.60,869,0.3110236220472441,0,50,2,1,1,"2,1",0.8,0.2,0.0,111.375,0.0,40.125,0.8,0.2,0.0,111.375,0.0,6.25,2,0,0,0,0,0,0,0,8,2,0,0,8,2,0,0,0,0,1,44106,2.75,8,110.375,8,1.0,8,111.375,8,23.0,2,8,6.25,8
1397,1398,10,0,10,0,0,0,8,2,8,0,0,8,8,16,0.34334763948497854,1.1047180667433834,0.04030226700251889,1488.75,794,397.0,158800,23820,587880.000,239349.8587972400000000000000,258852.8283070800000000000000,498202.6871043200000000000000,159078.9128956800000000000000,429080.000,1245161.60,869,0.31080114449213164,0,50,2,1,1,"1,2",0.8,0.2,0.0,111.375,0.0,40.125,0.8,0.2,0.0,111.375,0.0,6.25,2,0,0,0,0,0,0,0,8,2,0,0,8,2,0,0,0,0,1,44106,2.75,8,110.375,8,1.0,8,111.375,8,23.0,2,8,6.25,8
1398,1399,10,0,10,0,0,0,8,2,8,0,0,8,8,16,0.3431022158684775,1.1047180667433834,0.04030226700251889,1488.75,794,397.0,158800,23820,587880.000,239349.8587972400000000000000,258852.8283070800000000000000,498202.6871043200000000000000,159078.9128956800000000000000,429080.000,1245161.60,869,0.31057898498927805,0,50,2,1,1,"2,1",0.8,0.2,0.0,111.375,0.0,40.125,0.8,0.2,0.0,111.375,0.0,6.25,2,0,0,0,0,0,0,0,8,2,0,0,8,2,0,0,0,0,1,44106,2.75,8,110.375,8,1.0,8,111.375,8,23.0,2,8,6.25,8
1399,1400,10,0,10,0,0,0,8,2,8,0,0,8,8,16,0.34285714285714286,1.1047180667433834,0.04030226700251889,1488.75,794,397.0,158800,23820,587880.000,239349.8587972400000000000000,258852.8283070800000000000000,498202.6871043200000000000000,159078.9128956800000000000000,429080.000,1245161.60,869,0.31035714285714283,0,50,2,1,1,"1,2",0.8,0.2,0.0,111.375,0.0,40.125,0.8,0.2,0.0,111.375,0.0,6.25,2,0,0,0,0,0,0,0,8,2,0,0,8,2,0,0,0,0,1,44106,2.75,8,110.375,8,1.0,8,111.375,8,23.0,2,8,6.25,8
1400,1401,10,0,10,0,0,0,8,2,8,0,0,8,8,16,0.3426124197002141,1.1047180667433834,0.04030226700251889,1488.75,794,397.0,158800,23820,587880.000,239349.8587972400000000000000,258852.8283070800000000000000,498202.6871043200000000000000,159078.9128956800000000000000,429080.000,1245161.60,869,0.3101356174161313,0,50,2,1,1,"1,2",0.8,0.2,0.0,111.375,0.0,40.125,0.8,0.2,0.0,111.375,0.0,6.25,2,0,0,0,0,0,0,0,8,2,0,0,8,2,0,0,0,0,1,44106,2.75,8,110.375,8,1.0,8,111.375,8,23.0,2,8,6.25,8
1401,1402,10,0,10,0,0,0,8,2,8,0,0,8,8,16,0.34236804564907275,1.1047180667433834,0.04030226700251889,1488.75,794,397.0,158800,23820,587880.000,239349.8587972400000000000000,258852.8283070800000000000000,498202.6871043200000000000000,159078.9128956800000000000000,429080.000,1245161.60,869,0.3099144079885877,0,50,2,1,1,"2,1",0.8,0.2,0.0,111.375,0.0,40.125,0.8,0.2,0.0,111.375,0.0,6.25,2,0,0,0,0,0,0,0,8,2,0,0,8,2,0,0,0,0,1,44106,2.75,8,110.375,8,1.0,8,111.375,8,23.0,2,8,6.25,8
1402,1403,10,0,10,0,0,0,8,2,8,0,0,8,8,16,0.3421240199572345,1.1047180667433834,0.04030226700251889,1488.75,794,397.0,158800,23820,587880.000,239349.8587972400000000000000,258852.8283070800000000000000,498202.6871043200000000000000,159078.9128956800000000000000,429080.000,1245161.60,869,0.3096935138987883,0,50,2,1,1,"2,1",0.8,0.2,0.0,111.375,0.0,40.125,0.8,0.2,0.0,111.375,0.0,6.25,2,0,0,0,0,0,0,0,8,2,0,0,8,2,0,0,0,0,1,44106,2.75,8,110.375,8,1.0,8,111.375,8,23.0,2,8,6.25,8
1403,1404,10,0,10,0,0,0,8,2,8,0,0,8,8,16,0.3418803418803419,1.1047180667433834,0.04030226700251889,1488.75,794,397.0,158800,23820,587880.000,239349.8587972400000000000000,258852.8283070800000000000000,498202.6871043200000000000000,159078.9128956800000000000000,429080.000,1245161.60,869,0.30947293447293445,0,50,2,1,1,"2,1",0.8,0.2,0.0,111.375,0.0,40.125,0.8,0.2,0.0,111.375,0.0,6.25,2,0,0,0,0,0,0,0,8,2,0,0,8,2,0,0,0,0,1,44106,2.75,8,110.375,8,1.0,8,111.375,8,23.0,2,8,6.25,8
1404,1405,10,0,10,0,0,0,8,2,8,0,0,8,8,16,0.3416370106761566,1.1047180667433834,0.04030226700251889,1488.75,794,397.0,158800,23820,587880.000,239349.8587972400000000000000,258852.8283070800000000000000,498202.6871043200000000000000,159078.9128956800000000000000,429080.000,1245161.60,869,0.3092526690391459,0,50,2,1,1,"2,1",0.8,0.2,0.0,111.375,0.0,40.125,0.8,0.2,0.0,111.375,0.0,6.25,2,0,0,0,0,0,0,0,8,2,0,0,8,2,0,0,0,0,1,44106,2.75,8,110.375,8,1.0,8,111.375,8,23.0,2,8,6.25,8
1405,1406,10,0,10,0,0,0,8,2,8,0,0,8,8,16,0.3413940256045519,1.1047180667433834,0.04030226700251889,1488.75,794,397.0,158800,23820,587880.000,239349.8587972400000000000000,258852.8283070800000000000000,498202.6871043200000000000000,159078.9128956800000000000000,429080.000,1245161.60,869,0.30903271692745377,0,50,2,1,1,"2,1",0.8,0.2,0.0,111.375,0.0,40.125,0.8,0.2,0.0,111.375,0.0,6.25,2,0,0,0,0,0,0,0,8,2,0,0,8,2,0,0,0,0,1,44106,2.75,8,110.375,8,1.0,8,111.375,8,23.0,2,8,6.25,8
1406,1407,10,0,10,0,0,0,8,2,8,0,0,8,8,16,0.3411513859275053,1.1047180667433834,0.04030226700251889,1488.75,794,397.0,158800,23820,587880.000,239349.8587972400000000000000,258852.8283070800000000000000,498202.6871043200000000000000,159078.9128956800000000000000,429080.000,1245161.60,869,0.30881307746979386,0,50,2,1,1,"1,2",0.8,0.2,0.0,111.375,0.0,40.125,0.8,0.2,0.0,111.375,0.0,6.25,2,0,0,0,0,0,0,0,8,2,0,0,8,2,0,0,0,0,1,44106,2.75,8,110.375,8,1.0,8,111.375,8,23.0,2,8,6.25,8
1407,1408,10,0,10,0,0,0,8,2,8,0,0,8,8,16,0.34090909090909094,1.1047180667433834,0.04030226700251889,1488.75,794,397.0,158800,23820,587880.000,239349.8587972400000000000000,258852.8283070800000000000000,498202.6871043200000000000000,159078.9128956800000000000000,429080.000,1245161.60,869,0.30859375,0,50,2,1,1,"2,1",0.8,0.2,0.0,111.375,0.0,40.125,0.8,0.2,0.0,111.375,0.0,6.25,2,0,0,0,0,0,0,0,8,2,0,0,8,2,0,0,0,0,1,44106,2.75,8,110.375,8,1.0,8,111.375,8,23.0,2,8,6.25,8
1408,1409,10,0,10,0,0,0,8,2,8,0,0,8,8,16,0.340667139815472,1.1047180667433834,0.04030226700251889,1488.75,794,397.0,158800,23820,587880.000,239349.8587972400000000000000,258852.8283070800000000000000,498202.6871043200000000000000,159078.9128956800000000000000,429080.000,1245161.60,869,0.30837473385379705,0,50,2,1,1,"1,2",0.8,0.2,0.0,111.375,0.0,40.125,0.8,0.2,0.0,111.375,0.0,6.25,2,0,0,0,0,0,0,0,8,2,0,0,8,2,0,0,0,0,1,44106,2.75,8,110.375,8,1.0,8,111.375,8,23.0,2,8,6.25,8
1409,1410,10,0,10,0,0,0,8,2,8,0,0,8,8,16,0.3404255319148936,1.1047180667433834,0.04030226700251889,1488.75,794,397.0,158800,23820,587880.000,239349.8587972400000000000000,258852.8283070800000000000000,498202.6871043200000000000000,159078.9128956800000000000000,429080.000,1245161.60,869,0.3081560283687943,0,50,2,1,1,"2,1",0.8,0.2,0.0,111.375,0.0,40.125,0.8,0.2,0.0,111.375,0.0,6.25,2,0,0,0,0,0,0,0,8,2,0,0,8,2,0,0,0,0,1,44106,2.75,8,110.375,8,1.0,8,111.375,8,23.0,2,8,6.25,8
1410,1411,10,0,10,0,0,0,8,2,8,0,0,8,8,16,0.3401842664776754,1.1047180667433834,0.04030226700251889,1488.75,794,397.0,158800,23820,587880.000,239349.8587972400000000000000,258852.8283070800000000000000,498202.6871043200000000000000,159078.9128956800000000000000,429080.000,1245161.60,869,0.3079376328844791,0,50,2,1,1,"1,2",0.8,0.2,0.0,111.375,0.0,40.125,0.8,0.2,0.0,111.375,0.0,6.25,2,0,0,0,0,0,0,0,8,2,0,0,8,2,0,0,0,0,1,44106,2.75,8,110.375,8,1.0,8,111.375,8,23.0,2,8,6.25,8
1411,1412,10,0,10,0,0,0,8,2,8,0,0,8,8,16,0.3399433427762039,1.1047180667433834,0.04030226700251889,1488.75,794,397.0,158800,23820,587880.000,239349.8587972400000000000000,258852.8283070800000000000000,498202.6871043200000000000000,159078.9128956800000000000000,429080.000,1245161.60,869,0.30771954674220964,0,50,2,1,1,"1,2",0.8,0.2,0.0,111.375,0.0,40.125,0.8,0.2,0.0,111.375,0.0,6.25,2,0,0,0,0,0,0,0,8,2,0,0,8,2,0,0,0,0,1,44106,2.75,8,110.375,8,1.0,8,111.375,8,23.0,2,8,6.25,8
1412,1413,10,0,10,0,0,0,8,2,8,0,0,8,8,16,0.33970276008492567,1.1047180667433834,0.04030226700251889,1488.75,794,397.0,158800,23820,587880.000,239349.8587972400000000000000,258852.8283070800000000000000,498202.6871043200000000000000,159078.9128956800000000000000,429080.000,1245161.60,869,0.3075017692852088,0,50,2,1,1,"1,2",0.8,0.2,0.0,111.375,0.0,40.125,0.8,0.2,0.0,111.375,0.0,6.25,2,0,0,0,0,0,0,0,8,2,0,0,8,2,0,0,0,0,1,44106,2.75,8,110.375,8,1.0,8,111.375,8,23.0,2,8,6.25,8
1413,1414,10,0,10,0,0,0,8,2,8,0,0,8,8,16,0.33946251768033947,1.1047180667433834,0.04030226700251889,1488.75,794,397.0,158800,23820,587880.000,239349.8587972400000000000000,258852.8283070800000000000000,498202.6871043200000000000000,159078.9128956800000000000000,429080.000,1245161.60,869,0.30728429985855726,0,50,2,1,1,"1,2",0.8,0.2,0.0,111.375,0.0,40.125,0.8,0.2,0.0,111.375,0.0,6.25,2,0,0,0,0,0,0,0,8,2,0,0,8,2,0,0,0,0,1,44106,2.75,8,110.375,8,1.0,8,111.375,8,23.0,2,8,6.25,8
1414,1415,10,0,10,0,0,0,8,2,8,0,0,8,8,16,0.3392226148409894,1.1047180667433834,0.04030226700251889,1488.75,794,397.0,158800,23820,587880.000,239349.8587972400000000000000,258852.8283070800000000000000,498202.6871043200000000000000,159078.9128956800000000000000,429080.000,1245161.60,869,0.30706713780918726,0,50,2,1,1,"2,1",0.8,0.2,0.0,111.375,0.0,40.125,0.8,0.2,0.0,111.375,0.0,6.25,2,0,0,0,0,0,0,0,8,2,0,0,8,2,0,0,0,0,1,44106,2.75,8,110.375,8,1.0,8,111.375,8,23.0,2,8,6.25,8
1415,1416,10,0,10,0,0,0,8,2,8,0,0,8,8,16,0.3389830508474576,1.1047180667433834,0.04030226700251889,1488.75,794,397.0,158800,23820,587880.000,239349.8587972400000000000000,258852.8283070800000000000000,498202.6871043200000000000000,159078.9128956800000000000000,429080.000,1245161.60,869,0.3068502824858757,0,50,2,1,1,"1,2",0.8,0.2,0.0,111.375,0.0,40.125,0.8,0.2,0.0,111.375,0.0,6.25,2,0,0,0,0,0,0,0,8,2,0,0,8,2,0,0,0,0,1,44106,2.75,8,110.375,8,1.0,8,111.375,8,23.0,2,8,6.25,8
1416,1417,10,0,10,0,0,0,8,2,8,0,0,8,8,16,0.3387438249823571,1.1047180667433834,0.04030226700251889,1488.75,794,397.0,158800,23820,587880.000,239349.8587972400000000000000,258852.8283070800000000000000,498202.6871043200000000000000,159078.9128956800000000000000,429080.000,1245161.60,869,0.3066337332392378,0,50,2,1,1,"2,1",0.8,0.2,0.0,111.375,0.0,40.125,0.8,0.2,0.0,111.375,0.0,6.25,2,0,0,0,0,0,0,0,8,2,0,0,8,2,0,0,0,0,1,44106,2.75,8,110.375,8,1.0,8,111.375,8,23.0,2,8,6.25,8
1417,1418,10,0,10,0,0,0,8,2,8,0,0,8,8,16,0.33850493653032443,1.1047180667433834,0.04030226700251889,1488.75,794,397.0,158800,23820,587880.000,239349.8587972400000000000000,258852.8283070800000000000000,498202.6871043200000000000000,159078.9128956800000000000000,429080.000,1245161.60,869,0.30641748942172076,0,50,2,1,1,"1,2",0.8,0.2,0.0,111.375,0.0,40.125,0.8,0.2,0.0,111.375,0.0,6.25,2,0,0,0,0,0,0,0,8,2,0,0,8,2,0,0,0,0,1,44106,2.75,8,110.375,8,1.0,8,111.375,8,23.0,2,8,6.25,8
1418,1419,10,0,10,0,0,0,8,2,8,0,0,8,8,16,0.3382663847780127,1.1047180667433834,0.04030226700251889,1488.75,794,397.0,158800,23820,587880.000,239349.8587972400000000000000,258852.8283070800000000000000,498202.6871043200000000000000,159078.9128956800000000000000,429080.000,1245161.60,869,0.3062015503875969,0,50,2,1,1,"1,2",0.8,0.2,0.0,111.375,0.0,40.125,0.8,0.2,0.0,111.375,0.0,6.25,2,0,0,0,0,0,0,0,8,2,0,0,8,2,0,0,0,0,1,44106,2.75,8,110.375,8,1.0,8,111.375,8,23.0,2,8,6.25,8
1419,1420,10,0,10,0,0,0,8,2,8,0,0,8,8,16,0.3380281690140845,1.1047180667433834,0.04030226700251889,1488.75,794,397.0,158800,23820,587880.000,239349.8587972400000000000000,258852.8283070800000000000000,498202.6871043200000000000000,159078.9128956800000000000000,429080.000,1245161.60,869,0.3059859154929577,0,50,2,1,1,"2,1",0.8,0.2,0.0,111.375,0.0,40.125,0.8,0.2,0.0,111.375,0.0,6.25,2,0,0,0,0,0,0,0,8,2,0,0,8,2,0,0,0,0,1,44106,2.75,8,110.375,8,1.0,8,111.375,8,23.0,2,8,6.25,8
1420,1421,10,0,10,0,0,0,8,2,8,0,0,8,8,16,0.3377902885292048,1.1047180667433834,0.04030226700251889,1488.75,794,397.0,158800,23820,587880.000,239349.8587972400000000000000,258852.8283070800000000000000,498202.6871043200000000000000,159078.9128956800000000000000,429080.000,1245161.60,869,0.30577058409570723,0,50,2,1,1,"2,1",0.8,0.2,0.0,111.375,0.0,40.125,0.8,0.2,0.0,111.375,0.0,6.25,2,0,0,0,0,0,0,0,8,2,0,0,8,2,0,0,0,0,1,44106,2.75,8,110.375,8,1.0,8,111.375,8,23.0,2,8,6.25,8
1421,1422,10,0,10,0,0,0,8,2,8,0,0,8,8,16,0.33755274261603374,1.1047180667433834,0.04030226700251889,1488.75,794,397.0,158800,23820,587880.000,239349.8587972400000000000000,258852.8283070800000000000000,498202.6871043200000000000000,159078.9128956800000000000000,429080.000,1245161.60,869,0.3055555555555556,0,50,2,1,1,"1,2",0.8,0.2,0.0,111.375,0.0,40.125,0.8,0.2,0.0,111.375,0.0,6.25,2,0,0,0,0,0,0,0,8,2,0,0,8,2,0,0,0,0,1,44106,2.75,8,110.375,8,1.0,8,111.375,8,23.0,2,8,6.25,8
1422,1423,10,0,10,0,0,0,8,2,8,0,0,8,8,16,0.33731553056922,1.1047180667433834,0.04030226700251889,1488.75,794,397.0,158800,23820,587880.000,239349.8587972400000000000000,258852.8283070800000000000000,498202.6871043200000000000000,159078.9128956800000000000000,429080.000,1245161.60,869,0.3053408292340126,0,50,2,1,1,"2,1",0.8,0.2,0.0,111.375,0.0,40.125,0.8,0.2,0.0,111.375,0.0,6.25,2,0,0,0,0,0,0,0,8,2,0,0,8,2,0,0,0,0,1,44106,2.75,8,110.375,8,1.0,8,111.375,8,23.0,2,8,6.25,8
1423,1424,10,0,10,0,0,0,8,2,8,0,0,8,8,16,0.33707865168539325,1.1047180667433834,0.04030226700251889,1488.75,794,397.0,158800,23820,587880.000,239349.8587972400000000000000,258852.8283070800000000000000,498202.6871043200000000000000,159078.9128956800000000000000,429080.000,1245161.60,869,0.305126404494382,0,50,2,1,1,"2,1",0.8,0.2,0.0,111.375,0.0,40.125,0.8,0.2,0.0,111.375,0.0,6.25,2,0,0,0,0,0,0,0,8,2,0,0,8,2,0,0,0,0,1,44106,2.75,8,110.375,8,1.0,8,111.375,8,23.0,2,8,6.25,8
1424,1425,10,0,10,0,0,0,8,2,8,0,0,8,8,16,0.3368421052631579,1.1047180667433834,0.04030226700251889,1488.75,794,397.0,158800,23820,587880.000,239349.8587972400000000000000,258852.8283070800000000000000,498202.6871043200000000000000,159078.9128956800000000000000,429080.000,1245161.60,869,0.3049122807017544,0,50,2,1,1,"1,2",0.8,0.2,0.0,111.375,0.0,40.125,0.8,0.2,0.0,111.375,0.0,6.25,2,0,0,0,0,0,0,0,8,2,0,0,8,2,0,0,0,0,1,44106,2.75,8,110.375,8,1.0,8,111.375,8,23.0,2,8,6.25,8
1425,1426,10,0,10,0,0,0,8,2,8,0,0,8,8,16,0.33660589060308554,1.1047180667433834,0.04030226700251889,1488.75,794,397.0,158800,23820,587880.000,239349.8587972400000000000000,258852.8283070800000000000000,498202.6871043200000000000000,159078.9128956800000000000000,429080.000,1245161.60,869,0.30469845722300143,0,50,2,1,1,"2,1",0.8,0.2,0.0,111.375,0.0,40.125,0.8,0.2,0.0,111.375,0.0,6.25,2,0,0,0,0,0,0,0,8,2,0,0,8,2,0,0,0,0,1,44106,2.75,8,110.375,8,1.0,8,111.375,8,23.0,2,8,6.25,8
1426,1427,10,0,10,0,0,0,8,2,8,0,0,8,8,16,0.33637000700770847,1.1047180667433834,0.04030226700251889,1488.75,794,397.0,158800,23820,587880.000,239349.8587972400000000000000,258852.8283070800000000000000,498202.6871043200000000000000,159078.9128956800000000000000,429080.000,1245161.60,869,0.30448493342676947,0,50,2,1,1,"1,2",0.8,0.2,0.0,111.375,0.0,40.125,0.8,0.2,0.0,111.375,0.0,6.25,2,0,0,0,0,0,0,0,8,2,0,0,8,2,0,0,0,0,1,44106,2.75,8,110.375,8,1.0,8,111.375,8,23.0,2,8,6.25,8
1427,1428,10,0,10,0,0,0,8,2,8,0,0,8,8,16,0.3361344537815126,1.1047180667433834,0.04030226700251889,1488.75,794,397.0,158800,23820,587880.000,239349.8587972400000000000000,258852.8283070800000000000000,498202.6871043200000000000000,159078.9128956800000000000000,429080.000,1245161.60,869,0.30427170868347336,0,50,2,1,1,"2,1",0.8,0.2,0.0,111.375,0.0,40.125,0.8,0.2,0.0,111.375,0.0,6.25,2,0,0,0,0,0,0,0,8,2,0,0,8,2,0,0,0,0,1,44106,2.75,8,110.375,8,1.0,8,111.375,8,23.0,2,8,6.25,8
1428,1429,10,0,10,0,0,0,8,2,8,0,0,8,8,16,0.3358992302309307,1.1047180667433834,0.04030226700251889,1488.75,794,397.0,158800,23820,587880.000,239349.8587972400000000000000,258852.8283070800000000000000,498202.6871043200000000000000,159078.9128956800000000000000,429080.000,1245161.60,869,0.30405878236529044,0,50,2,1,1,"1,2",0.8,0.2,0.0,111.375,0.0,40.125,0.8,0.2,0.0,111.375,0.0,6.25,2,0,0,0,0,0,0,0,8,2,0,0,8,2,0,0,0,0,1,44106,2.75,8,110.375,8,1.0,8,111.375,8,23.0,2,8,6.25,8
1429,1430,10,0,10,0,0,0,8,2,8,0,0,8,8,16,0.3356643356643357,1.1047180667433834,0.04030226700251889,1488.75,794,397.0,158800,23820,587880.000,239349.8587972400000000000000,258852.8283070800000000000000,498202.6871043200000000000000,159078.9128956800000000000000,429080.000,1245161.60,869,0.3038461538461538,0,50,2,1,1,"1,2",0.8,0.2,0.0,111.375,0.0,40.125,0.8,0.2,0.0,111.375,0.0,6.25,2,0,0,0,0,0,0,0,8,2,0,0,8,2,0,0,0,0,1,44106,2.75,8,110.375,8,1.0,8,111.375,8,23.0,2,8,6.25,8
1430,1431,10,0,10,0,0,0,8,2,8,0,0,8,8,16,0.3354297693920335,1.1047180667433834,0.04030226700251889,1488.75,794,397.0,158800,23820,587880.000,239349.8587972400000000000000,258852.8283070800000000000000,498202.6871043200000000000000,159078.9128956800000000000000,429080.000,1245161.60,869,0.30363382250174703,0,50,2,1,1,"2,1",0.8,0.2,0.0,111.375,0.0,40.125,0.8,0.2,0.0,111.375,0.0,6.25,2,0,0,0,0,0,0,0,8,2,0,0,8,2,0,0,0,0,1,44106,2.75,8,110.375,8,1.0,8,111.375,8,23.0,2,8,6.25,8
1431,1432,10,0,10,0,0,0,8,2,8,0,0,8,8,16,0.33519553072625696,1.1047180667433834,0.04030226700251889,1488.75,794,397.0,158800,23820,587880.000,239349.8587972400000000000000,258852.8283070800000000000000,498202.6871043200000000000000,159078.9128956800000000000000,429080.000,1245161.60,869,0.3034217877094972,0,50,2,1,1,"2,1",0.8,0.2,0.0,111.375,0.0,40.125,0.8,0.2,0.0,111.375,0.0,6.25,2,0,0,0,0,0,0,0,8,2,0,0,8,2,0,0,0,0,1,44106,2.75,8,110.375,8,1.0,8,111.375,8,23.0,2,8,6.25,8
1432,1433,10,0,10,0,0,0,8,2,8,0,0,8,8,16,0.3349616189811584,1.1047180667433834,0.04030226700251889,1488.75,794,397.0,158800,23820,587880.000,239349.8587972400000000000000,258852.8283070800000000000000,498202.6871043200000000000000,159078.9128956800000000000000,429080.000,1245161.60,869,0.30321004884856945,0,50,2,1,1,"1,2",0.8,0.2,0.0,111.375,0.0,40.125,0.8,0.2,0.0,111.375,0.0,6.25,2,0,0,0,0,0,0,0,8,2,0,0,8,2,0,0,0,0,1,44106,2.75,8,110.375,8,1.0,8,111.375,8,23.0,2,8,6.25,8
1433,1434,10,0,10,0,0,0,8,2,8,0,0,8,8,16,0.3347280334728034,1.1047180667433834,0.04030226700251889,1488.75,794,397.0,158800,23820,587880.000,239349.8587972400000000000000,258852.8283070800000000000000,498202.6871043200000000000000,159078.9128956800000000000000,429080.000,1245161.60,869,0.30299860529986056,0,50,2,1,1,"2,1",0.8,0.2,0.0,111.375,0.0,40.125,0.8,0.2,0.0,111.375,0.0,6.25,2,0,0,0,0,0,0,0,8,2,0,0,8,2,0,0,0,0,1,44106,2.75,8,110.375,8,1.0,8,111.375,8,23.0,2,8,6.25,8
1434,1435,10,0,10,0,0,0,8,2,8,0,0,8,8,16,0.33449477351916374,1.1047180667433834,0.04030226700251889,1488.75,794,397.0,158800,23820,587880.000,239349.8587972400000000000000,258852.8283070800000000000000,498202.6871043200000000000000,159078.9128956800000000000000,429080.000,1245161.60,869,0.30278745644599303,0,50,2,1,1,"1,2",0.8,0.2,0.0,111.375,0.0,40.125,0.8,0.2,0.0,111.375,0.0,6.25,2,0,0,0,0,0,0,0,8,2,0,0,8,2,0,0,0,0,1,44106,2.75,8,110.375,8,1.0,8,111.375,8,23.0,2,8,6.25,8
1435,1436,10,0,10,0,0,0,8,2,8,0,0,8,8,16,0.3342618384401114,1.1047180667433834,0.04030226700251889,1488.75,794,397.0,158800,23820,587880.000,239349.8587972400000000000000,258852.8283070800000000000000,498202.6871043200000000000000,159078.9128956800000000000000,429080.000,1245161.60,869,0.3025766016713092,0,50,2,1,1,"1,2",0.8,0.2,0.0,111.375,0.0,40.125,0.8,0.2,0.0,111.375,0.0,6.25,2,0,0,0,0,0,0,0,8,2,0,0,8,2,0,0,0,0,1,44106,2.75,8,110.375,8,1.0,8,111.375,8,23.0,2,8,6.25,8
1436,1437,10,0,10,0,0,0,8,2,8,0,0,8,8,16,0.33402922755741127,1.1047180667433834,0.04030226700251889,1488.75,794,397.0,158800,23820,587880.000,239349.8587972400000000000000,258852.8283070800000000000000,498202.6871043200000000000000,159078.9128956800000000000000,429080.000,1245161.60,869,0.302366040361865,0,50,2,1,1,"2,1",0.8,0.2,0.0,111.375,0.0,40.125,0.8,0.2,0.0,111.375,0.0,6.25,2,0,0,0,0,0,0,0,8,2,0,0,8,2,0,0,0,0,1,44106,2.75,8,110.375,8,1.0,8,111.375,8,23.0,2,8,6.25,8
1437,1438,10,0,10,0,0,0,8,2,8,0,0,8,8,16,0.3337969401947149,1.1047180667433834,0.04030226700251889,1488.75,794,397.0,158800,23820,587880.000,239349.8587972400000000000000,258852.8283070800000000000000,498202.6871043200000000000000,159078.9128956800000000000000,429080.000,1245161.60,869,0.3021557719054242,0,50,2,1,1,"1,2",0.8,0.2,0.0,111.375,0.0,40.125,0.8,0.2,0.0,111.375,0.0,6.25,2,0,0,0,0,0,0,0,8,2,0,0,8,2,0,0,0,0,1,44106,2.75,8,110.375,8,1.0,8,111.375,8,23.0,2,8,6.25,8
1438,1439,10,0,10,0,0,0,8,2,8,0,0,8,8,16,0.33356497567755383,1.1047180667433834,0.04030226700251889,1488.75,794,397.0,158800,23820,587880.000,239349.8587972400000000000000,258852.8283070800000000000000,498202.6871043200000000000000,159078.9128956800000000000000,429080.000,1245161.60,869,0.3019457956914524,0,50,2,1,1,"2,1",0.8,0.2,0.0,111.375,0.0,40.125,0.8,0.2,0.0,111.375,0.0,6.25,2,0,0,0,0,0,0,0,8,2,0,0,8,2,0,0,0,0,1,44106,2.75,8,110.375,8,1.0,8,111.375,8,23.0,2,8,6.25,8
1439,1440,10,0,10,0,0,0,8,2,8,0,0,8,8,16,0.3333333333333333,1.1047180667433834,0.04030226700251889,1488.75,794,397.0,158800,23820,587880.000,239349.8587972400000000000000,258852.8283070800000000000000,498202.6871043200000000000000,159078.9128956800000000000000,429080.000,1245161.60,869,0.3017361111111111,0,50,2,1,1,"1,2",0.8,0.2,0.0,111.375,0.0,40.125,0.8,0.2,0.0,111.375,0.0,6.25,2,0,0,0,0,0,0,0,8,2,0,0,8,2,0,0,0,0,1,44106,2.75,8,110.375,8,1.0,8,111.375,8,23.0,2,8,6.25,8
